10000 30000
0 7 347 1803 2182 2998 3750 5103 5465
1 7 2036 3264 4967 7092 7541 8048 9977
2 4 1334 8509 8659 9807
3 3 3321 5146 9443
4 6 229 1072 2519 4774 5101 8502
5 6 2211 2439 3067 4236 4751 9721
6 6 222 4311 5085 5189 8236 9712
7 6 1364 4928 7269 8426 9137 9379
8 9 1242 1598 1947 2111 2540 2626 3813 6783 7038
9 12 350 1135 1587 1893 4533 6294 6924 7406 7642 7952 8669 9151
10 4 14 1371 2427 7024
11 5 288 2479 5136 7001 9753
12 7 911 1559 3688 3938 4490 6226 8212
13 2 1944 8866
14 4 10 4360 6981 9352
15 4 1021 3918 4233 8828
16 7 790 3675 3765 3844 4287 5042 6099
17 12 351 1047 2308 2357 3685 4392 4688 5327 7471 8034 8931 9052
18 5 2329 2967 3507 6177 8875
19 5 6939 7955 9117 9206 9757
20 7 196 1765 3475 5057 5329 7657 8425
21 8 2091 3751 4485 6432 7038 7623 8368 9595
22 11 121 932 1445 3676 3696 4405 4912 6878 7191 8832 9601
23 9 79 1141 2320 3401 3755 5330 8649 9214 9965
24 5 4304 5167 6076 7018 8727
25 9 599 1454 2490 3807 5183 5905 6364 8090 8670
26 2 6670 9190
27 5 2812 4768 4868 6981 7183
28 11 198 1200 1565 2449 3036 3334 4300 5912 7505 7832 8568
29 4 3327 4274 8963 9634
30 7 1430 1573 1769 4361 7348 8108 9486
31 5 1148 7328 7426 7532 9628
32 5 6422 7935 8379 9163 9530
33 3 2643 6332 9581
34 2 4364 5022
35 11 148 208 1420 1633 2022 3529 4621 6167 7003 9147 9913
36 9 430 698 1325 1776 4203 5023 5263 6229 7026
37 2 1561 6332
38 9 88 1439 2065 4001 4216 5608 8134 9094 9991
39 7 887 3508 4002 4177 7841 8963 9430
40 3 2218 3464 4480
41 7 809 2870 4035 4476 4563 8198 8275
42 3 826 1720 1851
43 5 166 6844 7022 9073 9189
44 6 2634 3528 5429 5762 6211 8055
45 1 3986
46 4 2532 5802 6401 9039
47 7 270 3240 3694 5608 6101 7263 9323
48 7 650 1110 2660 2749 3503 3777 6189
49 6 3403 5103 6282 6889 9490 9850
50 7 534 5164 6334 6567 6769 7485 8731
51 5 937 2089 2364 7336 8032
52 5 462 1098 3146 3410 7737
53 3 1940 4544 5682
54 8 92 787 1332 1668 3334 5909 9418 9807
55 5 1165 2257 5591 6505 9946
56 6 2041 2576 3879 4658 5970 6505
57 6 3982 4191 4926 5421 5475 7620
58 7 2470 2817 3816 5022 5730 8159 8842
59 4 3396 4243 7606 9254
60 3 80 435 8336
61 8 2560 4468 4683 5205 5943 7757 9042 9698
62 4 636 2893 4493 7560
63 4 1003 4573 7203 7487
64 2 3421 9535
65 12 100 409 2409 2920 4718 5096 5644 5668 6273 6475 8402 8715
66 6 922 4604 8058 8192 9471 9671
67 6 1277 1789 3154 4684 7629 8165
68 9 1017 1643 3116 3473 4977 5892 6057 6509 9039
69 3 474 8187 8727
70 7 1810 2941 4665 6582 9701 9737 9797
71 4 2019 2915 5298 8797
72 6 955 3327 3560 4838 6631 6993
73 7 1099 3366 3391 3648 6493 7691 8408
74 10 151 2494 3328 3835 5838 6119 6282 6321 7735 8243
75 9 342 890 2001 3231 4467 5820 7216 8032 9264
76 10 1357 3006 3585 3810 6532 6761 7036 7872 7898 8721
77 9 491 1026 1985 3001 7509 8421 8726 9068 9477
78 8 1759 1876 2899 3847 8285 8480 8488 9949
79 11 23 1453 3655 3867 5601 5751 8581 8850 8912 8991 9734
80 6 60 2895 2982 6123 7344 9413
81 6 241 922 3398 3955 6414 9877
82 5 145 2103 4223 7468 8091
83 10 2027 2561 3311 3382 3626 4374 4570 8660 9466 9563
84 4 4543 4997 6276 8229
85 5 1072 1874 6628 7770 9149
86 5 4495 5117 8298 8680 8840
87 7 1017 2604 2989 4932 7458 8446 9373
88 3 38 4091 6429
89 6 1129 3210 3826 4096 5157 9037
90 8 2879 3001 3353 5407 7325 8116 8442 9941
91 5 3137 4112 5606 7928 8462
92 8 54 1069 2709 4260 8106 8235 9062 9658
93 5 1235 5375 6469 9214 9291
94 3 1493 2692 5954
95 7 2229 5670 5786 6448 6632 8795 9560
96 9 2462 2738 3665 3725 5865 7502 7804 8754 9873
97 4 2163 7060 7777 9133
98 8 464 924 5468 5847 6110 6527 7606 7822
99 3 3345 5424 9597
100 3 65 582 6937
101 5 1948 8106 8275 8871 9650
102 7 2092 3585 3716 7222 8264 8722 8919
103 3 2946 5184 6284
104 5 602 709 2079 3196 5055
105 6 843 3322 5579 7157 8044 9464
106 3 3954 5104 7940
107 7 744 3231 3743 5363 5565 9052 9594
108 11 2559 2654 4218 5495 5611 6013 6141 8528 9114 9583 9610
109 3 2405 4757 9376
110 3 3229 5022 8170
111 6 3243 3931 6069 7356 7870 9085
112 8 1773 2140 4051 4527 5312 6111 6968 8997
113 5 472 4853 7434 7716 9501
114 5 1654 2448 4838 6167 7482
115 6 1541 2060 2488 2861 6035 9740
116 4 2651 3021 6686 8831
117 6 1512 1766 2315 3284 7486 9176
118 8 1486 2055 3848 5289 6571 7403 9100 9116
119 11 490 725 821 1279 1902 3449 3668 4531 5206 7082 9166
120 8 2191 2800 4074 4663 5180 5770 6051 8101
121 9 22 122 1913 2256 2424 2737 4092 7075 8976
122 10 121 1069 4820 6636 7485 7587 7741 8178 9288 9951
123 3 5351 5480 6422
124 4 5027 8557 8708 9403
125 4 631 2040 2256 6823
126 9 513 1071 1440 1780 4543 5029 5881 6873 7245
127 9 200 556 1130 3546 4631 6480 7872 8188 9916
128 0
129 7 770 5667 6819 7020 7234 7568 9511
130 7 566 1130 2042 2804 2869 5563 7463
131 5 386 3936 4993 5968 8409
132 6 1946 5031 7763 8584 8798 9614
133 9 355 646 2348 5782 6601 7180 7718 8473 9085
134 4 1880 2064 3366 9947
135 6 1049 5820 7468 7499 7916 8612
136 3 1626 2217 5647
137 3 3305 3703 8326
138 8 1919 4148 4445 4763 4920 7833 8283 9888
139 8 464 1566 1896 2401 4420 4495 4955 8613
140 9 276 369 5419 5614 5679 5914 6665 8529 9619
141 6 2282 3701 3712 5740 7118 8417
142 4 280 2632 5641 7781
143 3 5246 7956 8345
144 8 3012 3412 4525 4821 6123 6946 8530 9409
145 14 82 817 1142 2092 2421 2903 3824 4280 4962 5964 6181 7621 8578 9757
146 3 1116 2954 3771
147 2 3184 6800
148 7 35 601 962 1297 1560 2029 4727
149 9 2074 3181 3438 3614 6203 7698 8096 8658 9128
150 3 795 1046 7426
151 8 74 937 3349 4672 4949 5357 5459 9212
152 5 253 824 1184 1795 3981
153 7 783 968 3641 5485 6203 7289 7520
154 4 861 1453 5979 9689
155 9 161 985 1433 1711 1911 2628 6249 6784 9198
156 5 4191 4501 7289 8231 9052
157 8 1262 1770 3058 3512 4692 5008 5547 9388
158 6 1051 2001 4252 6183 6321 8717
159 9 3040 3672 3881 3936 6588 7857 8341 9416 9596
160 3 2058 9616 9777
161 7 155 1657 3992 5826 8236 8530 9349
162 4 1273 5845 6964 7948
163 4 1795 6375 6700 8835
164 5 1844 2615 3541 6226 9686
165 6 1278 3427 4264 5694 8336 9015
166 6 43 3234 3734 4397 4690 8384
167 8 918 1263 2539 3628 4538 5609 5735 8857
168 3 449 2472 8965
169 9 1509 1763 2545 3147 3347 3868 4008 6238 6329
170 2 1063 8339
171 6 1852 3748 4047 5008 6382 9810
172 7 1175 3301 5389 5541 6945 7651 8843
173 5 637 4088 4398 4953 5222
174 2 1159 4315
175 3 371 1931 4605
176 7 1190 1545 1813 4423 6974 7352 7493
177 11 575 1516 2770 3211 3637 5461 5707 6898 7037 7912 9188
178 5 698 4496 6359 6847 7331
179 6 3465 3519 3528 3996 8395 9469
180 3 3179 5147 6108
181 6 245 593 3063 3860 6281 6622
182 11 617 1448 1796 1892 2567 3653 5449 5472 8593 9596 9858
183 9 1645 1987 2019 4751 5856 6505 6581 6663 9972
184 8 457 543 847 2030 3302 7042 8576 9736
185 5 2649 3598 4777 5852 9716
186 6 2185 2985 6453 8142 8735 9168
187 2 2657 8214
188 5 3663 4094 4659 8318 8566
189 10 206 522 1405 3197 4486 4728 5845 7147 8574 9595
190 8 1148 1924 1943 2408 2864 3388 8632 8937
191 5 4128 5400 6142 7325 8566
192 5 1601 1888 2375 5122 7010
193 1 9054
194 10 745 1657 1911 2741 4002 5351 6212 6322 6525 7216
195 7 1305 4109 5067 5885 7598 9231 9747
196 4 20 1068 3953 5699
197 4 3346 4809 5474 9660
198 8 28 1540 2304 3904 3955 4562 4705 9330
199 5 3928 6671 7331 8281 8418
200 6 127 5159 5598 8167 9252 9541
201 14 666 1399 1604 2203 2240 2607 3199 3769 4159 4209 7199 7551 7610 7956
202 5 267 854 4996 7398 9819
203 5 603 2683 7363 9051 9974
204 6 542 939 973 1429 8594 9976
205 5 2642 3150 6508 6770 7163
206 10 189 1472 4016 5061 5133 7351 7846 8199 9433 9637
207 2 3371 7622
208 6 35 2309 4602 6061 6912 7227
209 9 1679 2413 5593 6290 7161 7790 8460 8675 8792
210 7 617 1253 3244 4399 5986 6486 7701
211 6 1382 2008 3217 4471 7275 9668
212 4 391 1687 3919 5349
213 6 1748 2078 3162 3681 7252 9774
214 8 242 2656 3875 3993 5429 5758 6165 7334
215 7 1171 2450 5947 5977 7612 7914 9010
216 4 1001 7232 8349 9832
217 6 3037 3246 4961 5058 5299 8206
218 3 707 3109 8560
219 4 702 4165 5004 7388
220 8 587 3888 5283 5951 6200 7595 7807 7962
221 5 251 3864 4774 7435 8117
222 6 6 1225 1314 3243 6528 7629
223 9 541 1458 3191 3410 3872 6099 6844 9474 9669
224 5 3805 5185 7293 7919 9072
225 3 965 3759 4899
226 7 314 2813 4968 5585 7668 8845 8868
227 2 4578 7732
228 5 2443 2873 4675 6817 7809
229 11 4 351 3120 3126 3581 5316 5454 6723 8100 8630 9285
230 7 827 4416 5128 5594 5696 7877 9286
231 5 1775 2450 4234 6409 9439
232 4 708 4451 7108 9625
233 4 254 789 6545 7278
234 4 5408 5684 6895 8582
235 5 4817 5046 5823 7994 9117
236 6 373 2200 2629 3138 4140 7344
237 3 1905 3531 6891
238 5 667 736 2270 5631 8830
239 10 1308 2432 4021 4431 5593 6529 6681 7348 7399 9338
240 2 746 4759
241 11 81 767 1113 1635 2534 3445 5705 6115 7326 9176 9434
242 7 214 1212 1682 3612 5674 5849 9901
243 6 456 1286 2112 2402 8254 9887
244 8 486 977 2359 3278 4413 8395 9505 9568
245 7 181 2315 4143 6227 8512 8686 9681
246 8 1978 3532 4176 5353 8587 8868 8899 9051
247 10 811 1407 1486 2374 2897 3094 6730 7190 7957 9767
248 4 819 3401 5538 7396
249 3 8171 8374 9108
250 9 842 1019 1890 2190 2912 3242 6504 7985 8409
251 8 221 3051 3161 3492 3951 5816 6335 8631
252 2 1907 5713
253 6 152 730 5543 6763 7540 9696
254 11 233 3069 3258 3402 5733 5770 6367 6972 7249 8267 8575
255 8 1720 2121 2124 5194 6425 6955 7079 7870
256 7 950 1609 2357 4526 7348 8241 9196
257 3 1693 2663 3694
258 7 1122 1952 2528 6780 6932 7366 7847
259 10 1121 4476 4869 5481 5934 6623 7496 8763 9357 9430
260 5 504 5711 8888 8914 9930
261 9 675 3113 6234 6342 6494 7380 8412 8919 9977
262 11 967 1377 1382 2192 2275 3569 4491 5095 8216 8695 9068
263 8 438 3226 3546 5379 5779 6131 9132 9292
264 4 291 5049 7127 8286
265 5 849 1242 1468 1529 9033
266 7 2002 3215 6808 8564 9074 9168 9287
267 4 202 1869 2325 7474
268 5 330 5455 6696 8832 8834
269 2 6710 7766
270 4 47 2133 5299 7342
271 7 2147 2413 3803 4948 5946 7383 9480
272 8 575 3652 3693 4131 4465 7178 9052 9879
273 6 1412 2319 3488 6791 7287 8196
274 6 3581 4100 4909 8460 8551 9662
275 6 583 692 1742 7432 7712 9010
276 10 140 2045 2592 3836 4809 5225 5356 8059 8988 9970
277 2 5494 6449
278 4 447 2145 2884 4024
279 4 5160 6266 8668 9079
280 6 142 824 1738 6204 6335 7399
281 5 4427 5390 7709 7914 9827
282 4 767 3254 8832 9057
283 1 6532
284 7 711 753 1554 2164 3509 5981 9217
285 3 4909 6325 6834
286 6 438 4110 4155 5497 8851 9201
287 12 620 652 758 1457 3283 4709 5597 7784 8382 8645 9459 9523
288 4 11 1042 1133 1366
289 7 729 2448 4523 4680 5516 8763 9311
290 2 5502 9779
291 9 264 618 2943 3176 3503 4358 5957 8186 9446
292 7 1918 3774 4554 4979 7286 7490 8660
293 7 330 1673 3436 6050 7949 8715 8936
294 1 1882
295 6 369 872 1195 2443 8665 9384
296 9 966 2489 2837 3002 3886 4566 5474 8782 9401
297 4 496 609 1744 7688
298 8 1258 1875 1886 3557 5005 5885 5987 9692
299 4 1123 1421 6278 9323
300 7 1611 3239 3690 3941 4603 7630 9199
301 5 712 1231 4694 6475 8990
302 4 919 1282 2835 9309
303 6 2541 2626 2932 3609 6324 7092
304 7 632 1069 2541 3362 3871 8133 8337
305 4 2432 5738 7584 9994
306 3 6697 8056 9435
307 6 2029 2447 5205 5444 5608 5817
308 6 935 1794 2232 4198 5121 6649
309 5 449 2382 4048 6915 8408
310 5 1067 7263 8130 9024 9812
311 8 916 2343 3199 6452 6582 8002 8016 8738
312 10 1649 3041 3690 3751 5695 8073 8160 8208 9127 9634
313 5 2597 4221 4407 4515 6437
314 4 226 2980 5082 8812
315 8 707 1657 3305 3612 4849 5056 5955 9001
316 8 761 1851 2092 6825 7633 7962 8834 9004
317 4 5261 5635 6582 8940
318 6 1061 1208 2363 2536 3217 6926
319 5 4060 4581 6856 8308 9143
320 1 5617
321 3 3997 6652 9902
322 4 3700 4583 5866 8277
323 3 3426 4833 6546
324 6 749 1252 2192 4060 5655 9463
325 4 3215 6045 7095 8721
326 7 2619 3152 3778 4715 4838 5962 6875
327 3 2530 3678 5794
328 7 1046 1829 2802 4740 5094 5516 6764
329 3 2265 6922 8262
330 12 268 293 947 1333 2203 3353 6679 7362 8266 8823 9362 9689
331 7 1358 3676 4671 5622 6472 6767 7973
332 7 1274 4753 4843 6361 6946 6973 9224
333 8 1298 4416 5643 5868 5919 6671 7473 9587
334 10 516 950 2633 4554 5037 5260 5816 6071 8187 9979
335 6 1618 3654 4103 5854 8836 9623
336 9 345 2492 3019 4822 5157 6459 7741 8644 9898
337 3 1533 3191 7303
338 6 1688 2503 4199 4259 5927 6766
339 7 2552 3692 6721 7289 7783 9370 9951
340 11 1514 1740 1758 3119 3905 4156 5842 6561 7181 9595 9900
341 3 1023 1731 2438
342 9 75 1200 3905 4911 5823 6738 8031 8086 9500
343 2 2170 6107
344 5 1083 1471 4403 7454 7894
345 3 336 355 8280
346 5 2396 4868 5723 5901 9317
347 8 0 545 635 3696 8565 8600 8699 9791
348 5 2659 3412 3663 4633 6246
349 4 1961 3764 6723 9352
350 11 9 533 1053 1149 2477 3315 3782 6843 7251 7355 8849
351 7 17 229 654 2660 5439 5866 6322
352 7 2246 4944 5080 5181 6928 8136 9489
353 10 2372 2432 2970 4488 5723 6538 7838 7997 9474 9796
354 9 1828 2008 6000 6109 6194 6262 7221 8605 9310
355 9 133 345 2457 3149 3937 4913 5997 9208 9786
356 9 2813 3750 3830 5105 6044 6181 7411 8041 8862
357 7 963 2868 4250 5660 7750 8416 8794
358 6 1200 1739 9456 9769 9798 9842
359 5 2715 3688 4614 5616 8929
360 6 2575 3687 5289 5385 8358 8360
361 8 1426 1644 2080 4496 4603 4685 6869 8642
362 4 3576 7200 9208 9247
363 3 5582 6861 9990
364 10 1151 2578 3390 4324 4914 5000 5765 8333 8475 9506
365 4 7761 7956 8443 8824
366 6 1017 1205 1486 5202 5581 8103
367 3 2403 6374 8322
368 6 1421 2143 2611 6606 7326 8997
369 8 140 295 2072 2792 4375 4518 4682 7728
370 8 716 3207 4229 5143 5238 5336 7439 8282
371 12 175 1899 2148 2191 2502 2516 3923 4974 6599 6900 7940 9326
372 9 2151 2388 3206 3379 3676 4343 5931 9251 9290
373 6 236 962 2526 4153 5827 7369
374 9 2089 3034 3221 4135 6361 6763 9118 9428 9840
375 5 5289 6517 7268 9328 9833
376 5 700 812 2949 4229 7063
377 4 2121 8435 8492 9706
378 9 3822 4389 4798 7142 7161 7594 8593 9515 9918
379 6 384 2582 3499 7258 7741 9163
380 6 3571 6483 6591 8424 8860 9342
381 3 2669 5433 6984
382 3 6586 6792 7887
383 7 631 1207 1502 5456 7190 8846 9117
384 7 379 3072 4047 4345 4929 6364 9972
385 2 5286 7308
386 3 131 1721 9913
387 5 3501 3857 6769 6832 7902
388 3 2795 5485 8409
389 7 728 1920 4271 4314 5822 7785 7936
390 9 2087 2281 2650 2916 3283 5878 6170 6540 6599
391 4 212 1576 2428 3874
392 7 3457 4035 4256 5043 5952 7960 8596
393 4 1004 3672 9013 9551
394 5 633 844 2611 9947 9983
395 7 3224 6623 7101 7516 7683 7921 8909
396 3 1629 3100 8699
397 4 4117 5848 8978 9467
398 3 628 5868 6417
399 6 1738 3035 3363 7262 7589 7703
400 5 407 6262 7506 8976 9299
401 8 936 1717 2943 3389 4878 7013 7713 9149
402 7 2468 3169 4867 5225 7416 8438 8847
403 3 6402 8845 9454
404 5 2628 2937 4690 7993 8826
405 5 843 1845 1947 2684 8884
406 3 4181 5766 8048
407 7 400 1510 3103 5315 6471 8215 8763
408 6 3306 3875 5079 5136 6559 9064
409 8 65 1274 1867 3241 5188 5798 6235 8737
410 3 944 4723 6947
411 8 570 1487 2546 5419 6040 6635 7277 9052
412 6 936 2291 4790 5631 8762 8925
413 1 3748
414 4 1921 5235 8782 9504
415 7 588 4006 4405 5660 8155 9076 9748
416 6 4957 5066 5484 7644 8671 8904
417 7 597 2992 3254 5727 5908 6471 9904
418 6 1627 2236 3111 3583 3735 4789
419 7 2344 3072 3250 4005 4263 6850 6903
420 7 1546 4209 5275 6820 7087 7138 9273
421 5 583 3023 5333 5764 8450
422 4 1522 5716 6687 8694
423 5 2037 3591 5894 7874 9972
424 7 468 2043 4340 5023 5517 8278 9812
425 4 3723 6889 8002 9357
426 7 883 1731 2180 3551 5857 7942 9912
427 8 539 741 1061 1774 2733 2864 5536 5963
428 4 3984 6383 8570 9471
429 4 764 1902 3597 9808
430 9 36 878 1817 2689 4700 6105 7441 8667 9072
431 4 2991 6196 6315 7875
432 4 1400 2345 3412 5884
433 4 746 1319 4562 7676
434 12 442 826 843 1016 1977 2429 7575 8168 8204 8562 8821 9361
435 3 60 4946 6301
436 8 1415 1621 4057 4675 7235 7623 8705 9515
437 4 4719 4908 5033 9738
438 9 263 286 750 2324 3779 4529 6262 8904 9132
439 7 744 1661 4652 7507 7874 9184 9410
440 5 1888 5168 6277 8309 9630
441 5 2970 3880 8066 8710 8760
442 5 434 2669 5019 6275 9947
443 8 665 3369 5929 6568 6865 8825 9470 9958
444 5 2354 5365 5807 6101 7533
445 5 2557 3706 4854 6840 9229
446 2 1300 9492
447 8 278 786 2185 4366 6384 7653 9392 9559
448 7 747 822 895 2538 4625 5248 7107
449 5 168 309 757 5206 7267
450 2 4106 8218
451 6 1584 3137 8187 8338 9570 9731
452 8 2074 2573 2814 5704 6571 7987 8975 9824
453 8 1466 1536 2622 3934 4534 5791 6173 6606
454 3 1510 2643 4589
455 9 684 704 905 999 5465 6021 7680 8475 9999
456 9 243 868 1670 1930 4055 5507 5802 6297 9041
457 7 184 1178 2207 3177 4386 7698 7939
458 4 958 2535 2861 7729
459 7 1028 3262 4200 5401 6513 6815 8414
460 4 501 590 770 9740
461 2 5228 6090
462 8 52 2410 4419 4430 4537 9022 9273 9844
463 9 894 2077 4171 5912 7179 7420 7456 7791 9542
464 8 98 139 2242 3116 3224 5898 6845 8364
465 6 507 1959 4394 5240 5573 6157
466 8 2440 2524 2571 3950 5600 7112 7627 9337
467 7 4697 6056 6773 7215 7564 7685 8289
468 11 424 715 1929 4074 4103 4232 6610 7278 7695 8699 9979
469 8 556 925 1249 1263 1550 3063 5740 9531
470 3 1366 4771 8556
471 9 3092 3881 4032 4498 5109 5187 7175 7625 9951
472 5 113 2052 4041 4461 4704
473 4 2688 4823 9092 9679
474 7 69 626 1493 3135 6438 7279 9770
475 2 7643 9563
476 1 3876
477 8 1746 2858 3590 5990 7041 7167 8112 8610
478 5 723 1007 2322 2508 7347
479 1 1000
480 4 1196 7396 7626 8569
481 7 1332 3472 4687 5329 7633 8222 8440
482 8 570 781 1466 2038 3577 3635 5177 8875
483 5 674 3097 3403 6752 7056
484 5 3363 3473 5161 7374 8593
485 9 498 1170 1361 3048 3077 5699 8947 8966 9955
486 5 244 820 2970 4498 9362
487 10 515 1163 1463 1576 3045 4785 5913 7332 8564 9312
488 3 4716 4728 6798
489 5 579 2554 2883 5527 5873
490 6 119 1059 2351 2443 5359 7548
491 7 77 2431 4339 7035 8178 8563 8822
492 7 724 2100 2133 4973 8088 9055 9611
493 5 1566 4767 6969 8110 9182
494 5 2482 5549 5609 5961 9890
495 4 4723 5275 5956 8390
496 6 297 2076 2315 2631 6941 9687
497 6 2607 4631 5190 8366 8669 8867
498 9 485 1512 1946 2265 3278 3332 7337 7991 9354
499 7 4440 4581 6393 6680 6800 7660 9533
500 7 4150 4740 5899 6100 6234 8987 9436
501 9 460 1427 2819 4112 4142 5653 6087 7874 9663
502 6 1177 1393 3312 5770 7842 8394
503 8 553 3116 5801 8339 8841 9342 9465 9806
504 6 260 1571 1599 2003 8853 9553
505 11 1406 2036 2506 4102 5803 7644 7677 9020 9317 9732 9877
506 8 710 1043 1441 4033 4135 5340 7715 8371
507 6 465 2833 3277 4742 5198 6255
508 6 1341 3018 4849 5834 7511 7802
509 6 2994 3612 4892 8603 9231 9567
510 7 2743 7214 7651 7980 8460 8541 9510
511 5 2597 4803 7039 8285 9076
512 3 4087 6611 7134
513 6 126 3134 4620 4711 8614 8705
514 9 2340 2515 2919 5363 5881 6802 7941 8020 9858
515 6 487 893 1265 4723 5936 7366
516 7 334 1619 1887 5029 5717 6792 6860
517 6 2215 2979 4296 4456 4463 5920
518 4 6371 7068 7915 8470
519 4 2448 2856 3418 7473
520 4 2298 2439 5871 7272
521 4 524 1640 3589 4580
522 3 189 1959 8732
523 5 3782 4423 4910 8863 8974
524 7 521 2962 3703 4949 6111 8267 8813
525 4 2045 3840 4172 9876
526 5 2736 3549 5703 6164 6216
527 9 744 1313 1534 3296 3371 4282 4445 5496 9801
528 5 3372 3924 6803 7662 9011
529 4 972 1116 3324 6332
530 6 2323 6012 6336 6763 7878 9333
531 6 1743 2887 4923 5712 8056 9615
532 4 1702 6459 8761 9256
533 4 350 5700 8907 9272
534 6 50 3376 5632 6264 6658 8075
535 12 1384 2464 3165 3349 4515 4909 6192 6318 7241 7507 8585 8717
536 7 1645 5616 6185 7146 8701 9040 9103
537 7 941 4092 4789 5511 6156 7793 8547
538 3 697 6756 7463
539 8 427 2959 5584 6275 7088 8840 9205 9532
540 3 1162 2163 5696
541 6 223 957 1560 2060 7160 7799
542 7 204 655 3209 5289 8587 8874 9365
543 10 184 879 1158 2841 3278 3540 4352 6028 6093 7367
544 6 712 1492 3263 5406 6053 7303
545 6 347 736 1590 3196 5152 7652
546 4 1789 1963 5620 6734
547 6 633 1979 4869 5704 7281 9381
548 7 6580 6715 6750 6958 6959 7287 8360
549 1 4283
550 5 2133 3300 3304 3498 3578
551 8 931 2947 3858 6244 7976 8250 8490 8914
552 6 1041 3748 3963 4447 5455 9830
553 6 503 812 1201 2917 3103 7891
554 4 1902 5597 5726 9295
555 9 758 2256 3808 4389 4582 5928 7238 8733 9650
556 7 127 469 1726 1761 3264 5172 8375
557 3 2523 3810 6073
558 6 2096 7439 7785 7912 8131 8450
559 6 6568 6737 7057 7828 8790 8913
560 5 1028 6283 6656 8948 9016
561 7 2005 3272 4857 5988 7589 7681 9579
562 7 2251 5822 5899 6501 8327 8495 9492
563 3 2349 3347 5648
564 4 3046 6591 8881 9428
565 7 1776 2244 4366 5413 5902 7469 9518
566 7 130 3252 4059 4903 7933 8736 9413
567 6 3122 6161 7187 7478 8547 9611
568 7 1520 2539 2742 5284 5678 7020 9125
569 8 2307 4362 5077 6018 6874 7089 9264 9332
570 4 411 482 2339 4313
571 6 712 1491 2230 3003 3663 6516
572 2 4360 5420
573 6 4561 4711 6573 7460 7682 8941
574 4 1600 2011 3689 4862
575 6 177 272 4467 5871 5971 7180
576 4 739 3236 6623 9122
577 8 741 3570 4264 4540 4915 5618 6364 7413
578 4 3770 4915 7034 7899
579 7 489 4049 4233 4921 7527 8978 9056
580 9 2459 3482 4074 5513 6431 7811 8049 8407 9554
581 0
582 4 100 1695 2680 9831
583 4 275 421 7139 9892
584 7 1189 3153 4515 7647 8587 8665 8711
585 1 8518
586 4 2059 4790 5130 8630
587 7 220 2177 2423 2725 8256 8412 9098
588 2 415 4319
589 3 2665 5404 9656
590 9 460 767 2930 4172 4618 6406 7411 7575 8912
591 7 1978 2367 5842 8042 8296 9145 9664
592 1 7582
593 5 181 683 5958 6817 8212
594 6 1812 3268 5838 6542 6637 9484
595 5 939 1892 3698 6264 7726
596 3 1295 4630 8442
597 6 417 879 3215 3495 5544 7418
598 3 6672 7895 9249
599 4 25 4893 5913 9189
600 6 2033 3532 3885 5208 5388 8485
601 6 148 2535 6308 6751 6987 8747
602 3 104 4745 4796
603 6 203 3887 5198 5708 6774 7826
604 5 1099 1488 2171 2567 6074
605 5 908 4371 5232 6141 8429
606 6 3554 5004 6554 6969 8502 8981
607 8 615 1778 1851 4994 5757 6617 6719 9181
608 6 2809 3217 4382 6320 6670 7181
609 7 297 1851 3256 3834 5297 5964 8427
610 6 946 1591 2904 3822 4934 6391
611 3 7452 8512 8986
612 8 718 2334 2789 6699 8024 8083 8474 9845
613 7 909 3865 4076 5509 6086 7064 9262
614 4 671 5764 6977 8329
615 8 607 1578 4650 5478 6943 8630 8824 9438
616 7 759 1004 1243 3334 4569 4592 7092
617 11 182 210 748 1299 3764 4337 6614 7710 8174 8756 9835
618 5 291 1292 1735 3938 5994
619 7 625 3416 4647 7016 7336 7726 7952
620 2 287 8648
621 6 2452 2954 3553 4946 7694 9796
622 3 1283 6968 7438
623 4 1333 2821 3382 4158
624 11 1844 4123 4287 5792 6914 7237 8047 8696 9088 9571 9818
625 5 619 3036 4088 6370 8256
626 5 474 803 4073 5340 7608
627 12 2335 2978 3339 3800 4988 5391 5487 8076 8529 8713 9306 9903
628 7 398 1080 6124 7921 9548 9556 9848
629 8 2520 3687 3866 5059 6096 6162 6504 7126
630 6 1493 1690 2207 3642 6624 7252
631 7 125 383 743 1777 3390 5625 9665
632 4 304 2692 3407 9599
633 4 394 547 8451 9476
634 12 906 1338 2158 2317 2478 4005 5951 6474 6704 8325 8659 9180
635 8 347 1280 2899 5239 6313 6323 6332 9253
636 6 62 3133 4903 5153 5359 5571
637 4 173 4853 5156 6306
638 4 3488 4224 6037 8310
639 6 716 3255 4285 4959 7482 8043
640 3 2297 3583 5536
641 3 3063 6771 8057
642 6 1105 2523 3509 5227 5594 9239
643 5 1726 2951 3595 4118 9175
644 8 1481 2185 3517 7381 7445 7929 8472 9618
645 5 1289 4905 5936 7090 7749
646 9 133 718 4770 5056 6307 6808 7598 8341 9935
647 5 1153 3545 5636 5738 8802
648 6 1071 1254 3303 3748 8679 9947
649 11 1167 2441 3235 4939 5748 7312 8943 8970 9193 9767 9977
650 5 48 3164 5332 6472 8785
651 1 9521
652 7 287 2930 3977 6252 7326 9638 9701
653 5 1380 1639 2861 3521 5457
654 10 351 3507 4723 5423 6052 7315 8004 8161 8688 9612
655 8 542 1001 1761 1773 1828 2080 2196 7806
656 6 2192 3256 5765 5949 6926 9729
657 4 3913 5319 5449 6291
658 7 2170 3591 6553 7847 8323 9807 9857
659 2 1198 3342
660 6 1405 3425 4111 4256 7948 8124
661 6 1402 2928 4578 6191 7588 8877
662 3 2193 4428 5331
663 3 1586 7802 9426
664 9 1032 3084 3104 3256 5845 6692 7612 9204 9436
665 8 443 1845 2732 3303 4051 4733 6109 6522
666 7 201 1913 1973 4372 4978 5037 9783
667 5 238 2296 7241 7856 8508
668 4 4473 4953 6029 6411
669 11 1584 1673 3591 4752 5697 6086 6432 6596 6614 6999 8436
670 4 785 3759 6140 9366
671 5 614 711 3760 6802 7803
672 4 3276 3620 5534 9426
673 13 689 1416 3997 4846 4906 5581 5991 6414 6740 6968 7447 8885 8965
674 3 483 934 6446
675 2 261 7601
676 3 872 3123 4058
677 6 1563 2836 3336 5802 6838 8694
678 7 976 1368 2100 2290 5667 6540 9217
679 9 751 1606 1938 4460 5561 6830 7894 7980 9395
680 8 1971 2083 2542 3497 5264 5498 6871 9821
681 7 1385 2160 3577 5426 6310 7538 9164
682 7 3085 3289 3425 4974 5122 6258 9226
683 6 593 6126 6963 7240 8506 9369
684 9 455 758 4076 4615 6376 6598 6840 7134 8281
685 8 2174 2249 4624 4707 7502 7909 9625 9891
686 8 1110 2591 2891 3318 4975 6796 7917 9032
687 6 961 989 2192 6106 6153 8123
688 1 3238
689 4 673 5263 5309 7381
690 4 1777 5719 6140 7685
691 8 806 952 998 3191 4297 5241 7545 8024
692 5 275 2078 7006 7383 8331
693 5 1161 3587 3772 3974 4585
694 8 1168 3089 3922 4539 6824 8179 9569 9939
695 10 1197 1677 2168 4080 5358 5375 6291 7156 7384 7557
696 7 1478 2423 7546 7717 8149 9587 9899
697 5 538 1682 2102 4619 9110
698 5 36 178 3198 7393 7854
699 5 856 923 1775 3958 8508
700 9 376 919 2501 3995 5278 6421 7506 8426 9054
701 7 2817 3522 3724 4723 6410 7185 9527
702 4 219 747 1296 3412
703 5 1037 5444 5848 8018 9461
704 6 455 2103 4096 7515 7663 9200
705 5 1038 4863 7112 7753 9386
706 7 2741 5240 6180 6675 8580 9842 9942
707 7 218 315 895 1911 6034 7639 8737
708 7 232 766 5391 5541 5758 6660 8469
709 9 104 2281 3107 4182 4377 4871 4891 5853 7509
710 5 506 2351 2663 4562 8489
711 8 284 671 1569 6009 7364 9358 9375 9419
712 5 301 544 571 2230 2403
713 10 1117 1680 1848 2217 3843 3981 4517 5597 6340 7288
714 5 4506 5583 6397 7391 9715
715 6 468 2993 4536 5153 5338 9505
716 8 370 639 994 1292 3297 6119 6646 6651
717 10 1962 4068 5085 6039 6181 6273 6536 7301 8134 9084
718 9 612 646 878 977 3513 3820 4017 7369 8304
719 7 3206 3905 3938 5710 6797 7944 9603
720 2 5014 5159
721 2 3822 7839
722 5 1968 2877 4930 7698 8031
723 5 478 962 4902 6125 8656
724 6 492 1878 1942 5479 8818 9691
725 10 119 2374 2517 4450 5284 7488 7632 7835 8630 9526
726 8 1107 2668 5250 5379 6777 7342 9195 9408
727 5 5400 5997 7923 7963 9550
728 8 389 2495 5138 5656 6919 6925 7068 7300
729 7 289 2585 2930 4188 9126 9478 9950
730 5 253 4236 4722 8531 9552
731 0
732 7 793 1866 4869 4941 5738 6996 8090
733 6 795 1599 3409 3522 4054 5419
734 8 1536 1970 3854 4552 4847 5646 6764 8025
735 2 5765 6419
736 8 238 545 805 1052 1921 3828 6418 9493
737 6 974 1186 3221 4717 7763 8258
738 7 1118 1174 4558 4861 8129 9321 9360
739 7 576 1781 3870 4575 6040 6094 7328
740 6 2777 2831 3088 4753 6808 7102
741 7 427 577 2553 5435 6369 7054 9631
742 4 2194 3513 6633 8281
743 3 631 6524 7994
744 11 107 439 527 808 2008 2506 5066 5169 6737 9303 9833
745 8 194 970 2428 3825 4638 8133 8743 9268
746 14 240 433 1791 1794 1907 3612 4491 5345 6773 7195 7520 7643 8871 9083
747 11 448 702 1361 1511 2809 3109 5583 6318 6554 9048 9637
748 5 617 2916 8178 9568 9793
749 9 324 2856 4076 4252 6375 7385 8955 9021 9747
750 8 438 1508 3083 4575 4751 6443 7406 8860
751 4 679 840 876 6669
752 6 800 2660 3077 4397 6192 6629
753 5 284 3142 4056 4795 5681
754 3 1327 7395 7968
755 6 1975 2351 4126 4391 5031 6753
756 9 896 1086 1146 2493 5343 5879 6028 6787 9625
757 9 449 1552 4430 5681 6297 6449 7673 9199 9753
758 7 287 555 684 4508 8845 9469 9791
759 7 616 2416 3396 3426 3702 8220 9034
760 8 2465 2697 5783 6317 7701 8111 8599 9214
761 7 316 2728 2961 3428 5923 6837 7396
762 3 4839 8767 9469
763 6 903 1093 2242 3476 7114 7260
764 6 429 2379 2445 3069 4128 9887
765 11 1613 1788 2898 5363 6283 6359 6865 7176 8105 8106 9452
766 8 708 1485 4009 5466 5723 7658 8819 9836
767 10 241 282 590 841 1472 1501 5600 6094 7933 8103
768 2 1145 4143
769 12 1320 1803 1960 2260 3174 4767 5703 6085 6909 7432 8293 8611
770 6 129 460 5201 5496 7151 9491
771 6 3300 3740 6062 7977 8163 9663
772 5 1057 2271 2944 8248 9365
773 3 4351 6489 9065
774 6 3353 3590 4787 5401 6650 9968
775 1 1106
776 6 1731 2199 4143 4901 5955 8034
777 7 4103 5237 6076 6999 7007 7948 9367
778 6 2123 2355 2654 2664 3130 5706
779 2 6800 8673
780 7 1268 3417 3667 5220 8667 8845 9718
781 4 482 5175 6418 9755
782 6 2010 4040 5590 5914 7750 9720
783 5 153 2378 3451 4426 9131
784 8 989 4127 4328 5431 6113 7338 9211 9891
785 4 670 1406 3141 9176
786 6 447 3021 3209 3632 8193 8633
787 5 54 1773 2442 7267 8366
788 10 969 5980 6665 6899 7500 7847 8046 8204 8790 9568
789 8 233 1376 2493 4481 5557 7290 8439 9086
790 3 16 4487 9816
791 3 1976 2565 9707
792 8 1229 3091 3192 3604 4300 4940 5653 6664
793 6 732 1396 2800 3274 4451 9991
794 7 2556 4798 5512 6031 7779 9175 9491
795 5 150 733 2823 2933 3847
796 7 2485 4649 5199 8101 9109 9121 9354
797 10 817 1114 2199 5071 5578 5858 8302 8785 8924 9008
798 6 2536 4673 5579 5927 6120 7689
799 2 1703 6824
800 7 752 2292 3715 4329 5024 5764 6520
801 2 2027 6249
802 3 1949 3459 6235
803 7 626 1229 5291 5589 7984 8403 9919
804 1 7934
805 6 736 1637 2116 7136 8858 9990
806 7 691 2798 3796 3860 6032 6939 7575
807 4 2029 6189 6949 6958
808 8 744 912 1851 3437 4256 4739 9706 9716
809 4 41 1617 6343 9929
810 4 7065 8570 9385 9881
811 5 247 1021 3305 5000 7237
812 6 376 553 865 954 1184 5698
813 4 1355 5199 8428 9380
814 7 850 1362 1929 2029 7626 9196 9814
815 6 849 941 1476 4284 6289 6543
816 5 1320 3202 6585 7775 7958
817 7 145 797 2659 3852 6186 9114 9933
818 6 1849 2162 3194 5681 6788 8806
819 7 248 2853 3658 3717 4963 6609 8455
820 10 486 1332 2494 3158 3165 3635 3927 5285 6171 6288
821 2 119 6361
822 5 448 2469 4935 6469 7371
823 2 6037 9352
824 6 152 280 2331 5911 7770 9957
825 6 5973 6172 6397 7424 8367 8535
826 9 42 434 854 3960 5967 6600 7897 9046 9721
827 8 230 1785 1920 3016 7316 8557 8626 9385
828 5 1683 2711 7260 7421 9401
829 8 1504 3938 4560 5369 5702 7347 8498 8880
830 5 1093 1926 3284 7485 9901
831 4 1143 2128 3112 4590
832 6 2150 2255 3703 4786 5628 7689
833 7 4485 5367 6619 7174 8797 9084 9126
834 3 3276 6847 8270
835 5 3180 3823 4618 4645 5814
836 10 1755 1776 2200 3377 3593 4384 4785 6262 6647 9410
837 6 2585 3913 3957 4612 5527 5579
838 5 893 1926 2181 4049 8255
839 6 1255 4239 5344 5365 5529 5623
840 4 751 1289 4885 6515
841 5 767 5289 6925 7631 9375
842 4 250 1117 2069 4438
843 13 105 405 434 2642 3545 4595 6756 7075 7186 7239 7659 8527 9089
844 6 394 921 5372 8169 9653 9794
845 3 3165 6677 7085
846 6 5512 8488 9214 9224 9504 9992
847 5 184 4372 5122 6197 9036
848 9 1071 2161 3097 3887 5341 6759 8323 8704 9824
849 8 265 815 4431 6758 6796 8171 8701 9416
850 7 814 998 1478 1784 2289 5321 7497
851 4 1097 4530 5565 8407
852 2 4895 5900
853 4 2534 3129 5150 7006
854 7 202 826 1443 4037 4289 7430 9320
855 2 6128 8032
856 6 699 1417 2615 3725 6351 9527
857 5 1037 1689 5109 6299 8575
858 3 1054 1855 4226
859 2 3024 6224
860 6 1376 1491 1655 2189 3761 5971
861 6 154 3320 4562 5103 6885 8967
862 3 8667 9514 9861
863 5 1193 2727 3548 4558 9655
864 0
865 6 812 1231 2848 4554 5315 9560
866 5 2897 7846 8278 8339 9053
867 6 2986 6090 6825 6947 7358 8922
868 9 456 1655 2267 3612 3995 4258 5321 6643 9024
869 5 2486 6316 7145 9347 9810
870 7 1356 2563 3402 5386 5795 6084 8692
871 5 2521 6128 7854 8046 8798
872 7 295 676 1370 2724 3200 9170 9824
873 5 4603 7739 8355 9508 9515
874 12 1590 3329 3448 3640 4258 4539 6161 6660 6710 7276 7283 9442
875 4 3158 4127 4225 7640
876 11 751 1565 3283 4513 4661 5398 6231 8589 8863 9773 9831
877 6 3718 4236 7281 7954 8135 9505
878 6 430 718 2552 4609 5022 8300
879 6 543 597 1180 5272 6308 7447
880 2 7389 7548
881 5 2283 6087 6122 7472 8333
882 5 1400 5546 5983 6233 8769
883 9 426 1848 3185 5017 5124 5682 6324 7023 7909
884 3 3396 5861 7341
885 3 2438 7588 8949
886 6 5120 5207 5938 6548 6824 9579
887 9 39 1003 3077 3445 3641 4112 4929 8439 9223
888 2 6137 6842
889 3 1717 4913 8716
890 6 75 1369 2639 4198 6725 8211
891 4 2523 2683 4851 6782
892 7 1633 1763 2716 6257 7615 9017 9479
893 5 515 838 1460 3507 7013
894 9 463 920 1748 1947 3815 4039 4583 7774 8444
895 10 448 707 2372 2483 2940 4665 6022 7559 8161 8784
896 7 756 3768 4089 5844 6277 7715 8639
897 4 4311 4595 4613 7041
898 4 2931 4904 6901 9577
899 10 1567 2001 3611 4365 5374 6339 6373 7087 7568 7629
900 6 2546 2811 5374 5465 6873 9733
901 7 2425 2648 5047 5914 9354 9397 9482
902 4 5222 6019 9140 9286
903 8 763 1729 3074 3964 4123 4530 6553 8912
904 8 1952 1998 2375 3602 4797 6047 6905 7482
905 3 455 2986 8455
906 12 634 1321 1584 1901 4600 4998 5580 7182 9072 9252 9335 9811
907 3 3906 9417 9420
908 4 605 3169 4034 7941
909 7 613 3325 4047 5624 6322 7202 7684
910 10 941 1103 2422 2917 3883 6512 6529 7758 8282 9262
911 7 12 2905 3638 4078 4382 5570 5804
912 7 808 1454 2028 4821 5714 7135 9884
913 8 1830 2019 2287 3241 5027 6426 6754 6869
914 9 1029 1163 3446 4646 7159 7517 7806 8117 9410
915 6 2732 3379 4659 6110 6583 7203
916 10 311 2131 2572 3345 4730 5074 7724 8615 8754 9641
917 2 2457 7727
918 6 167 3825 4512 5970 6338 7881
919 10 302 700 3371 4785 5142 5659 6056 7529 8908 9974
920 6 894 963 4838 4965 5202 8967
921 8 844 965 3025 4485 7394 8848 9217 9295
922 9 66 81 4700 6158 6724 7540 8062 9222 9870
923 6 699 3924 4590 4858 4969 8708
924 4 98 2889 2912 4591
925 6 469 1266 1333 4779 7736 8895
926 10 1448 1936 3164 3851 4717 6036 7086 8185 8278 9186
927 6 1560 3680 4902 5934 8791 9520
928 3 5426 5941 6037
929 9 4964 6637 7487 7493 8236 9046 9298 9478 9858
930 5 937 1795 3026 3891 6521
931 7 551 1669 1678 1687 1771 3801 4829
932 5 22 1238 2423 5939 6845
933 8 2499 3020 3109 4489 4739 6225 7698 8184
934 8 674 1687 5023 5191 5679 6283 7699 8188
935 8 308 7714 8281 8881 9128 9351 9727 9859
936 8 401 412 1084 1368 4131 4785 5911 7529
937 4 51 151 930 8884
938 8 1276 1400 1939 2270 2950 4559 4585 7117
939 5 204 595 3532 5006 7960
940 8 947 1310 2398 3626 5038 5701 6829 8692
941 8 537 815 910 3555 3963 4475 5696 5938
942 4 1325 3938 5819 8092
943 5 3821 3958 4932 7754 7960
944 6 410 4169 5166 6649 8017 8061
945 6 2843 5479 5542 6046 8308 8934
946 6 610 1491 4190 8912 8940 9413
947 4 330 940 3251 6159
948 7 1848 2217 3154 7219 7273 8156 9402
949 4 1134 5927 8725 9772
950 9 256 334 2696 2823 3690 3698 4977 8433 8527
951 10 1212 1259 2135 2276 2801 3185 3810 7507 9095 9571
952 8 691 2566 4465 5132 6272 9400 9514 9870
953 11 2061 3270 3396 5430 7687 8111 8745 8961 9100 9157 9287
954 9 812 1414 2031 3725 6213 7306 8895 9772 9969
955 6 72 3159 3868 4605 4799 9485
956 5 1525 1546 7937 8628 8834
957 5 541 6186 7127 9348 9805
958 6 458 1461 3428 4664 5298 6155
959 4 6743 7483 9311 9939
960 8 1847 2880 4873 5651 6220 6806 7167 8080
961 8 687 1657 1844 2171 2302 4617 6663 8418
962 4 148 373 723 9369
963 4 357 920 6038 9412
964 8 2470 4076 4106 6974 7986 8313 8904 9461
965 8 225 921 6045 6559 7980 8043 9635 9725
966 8 296 972 3184 6239 6580 6616 6675 9036
967 7 262 3079 4856 5193 7138 8023 8570
968 5 153 4290 4498 7074 9874
969 7 788 1002 2612 2654 4221 6416 7350
970 10 745 1583 3282 4060 4956 5155 6183 6414 6681 8704
971 5 3168 3887 3934 5345 8255
972 5 529 966 2362 5013 5142
973 2 204 5001
974 6 737 1041 3531 4450 9133 9400
975 10 2728 2891 3230 3498 3710 5912 6905 6982 8846 8962
976 6 678 1976 4230 7196 7514 9714
977 9 244 718 2450 3844 5389 9172 9576 9786 9999
978 5 1499 2214 3059 5192 7968
979 9 1713 2725 3602 4646 4920 5277 5280 7514 8432
980 4 2449 3875 5756 9734
981 5 2424 3844 6343 6497 7630
982 4 2122 2612 4568 8707
983 5 1711 2642 2666 4433 8351
984 3 5915 6529 9286
985 5 155 3127 4717 5017 6316
986 5 1679 7152 8307 8662 9425
987 4 1053 1106 7718 7874
988 3 1438 6111 9670
989 10 687 784 1550 1912 2029 2215 3202 6368 7897 9765
990 3 1391 1826 7457
991 3 3255 3678 4488
992 7 2895 3622 4419 5445 7716 8219 9992
993 5 3027 5004 6876 7252 8986
994 11 716 1117 1177 2588 3308 4684 5427 6495 9090 9201 9360
995 6 1906 2848 5280 7169 7622 9483
996 2 5665 6565
997 6 2509 7799 7906 9813 9850 9963
998 9 691 850 6326 6385 6524 6986 7111 7194 8333
999 10 455 1087 2360 2881 4857 5401 6003 7013 7424 7879
1000 7 479 1297 2577 4782 6596 8700 8807
1001 8 216 655 2682 3080 3186 5182 7771 8812
1002 3 969 7904 9657
1003 7 63 887 1496 8683 9568 9630 9887
1004 4 393 616 1565 3635
1005 6 2429 4142 6354 9005 9644 9784
1006 8 2106 3174 4174 4541 4923 6559 9398 9725
1007 5 478 1510 1622 1641 7765
1008 5 2614 3754 4864 5455 6609
1009 12 1144 2227 4606 4756 4936 5160 5521 5860 6429 7395 8178 8923
1010 3 1685 2578 2708
1011 1 5560
1012 6 2304 2489 3956 5866 7142 8949
1013 7 2052 2370 5964 6131 7623 7886 9573
1014 13 1041 1199 2098 3080 4838 5486 5815 6126 6787 6990 7433 8392 8624
1015 9 2129 2286 4572 4816 5054 5479 5945 6692 9537
1016 4 434 3963 4758 6256
1017 7 68 87 366 2918 6174 6316 8720
1018 8 2680 4090 4542 5626 6292 8372 8513 9607
1019 5 250 2056 4437 7388 9059
1020 6 1256 3852 5395 6040 6240 7668
1021 9 15 811 1172 1483 3992 4775 5546 6622 8480
1022 3 2896 5554 9058
1023 8 341 2960 4491 4529 5405 5819 7022 9980
1024 3 1888 2604 2774
1025 5 4054 4344 5975 6628 7372
1026 6 77 2939 5556 6980 7840 8149
1027 4 1264 3390 4983 6602
1028 3 459 560 6092
1029 11 914 1743 3055 3605 4618 4998 5737 6158 7069 7800 8533
1030 6 1250 2424 5529 7418 7736 8414
1031 8 1589 3197 3398 4169 4426 4819 6989 9523
1032 4 664 2294 7947 8346
1033 0
1034 2 5443 5779
1035 2 5636 6621
1036 6 1822 3503 5144 6150 7170 7816
1037 7 703 857 3913 5390 5641 6074 6078
1038 10 705 1540 2706 3592 3697 4995 5958 7584 8696 9076
1039 7 2181 2870 4457 5970 6522 7666 7753
1040 6 1166 1433 3311 5040 8050 8796
1041 8 552 974 1014 3105 3912 4656 6256 8954
1042 4 288 3543 7511 9337
1043 6 506 3058 6828 6849 6994 9091
1044 5 1941 2488 6206 8661 8903
1045 8 1716 2268 2674 5305 7333 7341 7701 9174
1046 6 150 328 6052 6257 7293 8016
1047 5 17 1740 4166 8906 9453
1048 5 1813 3570 4414 6563 7867
1049 8 135 2083 4038 4698 7013 7478 8489 9438
1050 2 9458 9629
1051 6 158 2320 5136 6302 7356 8903
1052 6 736 3026 6066 6664 8432 9430
1053 11 350 987 1326 2239 2793 4394 5362 5867 6125 8607 8782
1054 3 858 6094 7036
1055 7 2031 3667 4510 6254 7015 7100 9760
1056 7 1059 1117 4015 4504 5448 6259 8772
1057 4 772 1475 6342 7038
1058 5 4501 5035 7153 8733 9411
1059 7 490 1056 1496 5294 6117 7012 7049
1060 4 3960 5002 6371 7216
1061 6 318 427 2900 4238 4351 5626
1062 8 1119 1497 1687 1923 4344 4520 6326 7536
1063 7 170 3206 4723 5101 6540 8003 8600
1064 8 1673 3232 4239 5036 5152 6035 6412 6764
1065 2 1471 2557
1066 5 5392 5685 6296 7538 8068
1067 5 310 2483 6392 7839 8697
1068 8 196 1143 6069 7319 7826 9012 9082 9446
1069 8 92 122 304 2283 2809 5173 8307 9740
1070 4 1997 3278 5817 9353
1071 7 126 648 848 3672 4422 6439 7318
1072 10 4 85 2607 2888 5942 6109 7015 7100 8611 9142
1073 5 5162 6919 7011 8507 9348
1074 15 2680 2769 5496 6192 6286 6634 6682 6876 7020 8259 8345 8578 8857 9364 9482
1075 4 2969 3579 7002 7323
1076 5 1548 2290 3473 6537 6863
1077 7 2196 3003 3976 6736 8254 8612 8897
1078 4 5417 7977 8178 9636
1079 8 3150 3301 3606 6212 7722 7781 9804 9924
1080 5 628 3031 5862 7736 9649
1081 11 1686 1688 1726 1929 2126 2340 3332 7350 7379 7508 9067
1082 4 1155 2186 3567 5242
1083 6 344 2090 3507 4678 5078 6053
1084 11 936 3268 3472 3869 4668 5003 5061 7717 7926 8316 8513
1085 6 1537 4993 5819 7728 8431 8764
1086 10 756 1187 1199 4646 4704 4849 6299 8309 9319 9480
1087 7 999 1478 2476 4871 7839 9018 9098
1088 5 3297 4643 5766 6088 9714
1089 7 1624 2702 4614 4954 7056 8350 9497
1090 6 2093 2584 3417 4689 8728 9435
1091 5 1840 2426 4336 5839 9913
1092 2 2780 3665
1093 11 763 830 3353 4207 4749 5576 5753 6127 9172 9351 9943
1094 5 1225 5568 7936 8129 8700
1095 5 1774 2233 4171 4770 9592
1096 4 4072 6671 9630 9867
1097 8 851 4371 4575 5391 5650 6350 8443 8973
1098 4 52 2410 7571 9281
1099 7 73 604 1342 4703 4949 5252 8871
1100 6 4376 6788 6805 8473 8739 8934
1101 3 3757 4908 6957
1102 14 1506 2360 2438 2490 3880 4208 5969 6062 6266 7544 7772 7896 8049 8529
1103 3 910 3859 6179
1104 5 2951 3161 5349 6909 8866
1105 6 642 2034 2475 4138 7131 7654
1106 9 775 987 1319 2916 4298 5938 6408 7367 9321
1107 4 726 3274 4731 7090
1108 6 2886 3147 3682 4404 7390 8497
1109 8 2459 2474 4997 5523 5939 7252 8339 8483
1110 7 48 686 2398 3817 5421 7005 7801
1111 10 2135 2788 4757 4845 6804 7690 7781 7964 8206 9986
1112 4 3222 3726 4550 5787
1113 7 241 3425 5249 6109 7749 7904 8134
1114 8 797 3766 4368 6689 8837 9223 9772 9829
1115 4 2591 3718 5041 8581
1116 7 146 529 2482 6708 7160 7450 9154
1117 6 713 842 994 1056 2071 3908
1118 8 738 3111 3413 4083 4874 6272 6841 9099
1119 5 1062 1192 1374 8391 8864
1120 5 3759 6299 6391 6483 7595
1121 4 259 6130 6191 8507
1122 9 258 1241 1527 1954 2866 3201 6777 9220 9409
1123 6 299 4854 5978 6041 7557 9063
1124 9 1700 3110 3474 4627 5492 5619 6754 8526 8982
1125 6 3087 4094 7558 9010 9311 9971
1126 3 1216 4379 7135
1127 5 1239 4519 6484 6496 7902
1128 6 2458 3597 5741 7713 8207 9141
1129 7 89 2715 2767 3746 5135 5582 6262
1130 6 127 130 1692 1706 1995 6720
1131 8 1395 1449 2011 3251 4740 4809 8079 9776
1132 5 3576 4526 6658 6745 9142
1133 4 288 2129 6463 7560
1134 6 949 1770 5481 6480 8257 9969
1135 7 9 1442 1910 5478 7732 8804 9572
1136 8 3974 4041 5322 5450 5926 7700 7733 9570
1137 7 2415 3469 3563 3802 4919 8259 9848
1138 2 3095 4015
1139 3 2067 2960 5039
1140 4 2533 4768 5145 7450
1141 5 23 2019 3609 5527 6255
1142 9 145 1745 2128 3100 4684 4960 5470 6601 8478
1143 4 831 1068 5578 6560
1144 6 1009 2173 3095 7215 7847 8358
1145 7 768 3313 4983 7206 7996 9820 9975
1146 5 756 4669 5919 6575 9995
1147 5 1259 1729 6625 8095 9284
1148 8 31 190 1892 3522 6747 6861 6996 8496
1149 8 350 4326 5153 5383 6011 6276 7148 9321
1150 4 2115 3850 8067 9539
1151 8 364 3002 3561 3639 5006 5053 5388 8519
1152 5 1885 3431 3512 5281 7875
1153 7 647 1243 2570 4418 5850 6527 7237
1154 5 3106 4276 7651 8863 9707
1155 7 1082 2523 2642 4438 4846 7022 9363
1156 6 1306 1721 1942 3797 5268 9297
1157 3 4453 6956 8474
1158 9 543 3801 3928 5200 7541 7657 7916 8145 9680
1159 2 174 2274
1160 5 1233 1388 1860 2228 4372
1161 5 693 4666 5329 7635 9724
1162 3 540 2971 6598
1163 7 487 914 2674 4002 8342 9103 9668
1164 7 2220 2528 2569 3171 6736 7510 9009
1165 9 55 2182 2382 3095 5214 5283 6844 7721 8102
1166 8 1040 1237 2260 2338 7615 8532 9161 9413
1167 10 649 1733 1836 1954 2932 2955 4134 8241 9440 9963
1168 6 694 1268 4595 5226 6168 8405
1169 4 5749 7120 8959 9834
1170 7 485 2562 4065 4649 5688 7657 8764
1171 5 215 3070 4185 6382 7004
1172 6 1021 3238 5931 6419 8655 9023
1173 3 2089 2679 4244
1174 8 738 1548 2090 4795 6225 7199 7269 7563
1175 4 172 4891 7581 8571
1176 7 3593 4446 5422 7071 8372 8562 8717
1177 8 502 994 1339 2948 3390 3711 5324 9504
1178 6 457 3252 5473 5805 6254 9618
1179 7 1788 1857 3342 3766 7006 7967 8384
1180 8 879 2518 2571 3491 6916 7751 8265 8604
1181 4 1840 3742 5555 8237
1182 5 2281 5069 7758 9130 9777
1183 6 1505 3936 5575 8399 8613 8685
1184 5 152 812 1669 1806 9564
1185 7 2164 2790 7619 8309 9110 9967 9997
1186 3 737 2598 7666
1187 6 1086 1309 3330 6371 6738 9994
1188 4 2654 4150 5068 6188
1189 7 584 1409 6766 7820 8454 9301 9900
1190 4 176 1608 8559 8729
1191 6 3361 3785 4446 4578 6555 9318
1192 5 1119 1833 3192 3839 5776
1193 12 863 1289 2378 3300 4230 5029 5944 5950 6711 7585 7596 8084
1194 6 1665 5018 5219 6349 7591 8740
1195 4 295 8811 8852 9690
1196 9 480 1650 4196 6188 6192 6956 7272 8952 9182
1197 2 695 7397
1198 5 659 3170 5042 5492 9344
1199 7 1014 1086 1716 2293 5325 5687 6403
1200 11 28 342 358 1246 3280 4526 5221 5909 7194 9605 9855
1201 7 553 2657 4676 5359 5589 7055 7982
1202 5 2392 2516 4104 8002 8892
1203 5 1304 3129 3214 8200 8606
1204 4 5031 6641 7208 8668
1205 9 366 1427 1915 2433 4475 6514 7947 7954 8020
1206 5 4452 5175 5303 6332 6421
1207 5 383 4682 8495 9083 9963
1208 6 318 1223 1904 3571 6005 7957
1209 6 1353 2497 2517 5217 5961 7810
1210 4 8624 9062 9381 9966
1211 5 4213 5894 6600 7349 9086
1212 4 242 951 4481 7541
1213 7 3589 3735 4931 6001 6853 7436 8219
1214 9 1281 2668 2925 4068 4208 4753 5021 8917 9679
1215 2 6896 8158
1216 7 1126 2260 4917 5038 5260 6826 8338
1217 6 1404 3749 4967 6466 8430 9488
1218 4 1313 3790 8186 8801
1219 2 5613 7896
1220 5 2113 7001 7223 7656 9893
1221 3 3185 7377 9776
1222 2 2388 4289
1223 2 1208 1843
1224 4 1562 1970 6363 8539
1225 8 222 1094 4819 4903 5383 6754 6808 6902
1226 2 7040 8957
1227 5 1634 4784 5871 8527 8668
1228 5 5104 7327 8143 9121 9693
1229 7 792 803 2297 4959 5281 8194 8339
1230 2 6620 8072
1231 8 301 865 1234 3010 6919 7690 8778 9998
1232 2 5916 7835
1233 4 1160 3830 5040 6328
1234 5 1231 6902 7233 9679 9992
1235 4 93 1865 2943 8161
1236 7 4014 5487 8083 8414 9001 9012 9359
1237 9 1166 1500 2019 3617 4754 5137 6029 8368 9647
1238 10 932 3702 4959 5284 6881 7044 7838 9428 9827 9865
1239 7 1127 2412 2512 2895 4376 5061 5268
1240 3 1674 3818 3919
1241 6 1122 1806 2793 6226 6807 9918
1242 7 8 265 3919 4380 5423 7399 8843
1243 7 616 1153 2313 5262 5328 5901 6444
1244 9 1961 1992 4779 5652 6476 6615 6732 6744 8396
1245 4 1600 5305 5978 7165
1246 5 1200 2762 2991 3413 7935
1247 10 1574 2114 3266 4975 5298 5582 6691 6947 7988 8311
1248 5 2766 6534 6597 7595 9259
1249 4 469 3213 5612 6980
1250 10 1030 2556 2633 2662 3275 3764 4834 5785 7312 7700
1251 6 1711 4875 6192 6206 8622 8870
1252 4 324 2742 3305 4551
1253 5 210 1564 4082 5057 5433
1254 6 648 2090 5265 6043 7797 8413
1255 5 839 1552 1867 6687 9002
1256 6 1020 1729 2173 4260 4865 7146
1257 11 1430 2180 4573 4771 4958 5200 5381 5962 8009 8446 8639
1258 5 298 1836 4145 4636 9793
1259 6 951 1147 2489 4525 8928 9717
1260 3 1840 4097 7167
1261 5 2991 4971 4980 6169 8960
1262 6 157 2519 4473 7538 8142 9918
1263 7 167 469 3327 3380 7436 7832 9268
1264 6 1027 3055 7127 7406 7817 9533
1265 2 515 9833
1266 4 925 3388 6839 6912
1267 4 2510 8054 8869 9086
1268 7 780 1168 2983 5723 7475 7902 9328
1269 6 5531 6496 6567 7815 7847 9519
1270 7 1560 1963 8235 8286 9093 9301 9600
1271 2 1906 8092
1272 3 3433 5794 7362
1273 4 162 2735 3470 8164
1274 7 332 409 1527 2389 7141 7156 8041
1275 5 1349 4915 5679 5717 9187
1276 8 938 1334 3000 3071 3203 4751 5301 6904
1277 12 67 1719 1942 2294 2370 3027 3557 4017 5390 6239 6326 9664
1278 6 165 1785 4338 4933 5787 7337
1279 6 119 1457 5943 7244 7344 9134
1280 4 635 1481 4594 8603
1281 5 1214 2897 5098 7062 8671
1282 8 302 1687 2821 3510 3682 4363 4378 8135
1283 5 622 1395 4928 5480 9055
1284 7 3563 5034 5363 6497 7569 7951 8794
1285 6 1935 5458 6415 7043 9586 9699
1286 6 243 2767 4832 6585 7831 8965
1287 6 5123 5263 6202 7224 8986 9681
1288 5 2226 3468 4154 6237 6349
1289 7 645 840 1193 1305 1830 3341 8394
1290 5 2384 3400 7407 8136 9521
1291 3 2071 3278 6611
1292 8 618 716 3089 4186 4276 4278 9573 9592
1293 9 1759 2266 2623 3126 4747 5278 5650 6237 9448
1294 2 1735 3084
1295 5 596 1944 2141 3299 7247
1296 7 702 1375 3989 6977 8284 8912 9135
1297 9 148 1000 4276 4611 5971 6882 8445 8956 9274
1298 10 333 1908 2150 2507 2748 3811 3975 6826 8670 9846
1299 7 617 1420 1652 2739 4341 7040 8365
1300 10 446 2682 3448 4657 5140 5331 6289 6854 7416 8725
1301 6 1663 3464 4365 5058 6971 8981
1302 5 3985 5201 7858 8704 9800
1303 5 5808 7051 7371 8984 9188
1304 7 1203 1740 1801 3199 5991 6864 9577
1305 6 195 1289 1811 3103 5078 8340
1306 8 1156 1622 3425 3977 4696 6090 6418 8476
1307 8 1800 2500 2900 3973 4357 4367 4564 7160
1308 4 239 5845 8400 8795
1309 5 1187 1589 1966 3618 8771
1310 4 940 6578 9125 9592
1311 6 2437 6902 6978 7365 7377 7447
1312 4 1975 6514 7082 7471
1313 8 527 1218 1345 1728 2697 4804 6693 9800
1314 4 222 3921 5979 7160
1315 7 4307 5543 5830 7756 8863 9567 9664
1316 2 5763 9801
1317 8 1798 3478 4139 4602 5887 7007 7056 7360
1318 9 1510 4949 4996 5326 5682 7415 7419 8039 9085
1319 7 433 1106 1758 3834 4409 6697 9744
1320 6 769 816 4249 4342 4950 5685
1321 6 906 1464 6965 7946 8201 9692
1322 7 2641 4580 6504 7401 8044 9029 9121
1323 8 1759 2092 2846 3379 3745 8359 8500 9637
1324 3 2310 3400 9038
1325 4 36 942 1603 2387
1326 5 1053 2715 2751 4678 9807
1327 7 754 2293 5905 6351 8726 9425 9811
1328 8 1943 2297 5606 5860 8150 8628 9381 9719
1329 8 1429 2046 5414 5903 6358 7369 9061 9221
1330 7 2157 2883 3088 4087 5448 7146 9143
1331 6 5357 5367 5874 6019 6460 6739
1332 5 54 481 820 3045 7511
1333 5 330 623 925 6769 9287
1334 7 2 1276 1512 1873 5064 6215 9814
1335 5 4712 5561 8242 8614 9613
1336 8 2014 2635 4058 4693 7415 8121 8478 9137
1337 4 2420 3026 4039 8747
1338 8 634 2387 6482 7131 7659 8224 8987 9990
1339 5 1177 1847 2795 5268 7763
1340 5 1670 1686 2038 4692 7673
1341 5 508 1579 2112 2166 7396
1342 3 1099 4754 6195
1343 11 1933 2072 2528 2938 4691 5446 7203 8633 8799 8831 9573
1344 6 5042 7004 9016 9020 9086 9534
1345 11 1313 4235 5362 5421 6151 6293 7009 7045 7467 7473 9085
1346 5 5769 7412 7554 8702 9950
1347 6 1895 2717 5042 5940 7514 9535
1348 3 2630 2738 9940
1349 4 1275 4401 8088 9446
1350 8 3560 3587 4389 4559 5239 5377 8494 8529
1351 6 1976 6277 7649 8166 8242 8265
1352 6 4164 4486 5487 8426 8954 9799
1353 3 1209 2551 4821
1354 7 2389 4698 4971 5338 7057 8012 9770
1355 5 813 2644 4716 7582 8048
1356 6 870 3604 7261 7724 8366 8643
1357 7 76 3370 3619 4068 6156 6362 8780
1358 7 331 3940 5302 6662 8070 8805 9347
1359 11 1763 2363 2775 4185 4348 4644 4839 5851 7658 8794 8890
1360 3 3949 7613 8079
1361 9 485 747 3165 5816 6090 6889 7124 7185 8883
1362 7 814 2913 5226 5489 8454 8463 9576
1363 4 7622 8863 9277 9295
1364 9 7 3007 3416 3624 6001 7284 8060 8388 8620
1365 2 6802 9851
1366 8 288 470 1526 2555 2866 4194 5171 9188
1367 4 4414 6453 7785 9065
1368 9 678 936 3287 3873 4256 5190 5998 8705 8711
1369 7 890 1571 1642 1719 7282 9405 9953
1370 6 872 1496 4225 6925 7626 8159
1371 5 10 5505 5714 6220 8947
1372 6 3021 4414 4863 5752 7338 9915
1373 4 1859 2320 2451 7269
1374 6 1119 2403 3453 5645 7689 9524
1375 5 1296 1788 3425 4308 7819
1376 6 789 860 1942 4056 5804 8657
1377 6 262 2839 3250 3743 4580 7069
1378 5 2816 5121 5572 6784 8196
1379 3 2044 6837 7366
1380 6 653 5932 6768 7357 7839 8404
1381 10 2243 4219 4560 4652 4781 5941 6662 7532 8570 9123
1382 8 211 262 2364 4662 4844 5750 8899 9218
1383 7 2356 2769 6671 8543 8836 9284 9957
1384 6 535 4861 5304 6577 7141 7524
1385 7 681 1451 2351 4705 4848 9300 9641
1386 6 1496 1923 1983 3015 4310 9125
1387 6 2114 4396 7503 7582 7854 9316
1388 5 1160 4790 5009 5370 7607
1389 3 4594 5047 7195
1390 5 2235 5079 6952 8869 9017
1391 8 990 1676 2498 3138 4901 6087 7280 8306
1392 5 1691 2091 2982 7090 9442
1393 5 502 1992 3299 5376 9402
1394 4 2511 2885 5846 9641
1395 3 1131 1283 8364
1396 10 793 1604 2073 2642 3443 4046 5387 6427 7585 8427
1397 1 9724
1398 3 3685 6967 9933
1399 7 201 2722 8117 8341 8602 8618 9209
1400 5 432 882 938 1651 3660
1401 5 2074 2294 4023 4507 7409
1402 4 661 5115 7045 9033
1403 12 2552 3197 4019 4532 5281 5959 7369 7881 8753 8934 9228 9467
1404 4 1217 3190 9554 9868
1405 5 189 660 2618 4274 4852
1406 10 505 785 2715 3672 4230 5984 7491 7657 9398 9742
1407 5 247 4093 6249 6519 7190
1408 6 1443 1730 1746 5702 8996 9581
1409 6 1189 2974 6233 6701 7004 7397
1410 9 1966 2993 4699 5118 5316 5670 7223 8221 9437
1411 4 2057 4369 7097 7309
1412 9 273 4799 4853 6058 6160 7169 8337 8455 9184
1413 3 4485 5571 6518
1414 11 954 1631 2904 2985 3095 4165 5102 5944 5987 7981 9835
1415 4 436 1874 7788 8469
1416 8 673 1913 1945 3347 4139 7794 7887 8826
1417 5 856 2434 4390 4683 6203
1418 6 5873 6001 8787 9353 9520 9613
1419 4 2089 3245 5568 5823
1420 4 35 1299 6452 6704
1421 3 299 368 9321
1422 7 3954 4126 4353 4393 4600 6852 9583
1423 5 2006 2260 5899 7631 9206
1424 6 1922 1958 4941 5356 5497 9867
1425 4 3212 8422 8561 9474
1426 5 361 5880 6417 6552 8139
1427 8 501 1205 1842 2830 2973 2975 4252 5268
1428 9 1598 4675 6545 6716 7459 7689 8016 8354 9817
1429 6 204 1329 5543 6843 7222 8681
1430 4 30 1257 3240 3902
1431 6 1858 3526 3880 4064 4522 8873
1432 5 4005 4989 6241 8160 9068
1433 8 155 1040 1455 1537 2589 4197 8083 9151
1434 10 1969 2315 2929 3642 4829 5766 7449 8585 8865 9622
1435 8 2141 2799 5519 5961 7197 7207 8063 8654
1436 3 1746 4828 4917
1437 6 4034 4474 4930 6134 6991 9216
1438 10 988 1993 2921 3401 4887 6401 8337 9152 9860 9942
1439 7 38 1563 7842 8607 9344 9385 9778
1440 10 126 2886 2991 2993 3806 5899 5959 7703 9164 9302
1441 4 506 4278 5303 5435
1442 7 1135 3121 3321 4553 7271 8940 8986
1443 8 854 1408 1536 1975 2197 3680 4393 7605
1444 2 8581 9794
1445 4 22 2292 4134 6144
1446 4 3103 5644 6108 8712
1447 2 6073 6285
1448 5 182 926 2957 6092 8514
1449 9 1131 1515 3498 6214 7381 8240 9044 9182 9795
1450 6 2459 4357 4495 6221 8418 9573
1451 4 1385 3440 6825 8880
1452 5 1730 3605 5296 6281 9759
1453 3 79 154 8442
1454 8 25 912 2865 3902 5141 5435 5961 9389
1455 5 1433 2890 5019 7674 9400
1456 5 4237 5232 6929 8940 9107
1457 4 287 1279 3351 4216
1458 11 223 2628 3928 4175 6214 6968 7257 7596 8223 8309 8793
1459 4 1864 5713 7952 8699
1460 7 893 1966 6024 6362 8429 8953 9051
1461 3 958 4766 7586
1462 2 4080 4270
1463 8 487 1534 2238 2553 2629 3507 4091 7634
1464 7 1321 2475 3450 6506 7721 7809 7822
1465 6 1943 3246 4961 5539 5718 7546
1466 10 453 482 3758 4604 4835 5899 7278 7412 8078 8478
1467 7 3663 5716 7087 8043 8156 8720 8909
1468 7 265 2175 2394 4734 6918 8662 9951
1469 6 3193 3850 5157 8007 8350 8556
1470 5 3341 3742 5928 9011 9895
1471 11 344 1065 1747 3201 4080 4879 4935 6328 6661 8006 8688
1472 9 206 767 1908 5032 5316 6525 7663 8997 9963
1473 6 2243 3090 4865 5614 8951 9519
1474 4 1924 3495 3818 6493
1475 5 1057 1803 5176 6481 7971
1476 10 815 1479 2258 2856 3495 4440 4557 7952 9226 9472
1477 8 2570 3001 3521 4029 6084 7068 8731 9206
1478 8 696 850 1087 1669 3047 4831 5178 7505
1479 4 1476 3139 3294 5848
1480 6 1638 3786 4295 6556 7455 9585
1481 5 644 1280 2681 2967 4189
1482 6 1813 2155 2838 5267 7157 7811
1483 1 1021
1484 5 3086 5409 6227 8171 9793
1485 3 766 3495 9123
1486 7 118 247 366 4687 7066 7561 8154
1487 5 411 3903 4089 5504 7247
1488 4 604 3660 4991 9202
1489 1 7937
1490 7 1976 3438 4751 5316 5486 5685 9829
1491 9 571 860 946 4353 6116 6177 7245 8220 8225
1492 5 544 2003 5279 8972 8989
1493 8 94 474 630 2614 3629 3762 6816 8246
1494 1 3070
1495 5 3049 3712 4821 4996 7890
1496 10 1003 1059 1370 1386 2308 3241 3567 3681 6620 7728
1497 9 1062 1748 2176 3950 5747 7615 7858 8771 8917
1498 1 7543
1499 8 978 1687 2588 2896 3752 6559 6906 8138
1500 10 1237 2756 3708 5526 6179 6582 7015 7707 9151 9749
1501 6 767 2583 2760 3414 4889 7141
1502 9 383 1628 1780 3802 4395 4977 5159 7487 9430
1503 3 2501 7459 9137
1504 6 829 3033 3389 3444 5198 6687
1505 4 1183 2648 8092 8246
1506 5 1102 3257 3719 4197 6918
1507 7 2511 2971 3901 4204 4470 7642 7698
1508 10 750 1915 3646 3703 4410 6439 6750 6850 8830 9615
1509 6 169 3715 4664 4778 5878 8799
1510 6 407 454 1007 1318 2521 4101
1511 5 747 5289 6675 7190 7329
1512 11 117 498 1334 1532 2743 2848 2961 5152 5224 7770 7932
1513 10 2737 3597 4432 5103 5182 5619 5977 6749 7069 7844
1514 5 340 2726 4545 5383 8994
1515 8 1449 1541 3396 3478 4722 5792 8561 9390
1516 4 177 1945 3330 4674
1517 2 5633 6494
1518 7 5593 5611 5836 6001 6076 6781 7467
1519 7 3552 5663 7178 7774 8481 8899 9503
1520 9 568 2899 3611 4419 5889 6551 8007 8341 8513
1521 5 1909 6115 7544 8180 9273
1522 3 422 4833 9515
1523 6 1978 3986 5816 6997 7605 8007
1524 6 1605 3166 4847 5830 9603 9698
1525 8 956 2012 2410 2868 3858 5569 6893 9456
1526 7 1366 2990 5179 6095 6111 7232 7800
1527 6 1122 1274 1822 2698 3724 9420
1528 4 1931 3761 5424 7316
1529 2 265 2548
1530 4 2793 6770 7259 9269
1531 6 2751 6130 6752 6870 8032 9778
1532 12 1512 3556 4756 6664 7222 7646 8260 8682 8742 9134 9563 9869
1533 6 337 3152 3960 4153 7948 8838
1534 8 527 1463 3589 3879 6849 7479 7886 8269
1535 4 4866 8110 8785 8999
1536 7 453 734 1443 4279 4654 7885 7917
1537 3 1085 1433 8191
1538 2 1546 9497
1539 6 2413 4012 4091 4746 6275 7026
1540 7 198 1038 2586 3815 6119 6448 7966
1541 7 115 1515 1692 4338 4608 5240 5864
1542 4 2250 4162 5107 5623
1543 5 4886 5400 6058 7578 8100
1544 6 1610 1670 3820 7291 8571 9477
1545 7 176 2299 3630 5036 7422 9081 9453
1546 10 420 956 1538 2502 3132 4178 5664 8052 9139 9597
1547 7 2837 3571 3788 3816 3963 8338 8615
1548 7 1076 1174 3481 5855 6840 7640 8073
1549 6 1718 3536 4018 4742 8450 9217
1550 9 469 989 1608 3974 5129 7084 7925 8631 9574
1551 3 7790 8950 9478
1552 6 757 1255 4153 4995 8178 8842
1553 5 3598 4355 6537 7137 8369
1554 4 284 7147 9755 9765
1555 5 1776 2624 7224 7460 9159
1556 6 3307 5299 5391 6098 8000 8434
1557 3 1767 3546 3815
1558 3 5108 5422 9716
1559 11 12 2168 2880 4232 4642 5058 5358 7125 8613 9052 9104
1560 9 148 541 927 1270 1638 3816 4007 8721 8827
1561 5 37 2718 2870 3456 3984
1562 5 1224 3252 5788 8498 8926
1563 7 677 1439 4625 5961 6523 6545 8998
1564 2 1253 4524
1565 11 28 876 1004 2547 2830 5001 5322 5697 5771 5817 5858
1566 7 139 493 1944 3375 3857 8121 9390
1567 5 899 1689 2333 2643 9882
1568 1 6400
1569 8 711 1966 2166 2528 2634 5827 6039 8005
1570 6 3679 6667 7947 8154 8176 9749
1571 5 504 1369 4138 6866 9009
1572 4 3658 3982 8539 8882
1573 12 30 2159 2925 3597 4480 4708 6917 7880 9079 9281 9416 9470
1574 4 1247 2544 5720 9778
1575 14 1618 1633 2530 3802 4688 5760 7073 7644 8165 8478 8491 8864 9297 9466
1576 10 391 487 3715 4203 5922 7113 7932 9477 9508 9510
1577 2 4103 4304
1578 6 615 2959 4104 4187 4578 6775
1579 6 1341 3073 3484 5138 5750 6053
1580 7 1587 2990 5490 6319 9320 9690 9769
1581 5 3173 3616 5184 7790 9074
1582 6 3776 5869 6167 6617 8412 9918
1583 8 970 4444 5680 5778 6721 7989 9079 9373
1584 8 451 669 906 2734 3932 7840 8039 9759
1585 9 1603 2296 2309 2847 5302 5473 6665 8259 8485
1586 4 663 2282 6623 7242
1587 4 9 1580 3286 3290
1588 8 2052 2183 3304 5101 6969 7746 8256 8387
1589 9 1031 1309 2208 4229 4972 5133 5890 6020 8687
1590 9 545 874 1751 5253 5505 6087 7616 8023 9770
1591 7 610 2280 4350 6624 7260 9865 9982
1592 6 2388 3120 4243 5029 7687 8843
1593 6 2156 3510 3751 4844 6527 7551
1594 4 2435 2603 2617 5913
1595 2 2557 8773
1596 3 5108 6808 7876
1597 2 4794 7074
1598 12 8 1428 3128 3534 4354 5097 6182 6329 6537 7887 9257 9999
1599 6 504 733 3626 3892 4782 9919
1600 10 574 1245 1616 3832 8090 8205 8336 8741 9196 9953
1601 3 192 1791 2579
1602 3 2845 5629 7189
1603 9 1325 1585 2131 3144 3199 8695 9068 9519 9822
1604 6 201 1396 2567 2673 3022 9965
1605 8 1524 2674 3747 4306 5370 6549 6756 8599
1606 5 679 2958 3670 5385 6516
1607 7 2024 2785 5061 6555 7014 8510 9917
1608 5 1190 1550 3986 4821 9316
1609 6 256 2774 5764 6185 8569 8988
1610 6 1544 2468 5664 7649 8231 9399
1611 10 300 1877 2203 2385 4438 5702 6093 9037 9112 9403
1612 6 2245 3131 4541 4703 5138 5717
1613 8 765 1997 2211 2669 2998 3211 7890 7971
1614 7 1964 2263 3105 4995 5240 6940 7336
1615 5 3701 3743 5365 6067 9492
1616 5 1600 3139 9203 9335 9737
1617 6 809 1988 3205 4251 7030 9417
1618 8 335 1575 3104 5496 6315 7342 7771 9006
1619 7 516 4284 4412 4447 6511 6625 9752
1620 4 3667 7872 8800 9571
1621 3 436 2127 4949
1622 9 1007 1306 3360 5230 7488 8902 9494 9601 9970
1623 4 2011 2605 8227 9421
1624 5 1089 4598 7624 9264 9449
1625 6 3843 5149 6472 7230 7282 9848
1626 7 136 2089 2521 3911 5180 6755 9387
1627 9 418 1933 3188 3707 4409 4649 5429 8436 9420
1628 5 1502 4120 6844 6916 7923
1629 6 396 2484 3346 4493 5105 5838
1630 10 1705 1784 1883 1946 4256 6572 7376 8557 8560 9716
1631 3 1414 3266 6560
1632 3 3032 3701 9356
1633 7 35 892 1575 2183 5488 7516 7560
1634 4 1227 5050 8455 9266
1635 3 241 2364 6097
1636 9 2089 2093 3197 5570 6012 6436 6634 7468 8223
1637 4 805 2546 6325 7292
1638 6 1480 1560 4236 7092 8690 9061
1639 6 653 4177 5961 6856 7257 7428
1640 6 521 3806 4617 4824 5205 8218
1641 11 1007 1918 2490 2861 5019 5291 5488 6258 7847 9408 9839
1642 4 1369 2904 3139 9655
1643 5 68 1990 4296 5244 8619
1644 9 361 4429 4501 5001 6262 8290 9420 9800 9924
1645 4 183 536 2747 7545
1646 7 3324 3554 5890 6274 7568 8651 9870
1647 8 2574 3571 3607 3824 6529 6539 6990 7975
1648 4 3266 6959 7116 9391
1649 3 312 5979 9802
1650 6 1196 5087 6309 9598 9658 9749
1651 5 1400 2273 5302 5543 5946
1652 6 1299 2185 2873 7668 7909 8579
1653 4 2735 4523 5877 7151
1654 3 114 2326 7225
1655 15 860 868 1826 1990 2256 4282 4741 5855 5953 6136 6325 6434 6506 9240 9531
1656 7 2382 4090 4255 5291 5540 8012 8017
1657 11 161 194 315 961 2419 2555 3197 4782 6912 7315 9434
1658 4 2762 5111 6018 8084
1659 1 1792
1660 3 1924 9223 9916
1661 7 439 2578 3621 3680 3822 4816 9830
1662 5 3233 3366 5335 7029 8487
1663 6 1301 2351 2526 3040 5950 7453
1664 4 1764 3013 4699 5328
1665 5 1194 2296 2978 3983 4571
1666 4 2832 4220 5332 9320
1667 6 1954 2563 3592 4177 6881 7116
1668 6 54 2032 5345 6809 7727 7754
1669 9 931 1184 1478 3631 5724 6055 8962 9248 9703
1670 7 456 1340 1544 1876 2100 2240 9186
1671 8 1750 2232 2312 3910 4964 5018 6091 7138
1672 2 1918 3821
1673 7 293 669 1064 1855 2913 4733 5364
1674 7 1240 1836 3121 5266 5373 8473 9960
1675 4 2480 6288 7923 8823
1676 12 1391 2395 3685 4203 5397 6947 7355 7841 8919 8943 9089 9775
1677 6 695 3781 4747 6325 8336 9048
1678 11 931 3048 3603 4815 5099 6024 7503 8145 9211 9529 9715
1679 9 209 986 2480 3172 4703 4963 5140 6178 7348
1680 5 713 2145 3041 5597 8849
1681 3 3179 3896 7319
1682 5 242 697 1703 5528 9499
1683 4 828 6012 8381 8892
1684 4 5168 6528 6679 6706
1685 11 1010 1777 2234 4211 5021 5298 5470 5916 6358 6675 9361
1686 7 1081 1340 5188 6358 6555 7458 9589
1687 14 212 931 934 1062 1282 1499 1938 3410 3493 3566 3633 5205 6737 9409
1688 6 338 1081 3019 4173 4331 4856
1689 4 857 1567 2096 5913
1690 14 630 2105 2218 2463 3014 3392 3420 3817 4003 4701 4886 6290 6729 8631
1691 9 1392 1860 2326 3433 3581 4046 4887 8770 8781
1692 5 1130 1541 5512 6324 8971
1693 4 257 3995 4577 4708
1694 3 7052 7074 9698
1695 9 582 2352 2997 5657 6615 6651 7659 9602 9655
1696 6 2989 4315 4906 6198 9699 9774
1697 3 2801 4209 5864
1698 3 1796 2767 2943
1699 3 7034 7686 8403
1700 4 1124 3029 5595 9785
1701 3 4331 5967 8094
1702 7 532 2198 2692 5759 7393 7678 7817
1703 8 799 1682 2478 3255 8986 9543 9870 9990
1704 3 2481 6984 8986
1705 7 1630 2764 2812 3775 3868 5471 6736
1706 8 1130 4035 4215 4441 4699 8407 8754 9109
1707 4 2199 2784 4035 5704
1708 6 1779 3875 4316 4859 5201 7208
1709 5 3667 5819 6507 7752 8202
1710 2 3295 7985
1711 4 155 983 1251 2969
1712 2 3842 9126
1713 3 979 3436 4882
1714 9 2198 2599 3494 4844 5571 7652 8586 8819 9590
1715 7 3173 3380 4302 6564 7267 7489 7983
1716 8 1045 1199 2415 4814 5268 5725 5930 6951
1717 9 401 889 2073 3373 6100 6353 6995 8395 8413
1718 4 1549 4983 5676 9506
1719 11 1277 1369 2177 2809 3442 4046 5235 6953 8186 8278 9686
1720 9 42 255 1924 2768 2933 5108 5124 7883 9285
1721 10 386 1156 2542 3553 3846 4570 4818 5731 6982 9543
1722 8 4334 6126 6795 6935 7627 7767 9156 9205
1723 2 5426 5634
1724 7 2019 2652 4077 6234 7747 9381 9586
1725 7 2356 4589 5450 6450 6481 8051 9814
1726 7 556 643 1081 1989 2023 5397 7722
1727 7 3975 6288 6391 7637 7710 9326 9799
1728 10 1313 3190 3504 4291 4594 4730 8479 8943 9708 9830
1729 4 903 1147 1256 2532
1730 7 1408 1452 1975 6853 8379 8493 9098
1731 7 341 426 776 2353 2803 6098 9990
1732 2 4669 9985
1733 7 1167 5613 5664 5962 7194 8315 8553
1734 3 3818 5083 6583
1735 2 618 1294
1736 6 4079 4260 6191 6833 7084 9032
1737 1 4302
1738 10 280 399 1863 2511 4380 5696 6681 8528 9808 9922
1739 3 358 4114 5288
1740 7 340 1047 1304 4331 4613 8358 8468
1741 6 3015 5378 5506 7382 8289 9485
1742 5 275 2556 3719 4754 8007
1743 6 531 1029 5024 7269 8040 8439
1744 6 297 2305 4316 4400 5644 6734
1745 7 1142 3101 3549 4773 5581 5839 9945
1746 7 477 1408 1436 2712 2949 9681 9739
1747 6 1471 2598 2985 6328 7678 8804
1748 8 213 894 1497 3082 3886 4437 8009 9533
1749 4 3175 6434 6918 8536
1750 9 1671 3765 3959 4837 6725 7544 8177 8532 9075
1751 7 1590 2015 4577 5761 7319 7699 8959
1752 3 3305 5505 9495
1753 1 5894
1754 9 1837 2197 3690 4775 5388 8033 8992 9029 9131
1755 3 836 5411 6785
1756 8 2606 2871 3593 5289 5500 6142 8148 8556
1757 5 2466 5855 6230 6929 9337
1758 5 340 1319 1859 5275 6313
1759 9 78 1293 1323 2000 3090 3462 4576 5607 5910
1760 6 2241 2302 4649 5766 6261 7018
1761 5 556 655 3562 5474 8972
1762 8 3332 5134 5279 5528 6069 7702 8840 8942
1763 7 169 892 1359 2834 6578 7214 7916
1764 6 1664 3026 4658 6378 7977 8960
1765 4 20 3356 4208 6546
1766 6 117 2832 4335 5020 5954 9006
1767 7 1557 3122 3834 4977 5282 7243 7835
1768 5 2821 3209 3292 3503 8629
1769 4 30 2158 5049 5462
1770 6 157 1134 4731 6795 7387 8037
1771 5 931 3749 4062 4754 7246
1772 2 5105 7186
1773 9 112 655 787 2101 2549 4733 8413 9064 9747
1774 4 427 1095 2661 6857
1775 4 231 699 6419 8393
1776 5 36 565 836 1555 4867
1777 10 631 690 1685 2171 3162 6181 6433 7113 7492 8886
1778 4 607 2776 5964 9575
1779 10 1708 2214 3566 3974 4255 5378 7324 7836 9897 9977
1780 10 126 1502 5011 5389 5398 5731 6751 8081 9402 9791
1781 5 739 2076 7974 8916 9358
1782 7 2023 3169 4090 5447 7900 8948 9796
1783 3 2173 7340 7481
1784 6 850 1630 3561 3590 6347 9458
1785 10 827 1278 2014 2152 2395 2493 3093 4110 4116 4841
1786 7 5541 6436 6590 6630 6853 8156 9970
1787 9 2648 2790 2802 4272 6161 7741 9486 9782 9823
1788 14 765 1179 1375 1933 3053 3108 3128 5030 5798 5982 7036 7457 8958 9185
1789 6 67 546 5716 6113 6343 7617
1790 3 1855 6954 8823
1791 7 746 1601 1969 3099 5714 6595 8174
1792 8 1659 2099 2438 5402 7216 7634 7699 8963
1793 4 1866 4279 6247 7732
1794 6 308 746 3966 4505 7856 8240
1795 7 152 163 930 2121 3799 8017 8411
1796 5 182 1698 7467 7694 9078
1797 6 1873 2785 5884 6875 7610 9110
1798 10 1317 2834 3487 5736 5744 5810 6046 6926 8439 8830
1799 3 2901 8611 9552
1800 2 1307 2893
1801 6 1304 4144 4374 6539 7294 8557
1802 8 2110 2904 3982 4062 4979 6800 7938 8602
1803 8 0 769 1475 3758 5309 7121 7932 8535
1804 7 3420 3794 5029 6536 6992 6995 7790
1805 4 5310 7620 7756 7884
1806 10 1184 1241 2825 4008 4206 7089 7218 7771 7983 8908
1807 9 2190 4603 5735 6436 6674 7819 7823 8478 9791
1808 7 2092 3136 3148 5719 7036 7144 9050
1809 6 2269 3265 4351 6573 7035 9713
1810 5 70 2426 5735 5875 7123
1811 4 1305 3742 5481 6137
1812 3 594 6517 7260
1813 10 176 1048 1482 3748 5290 5373 6839 7168 8443 9566
1814 2 2221 8579
1815 8 2620 2894 2968 3435 5581 6754 7749 9732
1816 6 2037 4225 5046 6358 7133 9425
1817 4 430 2279 7255 9743
1818 6 2537 3902 4344 6082 6274 8709
1819 3 2446 3667 3778
1820 9 2089 3722 4167 5931 6998 8266 8387 9295 9673
1821 2 6869 8586
1822 8 1036 1527 2413 2967 3881 5307 6465 8907
1823 5 4593 8382 8909 9188 9882
1824 4 3060 4254 4817 9158
1825 5 3341 4628 6169 6331 8052
1826 8 990 1655 2244 3807 6406 7235 8047 8058
1827 3 4282 5621 6034
1828 8 354 655 2037 5616 6038 7620 9460 9871
1829 6 328 2640 5140 6971 7794 8351
1830 7 913 1289 3514 4458 7060 7974 9030
1831 6 5424 5918 6508 7288 7649 9360
1832 1 7687
1833 9 1192 3698 4743 4964 5633 5823 6194 8210 8226
1834 5 3946 6872 7642 7652 8728
1835 6 3221 4529 5092 5845 8923 9219
1836 6 1167 1258 1674 3783 7606 9761
1837 7 1754 2612 2714 8001 8062 9175 9678
1838 6 3015 4404 5658 7643 7811 9321
1839 5 2814 3251 3906 5902 7823
1840 5 1091 1181 1260 3832 6756
1841 3 1900 5135 8168
1842 7 1427 2484 4015 5075 5265 6026 7897
1843 3 1223 2437 4732
1844 7 164 624 961 2964 7402 7792 8552
1845 4 405 665 4476 7339
1846 7 2627 3491 3836 4270 5426 5782 7014
1847 9 960 1339 3031 3930 4468 6470 7441 7723 9625
1848 6 713 883 948 3250 6678 7335
1849 12 818 1947 2106 2918 3665 3985 4106 7315 7620 9373 9585 9644
1850 3 2572 3672 7825
1851 12 42 316 607 609 808 1906 4104 4357 5054 6733 7111 8086
1852 8 171 3242 3912 4233 6131 7396 8187 8984
1853 2 7219 7721
1854 5 3506 4736 4765 6878 9765
1855 10 858 1673 1790 1949 2737 3207 5005 5606 8919 9453
1856 6 3059 3325 4029 5115 8980 9951
1857 4 1179 2737 5230 7701
1858 6 1431 4621 6466 7145 9057 9443
1859 8 1373 1758 1956 2118 5291 5916 6449 6500
1860 7 1160 1691 2722 4307 4941 6926 9678
1861 4 2088 5444 5490 8421
1862 5 2676 5293 5652 5961 8892
1863 8 1738 1894 2594 4434 7288 7494 8985 9135
1864 7 1459 5526 5836 7561 7688 7781 9652
1865 7 1235 2935 5132 6126 8026 9350 9994
1866 8 732 1793 2387 6465 7878 8316 8524 8988
1867 7 409 1255 4864 5470 5842 6500 8240
1868 5 2630 2868 6105 6276 6633
1869 4 267 2478 4109 6773
1870 3 5190 8567 9746
1871 6 2930 3577 4334 7740 8033 8959
1872 4 2305 5719 6922 8733
1873 8 1334 1797 2589 4585 4850 4892 6313 9324
1874 9 85 1415 2223 3012 5249 5488 6786 7364 8887
1875 4 298 7181 9038 9641
1876 7 78 1670 2117 2543 3751 8943 9304
1877 8 1611 1996 2605 5010 6735 8592 9124 9290
1878 4 724 2380 4156 7999
1879 6 2476 2497 3991 4657 7224 7371
1880 11 134 3499 3803 4639 5552 8598 8655 9000 9162 9409 9817
1881 3 5186 8545 9487
1882 8 294 3500 4555 5152 6179 6568 7939 9889
1883 5 1630 5483 7000 8475 9170
1884 5 4692 6374 6514 8764 9105
1885 5 1152 2263 2548 8061 8106
1886 4 298 2065 2277 5865
1887 7 516 5016 5908 6114 7163 8269 8466
1888 8 192 440 1024 2080 2979 3908 5974 9338
1889 10 2966 3684 4048 5544 6231 6448 7130 7544 9326 9905
1890 8 250 1896 3932 4398 6233 8230 8861 9202
1891 9 2785 4343 4618 5226 5406 6300 7138 7996 9712
1892 14 182 595 1148 2021 3384 3543 4284 4640 5395 5829 7394 8550 8794 9522
1893 9 9 4588 5335 5523 5682 6206 7031 7697 8822
1894 7 1863 1985 5669 7485 7596 7892 7960
1895 5 1347 2367 5004 5659 8381
1896 8 139 1890 2795 3718 5337 5547 6142 8875
1897 3 5295 5601 9928
1898 7 3986 4808 5160 6089 6789 9383 9859
1899 4 371 5021 5296 6771
1900 8 1841 2916 4053 5761 7436 8409 9281 9418
1901 6 906 2727 3702 8231 8935 9445
1902 6 119 429 554 3777 4699 7168
1903 7 2134 2566 3868 4446 5097 5556 8440
1904 4 1208 2931 3292 7145
1905 8 237 2390 2566 3985 4268 6698 6785 6849
1906 11 995 1271 1851 1916 1960 2051 4341 6533 6912 7396 8246
1907 11 252 746 2315 3693 3872 5044 5136 8781 9307 9592 9616
1908 9 1298 1472 2237 6186 7836 8469 9547 9691 9911
1909 4 1521 3509 3842 7719
1910 2 1135 1920
1911 9 155 194 707 4520 5615 5968 6974 7736 8857
1912 8 989 3530 3892 5769 7092 8842 9090 9654
1913 8 121 666 1416 2401 3689 7615 8627 9904
1914 3 3321 3765 3938
1915 8 1205 1508 2091 2236 4767 7293 7395 8003
1916 8 1906 3125 4477 5182 5281 5684 8758 9612
1917 3 5966 6758 8665
1918 8 292 1641 1672 6637 8660 9283 9326 9695
1919 7 138 3890 6700 6888 7069 8380 8788
1920 11 389 827 1910 2383 4532 4735 5972 8112 8349 9423 9473
1921 6 414 736 4452 5927 8236 9689
1922 5 1424 3094 5903 6476 8922
1923 4 1062 1386 4093 7950
1924 8 190 1474 1660 1720 2799 6325 7478 9823
1925 6 3535 5667 5737 6045 7438 9316
1926 6 830 838 2553 5092 6694 9208
1927 7 2688 2732 2865 3397 3883 7174 8650
1928 7 2059 2083 2665 2886 3020 6914 7597
1929 9 468 814 1081 5258 6730 6873 7352 7651 8859
1930 6 456 3589 6011 6957 8570 8591
1931 7 175 1528 2080 2542 4167 7890 9767
1932 3 2483 5449 5727
1933 12 1343 1627 1788 2085 3797 5024 6478 6816 8103 8919 9803 9955
1934 8 1936 2103 2939 5478 5767 6151 7144 9692
1935 5 1285 5403 5885 6842 7103
1936 5 926 1934 5405 5756 6608
1937 5 3668 4671 5752 6865 8562
1938 7 679 1687 3882 3910 4316 8042 8365
1939 9 938 2440 2671 3196 4258 6392 6580 6929 8429
1940 5 53 3516 5141 5366 7422
1941 9 1044 5198 5708 6585 7073 7312 7354 7881 8817
1942 10 724 1156 1277 1376 3309 5170 6884 7512 7870 8357
1943 7 190 1328 1465 7549 8714 9378 9809
1944 11 13 1295 1566 2707 3781 4964 5348 5953 6308 6429 7415
1945 5 1416 1516 2004 2086 4463
1946 3 132 498 1630
1947 7 8 405 894 1849 4223 5319 7331
1948 1 101
1949 11 802 1855 3843 4314 4489 4776 5337 5533 8122 9227 9495
1950 6 4571 5140 7316 8025 8448 9525
1951 6 5696 5915 7675 8372 9250 9822
1952 5 258 904 2795 7038 7567
1953 3 4635 8681 8987
1954 9 1122 1167 1667 2764 6165 6403 6520 8134 8508
1955 4 3725 4167 4916 7746
1956 3 1859 5605 7403
1957 2 5781 8500
1958 10 1424 2035 2429 3238 3924 6708 7079 7275 8180 9829
1959 6 465 522 3095 3342 3881 5278
1960 12 769 1906 2077 2948 4510 5108 5819 6286 7493 7598 7785 9031
1961 5 349 1244 5952 7890 8210
1962 3 717 3331 8653
1963 9 546 1270 2217 2447 2875 3130 3507 5271 6095
1964 8 1614 3965 4836 4861 5831 6185 7619 9121
1965 4 3146 6468 7574 7678
1966 7 1309 1410 1460 1569 3348 6592 6695
1967 3 3073 6509 9845
1968 6 722 6309 8065 8429 8781 9564
1969 8 1434 1791 2750 5153 5718 6364 9242 9270
1970 7 734 1224 5492 7118 7768 8189 9880
1971 5 680 2187 4254 7659 8576
1972 6 2005 4602 5873 7067 8963 9531
1973 4 666 2292 4255 5556
1974 3 3396 5362 9299
1975 11 755 1312 1443 1730 3575 3926 5017 6831 6967 7026 8520
1976 7 791 976 1351 1490 2263 4413 6053
1977 6 434 2266 4076 5623 7432 8508
1978 7 246 591 1523 4432 4955 7597 9788
1979 9 547 2246 2284 2927 2956 4437 6069 9122 9990
1980 9 4195 6938 7190 7252 7568 7715 8761 9473 9814
1981 6 2434 2441 2926 4154 4526 9940
1982 6 5856 7138 7270 7827 8294 9328
1983 6 1386 3264 3889 6298 7055 9221
1984 4 5548 8698 8899 9171
1985 5 77 1894 3525 4410 7384
1986 1 5559
1987 7 183 2826 3233 4989 6356 6656 7369
1988 2 1617 2040
1989 8 1726 3523 4192 4524 4879 5480 5680 9751
1990 7 1643 1655 3141 5410 6005 7782 8628
1991 2 4743 8094
1992 5 1244 1393 7752 9163 9442
1993 6 1438 2161 4757 7317 8163 9569
1994 6 2064 3842 7375 7600 7988 9120
1995 2 1130 3548
1996 7 1877 3825 5148 6163 7380 9303 9389
1997 8 1070 1613 3005 4343 5432 6924 7197 7305
1998 6 904 2664 3652 4797 5532 5541
1999 2 8388 9263
2000 6 1759 4111 5195 5850 7219 9894
2001 7 75 158 899 2655 5449 5633 6056
2002 3 266 2425 8056
2003 10 504 1492 2912 3080 3128 4596 6534 7587 7909 9997
2004 7 1945 3775 4691 5228 5396 8363 9173
2005 6 561 1972 7026 7547 7548 8341
2006 6 1423 6175 6791 6919 7882 8808
2007 6 3512 7538 7682 9580 9670 9982
2008 13 211 354 744 2262 2579 3825 4108 4903 5868 6474 7899 8117 8127
2009 8 2621 2634 3949 4609 5072 5328 8477 8766
2010 7 782 2352 3292 6478 6602 8637 9460
2011 10 574 1131 1623 4633 6493 6714 7549 8141 8392 9639
2012 7 1525 2015 2488 3490 3722 4408 9380
2013 5 2076 2182 3068 3410 6145
2014 6 1336 1785 2595 3509 8529 8917
2015 8 1751 2012 4555 4701 6411 7534 9080 9150
2016 2 6939 9046
2017 6 2419 2448 3836 7538 8159 8191
2018 6 2420 3468 3491 7622 9611 9930
2019 8 71 183 913 1141 1237 1724 4591 9641
2020 4 4806 6491 6644 6861
2021 1 1892
2022 2 35 4578
2023 7 1726 1782 2697 3636 3826 7540 9297
2024 5 1607 4911 5710 6265 9958
2025 6 2830 2848 4830 7555 8144 8999
2026 3 3515 8919 9165
2027 6 83 801 6019 8237 8571 8729
2028 6 912 4186 4701 4828 7270 8037
2029 13 148 307 807 814 989 3323 4870 7900 8067 8069 8174 8816 9289
2030 8 184 2552 3147 3442 3492 4035 6273 9798
2031 5 954 1055 3141 8154 8281
2032 6 1668 3904 4840 6603 8223 9884
2033 5 600 3626 7228 7645 8776
2034 6 1105 2084 2289 2534 3456 7931
2035 8 1958 3185 3878 4733 6238 7802 9460 9952
2036 7 1 505 5253 5645 6003 8149 8928
2037 11 423 1816 1828 3491 3546 5294 6043 6414 7501 8193 8515
2038 12 482 1340 3310 4216 4394 4862 5214 6306 7876 7976 7983 8987
2039 10 3827 3846 5349 5866 6635 8055 8088 8542 9111 9317
2040 5 125 1988 4353 5127 9971
2041 5 56 5040 8817 9810 9823
2042 1 130
2043 4 424 5678 7233 9785
2044 5 1379 4366 4761 5994 6782
2045 6 276 525 3403 3442 4366 6797
2046 5 1329 3438 4080 7904 8586
2047 4 5375 5800 6885 9426
2048 2 8146 9183
2049 9 2269 3241 4205 6150 7948 8158 9143 9397 9581
2050 4 3209 7869 8402 9003
2051 5 1906 4719 6087 7064 8560
2052 4 472 1013 1588 8513
2053 9 2362 6763 7752 7921 8227 9012 9039 9126 9294
2054 7 2476 2680 7082 7426 8821 9389 9654
2055 6 118 3850 8360 8537 8703 8970
2056 5 1019 3191 3695 4639 6693
2057 8 1411 2204 2854 3322 4264 6449 8778 8783
2058 2 160 3215
2059 6 586 1928 2576 2861 5539 6269
2060 3 115 541 6083
2061 8 953 3357 3510 3831 4918 5011 5116 5656
2062 6 2432 2839 4684 6364 7857 9659
2063 9 2257 2786 4256 4918 5374 5513 5712 8078 9306
2064 9 134 1994 3248 3771 4021 5076 7397 7767 9033
2065 8 38 1886 2598 2600 2821 4359 5702 9504
2066 4 2683 4003 8282 8913
2067 4 1139 3081 3651 3834
2068 8 2223 3382 3645 4864 7376 7611 8901 8992
2069 9 842 2867 3534 3873 5645 6467 7736 8988 9054
2070 9 2969 3930 4186 4632 5056 5704 6004 6488 7466
2071 6 1117 1291 2341 3743 9172 9927
2072 6 369 1343 2145 6203 6537 6763
2073 4 1396 1717 2396 3950
2074 6 149 452 1401 3397 3778 5593
2075 3 4672 6397 9809
2076 6 496 1781 2013 5746 7448 7532
2077 4 463 1960 2201 2452
2078 7 213 692 3877 6760 8356 9408 9904
2079 3 104 9188 9415
2080 6 361 655 1888 1931 5388 7043
2081 6 4546 4568 7804 8271 9983 9990
2082 5 2574 3016 9433 9857 9970
2083 6 680 1049 1928 3526 6175 7898
2084 11 2034 4121 4634 5306 6191 6916 7221 7480 7820 8334 8679
2085 7 1933 3989 4217 6340 6797 8321 9672
2086 7 1945 5047 5613 6606 7186 7947 8408
2087 8 390 2865 4660 4699 4857 5557 7523 9298
2088 3 1861 4332 7538
2089 12 51 374 1173 1419 1626 1636 1820 2975 5638 6692 9445 9571
2090 9 1083 1174 1254 2530 3020 4623 5455 8427 9552
2091 5 21 1392 1915 4679 8985
2092 15 102 145 316 1323 1808 2232 2808 3095 3680 4801 4950 5056 5100 6374 6751
2093 7 1090 1636 3329 4036 6460 8324 8560
2094 2 5473 7936
2095 6 3881 4562 7340 7568 8009 9680
2096 3 558 1689 6824
2097 4 5913 6189 6746 7429
2098 5 1014 2659 4556 6307 9506
2099 4 1792 5443 8836 9216
2100 7 492 678 1670 3987 5160 8609 9805
2101 2 1773 8143
2102 3 697 3298 7233
2103 6 82 704 1934 2482 3080 8672
2104 6 4268 6509 7315 7960 8607 9416
2105 1 1690
2106 6 1006 1849 2114 4167 4937 7933
2107 10 2805 2936 3091 4739 6078 6474 6702 6870 8240 8463
2108 1 5660
2109 3 4203 5788 8974
2110 9 1802 3520 4234 4418 5745 7017 7614 8563 8636
2111 9 8 2516 3846 4984 6260 6714 6810 7010 7945
2112 5 243 1341 2715 5290 5929
2113 4 1220 2137 2853 6486
2114 8 1247 1387 2106 2435 5566 5950 6226 7496
2115 9 1150 2634 3955 5798 5966 6156 7002 7091 7852
2116 7 805 5247 5707 6107 6863 7378 9862
2117 7 1876 2181 3082 6250 7956 8421 9351
2118 9 1859 2136 3951 4440 5936 6908 8057 8591 9232
2119 8 2748 3314 4690 5196 5466 5874 7344 9700
2120 5 2955 4404 5904 8969 9447
2121 6 255 377 1795 2207 6417 7123
2122 5 982 3320 3441 4898 8133
2123 5 778 4035 5219 6658 8262
2124 8 255 2898 4195 7662 7776 8139 8318 9148
2125 2 5234 7445
2126 7 1081 2640 4493 5020 5931 6632 8750
2127 7 1621 2261 4399 5387 5857 7861 9439
2128 2 831 1142
2129 5 1015 1133 5511 7644 9953
2130 8 4937 4976 5240 5797 6164 6731 7415 9035
2131 7 916 1603 2248 3181 4804 6809 7454
2132 4 2376 4210 7428 8856
2133 13 270 492 550 2492 2564 3154 4510 4716 5249 5422 6393 6844 7130
2134 6 1903 2375 4220 6777 7010 7719
2135 6 951 1111 4094 5666 6611 8860
2136 5 2118 4638 5256 6614 7177
2137 4 2113 6078 7755 9750
2138 6 2447 4566 6198 8141 8691 8936
2139 6 2881 3100 3812 7150 7923 8501
2140 10 112 2708 3886 4404 4650 5363 6402 6879 7958 9141
2141 6 1295 1435 6581 8623 8656 8913
2142 3 2151 3934 7781
2143 3 368 7627 8653
2144 5 3228 3365 6638 6901 7033
2145 9 278 1680 2072 2311 5708 6765 7164 8714 9522
2146 2 7031 8985
2147 1 271
2148 4 371 2284 3717 3877
2149 7 2205 2465 2626 4645 5860 5901 8988
2150 3 832 1298 3530
2151 8 372 2142 2201 2494 5171 5573 8996 9048
2152 4 1785 5689 6250 7804
2153 3 4433 4516 5867
2154 3 5810 7846 7922
2155 8 1482 3584 7564 7896 8142 8178 8764 8868
2156 3 1593 6042 8748
2157 7 1330 4673 5389 8414 8424 9460 9909
2158 7 634 1769 6737 8754 8806 8932 9770
2159 4 1573 3551 5401 5682
2160 6 681 2783 3017 3196 4886 6097
2161 5 848 1993 2461 3904 5903
2162 6 818 3077 4533 5701 5948 9532
2163 6 97 540 2465 4889 9306 9341
2164 2 284 1185
2165 5 4157 6065 6668 7318 8653
2166 9 1341 1569 4805 5029 5877 6280 7617 8148 8923
2167 6 4304 5377 7402 8870 9005 9303
2168 7 695 1559 3555 5215 6912 7345 9759
2169 3 2754 6099 6593
2170 9 343 658 3151 3491 4020 6906 7103 7818 8269
2171 5 604 961 1777 7228 7528
2172 3 4220 8004 9283
2173 5 1144 1256 1783 4900 7341
2174 8 685 2579 5342 6523 6792 7890 8525 8686
2175 5 1468 3163 3751 5668 8064
2176 6 1497 4011 6116 7642 9092 9334
2177 7 587 1719 3857 4886 5158 5765 8060
2178 4 2777 3646 5619 6113
2179 6 2863 5257 6831 8401 8529 9391
2180 7 426 1257 2872 3781 4124 6688 7292
2181 9 838 1039 2117 5097 5349 7655 8054 8623 9226
2182 4 0 1165 2013 6000
2183 5 1588 1633 6758 7079 7302
2184 2 4462 5317
2185 5 186 447 644 1652 4690
2186 3 1082 6220 8027
2187 6 1971 3433 5703 7572 8258 9424
2188 5 5600 6974 8187 8607 9747
2189 7 860 4197 5078 5114 5346 5422 8401
2190 3 250 1807 7009
2191 3 120 371 4105
2192 11 262 324 656 687 3600 4280 4500 4896 6792 8971 9125
2193 6 662 5101 6682 7663 8332 8802
2194 4 742 2905 5599 6457
2195 6 2919 4168 4777 4974 8607 9187
2196 7 655 1077 3860 4335 6342 6695 8310
2197 8 1443 1754 4202 4380 7834 8461 8697 9480
2198 9 1702 1714 3506 5212 5473 6473 6528 7228 8998
2199 8 776 797 1707 4174 4974 6253 7079 7335
2200 6 236 836 2809 3645 5691 7854
2201 11 2077 2151 5684 6027 6092 7019 8385 8662 8939 9125 9997
2202 4 2491 6728 9607 9649
2203 4 201 330 1611 8181
2204 5 2057 5621 7311 8234 8853
2205 1 2149
2206 5 3340 4182 4511 6388 9925
2207 6 457 630 2121 2497 7775 8051
2208 6 1589 2964 3615 3703 8834 9931
2209 5 3526 4811 7012 9500 9713
2210 7 3750 4129 4307 4366 4817 6061 9870
2211 14 5 1613 4353 5353 6094 7010 7422 7607 7981 8320 9427 9468 9553 9793
2212 4 3162 5498 7069 7700
2213 2 8187 9788
2214 6 978 1779 6334 7679 8360 8905
2215 7 517 989 3361 4161 5339 6284 9225
2216 6 2379 2484 2674 3253 9210 9992
2217 11 136 713 948 1963 3337 3433 6979 6984 7908 9380 9855
2218 6 40 1690 8044 8309 8371 8391
2219 2 3133 3202
2220 5 1164 3640 3720 5343 8252
2221 10 1814 2370 4779 5397 5741 6038 6323 6755 8842 9699
2222 9 3341 5751 6612 6778 7959 8337 8543 8877 9161
2223 6 1874 2068 3490 6065 6767 9324
2224 3 2515 8198 9395
2225 4 4047 6700 8298 8923
2226 2 1288 3489
2227 2 1009 5456
2228 5 1160 3272 3721 8107 9042
2229 3 95 5713 8287
2230 6 571 712 4832 6633 7888 8193
2231 3 4755 5420 8715
2232 6 308 1671 2092 2819 9287 9933
2233 7 1095 2462 2632 2673 3073 5422 6104
2234 9 1685 2666 2840 4204 5290 7143 7431 7582 8864
2235 3 1390 7328 9532
2236 10 418 1915 3209 4441 4456 4948 6013 6274 7742 9070
2237 9 1908 2405 2459 2473 3378 3627 4423 7281 8458
2238 3 1463 3958 6685
2239 10 1053 3052 3205 4347 6365 6837 8044 8266 8414 8782
2240 6 201 1670 2571 3307 3643 7280
2241 4 1760 2346 5022 5992
2242 10 464 763 5108 5136 5546 6078 6098 7503 8829 9088
2243 9 1381 1473 2305 3649 3758 5020 7410 7433 9739
2244 6 565 1826 4968 5495 8259 8458
2245 6 1612 3815 4869 5161 6877 9443
2246 10 352 1979 4598 5529 5991 6299 6430 6774 9699 9767
2247 6 3325 5162 7227 7505 9637 9781
2248 7 2131 4124 4377 4688 7447 7509 8385
2249 4 685 4318 6744 7086
2250 5 1542 3167 4005 4249 8989
2251 2 562 8744
2252 8 2875 3272 6117 6371 6920 7509 9384 9616
2253 3 2554 3334 6899
2254 8 5242 5495 5888 8099 8484 8774 9073 9971
2255 5 832 2783 3988 5418 6756
2256 7 121 125 555 1655 2824 4572 8467
2257 5 55 2063 8023 9331 9812
2258 3 1476 7179 7780
2259 5 3006 5285 5332 5852 7525
2260 7 769 1166 1216 1423 5925 7220 9514
2261 8 2127 2271 2472 3611 4771 5358 6788 8094
2262 7 2008 2734 3525 5251 6744 7133 7696
2263 7 1614 1885 1976 3807 6080 7438 8453
2264 8 2458 3260 3400 4725 5386 5642 8455 9951
2265 7 329 498 2721 6447 7497 7922 8292
2266 5 1293 1977 5351 7050 9429
2267 8 868 2304 4279 4574 5954 6081 6852 9001
2268 7 1045 2427 4405 4666 4971 4990 8354
2269 8 1809 2049 2751 3904 4895 6342 6675 8755
2270 8 238 938 3041 3376 4811 6332 7261 9047
2271 6 772 2261 3549 7253 8138 8219
2272 10 2794 3144 4163 4689 4890 5477 5678 7444 8690 9258
2273 8 1651 3808 3911 6342 6506 7379 8860 9293
2274 5 1159 2420 4180 5600 5700
2275 4 262 3300 7390 8028
2276 3 951 4628 7362
2277 9 1886 2351 3285 3880 5463 5928 7516 9074 9463
2278 8 2396 3023 3400 4101 5199 6781 7261 9074
2279 4 1817 7173 7180 8379
2280 3 1591 6162 9647
2281 5 390 709 1182 6204 9900
2282 4 141 1586 6889 7751
2283 10 881 1069 3675 4321 4723 5112 7078 7376 7772 9623
2284 9 1979 2148 2460 2584 3294 6082 7089 8878 9195
2285 5 3883 4480 6318 9285 9994
2286 6 1015 4389 5048 5246 7302 9384
2287 7 913 2682 2923 6298 7259 7302 8329
2288 4 3427 4476 9148 9868
2289 5 850 2034 3517 4478 5021
2290 9 678 1076 5691 5881 8059 8348 8947 9527 9603
2291 4 412 3027 8088 8625
2292 8 800 1445 1973 3321 6027 9064 9092 9449
2293 8 1199 1327 2434 4613 5942 7726 8519 8625
2294 6 1032 1277 1401 5965 7202 9761
2295 7 3126 3285 4682 7108 7350 7748 7859
2296 6 667 1585 1665 2382 3242 3325
2297 9 640 1229 1328 2591 5759 5945 8144 8512 8721
2298 4 520 7585 9344 9985
2299 6 1545 5436 5613 8171 9603 9685
2300 3 2670 2695 5292
2301 7 2638 6271 6336 6972 7086 7557 8069
2302 9 961 1760 2905 3757 3862 6774 7526 7845 9775
2303 8 3408 4432 4443 5632 7062 7436 8198 9250
2304 7 198 1012 2267 2573 4767 7592 8374
2305 6 1744 1872 2243 5022 5216 8870
2306 3 2916 3801 6479
2307 3 569 3420 4083
2308 9 17 1496 2370 7462 7822 7971 8728 9209 9385
2309 4 208 1585 3275 7866
2310 5 1324 3557 3637 6895 8621
2311 4 2145 6994 7154 9473
2312 6 1671 2773 8449 8475 8881 9261
2313 5 1243 3673 7501 8961 9905
2314 3 6673 6902 7202
2315 8 117 245 496 1434 1907 4185 6859 7090
2316 10 3515 3892 4839 4866 5776 6598 7251 8126 8564 9980
2317 4 634 4563 4982 5491
2318 2 5627 6444
2319 4 273 3112 3816 7748
2320 9 23 1051 1373 2776 4058 4543 5270 6874 7121
2321 3 7699 8500 8918
2322 5 478 3501 6340 6375 8714
2323 11 530 4199 4622 5029 5687 6034 6248 8384 8609 8645 8908
2324 6 438 3579 3671 6241 7070 9013
2325 4 267 5725 8614 8832
2326 9 1654 1691 3926 5330 6054 8118 8185 8497 9819
2327 3 6693 6727 9709
2328 8 2552 4620 5517 5768 6364 6660 8608 9983
2329 9 18 2693 5148 5301 5476 5705 6968 7092 8274
2330 7 2604 5097 5467 5684 6264 6565 8168
2331 4 824 5513 6660 6972
2332 8 2354 3517 4432 4830 5297 5318 7502 9172
2333 10 1567 3266 3295 3847 4417 5026 5082 6238 8951 9566
2334 6 612 2983 3623 4895 6922 8918
2335 4 627 3403 5564 5653
2336 3 2374 3444 7685
2337 10 2886 3151 3736 5208 5724 6639 7501 7962 8007 8878
2338 2 1166 8641
2339 5 570 3134 3362 7795 9358
2340 9 514 1081 3242 3333 3688 5240 6316 8022 8644
2341 4 2071 6675 8187 8762
2342 2 6533 9697
2343 7 311 4634 5939 6883 7050 7291 9568
2344 6 419 2526 3340 5029 6105 7768
2345 3 432 2617 5879
2346 5 2241 5117 7013 7506 8545
2347 6 3137 5924 6898 7657 8572 9048
2348 15 133 2697 3450 3705 4622 4726 5177 6004 6524 8317 8890 9103 9394 9490 9608
2349 5 563 6035 8513 9337 9766
2350 5 3725 5516 5696 6872 9177
2351 11 490 710 755 1385 1663 2277 3273 3440 4918 6116 7934
2352 6 1695 2010 3821 4900 6193 8366
2353 3 1731 7246 7669
2354 7 444 2332 4499 4675 5347 6132 9031
2355 7 778 3175 3606 3753 5524 6722 9815
2356 2 1383 1725
2357 5 17 256 2804 5338 5662
2358 4 3503 4607 5382 8876
2359 5 244 2958 6412 8686 9094
2360 4 999 1102 8151 8391
2361 4 4576 6360 7614 8292
2362 6 972 2053 3108 4199 5718 7156
2363 5 318 1359 2421 5679 9684
2364 7 51 1382 1635 3491 6061 6866 8718
2365 8 2865 3341 3547 4583 5355 7357 9260 9947
2366 6 2705 3678 4081 5493 7493 8251
2367 8 591 1895 2584 3636 5031 5658 7702 9989
2368 6 4381 6666 7665 9366 9415 9518
2369 8 3574 5328 5437 6280 7090 9014 9260 9425
2370 7 1013 1277 2221 2308 6729 8906 9662
2371 6 3138 4111 5717 7203 8154 9754
2372 6 353 895 3854 3874 4674 7860
2373 7 2870 3993 5014 5972 6575 8935 8989
2374 9 247 725 2336 3828 4225 4644 6187 8180 9438
2375 11 192 904 2134 3208 3361 3949 3974 4272 5778 6127 9869
2376 5 2132 2812 7798 8281 8322
2377 5 3928 4768 5264 6925 7839
2378 6 783 1193 6146 7731 8305 9382
2379 4 764 2216 4431 8575
2380 3 1878 8847 8977
2381 4 2405 8573 9413 9999
2382 8 309 1165 1656 2296 4951 5730 5922 8738
2383 9 1920 3769 4832 5826 6527 8642 8921 9144 9282
2384 6 1290 3057 4267 5132 5526 7646
2385 9 1611 3128 3590 4241 5071 5139 5760 8569 8767
2386 4 4070 6270 8942 9750
2387 7 1325 1338 1866 3653 4482 7092 8393
2388 8 372 1222 1592 6223 6499 7727 8600 8698
2389 4 1274 1354 4073 5451
2390 7 1905 4720 5136 6690 7333 8687 9416
2391 3 3184 3597 4667
2392 7 1202 3241 3550 5804 6798 7094 9733
2393 7 2774 2916 2963 3477 6857 7896 8524
2394 5 1468 4921 7671 8535 8768
2395 7 1676 1785 3409 3510 6188 6348 6408
2396 8 346 2073 2278 2951 3389 5874 6425 7243
2397 2 7126 8806
2398 5 940 1110 7222 7548 8923
2399 2 7382 8507
2400 3 3159 4280 6245
2401 8 139 1913 2556 3769 5039 5042 7936 8150
2402 6 243 3228 4384 5095 6179 7581
2403 7 367 712 1374 5029 7497 8109 9130
2404 3 3104 6809 7888
2405 9 109 2237 2381 2976 3885 5720 6773 7923 7961
2406 5 3179 6025 6274 6754 8774
2407 3 5162 6563 9461
2408 7 190 5851 5906 7241 7558 8929 9578
2409 3 65 6487 8473
2410 5 462 1098 1525 3601 8412
2411 2 3848 4096
2412 6 1239 4576 4624 5731 5859 8472
2413 9 209 271 1539 1822 3844 4198 4363 5766 8265
2414 2 2838 8441
2415 9 1137 1716 4985 5425 6997 7978 8117 8702 8779
2416 7 759 3966 5209 7268 8659 8977 9966
2417 2 7873 8284
2418 5 2471 3332 5567 6412 9676
2419 8 1657 2017 4575 4794 5567 5723 8936 9927
2420 9 1337 2018 2274 3183 4299 6829 8277 8764 9231
2421 7 145 2363 2751 2767 3542 6930 7558
2422 11 910 2845 3542 4089 4092 4271 4785 5059 8544 8821 9389
2423 13 587 696 932 3184 4188 4336 4578 5525 6365 7064 7584 9533 9941
2424 5 121 981 1030 4732 7760
2425 6 901 2002 2952 7122 7294 9812
2426 6 1091 1810 3129 4908 7448 8200
2427 5 10 2268 4018 6063 9949
2428 4 391 745 3168 6300
2429 7 434 1005 1958 5736 7362 8763 9308
2430 6 3668 5311 6390 8668 8766 9421
2431 8 491 4326 6687 8221 8621 8946 9141 9349
2432 9 239 305 353 2062 3556 4540 4963 7003 9762
2433 5 1205 3544 5548 6373 8181
2434 3 1417 1981 2293
2435 10 1594 2114 2977 4876 5097 6107 6413 6752 7715 8663
2436 4 4457 5214 5743 8682
2437 9 1311 1843 4908 5797 5937 6448 6953 8477 8647
2438 11 341 885 1102 1792 2509 2760 3515 5444 9396 9767 9798
2439 8 5 520 3209 5861 7072 7237 7820 9934
2440 2 466 1939
2441 4 649 1981 4306 8733
2442 7 787 3426 4237 4449 5796 8459 9386
2443 7 228 295 490 6219 7945 8420 9910
2444 5 2465 2995 3261 7741 9445
2445 5 764 2550 3913 5033 5383
2446 2 1819 7551
2447 5 307 1963 2138 8041 9386
2448 5 114 289 519 2017 4093
2449 9 28 980 3230 5435 7631 7846 7852 8120 8918
2450 6 215 231 977 4390 8700 9821
2451 6 1373 2872 5145 5547 9602 9829
2452 8 621 2077 3860 4008 5085 6722 8252 8441
2453 5 3456 3472 4860 6748 8538
2454 8 3228 4068 5752 6205 7510 7761 8138 8386
2455 4 4710 5656 7442 8098
2456 5 5662 7226 7852 8202 9566
2457 8 355 917 2650 2945 3775 3829 4878 6692
2458 6 1128 2264 3402 4383 7354 8292
2459 11 580 1109 1450 2237 3589 4794 6332 6892 8150 8341 8666
2460 4 2284 5860 7445 7968
2461 3 2161 8721 9508
2462 9 96 2233 2607 5751 6809 8272 8536 8716 8745
2463 7 1690 2568 3800 4731 6015 7828 8742
2464 5 535 4738 5846 5997 9402
2465 8 760 2149 2163 2444 3995 5612 5835 6232
2466 2 1757 4559
2467 3 4837 7984 8804
2468 5 402 1610 6829 7115 8571
2469 4 822 2731 6550 8653
2470 4 58 964 3855 6615
2471 5 2418 3545 6024 8633 8750
2472 5 168 2261 6720 7146 8046
2473 9 2237 2970 3417 4744 5084 5412 8860 9210 9657
2474 7 1109 4021 4223 4508 4879 6462 9685
2475 6 1105 1464 4708 4802 7042 8938
2476 13 1087 1879 2054 2973 3420 3611 6854 6932 7193 8017 8184 8937 9035
2477 3 350 3145 7843
2478 5 634 1703 1869 7539 9990
2479 6 11 2513 3550 4416 4757 5646
2480 8 1675 1679 2874 4946 5283 5523 7620 7700
2481 2 1704 3274
2482 8 494 1116 2103 5669 6915 7009 9374 9859
2483 7 895 1067 1932 4988 6290 7021 7927
2484 5 1629 1842 2216 5286 8590
2485 5 796 4335 5005 5833 8412
2486 3 869 8046 9530
2487 3 3614 3784 5364
2488 8 115 1044 2012 3541 6058 6082 8514 8874
2489 6 296 1012 1259 3212 5489 9836
2490 7 25 1102 1641 2633 5368 6506 9931
2491 5 2202 4883 5113 6431 6671
2492 6 336 2133 2860 4438 5062 6531
2493 5 756 789 1785 2580 6713
2494 5 74 820 2151 5752 6290
2495 5 728 4021 5162 5376 9674
2496 5 3917 4254 4826 7243 8676
2497 5 1209 1879 2207 8297 9829
2498 5 1391 2863 3112 3895 4462
2499 5 933 4074 5827 7266 7665
2500 5 1307 6070 8546 9505 9595
2501 7 700 1503 2692 6035 6329 7877 8523
2502 7 371 1546 2970 5878 6729 7140 9853
2503 8 338 2726 3087 3833 5553 5829 6532 9328
2504 5 4253 4723 5911 6323 9481
2505 8 4353 4461 5014 5199 7149 7923 7998 9556
2506 5 505 744 4286 4542 9804
2507 6 1298 3641 7153 8158 8229 8541
2508 6 478 2937 5511 8324 8884 9391
2509 5 997 2438 5803 6086 9409
2510 11 1267 2880 3037 3575 3803 4515 4623 4698 4750 5638 7164
2511 10 1394 1507 1738 2555 2983 3003 5500 7358 8051 8785
2512 7 1239 2651 3359 5960 7714 8890 9696
2513 5 2479 5079 5781 6357 7341
2514 6 3044 3500 4897 4980 5733 6998
2515 11 514 2224 5922 6391 6542 6655 6912 7300 7458 8193 8240
2516 7 371 1202 2111 2844 3560 7217 7590
2517 6 725 1209 4119 5698 6598 8875
2518 4 1180 6337 7337 9254
2519 7 4 1262 2566 3209 4741 8700 9029
2520 3 629 4185 8280
2521 9 871 1510 1626 3043 3996 4339 5319 7375 7562
2522 8 2603 2652 3447 3788 6092 7684 8510 8856
2523 12 557 642 891 1155 3238 3341 6553 7909 8565 8595 8850 9933
2524 5 466 3917 5527 6200 8097
2525 3 4397 4972 8135
2526 6 373 1663 2344 2987 7475 7608
2527 4 3161 6303 9871 9946
2528 6 258 1164 1343 1569 7073 8081
2529 3 2607 3686 5451
2530 8 327 1575 2090 3165 4605 5105 7869 9069
2531 5 4074 7013 7923 8699 9746
2532 5 46 1729 2971 6109 9593
2533 9 1140 3180 3866 4541 4998 5257 5730 6842 8886
2534 5 241 853 2034 3688 9042
2535 11 458 601 2925 3421 3751 4366 5359 5588 7405 8841 9243
2536 6 318 798 5272 5841 7363 9608
2537 8 1818 4497 4967 7169 7339 7778 8077 8660
2538 4 448 3655 4088 9721
2539 5 167 568 3383 6457 7582
2540 8 8 3402 3517 5944 8764 8849 9379 9940
2541 5 303 304 2598 5822 8142
2542 5 680 1721 1931 7568 7833
2543 5 1876 2730 6310 7724 8476
2544 3 1574 4216 7354
2545 7 169 3166 3438 5561 6102 6904 9043
2546 10 411 900 1637 3826 4528 5302 6199 8589 9299 9469
2547 4 1565 3346 3976 9409
2548 8 1529 1885 5110 5703 6239 6618 7354 7536
2549 6 1773 4241 4666 6443 7340 8208
2550 7 2445 3807 4639 6966 8037 9205 9997
2551 3 1353 4570 6683
2552 11 339 878 1403 2030 2328 2753 4237 6033 8409 8667 9129
2553 10 741 1463 1926 3728 6659 7555 8164 8985 9052 9607
2554 8 489 2253 5021 5231 5605 8396 8424 8820
2555 10 1366 1657 2511 3215 4679 4774 6472 8449 9223 9406
2556 8 794 1250 1742 2401 3534 4464 7585 9449
2557 8 445 1065 1595 2662 4204 5453 7143 7957
2558 6 3383 7018 7574 8306 9277 9659
2559 5 108 6208 6985 8518 9251
2560 4 61 4329 6721 7736
2561 5 83 4568 5808 6432 9158
2562 6 1170 3148 5297 6585 7502 8296
2563 10 870 1667 2647 2841 3117 4248 6961 8122 9379 9632
2564 8 2133 3609 3853 4166 4241 4890 5297 6616
2565 9 791 4617 4977 5172 5344 8357 8451 8531 8678
2566 10 952 1903 1905 2519 2930 3086 4318 5445 6232 7474
2567 7 182 604 1604 3231 3600 4757 5092
2568 3 2463 9213 9858
2569 4 1164 3898 4946 8111
2570 3 1153 1477 7849
2571 7 466 1180 2240 3977 5306 5743 8420
2572 6 916 1850 2640 4699 7480 8379
2573 5 452 2304 8567 8750 9597
2574 9 1647 2082 5375 5903 7431 8015 8077 8660 9432
2575 8 360 3289 4815 6016 6162 7232 7449 8293
2576 8 56 2059 2648 3085 6270 6321 9413 9488
2577 8 1000 3921 4719 6560 6946 7092 9819 9918
2578 6 364 1010 1661 4260 4692 9808
2579 5 1601 2008 2174 5045 9445
2580 6 2493 2698 3708 4155 8315 8353
2581 7 6589 6664 6856 7123 7972 8009 8967
2582 5 379 4032 5052 5766 7110
2583 6 1501 3320 5262 5666 9324 9512
2584 11 1090 2284 2367 3241 3324 3331 4111 4420 4755 9380 9837
2585 7 729 837 4874 6614 7154 9410 9760
2586 4 1540 4059 6703 7670
2587 9 3139 3556 4209 4238 4644 6264 7191 8420 8658
2588 7 994 1499 2849 3365 5883 6141 6494
2589 12 1433 1873 2761 2980 3276 3674 4401 4853 4961 5280 5847 9030
2590 4 3084 6910 8085 9429
2591 5 686 1115 2297 2889 8114
2592 3 276 5480 8586
2593 11 2736 4395 4704 5125 5447 5616 6010 6438 6753 8991 9745
2594 6 1863 4179 4802 5299 9473 9920
2595 6 2014 4121 4453 6846 8027 8876
2596 5 3233 7363 7375 8214 9584
2597 5 313 511 5564 6646 9558
2598 6 1186 1747 2065 2541 4946 7318
2599 8 1714 2725 3002 5538 5960 5996 6060 7156
2600 9 2065 2762 2818 2905 3365 4984 7359 8947 9907
2601 3 3037 5736 6714
2602 1 3963
2603 7 1594 2522 4351 6004 7389 9300 9662
2604 11 87 1024 2330 3629 4262 5340 5719 7411 7715 8739 9499
2605 10 1623 1877 3926 3988 5650 6767 6778 7541 7959 8229
2606 4 1756 3586 5520 8471
2607 13 201 497 1072 2462 2529 3732 4453 4813 5763 7705 8212 9411 9922
2608 3 8822 9075 9997
2609 3 8578 8713 8776
2610 4 3964 4433 6144 7449
2611 6 368 394 3591 3792 6937 7323
2612 7 969 982 1837 5927 6308 6894 9253
2613 4 7430 8312 8330 8439
2614 5 1008 1493 3355 8256 9368
2615 8 164 856 3901 4809 5951 6366 6479 8226
2616 2 4241 7366
2617 6 1594 2345 4420 5292 6318 8692
2618 2 1405 9339
2619 3 326 7201 7508
2620 5 1815 2918 4044 5301 6906
2621 7 2009 4120 4529 5297 6163 6206 9999
2622 6 453 4041 5488 6897 7030 7338
2623 6 1293 6222 6931 7549 9124 9770
2624 2 1555 9048
2625 4 2684 4854 5937 6921
2626 5 8 303 2149 5542 9888
2627 3 1846 3881 5775
2628 9 155 404 1458 3737 4985 5680 5845 8956 9872
2629 8 236 1463 3770 5368 5775 7281 7773 8906
2630 9 1348 1868 2775 2810 5992 6122 7220 9048 9386
2631 5 496 3904 4372 4699 9123
2632 9 142 2233 3852 4950 5927 6291 6672 8107 8737
2633 6 334 1250 2490 3869 5539 6203
2634 7 44 1569 2009 2115 4453 5061 8357
2635 5 1336 3867 5272 5382 6085
2636 4 3039 4848 6463 7439
2637 3 2905 7080 9520
2638 5 2301 3783 3841 4778 6505
2639 3 890 2855 5572
2640 10 1829 2126 2572 4701 5421 7143 7550 8799 9335 9956
2641 7 1322 2965 3944 4936 7979 8557 8735
2642 9 205 843 983 1155 1396 4482 4502 5120 6091
2643 11 33 454 1567 2692 3579 3783 4462 5464 7246 8826 9439
2644 4 1355 3154 4971 5205
2645 1 6374
2646 5 2715 3140 4937 4964 8389
2647 9 2563 4167 5103 5911 5998 7968 8090 8250 9663
2648 7 901 1505 1787 2576 3540 5718 7403
2649 2 185 4410
2650 5 390 2457 3937 6417 7529
2651 6 116 2512 3617 6391 8066 9734
2652 7 1724 2522 2660 6262 6349 8692 8988
2653 3 6312 7168 8268
2654 11 108 778 969 1188 3739 4010 6061 7954 9137 9299 9304
2655 8 2001 4332 4853 6473 6512 7333 9161 9879
2656 2 214 4968
2657 8 187 1201 3067 3316 5020 6993 8404 9227
2658 6 4024 5308 7136 7415 8031 9441
2659 6 348 817 2098 4880 7069 8727
2660 13 48 351 752 2652 3944 5375 5878 5936 6190 6807 7441 9221 9265
2661 4 1774 4891 5888 8661
2662 5 1250 2557 3848 4959 6077
2663 6 257 710 3638 7499 7969 8507
2664 6 778 1998 2749 3462 5290 9987
2665 6 589 1928 3433 3456 6566 7182
2666 10 983 2234 3084 3515 5291 6021 8392 8693 9343 9925
2667 2 3202 8434
2668 5 726 1214 4329 5213 8024
2669 7 381 442 1613 3946 6035 6383 8200
2670 6 2300 4800 5853 7947 8088 8249
2671 5 1939 4113 6239 7586 9442
2672 2 6164 9488
2673 5 1604 2233 2936 6166 7969
2674 11 1045 1163 1605 2216 2695 3780 6375 6590 8319 8622 9607
2675 4 3363 5735 6597 9502
2676 2 1862 4628
2677 5 4518 4794 5945 9176 9298
2678 10 3806 4373 6126 6201 6313 7171 7973 8392 8740 9187
2679 7 1173 5450 5743 6112 6129 7543 9064
2680 10 582 1018 1074 2054 3181 3933 4085 4712 5942 9215
2681 3 1481 8722 9690
2682 6 1001 1300 2287 5893 7824 9184
2683 6 203 891 2066 4214 6651 9974
2684 4 405 2625 8979 9917
2685 4 3924 5177 5385 5445
2686 6 4956 5161 5604 5900 7761 9479
2687 4 4613 7037 7395 8724
2688 5 473 1927 3093 4821 5213
2689 6 430 3465 5534 6765 8382 9727
2690 3 5865 7609 8113
2691 7 3148 3620 3968 4576 6405 7882 9593
2692 8 94 632 1702 2501 2643 4474 4593 4718
2693 6 2329 3028 5803 6881 8381 9892
2694 2 7297 9924
2695 15 2300 2674 2795 2897 3539 3883 4398 4938 4998 6392 7636 8266 8622 9076 9127
2696 9 950 5782 6170 6334 6699 8716 8815 9043 9688
2697 8 760 1313 2023 2348 6296 7795 7894 9857
2698 4 1527 2580 3407 7511
2699 4 3846 7878 7939 9332
2700 4 3841 5591 5853 8263
2701 2 3174 4875
2702 6 1089 3711 5456 6547 9167 9296
2703 3 5925 7143 9071
2704 3 6104 6449 8967
2705 4 2366 4032 5020 9955
2706 4 1038 4560 8081 8582
2707 4 1944 3918 4010 5203
2708 4 1010 2140 8234 9089
2709 4 92 5485 6506 8138
2710 2 8521 8628
2711 6 828 5214 5499 8154 8440 8785
2712 4 1746 6074 6197 9225
2713 6 3458 5729 5814 6882 7427 9347
2714 9 1837 4485 5803 6035 6579 6599 7651 8253 9144
2715 9 359 1129 1326 1406 2112 2646 7587 8805 9196
2716 5 892 4498 8094 8327 8795
2717 9 1347 2730 2945 3685 7651 7712 8060 8954 9458
2718 3 1561 4163 4277
2719 0
2720 3 4158 5397 8349
2721 4 2265 3668 5010 6114
2722 6 1399 1860 5361 6752 7668 8071
2723 13 2840 3894 3987 4445 4758 4811 5134 5257 5688 7398 7597 8641 9379
2724 6 872 4259 4741 4924 8303 9769
2725 5 587 979 2599 4916 4939
2726 4 1514 2503 8160 9965
2727 8 863 1901 3129 3509 6997 8606 8918 9834
2728 5 761 975 4119 8761 9232
2729 7 6453 6519 6704 7447 8437 9567 9767
2730 6 2543 2717 3496 4264 4729 8577
2731 4 2469 4873 6203 8140
2732 9 665 915 1927 3366 5983 6763 7474 7617 8047
2733 4 427 3921 5134 7304
2734 6 1584 2262 3593 4759 6411 9384
2735 6 1273 1653 5391 5993 6084 6461
2736 5 526 2593 3839 6364 9953
2737 4 121 1513 1855 1857
2738 6 96 1348 4779 7316 8683 9978
2739 8 1299 3210 4115 4704 5733 7612 7931 9045
2740 0
2741 8 194 706 3994 4457 4793 6367 6507 8888
2742 7 568 1252 3889 5652 6675 7154 7983
2743 8 510 1512 3701 5085 7860 8428 8650 9616
2744 6 3362 3633 3799 4788 6307 7684
2745 6 6127 7287 7431 7488 8914 9635
2746 4 3624 5634 6821 8825
2747 4 1645 3938 8626 9138
2748 8 1298 2119 5509 5762 6868 7558 8426 9817
2749 9 48 2664 3695 3756 5915 7774 7852 9737 9820
2750 6 1969 3780 5114 5260 7523 7713
2751 5 1326 1531 2269 2421 6951
2752 2 6196 9455
2753 7 2552 3144 4330 5542 6259 9218 9659
2754 4 2169 4361 7778 8321
2755 4 5573 5684 6872 9682
2756 4 1500 3666 9735 9910
2757 5 4083 4433 8178 8521 8818
2758 4 3240 3914 6428 6668
2759 7 3616 4078 7376 8204 8254 8532 9723
2760 5 1501 2438 2992 6383 9124
2761 5 2589 3555 4420 5186 8457
2762 5 1246 1658 2600 6775 8809
2763 8 3255 6084 6284 6683 6867 7454 7487 9005
2764 5 1705 1954 4686 7938 9319
2765 4 3260 5961 9620 9904
2766 3 1248 8298 8712
2767 11 1129 1286 1698 2421 3607 4748 5784 7669 7955 8515 9206
2768 6 1720 3583 3957 5402 5428 7777
2769 9 1074 1383 4145 5036 6183 6293 7992 8345 9317
2770 5 177 4432 4570 5131 7280
2771 5 2862 4374 4386 4551 8354
2772 2 3691 8538
2773 4 2312 7527 7937 8988
2774 5 1024 1609 2393 3832 9919
2775 6 1359 2630 4004 4281 8315 9469
2776 5 1778 2320 3369 4951 4980
2777 6 740 2178 3477 7508 9043 9818
2778 5 4395 4886 5418 5579 6168
2779 1 4996
2780 8 1092 2996 4301 4342 6376 8406 9395 9792
2781 2 7046 8652
2782 6 3315 3972 6775 8452 8554 9804
2783 5 2160 2255 3363 6694 8369
2784 6 1707 3009 3305 3765 8774 9853
2785 6 1607 1797 1891 4989 5891 7526
2786 4 2063 6534 8996 9762
2787 2 3237 4661
2788 3 1111 7432 9481
2789 6 612 3611 4648 6016 8916 9494
2790 6 1185 1787 3653 4466 4497 8472
2791 2 4413 6277
2792 5 369 4146 4772 5843 8450
2793 7 1053 1241 1530 3637 7422 8630 9705
2794 5 2272 3586 7780 8443 9970
2795 5 388 1339 1896 1952 2695
2796 1 7724
2797 5 3133 3631 3742 5025 7329
2798 6 806 5111 6556 8168 9082 9240
2799 5 1435 1924 3923 5924 6830
2800 4 120 793 5023 8273
2801 7 951 1697 3133 5898 7048 7783 9112
2802 8 328 1787 4937 5522 7214 7639 8108 8472
2803 3 1731 3928 6436
2804 7 130 2357 4247 4484 4849 7432 9625
2805 5 2107 5010 7507 7778 8744
2806 9 3427 3518 3548 3997 4065 4621 5362 6203 7784
2807 8 3581 3979 7528 8404 8826 9268 9583 9978
2808 6 2092 4547 5509 5732 8998 9525
2809 10 608 747 1069 1719 2200 4377 6773 7271 9429 9906
2810 3 2630 3582 4446
2811 7 900 3612 5267 7263 7420 7795 8800
2812 6 27 1705 2376 2837 5025 8392
2813 11 226 356 3182 3720 4374 5242 5244 6691 6952 8526 9135
2814 12 452 1839 3684 3985 4227 6139 6685 9395 9585 9693 9747 9846
2815 5 4544 8291 9635 9652 9807
2816 8 1378 2902 3012 4371 6043 7156 7519 7980
2817 6 58 701 3662 4841 8575 9783
2818 6 2600 2883 7071 7576 8127 9736
2819 4 501 2232 4932 6712
2820 4 7323 7763 9475 9502
2821 5 623 1282 1768 2065 4017
2822 3 6110 7967 9295
2823 9 795 950 3462 4160 4654 7608 7725 7941 9245
2824 3 2256 3200 9918
2825 5 1806 5015 6348 7503 9909
2826 8 1987 2857 3375 4415 5622 6219 6468 8366
2827 5 3535 5907 7046 9155 9530
2828 6 5029 5349 6958 7300 7319 7506
2829 9 3626 3958 4494 4516 5975 6514 8623 9340 9534
2830 6 1427 1565 2025 3223 4169 6326
2831 3 740 4510 5403
2832 8 1666 1766 2907 3405 4260 4558 8263 9258
2833 8 507 3982 4151 4359 4522 4834 5369 9616
2834 8 1763 1798 4052 5679 5765 5995 7440 7995
2835 2 302 8905
2836 4 677 6659 7377 8197
2837 8 296 1547 2812 3768 4780 5287 7821 9243
2838 2 1482 2414
2839 5 1377 2062 4538 8901 9973
2840 14 2234 2723 3067 3397 4944 5258 5928 7640 7901 8045 8482 8675 9440 9565
2841 8 543 2563 3165 5161 6078 7044 7056 9797
2842 2 5276 9399
2843 2 945 8908
2844 6 2516 3387 3598 4598 4987 8089
2845 4 1602 2422 3557 9753
2846 9 1323 4117 5631 6248 6301 8137 8864 9499 9979
2847 6 1585 4531 6023 6446 9238 9443
2848 11 865 995 1512 2025 3399 3449 3495 6786 8760 9319 9473
2849 4 2588 4061 7638 7679
2850 6 3178 5050 7580 8320 8435 9088
2851 6 4117 4970 6408 7738 8674 9482
2852 4 4162 6215 7704 8335
2853 4 819 2113 6461 9451
2854 4 2057 4559 5931 9386
2855 10 2639 4165 4219 4438 4489 5193 6257 6654 8005 8105
2856 9 519 749 1476 3254 4437 5565 5864 7537 8156
2857 5 2826 7734 8765 8942 9263
2858 8 477 4872 6986 7648 9402 9472 9794 9969
2859 4 3064 3679 6874 6995
2860 3 2492 6273 7887
2861 9 115 458 653 1641 2059 3358 3365 8040 8314
2862 4 2771 4379 7431 9623
2863 4 2179 2498 7404 9267
2864 9 190 427 4212 4799 6848 6960 8926 9226 9695
2865 4 1454 1927 2087 2365
2866 6 1122 1366 3486 6774 7013 8386
2867 7 2069 2899 3394 5758 7744 8747 9479
2868 10 357 1525 1868 3871 4475 6697 7126 7194 7739 9323
2869 6 130 2920 4106 4416 5542 5603
2870 7 41 1039 1561 2373 5398 6763 7238
2871 7 1756 3395 4009 4103 5847 6647 8816
2872 6 2180 2451 3164 4524 4631 9699
2873 7 228 1652 4799 4865 5115 6380 6888
2874 6 2480 6354 7551 7810 8982 9798
2875 2 1963 2252
2876 4 2971 3185 5238 9736
2877 6 722 4936 6483 7781 8189 8535
2878 2 5155 5672
2879 4 90 4334 6480 8650
2880 4 960 1559 2510 9204
2881 9 999 2139 5200 6669 6888 8456 9009 9244 9675
2882 4 3553 3861 4947 5472
2883 4 489 1330 2818 9678
2884 5 278 4519 6040 8166 8528
2885 3 1394 3744 5409
2886 8 1108 1440 1928 2337 3627 4095 4160 9518
2887 7 531 3099 3323 5940 7623 8546 9982
2888 5 1072 3854 5127 6294 6764
2889 7 924 2591 4743 5427 5647 6597 7189
2890 7 1455 3966 8233 8283 8506 9595 9776
2891 7 686 975 7026 7925 8097 8104 8474
2892 5 3237 4944 6461 8197 9720
2893 6 62 1800 3289 6698 7298 8515
2894 5 1815 3271 6038 7217 8102
2895 6 80 992 1239 4361 4961 8100
2896 7 1022 1499 3364 4184 5675 6837 9458
2897 8 247 866 1281 2695 5407 6923 7466 8868
2898 9 765 2124 3149 3978 5230 5577 6266 7792 9040
2899 9 78 635 1520 2867 4409 4572 6144 8793 9824
2900 6 1061 1307 2913 3033 4772 6100
2901 8 1799 4226 5457 5521 6878 8497 9171 9886
2902 2 2816 3312
2903 5 145 4425 5371 6394 7033
2904 9 610 1414 1642 1802 2971 5039 6468 7475 8879
2905 8 911 2194 2302 2600 2637 4317 6595 6761
2906 4 3321 5277 7941 8190
2907 6 2832 4663 4831 5827 7362 8453
2908 3 2936 3674 6265
2909 5 3187 3306 4535 5518 5777
2910 7 3230 4447 5499 5574 8299 8773 9792
2911 3 3247 3427 8630
2912 6 250 924 2003 4425 8042 9274
2913 5 1362 1673 2900 4469 5859
2914 6 3353 3518 4949 5041 5795 9655
2915 7 71 3449 5495 5820 7526 7546 8915
2916 8 390 748 1106 1900 2306 2393 8022 9979
2917 6 553 910 3041 4116 6067 6213
2918 10 1017 1849 2620 3802 3829 5266 5489 8523 9539 9876
2919 9 514 2195 3133 5391 5688 7456 8410 8889 9466
2920 4 65 2869 4605 5632
2921 6 1438 2945 4630 6017 6636 7245
2922 5 3357 6281 6460 7433 8358
2923 10 2287 2961 4744 5247 5304 5340 6419 6602 7882 7979
2924 2 3272 6907
2925 7 1214 1573 2535 3954 4760 8640 8762
2926 1 1981
2927 6 1979 3347 4043 4676 8170 9193
2928 1 661
2929 7 1434 3728 4160 4794 5924 7174 7760
2930 9 590 652 729 1871 2566 4431 5475 5928 7963
2931 4 898 1904 3325 3849
2932 7 303 1167 6469 7727 8028 8188 9579
2933 6 795 1720 3838 7501 8407 8867
2934 5 2984 3246 3765 3971 9397
2935 2 1865 3435
2936 9 2107 2673 2908 3746 4321 4515 4621 4624 5988
2937 5 404 2508 3118 6002 9552
2938 7 1343 3322 3814 4221 7379 8241 9478
2939 3 1026 1934 9394
2940 3 895 4149 8352
2941 7 70 3163 3671 5522 7451 7474 7545
2942 4 7706 7833 8358 9915
2943 7 291 401 1235 1698 3420 5039 9477
2944 5 772 5695 6656 6716 9232
2945 8 2457 2717 2921 4851 6656 7346 7433 8318
2946 6 103 3545 4088 5135 9360 9537
2947 5 551 6237 7578 7604 7807
2948 6 1177 1960 2984 6497 7666 8515
2949 5 376 1746 8488 9697 9848
2950 6 938 3991 4585 5669 7842 9426
2951 6 643 1104 2396 5151 5491 6435
2952 8 2425 3337 3607 4709 8071 8678 9361 9608
2953 3 3750 5009 5956
2954 6 146 621 5832 7872 9057 9223
2955 4 1167 2120 7581 7912
2956 4 1979 7276 9407 9627
2957 6 1448 3602 4446 7102 8375 8708
2958 5 1606 2359 3682 4807 9145
2959 5 539 1578 4009 8224 9362
2960 7 1023 1139 4530 5016 7295 9605 9890
2961 8 761 1512 2923 4821 4869 6851 6990 8074
2962 1 524
2963 4 2393 6976 8922 9000
2964 3 1844 2208 7057
2965 4 2641 4292 7692 9982
2966 5 1889 3995 6256 6813 9609
2967 7 18 1481 1822 4177 5032 7794 7945
2968 6 1815 4661 4731 5312 5999 6028
2969 6 1075 1711 2070 3495 5036 7869
2970 7 353 441 486 2473 2502 8829 9516
2971 13 1162 1507 2532 2876 2904 5790 6488 7285 7477 8574 9156 9349 9797
2972 4 3648 3713 5141 6922
2973 3 1427 2476 9405
2974 4 1409 7837 9438 9883
2975 6 1427 2089 3862 4370 5599 9542
2976 4 2405 3013 4272 5358
2977 6 2435 3550 4683 7616 8915 9917
2978 14 627 1665 3092 3226 4997 5981 6091 6373 6440 7395 7878 7933 8919 9877
2979 6 517 1888 3019 5773 7167 7647
2980 8 314 2589 4457 5856 7464 8720 8770 9741
2981 5 3530 3744 4241 7851 7930
2982 6 80 1392 5380 7459 7535 8424
2983 10 1268 2334 2511 2989 5215 5512 6094 6540 6821 8055
2984 6 2934 2948 3102 5709 6088 9132
2985 10 186 1414 1747 3044 3240 3620 5473 7867 7899 8192
2986 6 867 905 4113 8339 8559 9795
2987 5 2526 3125 3469 8981 9663
2988 3 3422 5213 8430
2989 8 87 1696 2983 5709 5938 6072 6336 8717
2990 4 1526 1580 6089 7976
2991 13 431 1246 1261 1440 4175 4808 5445 5996 6287 6801 7127 7955 8445
2992 4 417 2760 4138 5172
2993 7 715 1410 1440 4502 7848 8680 9211
2994 6 509 3428 5521 5758 5878 7947
2995 4 2444 4367 4826 9686
2996 6 2780 5543 5668 6024 6751 7248
2997 3 1695 3371 6746
2998 4 0 1613 4413 6091
2999 8 3188 3612 5595 6684 7196 8537 8870 9353
3000 5 1276 4173 5757 6068 9135
3001 8 77 90 1477 4501 4523 6938 7706 9221
3002 10 296 1151 2599 3640 3838 4498 5832 6735 7915 8395
3003 8 571 1077 2511 3232 5134 7126 8247 9927
3004 3 3611 5838 6308
3005 6 1997 3419 3521 3832 4406 7724
3006 9 76 2259 3535 3958 4571 4985 6235 8363 9126
3007 4 1364 4470 4917 6600
3008 2 5227 8175
3009 4 2784 3225 5492 6252
3010 3 1231 6397 8684
3011 6 4290 5155 6938 8574 8754 9726
3012 6 144 1874 2816 3481 5163 8722
3013 12 1664 2976 3073 3785 4623 5395 6288 6950 7519 8334 9073 9132
3014 10 1690 4539 4772 5156 6317 6481 7156 7272 8045 9350
3015 9 1386 1741 1838 4199 4732 4757 7157 7684 9204
3016 7 827 2082 4896 6960 7533 7561 7794
3017 4 2160 3377 5851 9480
3018 5 508 4352 6339 7370 8794
3019 10 336 1688 2979 3910 4373 6005 6682 6947 8281 9253
3020 6 933 1928 2090 4574 6704 9963
3021 9 116 786 1372 3203 4455 7405 7752 8918 9589
3022 3 1604 3323 4369
3023 7 421 2278 4456 5963 6125 8023 8343
3024 4 859 3437 4080 9363
3025 8 921 3394 3464 4463 6415 7294 7997 9957
3026 7 930 1052 1337 1764 5799 6037 7447
3027 12 993 1277 2291 4122 4246 4399 4793 5066 5508 8227 9728 9750
3028 8 2693 4123 4820 6652 6693 8614 8880 9823
3029 8 1700 3160 3289 3642 3695 5261 7003 7804
3030 5 3653 4598 9047 9168 9248
3031 5 1080 1847 4070 5862 9011
3032 4 1632 4319 4406 5752
3033 5 1504 2900 4487 7805 9430
3034 2 374 3191
3035 4 399 3724 6595 7181
3036 6 28 625 3261 5270 8890 9204
3037 8 217 2510 2601 4528 6347 6984 7719 7899
3038 5 3660 4960 5843 5926 8027
3039 4 2636 3782 7130 9715
3040 7 159 1663 3939 4720 5132 7366 7429
3041 7 312 1680 2270 2917 6861 7551 7680
3042 4 3559 4759 6314 8692
3043 7 2521 3068 5242 5840 6448 7601 8062
3044 7 2514 2985 6478 7015 7626 8731 9313
3045 4 487 1332 7396 7622
3046 6 564 4651 5202 8323 8981 9539
3047 7 1478 4984 7390 7470 7615 7871 9036
3048 5 485 1678 4635 5740 6232
3049 5 1495 3542 4620 5052 5804
3050 6 3607 5600 7354 8495 8768 9410
3051 5 251 5378 6374 7158 9567
3052 4 2239 7409 9840 9876
3053 2 1788 6688
3054 3 3410 6152 6702
3055 6 1029 1264 7024 7497 9539 9965
3056 5 4020 4900 4979 7309 9705
3057 4 2384 6788 7198 9043
3058 5 157 1043 4657 6258 8801
3059 7 978 1856 3568 5094 5742 5929 6529
3060 4 1824 3119 4966 7699
3061 6 4080 4938 5517 7794 8068 9089
3062 0
3063 10 181 469 641 5403 5540 7316 8367 8414 9025 9260
3064 11 2859 4161 5949 7177 7315 7524 7775 8043 8590 8647 9884
3065 5 4458 5073 7403 7502 7681
3066 2 5291 5577
3067 8 5 2657 2840 3496 4160 5756 5976 9406
3068 15 2013 3043 3430 3805 3862 5213 6509 7803 8023 8152 8218 8402 9060 9149 9560
3069 5 254 764 4046 6939 9162
3070 4 1171 1494 4354 9395
3071 3 1276 5833 5843
3072 5 384 419 5779 6954 8040
3073 11 1579 1967 2233 3013 3545 4040 6254 6697 7306 7785 9190
3074 7 903 4928 4937 5294 6748 9652 9871
3075 7 3827 4269 5615 6884 7023 7066 9348
3076 4 3264 3325 6812 9327
3077 10 485 752 887 2162 4400 5134 5768 7345 8553 9162
3078 2 6917 8865
3079 4 967 3175 4308 4926
3080 7 1001 1014 2003 2103 4173 4753 8251
3081 5 2067 5140 7577 7857 9462
3082 4 1748 2117 6317 8257
3083 4 750 3959 5956 6561
3084 8 664 1294 2590 2666 3198 5453 6002 9716
3085 7 682 2576 4108 5442 8422 9535 9604
3086 6 1484 2566 5817 6537 8046 8306
3087 9 1125 2503 3159 3250 4253 7164 7832 7857 9413
3088 10 740 1330 4983 5925 6544 6648 6941 8874 9200 9404
3089 5 694 1292 4826 5659 7132
3090 8 1473 1759 4255 6170 6558 6823 7361 9579
3091 8 792 2107 5370 6232 6868 7130 8351 9162
3092 9 471 2978 3417 3426 6571 7247 7359 8121 8879
3093 8 1785 2688 4552 5155 5634 6583 8624 9473
3094 6 247 1922 5783 7415 8997 9202
3095 9 1138 1144 1165 1414 1959 2092 4668 4685 6487
3096 7 4219 4539 4541 5918 7637 8280 8996
3097 8 483 848 3798 4376 6174 6745 7657 9803
3098 3 5442 6738 9097
3099 11 1791 2887 3840 4157 4318 7428 7658 7687 7854 8686 8778
3100 7 396 1142 2139 4797 6569 8410 8444
3101 4 1745 3684 5325 7888
3102 4 2984 7048 8687 8817
3103 7 407 553 1305 1446 3468 8423 9563
3104 5 664 1618 2404 5003 9724
3105 5 1041 1614 5068 6831 7589
3106 5 1154 4484 6603 6963 8582
3107 3 709 4073 5383
3108 6 1788 2362 4771 6317 6924 8512
3109 4 218 747 933 6513
3110 3 1124 5624 7867
3111 6 418 1118 4159 5755 9053 9626
3112 6 831 2319 2498 3712 5768 6557
3113 7 261 3302 5713 8396 8550 8553 9718
3114 4 3171 5994 7396 8835
3115 4 4352 4465 6323 9631
3116 10 68 464 503 4544 6575 6714 6842 7577 9035 9687
3117 7 2563 3886 6430 7074 7082 9081 9299
3118 5 2937 4658 5457 7791 9963
3119 8 340 3060 5151 5386 7438 7464 7680 9436
3120 4 229 1592 7323 9411
3121 6 1442 1674 7623 8820 9327 9939
3122 8 567 1767 3386 4763 5125 6823 8868 9598
3123 5 676 4248 5510 8847 9639
3124 2 7867 9569
3125 8 1916 2987 3760 5815 5849 7862 9666 9807
3126 8 229 1293 2295 5948 6070 6746 8288 8585
3127 3 985 7701 9700
3128 8 1598 1788 2003 2385 5611 6272 8945 9736
3129 8 853 1203 2426 2727 3144 5903 7225 9789
3130 10 778 1963 3243 3598 4510 5237 7101 7583 7905 9602
3131 7 1612 4654 5708 7514 7926 8510 8704
3132 7 1546 3309 3582 4428 5377 5922 8023
3133 8 636 2219 2797 2801 2919 7346 8158 9506
3134 3 513 2339 7265
3135 3 474 9035 9291
3136 5 1808 3137 3526 5098 9376
3137 8 91 451 2347 3136 4807 6853 7939 8605
3138 5 236 1391 2371 8797 9111
3139 8 1479 1616 1642 2587 3990 5487 8081 9702
3140 9 2646 3706 3772 4135 5528 7289 7885 7983 8165
3141 4 785 1990 2031 5431
3142 2 753 6530
3143 5 4419 4665 4696 5381 6021
3144 9 1603 2272 2753 3129 3571 4124 6210 7428 9555
3145 6 2477 4355 5417 7277 8765 9894
3146 6 52 1965 4571 5378 5972 5986
3147 6 169 1108 2030 4894 4954 9629
3148 5 1808 2562 2691 5352 8005
3149 6 355 2898 4190 4417 5289 6334
3150 7 205 1079 4872 5734 7191 8330 9208
3151 3 2170 2337 9550
3152 6 326 1533 5648 6691 7348 8813
3153 4 584 5019 5330 7214
3154 6 67 948 2133 2644 3710 6940
3155 4 4276 4284 6731 8928
3156 2 6521 6926
3157 2 4526 5479
3158 6 820 875 4777 6275 7613 8903
3159 8 955 2400 3087 3217 4283 5410 5536 8659
3160 6 3029 4924 4996 6214 6332 8343
3161 10 251 1104 2527 3728 4022 4237 4932 5107 5602 6132
3162 6 213 1777 2212 3533 4483 7838
3163 5 2175 2941 4426 8962 9235
3164 7 650 926 2872 3233 5735 8800 8834
3165 9 535 820 845 1361 2530 2841 4907 5624 5805
3166 7 1524 2545 3726 4292 5636 7067 9287
3167 3 2250 7359 7833
3168 9 971 2428 3270 4509 5349 7450 7730 8271 9692
3169 10 402 908 1782 5286 6119 8092 8340 8349 8428 9426
3170 3 1198 4445 6334
3171 6 1164 3114 4442 6284 8602 9549
3172 4 1679 3691 8094 9517
3173 4 1581 1715 6976 9170
3174 9 769 1006 2701 3387 3715 5603 5657 6903 7722
3175 8 1749 2355 3079 3236 3256 4709 5173 5942
3176 7 291 6156 7831 7977 8292 9376 9751
3177 3 457 7384 9276
3178 5 2850 3736 5234 7896 9053
3179 8 180 1681 2406 3366 3515 4106 4845 4876
3180 5 835 2533 4431 6139 8828
3181 6 149 2131 2680 3941 5773 9315
3182 3 2813 6456 9496
3183 3 2420 8780 9665
3184 7 147 966 2391 2423 3563 9221 9684
3185 7 883 951 1221 2035 2876 3487 8626
3186 5 1001 4420 5080 5320 8647
3187 6 2909 3336 4250 4542 7294 7749
3188 5 1627 2999 6948 7503 7644
3189 3 3541 8235 8679
3190 8 1404 1728 3780 4338 5562 6974 7957 9168
3191 9 223 337 691 2056 3034 4846 5549 5889 9724
3192 6 792 1192 5669 7096 7902 8403
3193 6 1469 4454 5089 6411 8228 8405
3194 5 818 4833 6198 7667 8662
3195 2 7774 8064
3196 8 104 545 1939 2160 4856 5984 6370 8478
3197 8 189 1031 1403 1636 1657 5989 8108 8846
3198 4 698 3084 4724 7129
3199 10 201 311 1304 1603 3653 3833 7514 7620 9417 9695
3200 4 872 2824 5194 8239
3201 4 1122 1471 3714 6399
3202 10 816 989 2219 2667 3575 5878 6210 7358 7707 8051
3203 9 1276 3021 5626 6280 6738 7223 7344 7869 9873
3204 8 3257 4484 4620 4641 5404 7626 8502 8668
3205 3 1617 2239 5109
3206 3 372 719 1063
3207 5 370 1855 8340 9816 9868
3208 4 2375 4527 6626 8362
3209 11 542 786 1768 2050 2236 2439 2519 4593 4853 7349 9593
3210 3 89 2739 5736
3211 7 177 1613 3451 4528 5168 6520 8849
3212 11 1425 2489 3341 3503 4893 7013 7447 7566 8177 8388 8650
3213 2 1249 3958
3214 4 1203 6888 8013 9174
3215 11 266 325 597 2058 2555 4557 6314 7116 7188 8753 9191
3216 6 3820 6769 7306 7433 7678 9630
3217 9 211 318 608 3159 4501 4510 5118 7136 9226
3218 6 7075 7696 9519 9549 9830 9872
3219 7 3435 4583 4685 5121 8000 8124 8807
3220 5 3910 4371 5782 6689 9895
3221 8 374 737 1835 4072 5018 6146 6687 7007
3222 5 1112 5371 6564 8624 8812
3223 8 2830 3652 3667 7180 7624 8393 9307 9714
3224 5 395 464 4679 7531 9275
3225 5 3009 3725 6735 7823 9766
3226 4 263 2978 4420 4584
3227 4 4271 5371 7121 7452
3228 7 2144 2402 2454 4256 5733 7414 7573
3229 6 110 6293 8023 8188 8621 9787
3230 8 975 2449 2910 3808 4233 6804 8235 8517
3231 5 75 107 2567 6201 7393
3232 11 1064 3003 3757 4596 4903 7158 7178 7464 9295 9959 9962
3233 9 1662 1987 2596 3164 3915 4961 6345 8441 9656
3234 4 166 6192 6978 9026
3235 4 649 3823 6934 8685
3236 10 576 3175 3813 4458 4519 4899 4922 5009 9579 9709
3237 10 2787 2892 5295 6883 7827 8193 8381 9371 9820 9943
3238 10 688 1172 1958 2523 3333 4988 5272 6712 8022 9229
3239 6 300 3545 3655 7189 8681 9185
3240 12 47 1430 2758 2985 3323 3875 4443 5355 5763 7787 8698 9207
3241 11 409 913 1496 2049 2392 2584 4203 4239 4473 6643 9488
3242 11 250 1852 2296 2340 4126 4639 5940 7813 8496 9251 9593
3243 11 111 222 3130 4784 6144 6157 7782 7862 8936 9277 9860
3244 6 210 3573 6002 7410 8318 9033
3245 4 1419 7101 7325 9584
3246 5 217 1465 2934 5413 7586
3247 4 2911 4252 7955 9359
3248 4 2064 5948 7221 8833
3249 7 4638 6541 7360 8393 8514 9254 9467
3250 9 419 1377 1848 3087 3300 5768 8255 8886 9004
3251 7 947 1131 1839 4311 9146 9460 9763
3252 5 566 1178 1562 3559 6467
3253 3 2216 6207 8021
3254 9 282 417 2856 3840 4606 6354 8312 9127 9307
3255 13 639 991 1703 2763 3797 4093 4954 5034 5361 5616 5672 8286 8526
3256 8 609 656 664 3175 4242 5084 6691 9736
3257 4 1506 3204 6659 7481
3258 7 254 3870 4886 5812 5951 8300 8353
3259 4 3358 3687 4173 9462
3260 6 2264 2765 5136 6845 7074 9128
3261 7 2444 3036 4128 7318 7773 7950 7993
3262 2 459 5552
3263 4 544 3528 8728 9704
3264 5 1 556 1983 3076 4756
3265 5 1809 5707 7146 7198 9862
3266 7 1247 1631 1648 2333 6875 8436 9719
3267 8 3746 3784 5030 5747 6542 9069 9235 9898
3268 7 594 1084 4001 4526 8438 9443 9885
3269 2 5328 5783
3270 12 953 3168 3677 3859 4469 5236 5953 7600 8553 8838 8912 9099
3271 4 2894 5182 5526 7759
3272 8 561 2228 2252 2924 6300 6973 7003 8986
3273 9 2351 3419 3653 5099 5238 7558 8021 8771 9850
3274 8 793 1107 2481 3709 6052 7559 8362 9976
3275 8 1250 2309 5170 5294 7032 8558 8854 9782
3276 9 672 834 2589 3606 4229 7248 9306 9459 9629
3277 3 507 7248 7488
3278 10 244 498 543 1070 1291 3372 7239 8772 9379 9489
3279 6 3349 3362 7051 7629 8532 9933
3280 6 1200 4320 5753 6178 8636 8688
3281 6 5876 6550 6998 8149 9148 9666
3282 1 970
3283 5 287 390 876 3789 7122
3284 6 117 830 4446 6174 8514 9653
3285 4 2277 2295 6716 9434
3286 5 1587 4174 6834 6862 9077
3287 4 1368 4132 9088 9412
3288 7 3580 3801 3988 4042 6310 7301 9405
3289 9 682 2575 2893 3029 5370 7309 8756 8937 9547
3290 1 1587
3291 3 3881 4542 5818
3292 7 1768 1904 2010 3407 3592 8150 8179
3293 5 4081 7013 7570 9166 9423
3294 6 1479 2284 4073 5653 7737 8194
3295 3 1710 2333 8241
3296 3 527 7988 8556
3297 2 716 1088
3298 10 2102 3523 3558 3567 5744 6407 6499 6588 7015 9961
3299 6 1295 1393 3526 5374 5685 9545
3300 9 550 771 1193 2275 3250 4945 6786 9118 9982
3301 7 172 1079 4697 7305 7593 9366 9484
3302 3 184 3113 5549
3303 3 648 665 5554
3304 6 550 1588 5907 7291 7455 7964
3305 7 137 315 811 1252 1752 2784 6968
3306 7 408 2909 3980 6750 7559 7571 9071
3307 4 1556 2240 5364 9915
3308 9 994 3474 3738 4860 5126 5552 6312 7872 9713
3309 4 1942 3132 7812 8392
3310 3 2038 6861 9369
3311 5 83 1040 4726 5115 7038
3312 7 502 2902 6032 7412 7812 8915 9877
3313 4 1145 3493 4304 8861
3314 6 2119 4658 4968 5878 6291 8307
3315 5 350 2782 5741 6083 7832
3316 2 2657 3449
3317 3 4031 4067 5976
3318 8 686 3496 4519 4824 7598 7608 8025 8255
3319 7 3797 5141 5661 6884 8624 8761 9017
3320 7 861 2122 2583 6660 7063 8397 9298
3321 6 3 1442 1914 2292 2906 6668
3322 5 105 2057 2938 3650 9347
3323 8 2029 2887 3022 3240 4330 6600 8424 8985
3324 11 529 1646 2584 3473 4899 5594 5836 6607 8623 8777 9922
3325 9 909 1856 2247 2296 2931 3076 7433 7560 7716
3326 3 4810 4904 6844
3327 9 29 72 1263 4646 6450 6554 7333 7811 8961
3328 8 74 4486 5179 5305 6101 6794 8157 8601
3329 5 874 2093 7013 8203 9057
3330 7 1187 1516 5215 5742 7651 8516 9648
3331 5 1962 2584 4402 6291 8554
3332 7 498 1081 1762 2418 4640 6817 9921
3333 4 2340 3238 3807 5006
3334 9 28 54 616 2253 3839 4284 5300 8149 8467
3335 4 4339 7214 9431 9491
3336 9 677 3187 3495 6582 6623 7518 8283 8530 8777
3337 8 2217 2952 4835 5156 5704 7959 8290 9393
3338 2 7680 8763
3339 5 627 5993 6127 6153 9996
3340 8 2206 2344 3370 3762 5567 7450 7853 8288
3341 10 1289 1470 1825 2222 2365 2523 3212 5557 6399 7895
3342 9 659 1179 1959 3841 5395 6017 7741 8033 8209
3343 5 4084 4123 4358 5891 6834
3344 11 3610 4944 5539 5578 5731 6528 8465 8734 8966 9123 9963
3345 5 99 916 4146 4240 5622
3346 8 197 1629 2547 3406 4496 8171 9596 9934
3347 10 169 563 1416 2927 3862 5016 5606 7298 9110 9629
3348 5 1966 3743 4210 5173 7354
3349 10 151 535 3279 3921 5072 5307 5516 5937 6123 6764
3350 6 4060 4899 5776 6913 7952 8770
3351 5 1457 3674 4395 8210 9867
3352 4 3952 4167 5034 6959
3353 9 90 330 774 1093 2914 3695 6525 6821 7143
3354 3 3618 4291 5245
3355 4 2614 5774 6141 7552
3356 7 1765 5059 5075 6042 6997 7230 9887
3357 3 2061 2922 7358
3358 5 2861 3259 5265 7041 9932
3359 6 2512 4698 4730 5023 8028 8696
3360 7 1622 4777 6184 7554 8645 8775 8777
3361 7 1191 2215 2375 5722 6729 8323 9495
3362 10 304 2339 2744 3279 3364 3417 3646 3791 4888 7505
3363 12 399 484 2675 2783 4096 4221 4351 5119 6932 7677 7753 8465
3364 9 2896 3362 5870 5871 6556 7509 9212 9710 9754
3365 10 2144 2588 2600 2861 4596 7545 7660 9154 9296 9326
3366 7 73 134 1662 2732 3179 7403 9455
3367 0
3368 2 4512 6396
3369 4 443 2776 6221 9742
3370 7 1357 3340 3917 6879 7085 8306 9498
3371 12 207 527 919 2997 4535 4864 4867 5325 7771 7940 9099 9473
3372 8 528 3278 3491 3870 6098 6276 6555 8216
3373 4 1717 5480 6077 6583
3374 5 3785 5337 6111 7248 9737
3375 4 1566 2826 4410 7389
3376 6 534 2270 5045 5322 5859 5861
3377 7 836 3017 5191 6164 7069 9014 9390
3378 4 2237 5679 6334 6932
3379 9 372 915 1323 3801 7879 8088 8457 8904 9643
3380 5 1263 1715 3464 4166 5837
3381 6 3521 4232 4615 5999 6299 8949
3382 6 83 623 2068 3925 7018 7168
3383 10 2539 2558 4098 5091 5389 5469 5691 7618 8035 8520
3384 2 1892 6965
3385 6 3643 4794 5091 6944 8779 8898
3386 2 3122 5416
3387 7 2844 3174 4006 4920 7675 9113 9881
3388 6 190 1266 3633 6193 9912 9967
3389 6 401 1504 2396 6577 9663 9729
3390 5 364 631 1027 1177 7781
3391 4 73 4387 5273 8371
3392 7 1690 3732 4025 4137 4541 6492 8899
3393 4 3982 4163 4470 5770
3394 7 2867 3025 3475 3974 5372 8574 8924
3395 5 2871 3823 4736 9370 9531
3396 12 59 759 884 953 1515 1974 3598 4877 6810 7384 7668 9298
3397 6 1927 2074 2840 4289 5402 9879
3398 4 81 1031 5364 8104
3399 4 2848 3667 6897 9922
3400 9 1290 1324 2264 2278 6274 6508 7794 8038 8056
3401 6 23 248 1438 5728 6198 7758
3402 5 254 870 2458 2540 5309
3403 12 49 483 2045 2335 4939 6833 7407 7426 8223 8326 8518 9106
3404 5 7094 9695 9806 9827 9909
3405 7 2832 3835 5514 5688 7776 8137 8811
3406 3 3346 5564 7466
3407 6 632 2698 3292 3959 6822 9421
3408 8 2303 4445 4938 5205 6849 7676 8803 9110
3409 8 733 2395 6477 6865 6950 8060 8210 9915
3410 6 52 223 1687 2013 3054 6747
3411 2 4189 5255
3412 9 144 348 432 702 4867 5001 7977 8261 8568
3413 4 1118 1246 8129 8292
3414 7 1501 4020 4753 7102 7230 8928 9920
3415 8 3799 4780 5720 6699 7446 8005 8977 9457
3416 4 619 1364 5159 7033
3417 8 780 1090 2473 3092 3362 4813 6567 7243
3418 5 519 3670 3813 5438 6233
3419 5 3005 3273 3623 6858 9634
3420 10 1690 1804 2307 2476 2943 5993 6329 7126 7977 9705
3421 6 64 2535 4759 4987 5279 5286
3422 2 2988 7510
3423 4 4385 5450 7597 9391
3424 3 9096 9259 9885
3425 7 660 682 1113 1306 1375 3500 5429
3426 6 323 759 2442 3092 4451 8778
3427 9 165 2288 2806 2911 3459 4604 4607 5120 6215
3428 9 761 958 2994 4396 7405 7461 7633 7897 9686
3429 4 4675 5679 6234 9883
3430 2 3068 6819
3431 4 1152 4773 7258 9769
3432 2 3782 8772
3433 10 1272 1691 2187 2217 2665 3520 4723 4928 8016 8976
3434 4 6278 8575 9558 9798
3435 3 1815 2935 3219
3436 6 293 1713 3691 4323 4895 5332
3437 5 808 3024 4557 8034 9475
3438 6 149 1490 2046 2545 8031 8383
3439 2 4461 8190
3440 8 1451 2351 3496 4949 7038 7401 8254 9066
3441 5 2122 4315 7386 8118 9868
3442 8 1719 2030 2045 5089 5576 8350 9132 9668
3443 5 1396 4280 6343 6885 8933
3444 7 1504 2336 3933 3989 6126 7658 7998
3445 8 241 887 3706 5051 5360 7615 8345 9760
3446 4 914 3635 5594 6306
3447 3 2522 6892 9669
3448 6 874 1300 3697 6833 8083 9615
3449 9 119 2848 2915 3316 3535 3547 5081 7283 7702
3450 5 1464 2348 4017 6406 9388
3451 2 783 3211
3452 6 3850 4115 4369 6235 8640 8835
3453 3 1374 4677 4727
3454 4 5068 5405 6944 8081
3455 5 4944 5302 7576 8895 9263
3456 8 1561 2034 2453 2665 5314 5925 9130 9293
3457 6 392 4594 4792 6313 9444 9910
3458 4 2713 4532 5954 7672
3459 7 802 3427 3717 4175 5227 5535 8387
3460 2 4442 8724
3461 6 3965 5310 5412 6132 9388 9467
3462 6 1759 2664 2823 7854 8572 9904
3463 5 4015 4078 4316 5460 7390
3464 8 40 1301 3025 3380 4011 5726 8509 9679
3465 5 179 2689 7116 9355 9489
3466 3 4498 7181 9325
3467 4 4981 5968 6126 9407
3468 12 1288 2018 3103 4018 4036 4419 4428 4482 4549 6925 7739 8785
3469 9 1137 2987 3774 4518 4521 7228 7602 8285 8476
3470 4 1273 6039 6114 8739
3471 3 6334 8971 9072
3472 4 481 1084 2453 9379
3473 8 68 484 1076 3324 3922 4905 7849 8868
3474 7 1124 3308 3591 5636 5940 6443 7702
3475 6 20 3394 5081 7893 9135 9883
3476 5 763 3760 3908 4333 7100
3477 8 2393 2777 5261 5651 6084 6667 8004 8975
3478 10 1317 1515 3650 3812 3830 4007 4590 5475 9171 9250
3479 4 4041 5647 6096 7846
3480 5 4475 5393 6331 6916 9329
3481 6 1548 3012 5802 6595 8123 9388
3482 3 580 7265 9153
3483 6 5820 6351 6976 7844 9836 9866
3484 5 1579 3571 4895 5480 6379
3485 4 3718 3975 6229 6809
3486 3 2866 9087 9914
3487 8 1798 3185 4210 4515 5786 5824 7172 9907
3488 10 273 638 3872 4142 4334 4981 5978 7681 8694 9132
3489 6 2226 3693 5407 6414 6842 7177
3490 7 2012 2223 6792 7163 7387 8886 9552
3491 10 1180 1846 2018 2037 2170 2364 3372 4143 5393 9586
3492 8 251 2030 4465 4896 5812 6162 7120 9573
3493 5 1687 3313 5727 6238 8475
3494 5 1714 3740 7014 7500 8362
3495 15 597 1474 1476 1485 2848 2969 3336 4206 4560 4756 4804 5045 6391 6790 8250
3496 8 2730 3067 3318 3440 6776 9387 9622 9713
3497 4 680 4467 5243 7343
3498 8 550 975 1449 3528 4986 7491 8393 9813
3499 7 379 1880 3926 4961 5428 6045 7920
3500 5 1882 2514 3425 5719 8900
3501 6 387 2322 5652 6270 6765 9296
3502 1 3713
3503 9 48 291 1036 1768 2358 3212 6472 6968 9153
3504 9 1728 3680 4211 5936 7999 8545 8931 9249 9802
3505 4 5202 6499 6851 9014
3506 5 1854 2198 3988 4102 7014
3507 12 18 654 893 1083 1463 1963 5486 6550 7431 8268 9694 9885
3508 4 39 3993 8231 8368
3509 8 284 642 1909 2014 2727 3654 4770 8278
3510 7 1282 1593 2061 2395 3968 3992 4352
3511 4 3910 4074 6591 9597
3512 6 157 1152 2007 4152 9609 9846
3513 3 718 742 3567
3514 5 1830 4249 6103 6179 7278
3515 5 2026 2316 2438 2666 3179
3516 4 1940 5313 7159 9387
3517 14 644 2289 2332 2540 4965 6316 6505 6600 6750 7232 7944 8624 8962 9765
3518 5 2806 2914 4354 5719 5785
3519 5 179 5774 7365 7789 8706
3520 5 2110 3433 6665 7236 8122
3521 9 653 1477 3005 3381 4733 6979 7830 8780 9766
3522 8 701 733 1148 5085 7415 8652 8918 9946
3523 6 1989 3298 3996 4605 5789 8907
3524 4 7826 8513 9382 9614
3525 4 1985 2262 6363 6724
3526 7 1431 2083 2209 3136 3299 6414 7646
3527 3 5116 7439 8825
3528 9 44 179 3263 3498 3732 3794 4905 5631 8032
3529 3 35 5590 8002
3530 8 1912 2150 2981 6438 7022 7462 9232 9353
3531 6 237 974 5093 5649 7762 8208
3532 8 246 600 939 4144 5369 5709 7803 9881
3533 5 3162 4944 5667 6434 7939
3534 5 1598 2069 2556 3859 8721
3535 9 1925 2827 3006 3449 4680 5104 5463 7331 9768
3536 3 1549 4274 7720
3537 4 5085 7110 7535 8009
3538 3 5180 6812 9267
3539 4 2695 5250 5290 8981
3540 6 543 2648 3884 5047 6741 9888
3541 7 164 2488 3189 3918 5005 5619 7141
3542 9 2421 2422 3049 3820 4907 5958 6441 6937 9483
3543 6 1042 1892 3782 4342 5863 9487
3544 4 2433 5824 5857 9202
3545 12 647 843 2471 2946 3073 3239 5906 8562 8633 8675 8872 9012
3546 9 127 263 1557 2037 3682 4476 6036 6901 8097
3547 8 2365 3449 5809 5919 6137 6300 8682 8887
3548 6 863 1995 2806 7436 7659 9894
3549 5 526 1745 2271 6752 7727
3550 11 2392 2479 2977 3701 4735 6401 6409 7502 7542 8007 9729
3551 7 426 2159 4192 5432 7016 8845 9174
3552 9 1519 3928 4694 5596 6698 7686 7963 8109 8970
3553 5 621 1721 2882 8234 9184
3554 5 606 1646 4077 6090 8337
3555 9 941 2168 2761 3935 5974 6392 8434 8579 8734
3556 6 1532 2432 2587 3997 8740 9022
3557 9 298 1277 2310 2845 3566 4080 4525 8092 8628
3558 7 3298 5745 5883 5920 7321 7385 9540
3559 10 3042 3252 4721 5336 5531 5788 7240 7423 8772 8856
3560 4 72 1350 2516 6527
3561 3 1151 1784 9288
3562 9 1761 4894 5708 6502 6850 8336 8619 9738 9801
3563 10 1137 1284 3184 4823 5569 6803 7046 8031 8516 9533
3564 5 4104 5479 6277 7493 9537
3565 5 7440 7733 8010 8486 9955
3566 8 1687 1779 3557 5195 5958 6111 6431 6473
3567 9 1082 1496 3298 3513 3858 5726 6508 7476 7575
3568 4 3059 4381 7737 9911
3569 7 262 3721 3984 5393 6837 9330 9380
3570 3 577 1048 8929
3571 12 380 1208 1547 1647 3144 3484 3628 3769 6084 6148 8101 8823
3572 4 4348 4355 7634 7782
3573 3 3244 7693 9639
3574 7 2369 4001 5186 9313 9386 9556 9793
3575 7 1975 2510 3202 5871 7005 8173 9064
3576 4 362 1132 5123 6315
3577 6 482 681 1871 4914 5875 9483
3578 3 550 9159 9837
3579 11 1075 2324 2643 5259 5761 6333 6826 7584 8855 9207 9957
3580 2 3288 9522
3581 8 229 274 1691 2807 5279 5650 7038 8208
3582 4 2810 3132 6249 9167
3583 4 418 640 2768 5904
3584 4 2155 5592 7454 9632
3585 6 76 102 3914 4963 6091 8602
3586 4 2606 2794 7428 7960
3587 8 693 1350 4154 4309 6560 8783 9215 9693
3588 0
3589 8 521 1213 1534 1930 2459 6768 8728 9019
3590 9 477 774 1784 2385 4401 4557 6482 7722 9841
3591 10 423 658 669 2611 3474 5991 6125 7631 8343 8633
3592 11 1038 1667 3292 3623 5271 5381 5794 6975 7130 7486 8011
3593 12 836 1176 1756 2734 5118 5551 5973 6307 6524 6973 8854 9947
3594 6 4932 5870 7238 7884 9076 9398
3595 5 643 3663 3910 6137 8439
3596 2 7932 9427
3597 12 429 1128 1513 1573 2391 3626 4236 7136 8027 8056 8515 9321
3598 8 185 1553 2844 3130 3396 4468 5807 6275
3599 3 3793 5184 9675
3600 3 2192 2567 4249
3601 6 2410 4421 4832 6480 6589 9274
3602 6 904 979 2957 3759 6029 6987
3603 5 1678 6020 8088 8113 8304
3604 4 792 1356 5371 5591
3605 8 1029 1452 5061 5106 5985 7304 8954 9392
3606 9 1079 2355 3276 3702 4024 6322 9196 9457 9945
3607 7 1647 2767 2952 3050 5313 9443 9944
3608 3 5003 5109 8996
3609 4 303 1141 2564 8406
3610 2 3344 9976
3611 9 899 1520 2261 2476 2789 3004 4251 8901 9418
3612 11 242 315 509 746 868 2811 2999 4873 7503 8853 9039
3613 3 5165 5776 6556
3614 5 149 2487 6050 6513 8019
3615 5 2208 3721 7330 7740 9404
3616 6 1581 2759 3648 5564 6221 6437
3617 9 1237 2651 3858 4876 5040 6538 8442 9434 9714
3618 4 1309 3354 8232 9978
3619 2 1357 6064
3620 9 672 2691 2985 3723 4300 5611 6988 7695 9804
3621 4 1661 6849 8679 9135
3622 3 992 7086 9946
3623 6 2334 3419 3592 6840 8200 8323
3624 6 1364 2746 6103 7410 7877 8364
3625 4 4046 5574 5669 7920
3626 13 83 940 1599 2033 2829 3597 3833 4386 5025 6462 7516 7799 8591
3627 3 2237 2886 5174
3628 8 167 3571 4022 4535 4584 5752 9344 9672
3629 3 1493 2604 4692
3630 4 1545 4594 7545 8036
3631 9 1669 2797 4096 4163 6857 7615 8578 9038 9435
3632 6 786 4449 7348 8760 9773 9943
3633 6 1687 2744 3388 4783 8879 8979
3634 2 7226 9804
3635 5 482 820 1004 3446 3683
3636 5 2023 2367 5105 5597 7851
3637 4 177 2310 2793 4824
3638 6 911 2663 4029 4909 7111 9020
3639 12 1151 3804 3941 4063 4952 5049 5234 6148 6531 7280 7492 8755
3640 4 874 2220 3002 6703
3641 4 153 887 2507 8073
3642 7 630 1434 3029 3970 7841 9825 9892
3643 2 2240 3385
3644 2 6906 9497
3645 8 2068 2200 4888 5890 6441 9006 9009 9461
3646 5 1508 2178 3362 6220 7811
3647 4 4429 5187 6255 9271
3648 9 73 2972 3616 4312 4795 5064 6523 8853 9346
3649 3 2243 5628 7947
3650 6 3322 3478 5532 5725 6540 6800
3651 5 2067 6557 6918 7697 9625
3652 8 272 1998 3223 4171 5620 6158 9541 9828
3653 12 182 2387 2790 3030 3199 3273 3965 4180 4230 4360 7837 9411
3654 6 335 3509 4052 9541 9588 9815
3655 5 79 2538 3239 5812 9053
3656 4 5121 7200 9130 9921
3657 3 5011 6002 7517
3658 6 819 1572 5168 5455 7527 9140
3659 4 7071 7697 7821 7860
3660 6 1400 1488 3038 5534 5989 8978
3661 5 4908 6331 6732 7416 9286
3662 6 2817 4775 5131 6237 8552 8934
3663 7 188 348 571 1467 3595 7422 9336
3664 1 7469
3665 9 96 1092 1849 4077 4556 5772 5870 6900 9563
3666 4 2756 5004 6078 9903
3667 8 780 1055 1620 1709 1819 3223 3399 4154
3668 8 119 1937 2430 2721 3974 4116 5737 6851
3669 8 4720 4826 6037 6081 7271 7488 7928 8696
3670 11 1606 3418 5442 5888 6063 7356 8539 9172 9613 9746 9833
3671 5 2324 2941 4384 6965 8766
3672 6 159 393 1071 1406 1850 9883
3673 6 2313 4067 4130 6738 8075 9633
3674 3 2589 2908 3351
3675 4 16 2283 3962 5312
3676 4 22 331 372 5479
3677 6 3270 5947 7739 7916 8072 9987
3678 10 327 991 2366 4954 5544 5655 6068 7250 8006 8205
3679 7 1570 2859 3998 4267 5584 7687 8755
3680 8 927 1443 1661 2092 3504 4333 5205 5277
3681 9 213 1496 5474 5697 7983 8271 9111 9332 9826
3682 7 1108 1282 2958 3546 5159 5928 6736
3683 5 3635 3696 7909 9217 9931
3684 8 1889 2814 3101 3785 4615 7348 7879 8522
3685 8 17 1398 1676 2717 5699 7380 7720 9314
3686 3 2529 7675 8428
3687 7 360 629 3259 5069 5294 7472 7473
3688 6 12 359 2340 2534 6502 6725
3689 6 574 1913 4456 6950 8070 9356
3690 7 300 312 950 1754 7838 8637 9949
3691 10 2772 3172 3436 3836 4020 4403 5052 7398 8020 9237
3692 9 339 3736 4980 5846 6747 7345 9545 9872 9983
3693 6 272 1907 3489 4330 4870 8149
3694 5 47 257 4672 4743 5015
3695 8 2056 2749 3029 3353 5709 8106 8549 9010
3696 3 22 347 3683
3697 2 1038 3448
3698 6 595 950 1833 4665 7520 7982
3699 5 4482 4732 6092 6341 9740
3700 2 322 6433
3701 9 141 1615 1632 2743 3550 6363 6858 7071 9107
3702 5 759 1238 1901 3606 4779
3703 11 137 524 832 1508 2208 4054 4118 8435 9016 9186 9807
3704 4 6332 7738 8235 9388
3705 7 2348 4581 6695 7844 8090 8801 8849
3706 9 445 3140 3445 6118 6288 7153 7815 8129 8287
3707 7 1627 4037 4059 5052 5475 5656 8724
3708 6 1500 2580 3962 5149 8054 8062
3709 3 3274 3931 9076
3710 3 975 3154 4657
3711 8 1177 2702 4138 6262 8052 8398 8459 9632
3712 6 141 1495 3112 4038 4523 7735
3713 6 2972 3502 4189 4343 4771 9424
3714 3 3201 4050 5286
3715 7 800 1509 1576 3174 8294 9625 9912
3716 6 102 6041 7266 7901 8764 9354
3717 7 819 2148 3459 4624 6196 7084 9660
3718 9 877 1115 1896 3485 4010 4900 7053 8235 8819
3719 3 1506 1742 7991
3720 6 2220 2813 3918 5597 6839 9127
3721 9 2228 3569 3615 4676 5568 6451 6635 8284 8862
3722 6 1820 2012 3962 5993 6943 9577
3723 3 425 3620 7142
3724 6 701 1527 3035 5380 8797 9345
3725 7 96 856 954 1955 2350 3225 9836
3726 5 1112 3166 6321 7678 8880
3727 3 4435 5304 9651
3728 5 2553 2929 3161 7274 7403
3729 4 3813 3841 9425 9591
3730 5 3952 5531 5993 6799 8967
3731 6 5644 5904 6481 7979 8359 9681
3732 7 2607 3392 3528 5073 6500 8769 8907
3733 5 4620 4804 7950 8901 8934
3734 7 166 4592 6492 6546 7982 8611 9365
3735 8 418 1213 4735 5641 5921 6465 7385 9457
3736 8 2337 3178 3692 5344 7434 8075 8641 9419
3737 7 2628 4596 5049 5949 6553 8632 9133
3738 5 3308 6695 9189 9573 9853
3739 5 2654 4079 4615 6068 7590
3740 6 771 3494 3921 4998 7074 9986
3741 5 5683 5832 6596 7242 7362
3742 11 1181 1470 1811 2797 3934 3968 4078 4976 6806 7169 7366
3743 9 107 1377 1615 2071 3348 5054 5115 5809 8694
3744 6 2885 2981 4707 4736 5826 9218
3745 6 1323 4285 5262 6796 9125 9134
3746 8 1129 2936 3267 5698 8903 9425 9548 9662
3747 2 1605 6178
3748 9 171 413 552 648 1813 4027 5153 9345 9361
3749 8 1217 1771 4349 5750 6509 7178 7931 8190
3750 8 0 356 2210 2953 6637 9127 9212 9262
3751 7 21 312 1593 1876 2175 2535 8145
3752 6 1499 5064 5276 5989 7130 8589
3753 5 2355 3925 4333 5094 5738
3754 5 1008 4566 4898 6675 9878
3755 6 23 4403 5053 5883 6806 7699
3756 4 2749 6950 8489 9981
3757 6 1101 2302 3232 4677 7859 9149
3758 7 1466 1803 2243 3763 5664 5717 7979
3759 9 225 670 1120 3602 3891 4346 5916 8581 9299
3760 6 671 3125 3476 5904 8908 9828
3761 5 860 1528 5801 9412 9808
3762 5 1493 3340 5118 6994 7831
3763 4 3758 6340 8877 9357
3764 15 349 617 1250 4065 4067 4361 4581 4843 4854 6027 6033 6134 6141 6550 8377
3765 9 16 1750 1914 2784 2934 5467 5808 7022 8004
3766 7 1114 1179 4565 7083 7577 8613 9138
3767 3 4664 6214 9306
3768 8 896 2837 5225 5581 6411 7900 8640 9062
3769 7 201 2383 2401 3571 8111 9097 9746
3770 4 578 2629 8195 9515
3771 8 146 2064 5878 6071 6740 6754 7732 7995
3772 4 693 3140 6312 9143
3773 3 5647 7304 9213
3774 3 292 3469 7841
3775 7 1705 2004 2457 5434 5825 8571 9613
3776 7 1582 4166 7742 8682 9110 9722 9834
3777 6 48 1902 5557 5572 8549 9554
3778 10 326 1819 2074 4115 4868 6769 8071 8597 9488 9912
3779 3 438 3861 7202
3780 5 2674 2750 3190 6971 9422
3781 7 1677 1944 2180 3928 4523 8905 9122
3782 8 350 523 3039 3432 3543 5342 5928 7794
3783 7 1836 2638 2643 6398 7442 9004 9008
3784 3 2487 3267 4103
3785 8 1191 3013 3374 3684 4615 6373 9330 9632
3786 7 1480 6528 6709 8397 8405 8803 9111
3787 2 8555 9271
3788 8 1547 2522 4903 6659 6836 7333 7432 7972
3789 2 3283 3952
3790 2 1218 6258
3791 5 3362 3913 6162 8884 9035
3792 4 2611 4453 7016 8410
3793 6 3599 4864 6952 8537 8783 8973
3794 5 1804 3528 4113 6146 6750
3795 5 4809 5015 5039 6305 6415
3796 6 806 4537 6056 7430 8533 9822
3797 9 1156 1933 3255 3319 4204 4703 4852 5101 7061
3798 3 3097 6003 8856
3799 4 1795 2744 3415 7294
3800 4 627 2463 5219 6217
3801 6 931 1158 2306 3288 3379 9342
3802 5 1137 1502 1575 2918 8256
3803 4 271 1880 2510 7919
3804 4 3639 8355 8681 9949
3805 5 224 3068 7299 7931 8953
3806 6 1440 1640 2678 6079 7236 9205
3807 9 25 1826 2263 2550 3333 6746 8548 8694 9519
3808 6 555 2273 3230 4003 6765 7980
3809 6 5961 5979 6103 6949 7638 8675
3810 7 76 557 951 4709 7062 8239 9621
3811 2 1298 5733
3812 5 2139 3478 6208 8816 9907
3813 10 8 3236 3418 3729 5007 5938 6158 6448 8228 8409
3814 6 2938 4099 4782 8334 8965 9593
3815 8 894 1540 1557 2245 5225 7793 8894 9105
3816 7 58 1547 1560 2319 7410 8370 9066
3817 5 1110 1690 6464 8913 9536
3818 8 1240 1474 1734 3873 4954 9623 9911 9928
3819 2 6985 9979
3820 7 718 1544 3216 3542 3984 5526 5892
3821 9 943 1672 2352 6865 6974 7708 8247 8871 8984
3822 6 378 610 721 1661 9182 9850
3823 7 835 3235 3395 4129 7100 8435 9992
3824 4 145 1647 6491 9850
3825 10 745 918 1996 2008 7124 8560 8918 9308 9659 9717
3826 11 89 2023 2546 3944 5506 5607 6477 7362 8285 8872 9475
3827 5 2039 3075 8246 9800 9975
3828 6 736 2374 5050 6621 8298 8727
3829 7 2457 2918 6615 7040 7263 9058 9978
3830 4 356 1233 3478 6655
3831 3 2061 3924 8630
3832 7 1600 1840 2774 3005 5028 5667 6163
3833 6 2503 3199 3626 5313 9786 9840
3834 8 609 1319 1767 2067 7783 7942 8779 9820
3835 6 74 3405 7766 7873 7911 9714
3836 5 276 1846 2017 3691 7662
3837 2 8261 8320
3838 7 2933 3002 4286 4562 6957 7115 9871
3839 5 1192 2736 3334 7604 8795
3840 4 525 3099 3254 9519
3841 7 2638 2700 3342 3729 4805 6643 7991
3842 4 1712 1909 1994 8713
3843 7 713 1625 1949 4219 5562 5710 5874
3844 11 16 977 981 2413 4132 4781 4905 5038 5821 6310 7335
3845 3 6247 8533 8631
3846 7 1721 2039 2111 2699 6491 8315 9952
3847 6 78 795 2333 4775 6512 8158
3848 7 118 2411 2662 4501 4645 8236 8368
3849 4 2931 4416 6048 6611
3850 11 1150 1469 2055 3452 4041 5418 5443 6096 7554 8085 8583
3851 4 926 6720 8960 9862
3852 10 817 1020 2632 3911 4503 7245 7714 8137 9477 9895
3853 4 2564 4756 6519 9358
3854 5 734 2372 2888 6830 8620
3855 5 2470 5418 5699 8717 9122
3856 4 6313 6542 8715 9505
3857 7 387 1566 2177 5297 5610 5877 8227
3858 10 551 1525 3567 3617 5625 6142 8334 8730 9985 9990
3859 12 1103 3270 3534 5462 5525 6104 6611 6838 8042 8846 8847 9504
3860 6 181 806 2196 2452 4045 6041
3861 6 2882 3779 5299 5623 5903 6574
3862 6 2302 2975 3068 3347 5027 8173
3863 4 4403 6253 7271 8424
3864 3 221 9527 9548
3865 4 613 4714 6454 8213
3866 4 629 2533 4971 7665
3867 6 79 2635 5887 5972 6231 7765
3868 7 169 955 1705 1903 6027 6089 7534
3869 8 1084 2633 4018 5410 7244 7371 9137 9226
3870 5 739 3258 3372 5412 9902
3871 7 304 2868 4824 6417 7647 8230 8285
3872 5 223 1907 3488 3876 5924
3873 5 1368 2069 3818 7103 8668
3874 6 391 2372 4162 5026 9228 9236
3875 6 214 408 980 1708 3240 9662
3876 8 476 3872 5073 5392 6184 6981 7064 9493
3877 2 2078 2148
3878 2 2035 4951
3879 8 56 1534 4813 6588 7303 7835 8297 8552
3880 11 441 1102 1431 2277 6321 6515 6987 8434 9711 9749 9761
3881 8 159 471 1822 1959 2095 2627 3291 3885
3882 2 1938 8348
3883 8 910 1927 2285 2695 4133 4356 7417 7975
3884 3 3540 8519 8809
3885 6 600 2405 3881 6641 7371 8232
3886 7 296 1748 2140 3117 3934 7195 7647
3887 6 603 848 971 4568 5931 7470
3888 5 220 5876 6676 8354 8719
3889 5 1983 2742 5492 7633 9719
3890 6 1919 4806 5091 5778 6684 8600
3891 7 930 3759 4721 6698 6789 7427 7905
3892 5 1599 1912 2316 7676 9906
3893 5 5656 7304 9316 9448 9494
3894 6 2723 4009 4239 4578 7426 9415
3895 5 2498 4012 7341 9261 9423
3896 7 1681 4685 6992 8371 8667 9332 9803
3897 3 4679 5598 8057
3898 3 2569 4248 6063
3899 4 4726 6093 8807 9892
3900 2 8494 9111
3901 5 1507 2615 5131 5559 8138
3902 7 1430 1454 1818 4309 5375 8250 8909
3903 6 1487 8020 8127 8900 9397 9586
3904 12 198 2032 2161 2269 2631 4770 6605 6762 8354 8438 8738 8935
3905 4 340 342 719 4647
3906 3 907 1839 8738
3907 2 8581 9378
3908 4 1117 1888 3476 9815
3909 3 6989 7742 9387
3910 8 1671 1938 3019 3220 3511 3595 5289 6398
3911 7 1626 2273 3852 5773 5948 6459 6996
3912 5 1041 1852 5410 6203 6919
3913 6 657 837 1037 2445 3791 9244
3914 4 2758 3585 8043 9767
3915 3 3233 5386 9721
3916 4 4402 4649 6284 6727
3917 6 2496 2524 3370 5107 7992 8962
3918 4 15 2707 3541 3720
3919 8 212 1240 1242 5203 5244 5562 5732 8828
3920 2 8642 9803
3921 9 1314 2577 2733 3349 3740 6290 7728 8198 9626
3922 5 694 3473 7439 8605 8883
3923 4 371 2799 6295 9783
3924 12 528 923 1958 2685 3831 7755 7922 8472 8692 9004 9689 9880
3925 4 3382 3753 8117 9354
3926 6 1975 2326 2605 3499 6606 9398
3927 6 820 5488 7153 9683 9764 9937
3928 10 199 1158 1458 2377 2803 3552 3781 4295 9283 9398
3929 5 5248 5420 5671 8632 9794
3930 5 1847 2070 6271 6822 7054
3931 7 111 3709 7344 7363 8755 9824 9914
3932 7 1584 1890 4054 7472 7857 9390 9916
3933 8 2680 3444 4127 5039 6711 7479 8323 9429
3934 10 453 971 2142 3742 3886 6124 6250 6612 6614 8227
3935 9 3555 5375 6355 6438 6657 6950 8252 8684 9073
3936 8 131 159 1183 6248 8439 8787 9297 9960
3937 5 355 2650 5094 6480 8525
3938 10 12 618 719 829 942 1914 2747 4049 6841 7726
3939 3 3040 4646 5305
3940 4 1358 3990 5246 9701
3941 7 300 3181 3639 7343 7806 7872 8393
3942 2 5983 7097
3943 6 4315 5586 6321 7044 7475 8720
3944 7 2641 2660 3826 5632 6583 7544 8017
3945 0
3946 5 1834 2669 4194 4238 8508
3947 6 4165 4715 7404 8294 8701 9792
3948 4 4872 5720 6301 6559
3949 6 1360 2009 2375 4137 7625 8020
3950 3 466 1497 2073
3951 7 251 2118 4458 8684 8838 9704 9885
3952 6 3352 3730 3789 4386 7022 7032
3953 5 196 5273 6958 6998 7178
3954 7 106 1422 2925 4188 5445 9640 9699
3955 6 81 198 2115 4169 6711 8147
3956 6 1012 4998 7505 7868 8386 9875
3957 3 837 2768 5339
3958 10 699 943 2238 2829 3006 3213 7039 7117 7734 8241
3959 7 1750 3083 3407 6050 7110 7846 8614
3960 9 826 1060 1533 4030 5394 6822 7277 8268 9173
3961 1 9341
3962 5 3675 3708 3722 7927 9977
3963 8 552 941 1016 1547 2602 4788 5669 7902
3964 7 903 2610 4036 4245 6692 7491 8764
3965 6 1964 3461 3653 5240 5425 9204
3966 6 1794 2416 2890 6249 7037 7170
3967 1 8700
3968 7 2691 3510 3742 6981 7905 7921 9271
3969 4 4653 5535 7464 8289
3970 4 3642 6183 6545 8370
3971 2 2934 8166
3972 2 2782 9100
3973 2 1307 7848
3974 10 693 1136 1550 1779 2375 3394 3668 6455 7113 9050
3975 8 1298 1727 3485 5619 5997 6050 9472 9776
3976 7 1077 2547 3983 4239 7350 8090 9384
3977 6 652 1306 2571 6610 7298 9737
3978 4 2898 5692 7169 9363
3979 2 2807 4806
3980 3 3306 4115 8837
3981 4 152 713 5004 6934
3982 11 57 1572 1802 2833 3393 4042 7174 7512 8897 8976 8982
3983 4 1665 3976 5195 5252
3984 8 428 1561 3569 3820 5880 6072 6605 8655
3985 7 1302 1849 1905 2814 4307 4478 6057
3986 5 45 1523 1608 1898 9492
3987 6 2100 2723 4275 5882 9309 9402
3988 11 2255 2605 3288 3506 4371 4433 6876 7531 7864 9779 9793
3989 6 1296 2085 3444 5510 7384 7835
3990 6 3139 3940 4550 4722 5133 8817
3991 3 1879 2950 8067
3992 8 161 1021 3510 4145 6979 7739 8844 9866
3993 7 214 2373 3508 7486 8589 9359 9765
3994 7 2741 5291 7343 8720 9178 9300 9732
3995 8 700 868 1693 2465 2966 5313 7866 9765
3996 7 179 2521 3523 6560 6962 7688 8876
3997 9 321 673 2806 3556 4100 4474 4506 7984 8790
3998 3 3679 6520 7333
3999 6 4057 4137 4564 6248 7728 7799
4000 2 4355 6113
4001 7 38 3268 3574 4634 6120 6171 6300
4002 3 39 194 1163
4003 6 1690 2066 3808 4453 6433 8513
4004 3 2775 4071 6977
4005 8 419 634 1432 2250 4639 4702 8108 8553
4006 4 415 3387 6163 8715
4007 7 1560 3478 4933 6110 8011 8474 8720
4008 7 169 1806 2452 5772 5961 7824 9933
4009 6 766 2871 2959 3894 4998 7114
4010 8 2654 2707 3718 8466 8546 8884 9659 9702
4011 4 2176 3464 4826 6791
4012 4 1539 3895 4834 9661
4013 2 5087 5406
4014 4 1236 6756 7242 9085
4015 12 1056 1138 1842 3463 4484 4647 5215 5915 6041 6391 7974 9674
4016 3 206 5451 8666
4017 8 718 1277 2821 3450 4117 5546 8299 8749
4018 7 1549 2427 3468 3869 5395 5868 9740
4019 3 1403 4174 6006
4020 9 2170 3056 3414 3691 4042 4990 7659 7745 9964
4021 9 239 2064 2474 2495 5566 6334 6717 9139 9830
4022 6 3161 3628 4581 5032 6064 9535
4023 4 1401 5282 8703 9758
4024 6 278 2658 3606 5628 8642 9603
4025 5 3392 5615 7240 7605 8531
4026 6 4475 5014 5690 7869 9271 9650
4027 7 3748 4416 5213 6320 6734 8361 9700
4028 1 8169
4029 6 1477 1856 3638 5951 6659 7256
4030 8 3960 5850 7121 7324 7802 8244 9110 9579
4031 5 3317 4876 5076 6959 9957
4032 4 471 2582 2705 8384
4033 4 506 4034 9453 9572
4034 8 908 1437 4033 7133 8647 8795 9528 9945
4035 10 41 392 1706 1707 2030 2123 6285 7079 8081 8128
4036 5 2093 3468 3964 7126 7535
4037 5 854 3707 4915 6940 8112
4038 12 1049 3712 4868 5093 5148 5667 6228 6982 7201 7935 9004 9752
4039 8 894 1337 5579 6035 9093 9097 9322 9733
4040 6 782 3073 5194 6066 9089 9893
4041 9 472 1136 2622 3479 3850 4301 6626 7393 9726
4042 7 3288 3982 4020 4976 9066 9106 9248
4043 4 2927 4909 7289 9741
4044 7 2620 4168 4177 4746 5481 9792 9945
4045 3 3860 7931 8178
4046 7 1396 1691 1719 3069 3625 5175 9071
4047 8 171 384 909 2225 5060 6830 7146 7210
4048 5 309 1889 6124 7184 9153
4049 7 579 838 3938 5348 6681 8081 8378
4050 2 3714 9379
4051 6 112 665 5959 6572 6646 9821
4052 5 2834 3654 4329 4369 7630
4053 7 1900 5305 5441 7955 8305 8568 9017
4054 7 733 1025 3703 3932 6210 7795 8369
4055 5 456 5102 5663 6929 8720
4056 3 753 1376 9784
4057 5 436 3999 6180 6758 7196
4058 4 676 1336 2320 6815
4059 8 566 2586 3707 4575 4867 4906 5770 6441
4060 7 319 324 970 3350 4490 6940 7486
4061 7 2849 4935 5124 6065 6894 9152 9304
4062 6 1771 1802 5699 6391 6532 7335
4063 4 3639 5371 7160 8466
4064 3 1431 7035 9540
4065 5 1170 2806 3764 4587 6239
4066 2 5975 9633
4067 6 3317 3673 3764 4325 7278 8350
4068 4 717 1214 1357 2454
4069 6 4331 4658 4699 8402 8404 8523
4070 4 2386 3031 4478 8125
4071 2 4004 9213
4072 6 1096 3221 4081 4340 4858 8902
4073 7 626 2389 3107 3294 4393 5784 9466
4074 11 120 468 580 2499 2531 3511 4276 5635 6621 7101 8355
4075 5 4872 4944 7714 7820 9777
4076 6 613 684 749 964 1977 7591
4077 5 1724 3554 3665 4441 7255
4078 6 911 2759 3463 3742 5768 8488
4079 4 1736 3739 5682 8718
4080 10 695 1462 1471 2046 3024 3061 3557 5109 5203 9252
4081 10 2366 3293 4072 4254 5630 6347 6815 7167 8285 8966
4082 4 1253 4297 6808 6941
4083 5 1118 2307 2757 5168 7277
4084 4 3343 4266 6936 8365
4085 5 2680 5698 7826 7908 9194
4086 1 4528
4087 6 512 1330 4201 6485 8386 8437
4088 7 173 625 2538 2946 5416 6945 8005
4089 7 896 1487 2422 6887 8503 8816 9774
4090 7 1018 1656 1782 4224 7686 8154 9053
4091 5 88 1463 1539 5134 8199
4092 10 121 537 2422 4495 4864 6708 7187 8128 8155 8418
4093 9 1407 1923 2448 3255 6826 8111 8225 8269 9621
4094 7 188 1125 2135 4277 4563 6285 7013
4095 4 2886 5111 7025 8128
4096 13 89 704 2411 3363 3631 5202 5244 5263 8340 8525 8801 8965 9018
4097 3 1260 6903 9560
4098 5 3383 5486 8985 9402 9610
4099 5 3814 6016 7356 8166 9415
4100 6 274 3997 4809 7207 8555 8656
4101 8 1510 2278 4686 4945 6732 7030 7524 7676
4102 5 505 3506 4213 6902 8243
4103 14 335 468 777 1577 2871 3784 4604 5667 5801 5831 7553 8045 8993 9902
4104 8 1202 1578 1851 3564 5714 6712 7018 7359
4105 7 2191 4874 5634 5918 6281 7812 9675
4106 8 450 964 1849 2869 3179 6766 6903 7313
4107 3 4350 5035 9904
4108 9 2008 3085 4360 4531 5331 6997 7542 8854 9830
4109 8 195 1869 6595 7448 7463 7939 8834 9461
4110 5 286 1785 6782 9552 9680
4111 8 660 2000 2371 2584 5887 6624 6807 8243
4112 10 91 501 887 5584 6401 6580 6974 8133 8669 8957
4113 11 2671 2986 3794 4404 4799 5305 6374 7530 8727 9358 9469
4114 4 1739 7070 8318 9938
4115 12 2739 3452 3778 3980 4833 5244 6012 6467 7152 7409 8553 8812
4116 5 1785 2917 3668 7227 7907
4117 10 397 2846 2851 4017 5335 7243 7912 8171 8772 9993
4118 3 643 3703 6618
4119 4 2517 2728 6969 8313
4120 3 1628 2621 8955
4121 5 2084 2595 5842 7893 7971
4122 1 3027
4123 5 624 903 3028 3343 5197
4124 8 2180 2248 3144 4764 6040 7996 9004 9892
4125 5 4160 5764 6117 9038 9972
4126 3 755 1422 3242
4127 11 784 875 3933 5646 6047 6091 6234 6907 8877 8928 9640
4128 7 191 764 3261 4577 4771 7257 7750
4129 8 2210 3823 5576 7306 7359 7454 8303 9583
4130 7 3673 4251 6064 6554 6871 7708 9562
4131 5 272 936 4252 4788 6760
4132 5 3287 3844 6247 7244 7744
4133 6 3883 4479 4530 5553 5613 7909
4134 4 1167 1445 5350 8012
4135 7 374 506 3140 4474 4521 7527 9201
4136 1 5044
4137 10 3392 3949 3999 4775 5033 6923 7467 8062 8753 9780
4138 7 1105 1571 2992 3711 5660 6395 8961
4139 10 1317 1416 4175 5119 5436 5777 5869 5931 7483 9538
4140 3 236 5203 8741
4141 4 7653 8388 8447 9075
4142 9 501 1005 3488 4400 5338 6059 6449 6585 9764
4143 9 245 768 776 3491 4182 5333 6419 9037 9657
4144 5 1801 3532 4560 5310 9749
4145 4 1258 2769 3992 5819
4146 5 2792 3345 4981 7233 9491
4147 4 4876 6088 6405 6963
4148 4 138 5021 8301 9378
4149 4 2940 4778 6265 8437
4150 11 500 1188 4578 5148 5168 5210 5378 5786 6092 8978 9617
4151 3 2833 8570 9401
4152 3 3512 7796 9149
4153 6 373 1533 1552 6658 6949 7558
4154 7 1288 1981 3587 3667 4997 5623 9740
4155 6 286 2580 4366 5503 7257 9242
4156 4 340 1878 4273 7105
4157 4 2165 3099 6531 9418
4158 5 623 2720 5314 5589 9267
4159 8 201 3111 4945 4996 5355 8382 8461 9368
4160 9 2823 2886 2929 3067 4125 4269 4394 7056 7729
4161 4 2215 3064 7067 8737
4162 10 1542 2852 3874 4783 7108 8715 8900 8906 9365 9458
4163 8 2272 2718 3393 3631 4844 5661 5711 6053
4164 4 1352 6334 7619 9652
4165 6 219 1414 2855 3947 5967 8292
4166 9 1047 2564 3380 3776 4582 6890 7909 8329 8542
4167 11 1820 1931 1955 2106 2647 3352 4981 5617 5703 8155 8772
4168 2 2195 4044
4169 7 944 1031 2830 3955 4213 7686 9929
4170 5 4765 6825 7896 8762 9764
4171 6 463 1095 3652 5978 6846 8836
4172 4 525 590 5345 6185
4173 9 1688 3000 3080 3259 5384 7537 7835 8273 9573
4174 6 1006 2199 3286 4019 4402 7747
4175 8 1458 2991 3459 4139 4706 6043 6548 7327
4176 3 246 9118 9822
4177 11 39 1639 1667 2967 4044 4242 5618 7053 7748 9186 9648
4178 1 1546
4179 4 2594 4827 7488 8784
4180 5 2274 3653 6717 6866 8108
4181 6 406 4534 4967 5324 8705 9220
4182 7 709 2206 4143 6527 6728 8409 8501
4183 4 6513 7528 7665 9528
4184 2 2896 8904
4185 10 1171 1359 2315 2520 4401 4441 7083 7104 8268 9730
4186 7 1292 2028 2070 5568 7333 7981 8624
4187 6 1578 4254 4567 4671 4715 7768
4188 6 729 2423 3954 5695 6854 8005
4189 7 1481 3411 3713 5680 6515 6768 9366
4190 7 946 3149 4315 8753 9077 9216 9782
4191 5 57 156 7324 7635 9045
4192 6 1989 3551 5185 9001 9153 9734
4193 5 4394 5136 5431 7415 9727
4194 6 1366 3946 4358 4483 6177 8514
4195 5 1980 2124 5287 5666 8259
4196 5 1196 4308 7874 8095 9025
4197 5 1433 1506 2189 5662 7424
4198 7 308 890 2413 5592 5689 7913 8235
4199 7 338 2323 2362 3015 5388 6348 9778
4200 6 459 4479 4768 6020 8188 9250
4201 3 4087 7487 7827
4202 7 2197 4250 4497 5283 5959 7062 9006
4203 9 36 1576 1676 2109 3241 4282 6260 7362 8614
4204 6 1507 2234 2557 3797 5143 8568
4205 3 2049 6733 8243
4206 7 1806 3495 5273 7129 8104 8687 8921
4207 3 1093 8204 9407
4208 8 1102 1214 1765 4887 4902 7029 7942 8010
4209 7 201 420 1697 2587 6331 6547 9968
4210 5 2132 3348 3487 9412 9705
4211 4 1685 3504 6849 9511
4212 2 2864 6643
4213 5 1211 4102 4169 6982 8964
4214 4 2683 7353 9499 9614
4215 6 1706 4611 5446 5846 8111 8458
4216 5 38 1457 2038 2544 5891
4217 9 2085 4521 4524 4674 4700 7789 7969 8665 8931
4218 2 108 8684
4219 5 1381 2855 3096 3843 7489
4220 7 1666 2134 2172 4531 7508 8465 9483
4221 7 313 969 2938 3363 6492 9868 9943
4222 5 4828 5740 7520 8732 9137
4223 7 82 1947 2474 5185 5513 7843 9592
4224 5 638 4090 4397 4424 6651
4225 4 875 1370 1816 2374
4226 7 858 2901 4412 4422 6985 7963 9024
4227 5 2814 4803 7024 7347 7747
4228 2 6522 7702
4229 8 370 376 1589 3276 7356 7372 7867 8684
4230 7 976 1193 1406 3653 5431 7388 9951
4231 2 6543 7274
4232 11 468 1559 3381 4824 5092 6962 7488 7589 8164 8231 8371
4233 6 15 579 1852 3230 4753 9153
4234 5 231 2110 6026 7188 8592
4235 6 1345 5570 6063 9121 9197 9413
4236 7 5 730 877 1638 3597 5692 9439
4237 7 1456 2442 2552 3161 4515 8190 9512
4238 4 1061 2587 3946 8705
4239 6 839 1064 3241 3894 3976 9441
4240 3 3345 6568 8031
4241 8 2385 2549 2564 2616 2981 5018 9012 9675
4242 6 3256 4177 6266 7912 8386 9474
4243 4 59 1592 4384 8095
4244 3 1173 5413 9515
4245 4 3964 4766 6791 8370
4246 1 3027
4247 4 2804 5829 6475 9208
4248 6 2563 3123 3898 7865 8275 9176
4249 5 1320 2250 3514 3600 6152
4250 8 357 3187 4202 4984 5578 6659 9018 9967
4251 5 1617 3611 4130 4255 5190
4252 9 158 749 1427 3247 4131 6653 7198 9434 9645
4253 4 2504 3087 4945 4951
4254 8 1824 1971 2496 4081 4187 5227 5583 9981
4255 6 1656 1779 1973 3090 4251 4685
4256 15 392 660 808 1368 1630 2063 3228 5012 5765 6256 6818 7414 8873 9429 9980
4257 3 5785 6730 7334
4258 4 868 874 1939 6682
4259 6 338 2724 4738 5347 8221 8864
4260 6 92 1256 1736 2578 2832 6496
4261 4 4555 6226 8984 9330
4262 5 2604 4540 4742 7216 9149
4263 5 419 4830 5123 5756 8116
4264 8 165 577 2057 2730 6487 6747 6947 9760
4265 7 4344 5472 6818 7816 7820 8013 9897
4266 3 4084 7481 7557
4267 7 2384 3679 5329 6680 6764 8610 8769
4268 6 1905 2104 4329 4831 8226 8941
4269 6 3075 4160 4609 7662 9395 9511
4270 3 1462 1846 6511
4271 5 389 2422 3227 7516 8465
4272 6 1787 2375 2976 4725 4966 9189
4273 4 4156 4932 4992 8871
4274 7 29 1405 3536 4490 6111 6373 6675
4275 4 3987 6465 7385 9233
4276 7 1154 1292 1297 3155 4074 7220 9188
4277 2 2718 4094
4278 7 1292 1441 4856 5014 8609 8616 9867
4279 4 1536 1793 2267 9426
4280 6 145 2192 2400 3443 8028 8690
4281 3 2775 6355 8480
4282 9 527 1655 1827 4203 4404 5166 5240 5577 6432
4283 6 549 3159 4831 5874 7251 8855
4284 9 815 1619 1892 3155 3334 4368 5080 6456 7624
4285 6 639 3745 6010 6958 7530 8444
4286 8 2506 3838 5484 6688 8438 9170 9515 9793
4287 7 16 624 4479 5303 5706 7983 8986
4288 3 4858 5340 7297
4289 6 854 1222 3397 4312 5742 6018
4290 7 968 3011 4319 4633 5329 5454 9064
4291 7 1728 3354 4312 4774 6009 8201 9074
4292 4 2965 3166 7039 7103
4293 1 8296
4294 3 6661 8445 9308
4295 4 1480 3928 5493 6743
4296 8 517 1643 4582 5069 6460 7724 7943 8930
4297 7 691 4082 6231 7676 8277 8396 9304
4298 3 1106 7774 9147
4299 4 2420 4465 4780 5369
4300 4 28 792 3620 5270
4301 5 2780 4041 4446 5156 5184
4302 5 1715 1737 5865 8125 8868
4303 4 5490 5589 7647 9845
4304 6 24 1577 2167 3313 8526 9290
4305 1 5805
4306 6 1605 2441 4767 4828 7051 8536
4307 7 1315 1860 2210 3985 4956 5107 6254
4308 8 1375 3079 4196 5706 5852 5986 8123 8270
4309 6 3587 3902 5152 5657 8336 9591
4310 4 1386 5498 7920 8944
4311 6 6 897 3251 4636 6013 8919
4312 8 3648 4289 4291 4499 5731 7078 7357 7548
4313 4 570 4583 6486 7051
4314 6 389 1949 5719 6069 6882 8719
4315 7 174 1696 3441 3943 4190 9525 9818
4316 8 1708 1744 1938 3463 5457 5631 6055 8146
4317 6 2905 5529 5534 7651 9792 9802
4318 7 2249 2566 3099 4866 5784 7648 8312
4319 6 588 3032 4290 5382 9792 9820
4320 2 3280 5480
4321 5 2283 2936 4834 9113 9569
4322 2 7405 8153
4323 4 3436 5039 5226 8695
4324 4 364 4653 5983 8148
4325 4 4067 5237 7428 7722
4326 4 1149 2431 8754 9467
4327 1 9636
4328 7 784 4405 4566 4743 4922 5388 8953
4329 8 800 2560 2668 4052 4268 8688 9280 9369
4330 4 2753 3323 3693 6602
4331 8 1688 1701 1740 4069 4457 6036 9312 9869
4332 7 2088 2655 7064 8469 8770 8936 8938
4333 5 3476 3680 3753 6578 9575
4334 5 1722 1871 2879 3488 6714
4335 8 1766 2196 2485 5283 6005 7624 8054 8138
4336 4 1091 2423 6279 9084
4337 4 617 6285 7556 9447
4338 6 1278 1541 3190 5434 9237 9636
4339 10 491 2521 3335 5150 6678 6841 6912 7581 9292 9457
4340 5 424 4072 5338 6920 9259
4341 5 1299 1906 6004 7171 9593
4342 11 1320 2780 3543 4638 5482 5947 6334 6910 7853 9055 9386
4343 9 372 1891 1997 3713 5907 7068 7204 8453 8875
4344 7 1025 1062 1818 4265 7030 9096 9617
4345 6 384 4539 6574 7168 9018 9307
4346 5 3759 4504 4565 9226 9432
4347 4 2239 4538 8122 8798
4348 6 1359 3572 6928 7121 8121 8510
4349 3 3749 4986 6277
4350 7 1591 4107 5919 5958 7856 8270 9450
4351 9 773 1061 1809 2603 3363 4865 5536 6732 9888
4352 6 543 3018 3115 3510 6200 6508
4353 6 1422 1491 2040 2211 2505 9648
4354 4 1598 3070 3518 8973
4355 10 1553 3145 3572 4000 4551 4867 5582 6126 8309 9784
4356 6 3883 6591 6676 7351 8653 9944
4357 3 1307 1450 1851
4358 5 291 3343 4194 7797 8929
4359 5 2065 2833 6720 8935 9351
4360 5 14 572 3653 4108 7301
4361 5 30 2754 2895 3764 8634
4362 2 569 7295
4363 4 1282 2413 5565 9908
4364 4 34 7065 9551 9616
4365 6 899 1301 4533 4633 4995 8312
4366 12 447 565 2044 2045 2210 2535 4155 4533 5064 6928 7849 8973
4367 4 1307 2995 5415 9145
4368 3 1114 4284 9926
4369 8 1411 3022 3452 4052 7006 7020 8037 8767
4370 4 2975 5312 6171 7641
4371 11 605 1097 2816 3220 3988 6022 6145 6685 7797 8091 9515
4372 5 666 847 1160 2631 4648
4373 5 2678 3019 6804 8007 8685
4374 7 83 1801 2771 2813 5445 8094 9729
4375 3 369 8691 9598
4376 6 1100 1239 3097 6795 7383 8549
4377 4 709 2248 2809 6871
4378 4 1282 4837 7919 8406
4379 7 1126 2862 5925 6077 6238 9175 9633
4380 4 1242 1738 2197 9716
4381 5 2368 3568 6153 7048 8217
4382 6 608 911 5048 5386 7993 9693
4383 6 2458 6312 7738 7917 8590 8971
4384 7 836 2402 3671 4243 4875 5921 8728
4385 5 3423 6690 8423 8825 9683
4386 8 457 2771 3626 3952 6262 7040 7625 9156
4387 8 3391 5201 5655 7649 8112 8249 8841 9678
4388 4 5493 7225 7576 8922
4389 5 378 555 1350 2286 9505
4390 6 1417 2450 5338 5350 5876 7573
4391 6 755 5209 6319 7063 8055 8099
4392 2 17 8613
4393 6 1422 1443 4073 5045 9709 9856
4394 11 465 1053 2038 4160 4193 4474 4807 6224 7361 8804 9342
4395 9 1502 2593 2778 3351 5855 7443 8240 8900 9680
4396 5 1387 3428 4452 8570 9985
4397 8 166 752 2525 4224 5314 8531 9540 9679
4398 5 173 1890 2695 9011 9389
4399 5 210 2127 3027 5481 8722
4400 7 1744 3077 4142 6109 6736 8801 9379
4401 6 1349 2589 3590 4185 6187 9208
4402 7 3331 3916 4174 4430 6648 8291 8725
4403 7 344 3691 3755 3863 5594 5831 7187
4404 10 1108 1838 2120 2140 4113 4282 6551 6553 7208 8222
4405 6 22 415 2268 4328 8237 9678
4406 6 3005 3032 5541 6745 7677 9218
4407 3 313 4485 4799
4408 2 2012 5897
4409 7 1319 1627 2899 5547 5789 6629 9818
4410 7 1508 1985 2649 3375 5017 7093 8564
4411 5 8369 8603 9597 9754 9768
4412 7 1619 4226 4618 5108 8494 9075 9266
4413 7 244 1976 2791 2998 8239 9843 9967
4414 9 1048 1367 1372 5901 6843 8254 9132 9405 9935
4415 5 2826 4513 6744 6751 7008
4416 11 230 333 2479 2869 3849 4027 6659 8314 9006 9401 9630
4417 6 2333 3149 4429 5239 5941 6222
4418 3 1153 2110 8673
4419 6 462 992 1520 3143 3468 7952
4420 10 139 2584 2617 2761 3186 3226 6860 6911 6991 9802
4421 4 3601 6644 7704 8932
4422 5 1071 4226 4461 6893 7115
4423 6 176 523 2237 5832 8027 9219
4424 3 4224 5590 7876
4425 3 2903 2912 6502
4426 5 783 1031 3163 6410 9859
4427 7 281 4877 6347 6722 6795 8092 9677
4428 9 662 3132 3468 5173 5867 5921 7967 9418 9998
4429 4 1644 3647 4417 5553
4430 6 462 757 4402 4492 7037 8677
4431 12 239 849 2379 2930 3180 4489 5668 6136 7195 7482 9400 9421
4432 11 1513 1978 2303 2332 2770 4863 8340 8745 9089 9887 9896
4433 7 983 2153 2610 2757 3988 8046 9914
4434 5 1863 5369 8786 9316 9422
4435 3 3727 5215 9890
4436 2 4798 9191
4437 4 1019 1748 1979 2856
4438 12 842 1155 1611 2492 2855 4704 6830 6938 7337 7338 7996 9759
4439 0
4440 5 499 1476 2118 4969 9442
4441 6 1706 2236 4077 4185 7700 7797
4442 6 3171 3460 5690 8101 8704 9412
4443 4 2303 3240 5624 9966
4444 6 1583 4666 4844 6153 7950 9659
4445 7 138 527 2723 3170 3408 6671 7305
4446 12 1176 1191 1903 2810 2957 3284 4301 4858 5031 5722 7185 9099
4447 5 552 1619 2910 7189 7699
4448 4 5710 8595 8817 9625
4449 6 2442 3632 4950 8281 8344 9549
4450 4 725 974 5910 6950
4451 3 232 793 3426
4452 6 1206 1921 4396 5130 9397 9832
4453 11 1157 2595 2607 2634 3792 4003 6261 7471 8231 9043 9922
4454 3 3193 7854 8977
4455 5 3021 4989 6274 7631 9660
4456 9 517 2236 3023 3689 4476 6223 6843 9144 9582
4457 6 1039 2436 2741 2980 4331 7232
4458 9 1830 3065 3236 3951 5263 6887 7018 9252 9498
4459 1 8974
4460 6 679 4690 5304 6230 8228 8918
4461 4 472 2505 3439 4422
4462 6 2184 2498 2643 6145 7559 8876
4463 9 517 1945 3025 4724 5079 6861 6961 9279 9999
4464 5 2556 4645 7665 8162 9093
4465 6 272 952 3115 3492 4299 7710
4466 5 2790 4563 6511 6630 7212
4467 4 75 575 3497 8832
4468 7 61 1847 3598 5149 5888 6548 6581
4469 7 2913 3270 5121 5801 6218 6993 8251
4470 5 1507 3007 3393 4890 6812
4471 5 211 5135 8379 9221 9944
4472 3 4881 6046 9592
4473 7 668 1262 3241 6476 7474 8162 9602
4474 5 1437 2692 3997 4135 4394
4475 6 941 1205 2868 3480 4026 8314
4476 7 41 259 1845 2288 3546 4456 4526
4477 6 1916 5026 5348 6524 7577 9696
4478 9 2289 3985 4070 4914 6287 6484 7090 7208 7509
4479 10 4133 4200 4287 6261 6326 6372 7648 8736 9161 9395
4480 8 40 1573 2285 5899 6568 7065 8077 9115
4481 5 789 1212 6556 7088 8910
4482 6 2387 2642 3468 3699 5993 8291
4483 8 3162 4194 5439 5720 7013 7302 9033 9268
4484 6 2804 3106 3204 4015 7178 8644
4485 10 21 833 921 1413 2714 4407 6925 8607 9369 9391
4486 5 189 1352 3328 5491 8953
4487 5 790 3033 8561 9271 9276
4488 5 353 991 6332 6337 6979
4489 6 933 1949 2855 4431 4535 5203
4490 4 12 4060 4274 8021
4491 7 262 746 1023 5831 6511 6924 7888
4492 5 4430 7360 7381 8695 9011
4493 7 62 1629 2126 6596 7455 9098 9299
4494 5 2829 5346 5386 7516 8201
4495 7 86 139 1450 4092 4793 6354 8196
4496 7 178 361 3346 5108 6269 7962 9499
4497 9 2537 2790 4202 5042 5428 6728 7243 7522 7958
4498 10 471 486 968 2716 3002 3466 5757 6629 7949 9197
4499 7 2354 4312 4818 5321 6043 8177 8881
4500 2 2192 8651
4501 10 156 1058 1644 3001 3217 3848 5075 7788 8620 9023
4502 4 2642 2993 4852 5267
4503 3 3852 4705 6046
4504 7 1056 4346 4790 5407 6501 8019 9670
4505 7 1794 5060 6516 6596 7472 8019 9901
4506 9 714 3997 5699 7168 7705 8977 9152 9304 9401
4507 2 1401 9685
4508 6 758 2474 5525 5660 7082 9280
4509 3 3168 7025 7928
4510 8 1055 1960 2133 2831 3130 3217 8192 9109
4511 3 2206 7049 9630
4512 3 918 3368 9752
4513 5 876 4415 6702 7039 9334
4514 2 9641 9841
4515 9 313 535 584 2510 2936 3487 4237 8521 8796
4516 9 2153 2829 6785 7038 7590 7763 9290 9714 9719
4517 4 713 6073 7681 8402
4518 5 369 2677 3469 8233 8720
4519 9 1127 2884 3236 3318 6380 6890 6894 8711 9336
4520 2 1062 1911
4521 5 3469 4135 4217 5237 7160
4522 5 1431 2833 6127 6237 8459
4523 8 289 1653 3001 3712 3781 8671 8912 9346
4524 7 1564 1989 2872 4217 6197 6960 8358
4525 8 144 1259 3557 5373 5413 5780 7084 8068
4526 8 256 1132 1200 1981 3157 3268 4476 7755
4527 3 112 3208 7334
4528 5 2546 3037 3211 4086 4601
4529 6 438 1023 1835 2621 7194 8826
4530 8 851 903 2960 4133 5373 5701 6474 9368
4531 5 119 2847 4108 4220 9863
4532 7 1403 1920 3458 6438 7092 7290 7987
4533 7 9 2162 4365 4366 5614 9424 9581
4534 8 453 4181 5542 6171 6381 8030 8287 9491
4535 5 2909 3371 3628 4489 9451
4536 3 715 4907 8858
4537 6 462 3796 4854 5526 5804 7628
4538 6 167 2839 4347 4855 6688 8506
4539 5 694 874 3014 3096 4345
4540 7 577 2432 4262 5004 5107 7347 8547
4541 6 1006 1612 2533 3096 3392 8486
4542 8 1018 2506 3187 3291 7258 7625 8870 9720
4543 6 84 126 2320 6047 6318 8375
4544 10 53 2815 3116 4658 4963 6014 7151 7608 7837 8730
4545 3 1514 6270 7767
4546 3 2081 4562 6793
4547 6 2808 4763 5623 6879 7108 8991
4548 4 5630 5676 8848 9501
4549 9 3468 4961 5274 5516 7020 8212 8958 9222 9451
4550 3 1112 3990 8408
4551 8 1252 2771 4355 8245 8711 9314 9862 9932
4552 11 734 3093 4569 4729 4940 6747 7135 7429 8389 8644 9646
4553 4 1442 4733 5273 7356
4554 5 292 334 865 5692 8483
4555 6 1882 2015 4261 4881 7994 9206
4556 7 2098 3665 5762 6940 8307 8727 9211
4557 6 1476 3215 3437 3590 4737 4967
4558 6 738 863 2832 5162 5716 6011
4559 7 938 1350 2466 2854 5952 9285 9769
4560 7 829 1381 2706 3495 4144 6107 6755
4561 3 573 5162 7679
4562 10 198 433 710 861 2095 3838 4546 4938 6318 6967
4563 9 41 2317 4094 4466 4915 7042 7404 8590 9357
4564 4 1307 3999 6585 8168
4565 5 3766 4346 5954 8027 8608
4566 9 296 2138 3754 4328 4898 5036 7038 7554 8433
4567 4 4187 5956 9281 9506
4568 8 982 2081 2561 3887 4694 7083 8013 9978
4569 5 616 4552 7639 7879 8378
4570 10 83 1721 2551 2770 5177 5401 6254 6636 7941 9378
4571 6 1665 1950 3006 3146 4850 6291
4572 8 1015 2256 2899 7117 7953 9343 9415 9729
4573 5 63 1257 5263 5427 9129
4574 7 2267 3020 5743 5832 6778 8550 9670
4575 9 739 750 1097 2419 4059 5851 6983 7009 9119
4576 7 1759 2361 2412 2691 6296 6483 7159
4577 4 1693 1751 4128 8050
4578 11 227 661 1191 1578 2022 2423 3894 4150 5862 6892 7066
4579 1 6227
4580 9 521 1322 1377 5351 5778 7490 7600 8371 8453
4581 10 319 499 3705 3764 4022 5634 6244 7420 9206 9967
4582 5 555 4166 4296 4859 7085
4583 9 322 894 2365 3219 4313 5029 7139 8490 9366
4584 7 3226 3628 5975 6663 6779 8492 8945
4585 6 693 938 1873 2950 5399 5868
4586 4 5000 5364 7968 9395
4587 4 4065 4913 5679 8431
4588 7 1893 6083 7074 7140 8177 8730 9986
4589 5 454 1725 7481 8807 9923
4590 5 831 923 3478 9619 9957
4591 4 924 2019 5083 7928
4592 5 616 3734 6510 8084 9117
4593 6 1823 2692 3209 8426 9346 9764
4594 9 1280 1389 1728 3457 3630 5537 6070 6208 6749
4595 3 843 897 1168
4596 8 2003 3232 3365 3737 5914 8099 9288 9404
4597 1 8499
4598 6 1624 2246 2844 3030 5902 8767
4599 3 6559 6707 9104
4600 4 906 1422 7305 9393
4601 6 4528 4783 4812 7372 8977 9563
4602 5 208 1317 1972 5505 5665
4603 6 300 361 873 1807 6598 9305
4604 5 66 1466 3427 4103 7564
4605 9 175 955 2530 2920 3523 5570 7356 7561 7745
4606 5 1009 3254 4989 5041 8305
4607 4 2358 3427 6304 6546
4608 6 1541 4866 5077 5681 9217 9773
4609 10 878 2009 4269 5146 6268 6576 7348 9371 9676 9927
4610 2 4981 9414
4611 6 1297 4215 4743 4788 5165 8993
4612 7 837 5133 6002 6550 7039 8313 8457
4613 5 897 1740 2293 2687 6725
4614 3 359 1089 7151
4615 9 684 3381 3684 3739 3785 5071 6764 7361 9735
4616 4 5826 7098 8086 9383
4617 7 961 1640 2565 5761 6151 7624 9565
4618 10 590 835 1029 1891 4412 5485 5993 6909 6989 7476
4619 2 697 6565
4620 7 513 2328 3049 3204 3733 8378 8850
4621 9 35 1858 2806 2936 4845 5116 6256 8818 9929
4622 7 2323 2348 4644 5128 5439 8986 9140
4623 5 2090 2510 3013 4739 8061
4624 8 685 2412 2936 3717 8964 9404 9742 9865
4625 5 448 1563 5351 5866 8829
4626 4 4934 5520 8584 8911
4627 3 1124 5636 9249
4628 5 1825 2276 2676 8622 9182
4629 3 6164 7534 7618
4630 7 596 2921 5051 7238 8631 8990 9239
4631 6 127 497 2872 5078 5111 6113
4632 8 2070 4684 7539 7708 8240 8704 9179 9517
4633 6 348 2011 4290 4365 4907 9921
4634 3 2084 2343 4001
4635 5 1953 3048 4865 5950 8521
4636 8 1258 4311 5093 5647 6098 6320 7259 8241
4637 1 8831
4638 8 745 2136 3249 4342 5007 5466 7046 9435
4639 6 1880 2056 2550 3242 4005 9241
4640 5 1892 3332 4803 6102 8198
4641 7 3204 4923 7335 8133 8165 9058 9653
4642 3 1559 5615 9385
4643 8 1088 5803 6693 6773 7572 7620 8482 8587
4644 9 1359 2374 2587 4622 5427 6869 8202 8397 9634
4645 10 835 2149 3848 4464 5128 6039 7170 7414 7596 8744
4646 8 914 979 1086 3327 3939 7276 7821 8891
4647 7 619 3905 4015 4849 6598 7459 8699
4648 5 2789 4372 5336 6154 9037
4649 9 796 1170 1627 1760 3916 4976 6160 6344 8633
4650 7 615 2140 5279 5619 5732 5959 7872
4651 4 3046 5012 5753 5855
4652 5 439 1381 5793 5874 8882
4653 5 3969 4324 6718 7812 9619
4654 4 1536 2823 3131 9684
4655 0
4656 3 1041 7697 9942
4657 5 1300 1879 3058 3710 7189
4658 9 56 1764 3118 3314 4069 4544 4984 7933 9466
4659 3 188 915 6330
4660 3 2087 6759 7029
4661 11 876 2787 2968 5044 5686 5930 5934 7242 7644 7707 8151
4662 4 1382 5211 5735 7714
4663 4 120 2907 7485 7976
4664 7 958 1509 3767 4690 7052 9184 9825
4665 11 70 895 3143 3698 4801 5162 6389 6478 6968 7511 9459
4666 8 1161 2268 2549 4444 5294 5441 7793 9404
4667 6 2391 4742 5308 6766 7150 7722
4668 5 1084 3095 5214 8172 9334
4669 6 1146 1732 5034 6865 7068 7767
4670 5 4731 6093 7393 9192 9558
4671 6 331 1937 4187 5900 8202 8634
4672 5 151 2075 3694 7519 7710
4673 4 798 2157 8978 9441
4674 5 1516 2372 4217 6070 8566
4675 6 228 436 1428 2354 3429 5840
4676 8 1201 2927 3721 5472 5530 6492 9725 9884
4677 5 3453 3757 7917 8797 9599
4678 5 1083 1326 4997 7349 7544
4679 7 2091 2555 3224 3897 5023 5031 8818
4680 3 289 3535 5754
4681 1 5694
4682 7 369 1207 2295 4758 6685 6887 7118
4683 6 61 1417 2977 4692 6494 9164
4684 10 67 994 1142 2062 4632 5088 6540 7158 7734 9781
4685 9 361 3095 3219 3896 4255 6157 6291 6533 9511
4686 3 2764 4101 7752
4687 4 481 1486 7422 8628
4688 8 17 1575 2248 4784 5108 6562 8876 9839
4689 5 1090 2272 6311 6882 9541
4690 8 166 404 2119 2185 4460 4664 6366 9261
4691 5 1343 2004 7977 9707 9884
4692 9 157 1340 1884 2578 3629 4683 6940 7914 9113
4693 5 1336 6335 7882 9239 9450
4694 7 301 3552 4568 5980 6225 6383 7674
4695 1 7683
4696 4 1306 3143 5414 6771
4697 4 467 3301 9465 9870
4698 7 1049 1354 2510 3359 6843 7978 8273
4699 12 1410 1664 1706 1902 2087 2572 2631 4069 4702 5265 7270 9751
4700 5 430 922 4217 5193 6798
4701 6 1690 2015 2028 2640 4711 5084
4702 4 4005 4699 5415 7771
4703 8 1099 1612 1679 3797 5195 5815 6177 6745
4704 8 472 1086 2593 2739 4438 7296 8733 8993
4705 5 198 1385 4503 5203 8046
4706 2 4175 9688
4707 5 685 3744 5930 7391 7455
4708 5 1573 1693 2475 5512 9860
4709 9 287 2952 3175 3810 5094 5818 6467 8697 8881
4710 2 2455 6810
4711 6 513 573 4701 7786 8562 9010
4712 4 1335 2680 6440 9834
4713 5 4820 5394 6477 8983 9317
4714 3 3865 7021 7422
4715 4 326 3947 4187 7437
4716 5 488 1355 2133 5192 8660
4717 9 737 926 985 5118 7908 8427 8570 9379 9382
4718 5 65 2692 4844 5667 7868
4719 6 437 2051 2577 6363 8043 8464
4720 6 2390 3040 3669 5387 9007 9031
4721 7 3559 3891 5465 6149 7500 9419 9929
4722 11 730 1515 3990 4968 5325 5420 5555 7147 7655 8382 8955
4723 12 410 495 515 654 701 1063 2283 2504 3433 5912 8191 9540
4724 7 3198 4463 5047 5692 6332 9478 9886
4725 7 2264 4272 5057 6395 8337 9018 9357
4726 7 2348 3311 3899 4891 6579 8550 8553
4727 5 148 3453 5627 5824 8257
4728 6 189 488 7978 8710 9621 9884
4729 6 2730 4552 6893 7555 7659 8488
4730 7 916 1728 3359 5341 7948 8103 9523
4731 10 1107 1770 2463 2968 4670 5275 5609 7683 7982 8802
4732 7 1843 2424 3015 3699 5508 8788 8822
4733 10 665 1673 1773 2035 3521 4553 5433 8550 9340 9898
4734 9 1468 4827 7367 7675 7705 7928 7965 8096 8241
4735 9 1920 3550 3735 5970 6073 7030 7218 7588 8205
4736 5 1854 3395 3744 7874 9016
4737 5 4557 6192 7210 9346 9469
4738 2 2464 4259
4739 6 808 933 2107 4623 5933 7423
4740 6 328 500 1131 8558 9485 9518
4741 8 1655 2519 2724 6430 7265 7774 8130 8456
4742 5 507 1549 4262 4667 6685
4743 10 1833 1991 2889 3694 4328 4611 4965 5671 5953 6348
4744 5 2473 2923 8022 8190 9346
4745 10 602 5026 6374 6430 6451 7544 8791 9770 9815 9816
4746 11 1539 4044 5337 5736 5989 6185 6230 7413 8007 9364 9745
4747 5 1293 1677 5567 7495 8425
4748 3 2767 7781 9782
4749 5 1093 6755 7820 8084 9271
4750 2 2510 9189
4751 11 5 183 750 1276 1490 6021 6329 6380 7599 7913 9600
4752 6 669 5670 6516 6919 8583 9385
4753 9 332 740 1214 3080 3414 4233 6562 9297 9405
4754 7 1237 1342 1742 1771 4867 5130 5350
4755 5 2231 2584 7096 7549 9330
4756 14 1009 1532 3264 3495 3853 4805 5147 5822 5874 5883 6090 6976 6992 9391
4757 11 109 1111 1993 2479 2567 3015 5012 6356 7381 7686 8677
4758 5 1016 2723 4682 5900 8158
4759 6 240 2734 3042 3421 8029 9475
4760 2 2925 7080
4761 5 2044 4821 5598 5633 7551
4762 2 5015 6057
4763 4 138 3122 4547 5079
4764 6 4124 6024 6886 7610 9125 9902
4765 4 1854 4170 5964 6370
4766 7 1461 4245 7005 7468 8377 8391 9291
4767 8 493 769 1915 2304 4306 9094 9483 9700
4768 6 27 1140 2377 4200 5437 7281
4769 5 5549 7344 8570 9338 9975
4770 7 646 1095 3509 3904 8124 8174 8814
4771 8 470 1257 2261 3108 3713 4128 8418 9372
4772 9 2792 2900 3014 4917 5008 6726 6854 8264 9385
4773 5 1745 3431 5447 5551 7729
4774 7 4 221 2555 4291 6117 6316 9373
4775 10 1021 1754 3662 3847 4137 7072 8722 8899 9766 9801
4776 3 1949 8641 9259
4777 8 185 2195 3158 3360 6318 6777 7316 9653
4778 4 1509 2638 4149 4820
4779 7 925 1244 2221 2738 3702 4972 6852
4780 7 2837 3415 4299 5315 6628 7174 9112
4781 9 1381 3844 4901 6967 7065 7406 7539 7836 9152
4782 8 1000 1599 1657 3814 4836 6572 8142 9949
4783 3 3633 4162 4601
4784 3 1227 3243 4688
4785 9 487 836 919 936 2422 7925 7947 8278 9625
4786 2 832 5693
4787 6 774 4886 6753 7226 8190 8994
4788 4 2744 3963 4131 4611
4789 4 418 537 5451 6774
4790 5 412 586 1388 4504 9556
4791 2 7338 8888
4792 1 3457
4793 8 2741 3027 4495 6019 7200 8399 8607 9175
4794 13 1597 2419 2459 2677 2929 3385 5451 5601 6278 6458 7312 8413 9052
4795 6 753 1174 3648 5741 7164 9804
4796 3 602 6080 9996
4797 8 904 1998 3100 5551 8141 8218 8461 8579
4798 9 378 794 4436 5247 5505 5888 6485 8429 8571
4799 8 955 1412 2864 2873 4113 4407 5137 7027
4800 4 2670 5284 7972 7986
4801 4 2092 4665 7928 8829
4802 5 2475 2594 5070 6031 7611
4803 3 511 4227 4640
4804 8 1313 2131 3495 3733 8068 9071 9174 9801
4805 3 2166 3841 4756
4806 4 2020 3890 3979 7030
4807 7 2958 3137 4394 6799 7606 7877 8158
4808 7 1898 2991 5010 6855 6870 7672 9068
4809 10 197 276 1131 2615 3795 4100 5234 8150 8905 9738
4810 4 3326 6294 8211 8411
4811 5 2209 2270 2723 7075 8283
4812 3 4601 8926 9368
4813 5 2607 3417 3879 7548 8627
4814 4 1716 5361 7970 9923
4815 5 1678 2575 5595 6342 9144
4816 5 1015 1661 5257 5820 7890
4817 8 235 1824 2210 5946 6229 6888 7156 8488
4818 6 1721 4499 5631 7177 8579 9363
4819 4 1031 1225 7902 7993
4820 7 122 3028 4713 4778 6662 8870 9309
4821 9 144 912 1353 1495 1608 2688 2961 4761 8276
4822 6 336 5147 6418 6713 7554 8071
4823 4 473 3563 7191 8289
4824 7 1640 3318 3637 3871 4232 6989 8765
4825 5 6585 7642 7910 9658 9742
4826 10 2496 2995 3089 3669 4011 4846 5724 5978 6805 8765
4827 5 4179 4734 5735 7137 8783
4828 8 1436 2028 4222 4306 5596 5609 6085 8327
4829 6 931 1434 6589 8061 9254 9394
4830 8 2025 2332 4263 6165 6465 7129 7302 8105
4831 6 1478 2907 4268 4283 5017 7899
4832 5 1286 2230 2383 3601 9964
4833 8 323 1522 3194 4115 5178 6729 8368 9334
4834 6 1250 2833 4012 4321 6703 7221
4835 2 1466 3337
4836 4 1964 4782 5713 8930
4837 6 1750 2467 4378 5797 6256 6567
4838 8 72 114 326 920 1014 5115 8043 9383
4839 7 762 1359 2316 6378 7654 8169 9010
4840 3 2032 7579 8214
4841 3 1785 2817 8429
4842 4 5716 6565 6842 7895
4843 3 332 3764 9022
4844 14 1382 1593 1714 4163 4444 4718 5694 5886 6101 7142 7968 8057 9945 9965
4845 6 1111 3179 4621 5942 6224 8266
4846 10 673 1155 3191 4826 5014 5772 7117 7139 7896 8387
4847 6 734 1524 5368 5627 7898 8539
4848 3 1385 2636 6179
4849 12 315 508 1086 2804 4647 6135 6751 7505 7589 8148 8236 8556
4850 6 1873 4571 5158 5813 7148 9223
4851 2 891 2945
4852 8 1405 3797 4502 6206 6377 7284 8547 9381
4853 11 113 637 1412 2589 2655 3209 5338 7668 8396 8547 8625
4854 8 445 1123 2625 3764 4537 8600 8668 9672
4855 7 4538 7362 7828 8669 9560 9631 9842
4856 6 967 1688 3196 4278 6087 6395
4857 8 561 999 2087 5227 6674 7398 7581 7622
4858 7 923 4072 4288 4446 6679 8177 8787
4859 6 1708 4582 4905 7715 8070 9442
4860 2 2453 3308
4861 7 738 1384 1964 4963 8255 8373 8455
4862 8 574 2038 5477 5763 6448 7587 7916 8309
4863 4 705 1372 4432 6549
4864 11 1008 1867 2068 3371 3793 4092 4933 5062 5431 5990 7932
4865 9 1256 1473 2873 4351 4635 4974 8023 8216 9912
4866 8 1535 2316 4318 4608 4873 5791 6935 9171
4867 10 402 1776 3371 3412 4059 4355 4754 8001 8606 9668
4868 5 27 346 3778 4038 8938
4869 5 259 547 732 2245 2961
4870 3 2029 3693 9258
4871 6 709 1087 5115 7119 7926 8348
4872 5 2858 3150 3948 4075 7067
4873 4 960 2731 3612 4866
4874 5 1118 2585 4105 6200 6430
4875 8 1251 2701 4384 5373 5407 6546 7739 7936
4876 8 2435 3179 3617 4031 4147 4966 7423 7425
4877 3 3396 4427 5319
4878 2 401 2457
4879 3 1471 1989 2474
4880 3 2659 6856 9343
4881 4 4472 4555 7055 7129
4882 2 1713 6418
4883 4 2491 4964 5709 9419
4884 1 9379
4885 5 840 5090 5467 7271 7736
4886 10 1543 1690 2160 2177 2778 3258 4787 8123 9108 9965
4887 5 1438 1691 4208 6644 7866
4888 5 3362 3645 6336 9187 9472
4889 6 1501 2163 6864 7494 7812 9890
4890 7 2272 2564 4470 5518 8351 8363 9324
4891 5 709 1175 2661 4726 7303
4892 4 509 1873 7109 9994
4893 3 599 3212 5291
4894 2 3147 3562
4895 8 852 2269 2334 3436 3484 5577 7170 8298
4896 4 2192 3016 3492 9095
4897 6 2514 4912 5155 7043 7478 8067
4898 6 2122 3754 4566 7712 7827 7950
4899 8 225 3236 3324 3350 5568 6362 9067 9780
4900 9 2173 2352 3056 3718 5432 6046 7243 8535 9071
4901 6 776 1391 4781 5357 5358 9180
4902 5 723 927 4208 5166 5374
4903 9 566 636 1225 2008 3232 3788 5853 6835 9553
4904 5 898 3326 8614 9412 9456
4905 9 645 3473 3528 3844 4859 8037 8563 8862 9010
4906 7 673 1696 4059 5010 5053 7657 8000
4907 5 3165 3542 4536 4633 6005
4908 8 437 1101 2426 2437 3661 4916 6763 7237
4909 7 274 285 535 3638 4043 8039 8152
4910 5 523 5393 7093 7968 8657
4911 3 342 2024 5368
4912 6 22 4897 7522 7722 9133 9562
4913 4 355 889 4587 5825
4914 3 364 3577 4478
4915 8 577 578 1275 4037 4563 5568 6668 8897
4916 7 1955 2725 4908 5615 8347 9021 9906
4917 10 1216 1436 3007 4772 5259 5681 6298 6411 6592 9117
4918 4 2061 2063 2351 7170
4919 2 1137 5749
4920 6 138 979 3387 5019 7264 8530
4921 6 579 2394 5165 5542 8730 9324
4922 3 3236 4328 9771
4923 8 531 1006 4641 5012 5903 7868 9176 9204
4924 4 2724 3160 7585 7896
4925 2 5676 9177
4926 3 57 3079 5494
4927 3 5279 5326 9123
4928 8 7 1283 3074 3433 6984 8068 8558 8938
4929 5 384 887 5845 6902 8390
4930 3 722 1437 9227
4931 5 1213 6461 7113 7254 7619
4932 8 87 943 2819 3161 3594 4273 6753 9883
4933 4 1278 4007 4864 6719
4934 4 610 4626 4981 6732
4935 7 822 1471 4061 5321 5521 5780 8093
4936 5 1009 2641 2877 5399 7718
4937 10 2106 2130 2646 2802 3074 5129 6417 6947 7855 8326
4938 6 2695 3061 3408 4562 6443 6586
4939 6 649 2725 3403 5862 8445 8919
4940 6 792 4552 5304 6189 6329 6846
4941 7 732 1424 1860 6417 7001 7633 9538
4942 1 9012
4943 3 6865 8381 8404
4944 7 352 2840 2892 3344 3455 3533 4075
4945 6 3300 4101 4159 4253 8343 9762
4946 8 435 621 2480 2569 2598 7899 9198 9480
4947 2 2882 8193
4948 7 271 2236 5000 5605 6765 7486 8958
4949 7 151 524 1099 1318 1621 2914 3440
4950 11 1320 2092 2632 4449 5274 5868 7090 7319 7443 8411 9271
4951 6 2382 2776 3878 4253 9301 9660
4952 5 3639 6870 7381 8472 8712
4953 4 173 668 6571 7334
4954 8 1089 3147 3255 3678 3818 5950 6446 8414
4955 5 139 1978 7954 8258 9495
4956 6 970 2686 4307 8946 9375 9472
4957 4 416 6556 8844 9811
4958 4 1257 6719 7862 8730
4959 7 639 1229 1238 2662 6469 9853 9870
4960 3 1142 3038 5309
4961 10 217 1465 2589 2895 3233 3499 4549 5867 5992 9162
4962 3 145 5407 9920
4963 7 819 1679 2432 3585 4544 4861 7596
4964 8 929 1671 1833 1944 2646 4883 7589 8456
4965 4 920 3517 4743 9210
4966 8 3060 4272 4876 5301 5862 5970 7772 9145
4967 8 1 1217 2537 4181 4557 6761 7391 9323
4968 9 226 2244 2656 3314 4722 7622 7955 8220 8863
4969 9 923 4440 5912 6797 6959 7407 7806 8446 9404
4970 6 2851 5759 6257 7258 8507 8509
4971 6 1261 1354 2268 2644 3866 9612
4972 6 1589 2525 4779 5520 7093 7353
4973 3 492 5804 7356
4974 7 371 682 2195 2199 4865 6711 6912
4975 4 686 1247 6521 6825
4976 9 2130 3742 4042 4649 6557 6628 6866 8665 9506
4977 9 68 950 1502 1767 2565 5334 5881 6064 6199
4978 8 666 6816 6906 7120 8412 8507 8775 9957
4979 8 292 1802 3056 6603 6697 6738 7338 9767
4980 5 1261 2514 2776 3692 8114
4981 7 3467 3488 4146 4167 4610 4934 6816
4982 6 2317 6619 7046 7412 8637 9513
4983 7 1027 1145 1718 3088 5007 6124 7806
4984 7 2111 2600 3047 4250 4658 7065 7765
4985 6 2415 2628 3006 6274 6554 9228
4986 5 3498 4349 5146 5365 8879
4987 7 2844 3421 5068 5187 7267 8034 9308
4988 4 627 2483 3238 8149
4989 9 1432 1987 2785 4455 4606 6217 7663 7837 8718
4990 4 2268 4020 6329 7549
4991 2 1488 5333
4992 3 4273 5802 5852
4993 4 131 1085 6098 7640
4994 2 607 6677
4995 7 1038 1552 1614 4365 6391 7460 9629
4996 9 202 1318 1495 2779 3160 4159 6648 8729 9375
4997 6 84 1109 2978 4154 4678 8247
4998 11 906 1029 2533 2695 3740 3956 4009 7024 9042 9395 9659
4999 5 7056 7085 7325 7433 9935
5000 6 364 811 4586 4948 5752 9797
5001 7 973 1565 1644 3412 8793 9006 9260
5002 1 1060
5003 5 1084 3104 3608 6422 8216
5004 7 219 606 993 1895 3666 3981 4540
5005 8 298 1855 2485 3541 7404 8507 9424 9732
5006 9 939 1151 3333 5118 5416 6720 7375 8325 9520
5007 7 3813 4638 4983 5586 6025 7749 7839
5008 5 157 171 4772 7080 8281
5009 4 1388 2953 3236 9106
5010 13 1877 2721 2805 4808 4906 5351 6632 6652 7982 9201 9266 9736 9951
5011 3 1780 2061 3657
5012 7 4256 4651 4757 4923 5395 6572 9639
5013 5 972 5905 5933 6703 9861
5014 9 720 2373 2505 4026 4278 4846 6722 6983 7900
5015 6 2825 3694 3795 4762 8810 8858
5016 6 1887 2960 3347 7031 9006 9064
5017 7 883 985 1975 4410 4831 6379 8006
5018 8 1194 1671 3221 4241 5790 6033 7375 9907
5019 7 442 1455 1641 3153 4920 8275 8925
5020 7 1766 2126 2243 2657 2705 9186 9828
5021 7 1214 1685 1899 2289 2554 4148 9569
5022 9 34 58 110 878 2241 2305 6083 7384 7572
5023 7 36 424 934 2800 3359 4679 5646
5024 8 800 1743 1933 5477 5567 7537 9700 9736
5025 7 2797 2812 3626 6580 7062 7552 7946
5026 6 2333 3874 4477 4745 7517 9528
5027 6 124 913 3862 5456 6663 9649
5028 6 3832 6778 7029 7141 8051 8870
5029 15 126 516 1193 1592 1804 2166 2323 2344 2403 2828 4583 5594 6093 7589 9090
5030 5 1788 3267 5610 8296 8972
5031 10 132 755 1204 2367 4446 4679 7912 8123 8150 9740
5032 7 1472 2967 4022 6322 6557 7357 9880
5033 5 437 2445 4137 5814 9092
5034 7 1284 3255 3352 4669 6122 7385 7952
5035 8 1058 4107 6964 7962 8399 9281 9327 9885
5036 9 1064 1545 2769 2969 4566 5324 8634 9443 9526
5037 5 334 666 5124 5879 7609
5038 8 940 1216 3844 5590 5693 5734 6612 8824
5039 8 1139 2401 2904 2943 3795 3933 4323 8250
5040 8 1040 1233 2041 3617 5931 6092 8688 9311
5041 6 1115 2914 4606 6303 6520 8055
5042 7 16 1198 1344 1347 2401 4497 9025
5043 4 392 6626 7499 9175
5044 4 1907 4136 4661 7396
5045 11 2579 3376 3495 4393 5162 5897 6430 7272 7492 9394 9494
5046 4 235 1816 5452 7803
5047 8 901 1389 2086 3540 4724 6404 7116 7441
5048 5 2286 4382 7323 7363 9618
5049 5 264 1769 3639 3737 9106
5050 5 1634 2850 3828 5334 9166
5051 8 3445 4630 6746 6896 7181 7403 7647 9661
5052 9 2582 3049 3691 3707 5630 7381 9008 9264 9634
5053 5 1151 3755 4906 5325 6854
5054 8 1015 1851 3743 5076 7842 9571 9614 9635
5055 4 104 7046 8023 8958
5056 6 315 646 2070 2092 9690 9804
5057 10 20 1253 4725 6027 6809 7000 7716 7978 8641 8860
5058 7 217 1301 1559 6973 7020 8123 9936
5059 8 629 2422 3356 5427 5561 5687 5701 8954
5060 4 4047 4505 6408 8888
5061 10 206 1084 1239 1607 2634 3605 6057 6554 6836 9978
5062 7 2492 4864 5677 7156 7204 8709 9066
5063 1 5903
5064 8 1334 3648 3752 4366 5080 6380 8224 9725
5065 1 9083
5066 9 416 744 3027 5321 7024 7726 7822 9002 9835
5067 2 195 5101
5068 10 1188 3105 3454 4987 5690 7660 8511 8523 8701 9464
5069 4 1182 3687 4296 6693
5070 8 4802 6076 6234 6280 6397 6743 7282 9083
5071 8 797 2385 4615 5617 6257 7334 7818 8073
5072 4 2009 3349 6256 7527
5073 6 3065 3732 3876 7560 8266 9316
5074 4 916 5858 6898 8611
5075 8 1842 3356 4501 5516 6102 6519 7625 9656
5076 8 2064 4031 5054 6088 6157 8213 8572 9697
5077 3 569 4608 9707
5078 10 1083 1305 2189 4631 6739 7235 8361 8374 8423 8976
5079 8 408 1390 2513 4463 4763 7110 9501 9865
5080 8 352 3186 4284 5064 5471 7898 9379 9530
5081 2 3449 3475
5082 7 314 2333 5430 5573 6653 7021 9637
5083 4 1734 4591 5996 9696
5084 5 2473 3256 4701 5090 9899
5085 8 6 717 2452 2743 3522 3537 5594 8026
5086 5 6193 7539 7872 8436 9304
5087 6 1650 4013 5344 7467 7578 8560
5088 7 4684 5494 5609 5757 9029 9371 9406
5089 3 3193 3442 6982
5090 7 4885 5084 5185 5299 5417 6342 6429
5091 8 3383 3385 3890 5641 6025 7510 8318 9114
5092 10 1835 1926 2567 4232 5268 7741 7834 7946 8803 9117
5093 7 3531 4038 4636 5761 6206 8043 8044
5094 12 328 3059 3753 3937 4709 5675 6569 6873 6904 8588 9000 9783
5095 4 262 2402 6844 8755
5096 4 65 6448 6467 9067
5097 9 1598 1903 2181 2330 2435 5540 5668 8268 9143
5098 4 1281 3136 5875 9185
5099 4 1678 3273 6849 8571
5100 4 2092 5276 6790 8085
5101 11 4 1063 1588 2193 3797 5067 5206 7729 7992 8904 9654
5102 3 1414 4055 8102
5103 10 0 49 861 1513 2647 6408 7023 8202 8304 9169
5104 5 106 1228 3535 6036 9573
5105 6 356 1629 1772 2530 3636 7487
5106 3 3605 6714 9960
5107 6 1542 3161 3917 4307 4540 6908
5108 12 1558 1596 1720 1960 2242 4412 4496 4688 5425 6679 9370 9850
5109 9 471 857 3205 3608 4080 6713 8284 8377 8539
5110 2 2548 5775
5111 7 1658 2798 4095 4631 6929 7341 8864
5112 4 2283 7695 8096 8191
5113 7 2491 5344 7253 7841 7913 9446 9894
5114 4 2189 2750 6995 7891
5115 10 1402 1856 2873 3311 3743 4838 4871 6563 9013 9707
5116 5 2061 3527 4621 6764 8467
5117 4 86 2346 6849 7803
5118 9 1410 3217 3593 3762 4717 5006 5137 6942 9708
5119 2 3363 4139
5120 8 886 2642 3427 7445 8103 8401 9015 9073
5121 8 308 1378 3219 3656 4469 6592 6822 9019
5122 4 192 682 847 6662
5123 6 1287 3576 4263 6862 8190 8931
5124 5 883 1720 4061 5037 6186
5125 4 2593 3122 6530 8790
5126 2 3308 8669
5127 8 2040 2888 5583 6622 6784 7714 8217 9912
5128 5 230 4622 4645 5147 8813
5129 5 1550 4937 6320 9633 9815
5130 8 586 4452 4754 6587 7252 8497 8700 9340
5131 6 2770 3662 3901 7679 7965 8977
5132 6 952 1865 2384 3040 5171 6027
5133 6 206 1589 3990 4612 5820 8481
5134 9 1762 2723 2733 3003 3077 4091 6091 8337 9204
5135 9 1129 1841 2946 4471 7035 7181 7761 8277 9022
5136 10 11 408 1051 1907 2242 2390 3260 4193 6372 6443
5137 3 1237 4799 5118
5138 3 728 1579 1612
5139 5 2385 5531 6141 7002 7154
5140 8 1300 1679 1829 1950 3081 6068 9827 9884
5141 13 1454 1940 2972 3319 6282 7118 7574 7921 8136 8868 9402 9651 9903
5142 6 919 972 5778 6644 9288 9579
5143 9 370 4204 5197 5861 6987 8701 9243 9322 9387
5144 7 1036 5148 5831 5919 6653 6858 7061
5145 4 1140 2451 7968 9560
5146 8 3 4609 4986 5166 5317 5704 8552 9820
5147 10 180 4756 4822 5128 6010 6281 7714 9174 9540 9840
5148 10 1996 2329 4038 4150 5144 5758 7478 7835 8520 9162
5149 6 1625 3708 4468 6342 7915 8077
5150 5 853 4339 5609 9329 9894
5151 5 2951 3119 5791 7417 7876
5152 6 545 1064 1512 1882 4309 8245
5153 10 636 715 1149 1969 3748 8328 8375 8720 9494 9887
5154 4 6688 8291 8771 9189
5155 11 970 2878 3011 3093 4897 5719 5758 6453 6787 8709 8832
5156 6 637 3014 3337 4301 5623 8056
5157 4 89 336 1469 8002
5158 5 2177 4850 5991 6017 7137
5159 5 200 720 1502 3416 3682
5160 12 279 1009 1898 2100 5388 5924 6386 7638 8043 8332 8434 9691
5161 10 484 2245 2686 2841 6603 6844 7033 9005 9224 9568
5162 9 1073 2247 2407 2495 4558 4561 4665 5045 6924
5163 7 3012 5595 6415 6759 6939 8066 8327
5164 6 50 6019 6198 7506 8064 8260
5165 4 3613 4611 4921 7094
5166 6 944 4282 4902 5146 8182 8219
5167 4 24 7200 7579 8141
5168 10 440 1684 3211 3658 4083 4150 5464 5774 5880 8254
5169 1 744
5170 5 1942 3275 5863 6134 8268
5171 5 1366 2151 5132 5540 5943
5172 7 556 2565 2992 5843 8999 9266 9612
5173 9 1069 3175 3348 4428 8401 9025 9611 9671 9843
5174 1 3627
5175 5 781 1206 4046 7814 8534
5176 4 1475 5250 5726 6768
5177 8 482 2348 2685 4570 5341 5616 6986 8086
5178 6 1478 4833 6515 7054 7418 8208
5179 4 1526 3328 5815 7347
5180 6 120 1626 3538 5513 5951 6518
5181 2 352 5877
5182 6 1001 1513 1916 3271 5947 9335
5183 2 25 5935
5184 6 103 1581 3599 4301 5426 7012
5185 6 224 4192 4223 5090 5450 6324
5186 5 1881 2761 3574 7858 8679
5187 7 471 3647 4987 6755 7519 7542 7751
5188 3 409 1686 8103
5189 6 6 6402 6823 7620 8331 8409
5190 6 497 1368 1870 4251 6031 8164
5191 4 934 3377 5314 9047
5192 5 978 4716 5221 5401 6862
5193 5 967 2855 4700 6474 6829
5194 3 255 3200 4040
5195 8 2000 3566 3983 4703 8178 8575 8839 9816
5196 3 2119 8899 8941
5197 7 4123 5143 7940 8555 9101 9284 9439
5198 6 507 603 1504 1941 6732 8862
5199 5 796 813 2278 2505 9635
5200 5 1158 1257 2881 5394 7277
5201 6 770 1302 1708 4387 8649 9587
5202 6 366 920 3046 3505 4096 9550
5203 8 2707 3919 4080 4140 4489 4705 5881 7764
5204 2 5424 8747
5205 9 61 307 1640 1687 2644 3408 3680 5347 8571
5206 5 119 449 5101 7996 8858
5207 2 886 6089
5208 5 600 2337 7207 8250 8271
5209 4 2416 4391 5636 9068
5210 1 4150
5211 3 4662 7228 7530
5212 5 2198 6057 6346 7836 8463
5213 9 2668 2688 2988 3068 4027 7045 7582 8950 9495
5214 8 1165 2038 2436 2711 4668 5595 7961 9159
5215 7 2168 2983 3330 4015 4435 6112 8975
5216 4 2305 5442 5598 8235
5217 2 1209 5786
5218 4 5596 6390 6644 8001
5219 6 1194 2123 3800 8700 9670 9828
5220 4 780 7731 7972 9559
5221 3 1200 5192 9870
5222 5 173 902 5437 6441 9676
5223 4 5918 7432 8430 9547
5224 4 1512 6085 6997 9089
5225 9 276 402 3768 3815 6310 7397 8048 8982 9692
5226 6 1168 1362 1891 4323 5321 7252
5227 8 642 3008 3459 4254 4857 6477 7245 9992
5228 2 461 2004
5229 4 6411 6751 6999 7489
5230 8 1622 1857 2898 6013 6521 7001 8741 9683
5231 5 2554 5507 6208 6650 8893
5232 5 605 1456 5624 7721 8392
5233 2 6933 8616
5234 6 2125 3178 3639 4809 8146 8659
5235 6 414 1719 5666 6547 7055 8980
5236 5 3270 6284 7560 8750 9236
5237 6 777 3130 4325 4521 6596 9652
5238 6 370 2876 3273 7625 8754 8830
5239 8 635 1350 4417 6423 6894 7562 7857 9321
5240 10 465 706 1541 1614 2130 2340 3965 4282 8327 8742
5241 4 691 9117 9309 9977
5242 7 1082 2254 2813 3043 5584 7486 8161
5243 5 3497 5762 6029 7006 8520
5244 13 1643 2813 3919 4096 4115 5345 5666 6250 6440 7137 7538 9316 9624
5245 3 3354 5629 5733
5246 7 143 2286 3940 7306 8747 8757 8990
5247 7 2116 2923 4798 5966 6278 6325 9643
5248 5 448 3929 5409 7119 8977
5249 7 1113 1874 2133 5901 7867 7902 9342
5250 3 726 3539 5176
5251 3 2262 6987 9589
5252 5 1099 3983 5255 5849 9498
5253 7 1590 2036 5942 7335 8017 8045 9902
5254 4 5456 6134 7942 9875
5255 5 3411 5252 6772 8443 8823
5256 3 2136 5857 8213
5257 6 2179 2533 2723 4816 6504 7383
5258 3 1929 2840 7091
5259 4 3579 4917 7203 9445
5260 3 334 1216 2750
5261 5 317 3029 3477 5902 6496
5262 7 1243 2583 3745 5369 5623 6021 6194
5263 6 36 689 1287 4096 4458 4573
5264 4 680 2377 6581 8563
5265 6 1254 1842 3358 4699 6325 7096
5266 5 1674 2918 7738 8360 9208
5267 5 1482 2811 4502 5800 5882
5268 8 1156 1239 1339 1427 1716 5092 6694 9861
5269 0
5270 4 2320 3036 4300 8502
5271 4 1963 3592 8105 8272
5272 8 879 2536 2635 3238 6170 6732 7797 9397
5273 5 3391 3953 4206 4553 5769
5274 5 4549 4950 5338 6427 7243
5275 6 420 495 1758 4731 6949 8944
5276 6 2842 3752 5100 6064 8197 9331
5277 4 979 2906 3680 7042
5278 6 700 1293 1959 6971 9825 9988
5279 11 1492 1762 3421 3581 4650 4927 5948 6495 6782 7683 9550
5280 7 979 995 2589 6925 8013 8116 9706
5281 12 1152 1229 1403 1916 5689 5859 6783 7322 7804 8001 8347 9670
5282 6 1767 4023 8952 9206 9324 9753
5283 7 220 1165 2480 4202 4335 7851 9231
5284 7 568 725 1238 4800 7120 7314 8413
5285 3 820 2259 8943
5286 7 385 2484 3169 3421 3714 5967 7987
5287 4 2837 4195 7146 7591
5288 4 1739 6346 6735 9692
5289 11 118 360 375 542 841 1511 1756 3149 3910 6289 6943
5290 7 1813 2112 2234 2664 3539 6991 8745
5291 18 803 1641 1656 1859 2666 3066 3994 4893 5571 6484 7078 7298 7659 7927 8512 9110 9364 9451
5292 4 2300 2617 6745 7578
5293 7 1862 5462 5663 6767 6781 9156 9707
5294 8 1059 2037 3074 3275 3687 4666 8573 8722
5295 6 1897 3237 7570 8069 8395 9801
5296 5 1452 1899 6175 8010 8441
5297 8 609 2332 2562 2564 2621 3857 6330 8890
5298 5 71 958 1247 1685 6811
5299 9 217 270 1556 2594 3861 5090 5665 6361 7392
5300 6 3334 5577 5658 8415 9019 9899
5301 9 1276 2329 2620 4966 5403 5880 5915 7138 9686
5302 8 1358 1585 1651 2546 3455 5731 5868 9040
5303 4 1206 1441 4287 8281
5304 5 1384 2923 3727 4460 4940
5305 8 1045 1245 3328 3939 4053 4113 5859 8744
5306 6 2084 2571 7311 8334 9002 9934
5307 5 1822 3349 5955 7397 9090
5308 6 2658 4667 5358 7600 8862 9342
5309 7 689 1803 3402 4960 6728 9228 9428
5310 5 1805 3461 4144 5675 6818
5311 3 2430 5869 8811
5312 10 112 2968 3675 4370 5552 6013 6050 8560 9026 9141
5313 9 3516 3607 3833 3995 6193 7235 7321 9682 9995
5314 12 3456 4158 4397 5191 6128 6212 6507 6796 6912 8107 8188 9355
5315 3 407 865 4780
5316 6 229 1410 1472 1490 7667 9084
5317 5 2184 5146 7029 7453 8422
5318 4 2332 5334 9426 9430
5319 7 657 1947 2521 4877 5674 6766 8128
5320 2 3186 6430
5321 7 850 868 4499 4935 5066 5226 6307
5322 7 1136 1565 3376 6316 6778 9783 9998
5323 1 9622
5324 7 1177 4181 5036 6080 7321 8988 9140
5325 11 1199 3101 3371 4722 5053 6340 6865 7614 8195 8904 9574
5326 5 1318 4927 5751 7044 7401
5327 2 17 7107
5328 5 1243 1664 2009 2369 3269
5329 9 20 481 1161 4267 4290 5928 6469 8420 8908
5330 4 23 2326 3153 6100
5331 8 662 1300 4108 7181 7410 8535 9111 9599
5332 7 650 1666 2259 3436 7818 8111 9435
5333 7 421 4143 4991 6744 7276 7303 8131
5334 3 4977 5050 5318
5335 5 1662 1893 4117 8976 9093
5336 8 370 3559 4648 7901 8075 8273 8395 9622
5337 6 1896 1949 3374 4746 8675 8959
5338 9 715 1354 2357 4142 4340 4390 4853 5274 6569
5339 7 2215 3957 5581 5909 6472 7675 9615
5340 9 506 626 2604 2923 4288 5792 6860 9389 9664
5341 4 848 4730 5177 6282
5342 4 2174 3782 7175 8782
5343 3 756 2220 9079
5344 7 839 2565 3736 5087 5113 5779 6940
5345 8 746 971 1668 4172 5244 7840 8264 9687
5346 7 2189 4494 6347 6993 8219 8661 9545
5347 3 2354 4259 5205
5348 5 1944 4049 4477 7256 7706
5349 12 212 1104 2039 2181 2828 3168 5797 5809 7920 8521 8733 9292
5350 5 4134 4390 4754 7354 9828
5351 8 123 194 2266 4580 4625 5010 5934 8566
5352 7 3148 6574 6578 6584 8154 9147 9380
5353 4 246 2211 8600 9518
5354 4 5636 5778 7518 8319
5355 5 2365 3240 4159 6195 9952
5356 7 276 1424 6089 7738 8603 8892 9745
5357 3 151 1331 4901
5358 7 695 1559 2261 2976 4901 5308 8219
5359 5 490 636 1201 2535 7561
5360 3 3445 6094 6157
5361 4 2722 3255 4814 9919
5362 6 1053 1345 1974 2806 5948 9533
5363 7 107 514 765 1284 2140 6383 8033
5364 8 1673 2487 3307 3398 4586 7975 8130 8722
5365 9 444 839 1615 4986 5876 6264 6608 9181 9712
5366 4 1940 6930 7438 9472
5367 6 833 1331 6649 6845 7225 8508
5368 7 2490 2629 4847 4911 5577 8161 9430
5369 8 829 2833 3532 4299 4434 5262 7073 9285
5370 10 1388 1605 3091 3289 7351 7646 7822 8449 8663 8849
5371 8 2903 3222 3227 3604 4063 6203 7247 9721
5372 8 844 3394 5583 8059 8681 8838 8874 9428
5373 11 1674 1813 4525 4530 4875 6184 7310 7401 7694 7824 9600
5374 11 899 900 2063 3299 4902 5565 5764 6357 8031 9349 9806
5375 8 93 695 2047 2574 2660 3902 3935 5973
5376 7 1393 2495 6280 8340 8968 9007 9485
5377 5 1350 2167 3132 6684 9812
5378 6 1741 1779 3051 3146 4150 9699
5379 3 263 726 6707
5380 5 2982 3724 5792 6032 6523
5381 6 1257 3143 3592 6715 7124 8435
5382 7 2358 2635 4319 6428 6756 7881 9126
5383 8 1149 1225 1514 2445 3107 6620 6718 6953
5384 5 4173 6065 6226 8840 9863
5385 4 360 1606 2685 5723
5386 6 870 2264 3119 3915 4382 4494
5387 4 1396 2127 4720 8123
5388 8 600 1151 1754 2080 4199 4328 5160 7564
5389 7 172 977 1780 2157 3383 5875 6994
5390 5 281 1037 1277 6912 9965
5391 9 627 708 1097 1556 2735 2919 7470 7809 9985
5392 5 1066 3876 7063 7287 9528
5393 7 3480 3491 3569 4910 8134 8223 8776
5394 4 3960 4713 5200 9447
5395 8 1020 1892 3013 3342 4018 5012 5948 9684
5396 1 2004
5397 6 1676 1726 2221 2720 8655 8894
5398 3 876 1780 2870
5399 5 4585 4936 5674 7330 9878
5400 7 191 727 1543 5701 7575 9590 9751
5401 9 459 774 999 2159 4570 5192 6685 7648 7783
5402 10 1792 2768 3397 6177 6894 7757 8027 9013 9271 9922
5403 5 1935 2831 3063 5301 9633
5404 4 589 3204 5487 5848
5405 7 1023 1936 3454 6505 9039 9123 9661
5406 5 544 1891 4013 7649 9280
5407 8 90 2897 3489 4504 4875 4962 5506 9909
5408 5 234 5800 7947 8305 9834
5409 4 1484 2885 5248 8714
5410 5 1990 3159 3869 3912 8285
5411 5 1755 6412 8065 8236 8283
5412 7 2473 3461 3870 6598 7061 8230 8379
5413 9 565 3246 4244 4525 6033 7799 7897 8022 8138
5414 4 1329 4696 9232 9973
5415 6 4367 4702 6600 6669 8077 8543
5416 4 3386 4088 5006 9375
5417 7 1078 3145 5090 5625 5983 8472 9150
5418 7 2255 2778 3850 3855 6236 6876 8362
5419 6 140 411 733 5878 6214 6650
5420 6 572 2231 3929 4722 7489 8397
5421 5 57 1110 1345 2640 6921
5422 7 1176 1558 2133 2189 2233 8164 8622
5423 4 654 1242 5875 7649
5424 8 99 1528 1831 5204 5856 7043 8489 9271
5425 6 2415 3965 5108 5956 6100 9887
5426 8 681 928 1723 1846 5184 7449 9005 9475
5427 7 994 2889 4573 4644 5059 5951 9432
5428 5 2768 3499 4497 6559 9120
5429 6 44 214 1627 3425 5787 6136
5430 4 953 5082 7500 8319
5431 9 784 3141 4193 4230 4864 7843 8997 9116 9225
5432 4 1997 3551 4900 6074
5433 3 381 1253 4733
5434 5 3775 4338 5981 6657 8320
5435 7 741 1441 1454 2449 5719 7248 7296
5436 3 2299 4139 5809
5437 3 2369 4768 5222
5438 1 3418
5439 8 351 4483 4622 5882 6749 6842 7946 9499
5440 2 9646 9933
5441 5 4053 4666 7432 8090 9472
5442 6 3085 3098 3670 5216 5876 9647
5443 5 1034 2099 3850 7703 8418
5444 8 307 703 1861 2438 5975 6123 6463 6546
5445 11 992 2566 2685 2991 3954 4374 5912 6894 7663 7843 9176
5446 7 1343 4215 6260 6508 7106 9794 9991
5447 7 1782 2593 4773 5486 6900 7215 8132
5448 6 1056 1330 6497 6760 7816 9667
5449 6 182 657 1932 2001 6426 9635
5450 10 1136 1725 2679 3423 5185 5874 6076 6432 6501 9109
5451 9 2389 2529 4016 4789 4794 6449 6613 8896 9500
5452 6 5046 5799 6667 8076 9359 9744
5453 3 2557 3084 9701
5454 6 229 4290 6934 8305 8995 9185
5455 7 268 552 1008 2090 3658 7777 8449
5456 8 383 2227 2702 5027 5254 6744 6826 9908
5457 5 653 2901 3118 4316 6024
5458 1 1285
5459 4 151 6247 8104 9848
5460 3 3463 7463 9124
5461 2 177 6882
5462 7 1769 3859 5293 5801 6336 8040 9191
5463 4 2277 3535 7344 7515
5464 5 2643 5168 5554 5731 8977
5465 7 0 455 900 4721 6153 7971 8262
5466 6 766 2119 4638 6796 7083 9318
5467 4 2330 3765 4885 7178
5468 3 98 8162 9870
5469 2 3383 7808
5470 9 1142 1685 1867 6684 6820 8045 8130 8398 9555
5471 5 1705 5080 6693 7547 7965
5472 7 182 2882 4265 4676 5865 6693 7179
5473 9 1178 1585 2094 2198 2985 8676 9030 9576 9692
5474 5 197 296 1761 3681 5583
5475 7 57 2930 3478 3707 6140 7638 9106
5476 2 2329 7366
5477 8 2272 4862 5024 6420 6441 6708 8315 8693
5478 5 615 1135 1934 6051 7953
5479 9 724 945 1015 3157 3564 3676 6937 8251 9047
5480 10 123 1283 1989 2592 3373 3484 4320 6461 8192 8608
5481 5 259 1134 1811 4044 4399
5482 5 4342 5506 6091 7168 8914
5483 4 1883 6753 7684 8392
5484 6 416 4286 5542 5607 6501 9623
5485 6 153 388 2709 4618 7053 7180
5486 8 1014 1490 3507 4098 5447 5552 6594 7821
5487 7 627 1236 1352 3139 5404 5722 6668
5488 7 1633 1641 1874 2622 3927 5779 8816
5489 4 1362 2489 2918 8447
5490 4 1580 1861 4303 7489
5491 5 2317 2951 4486 8117 8661
5492 6 1124 1198 1970 3009 3889 9374
5493 6 2366 4295 4388 8882 9669 9680
5494 4 277 4926 5088 6587
5495 7 108 2244 2254 2915 8938 9075 9586
5496 5 527 770 1074 1618 8266
5497 5 286 1424 6264 6615 9046
5498 5 680 2212 4310 8663 9026
5499 4 2711 2910 8706 8884
5500 3 1756 2511 7336
5501 3 6934 7173 9387
5502 2 290 7889
5503 7 4155 7040 7501 7596 8818 9211 9467
5504 2 1487 5750
5505 10 1371 1590 1752 4602 4798 6521 6547 6854 7370 8198
5506 7 1741 3826 5407 5482 5755 6754 8846
5507 5 456 5231 8992 9061 9347
5508 4 3027 4732 7989 8063
5509 8 613 2748 2808 5676 5991 6395 8715 9757
5510 6 3123 3989 6774 8037 8455 9308
5511 4 537 2129 2508 8455
5512 7 794 846 1692 2983 4708 7241 9147
5513 10 580 2063 2331 4223 5180 6788 7354 7555 8483 8953
5514 4 3405 5616 6568 8634
5515 1 8532
5516 12 289 328 2350 3349 4549 5075 6590 7712 8051 8124 9306 9454
5517 6 424 2328 3061 5576 6434 8186
5518 5 2909 4890 8204 8232 8840
5519 4 1435 6301 6911 7471
5520 6 2606 4626 4972 7144 9149 9530
5521 7 1009 2901 2994 4935 7499 8458 9738
5522 7 2802 2941 6262 7905 8334 8771 9459
5523 7 1109 1893 2480 5768 7761 8883 9512
5524 4 2355 7964 8809 9447
5525 6 2423 3859 4508 6234 6810 6994
5526 12 1500 1864 2384 3271 3820 4537 6296 7394 8213 8325 9167 9586
5527 6 489 837 1141 2524 7651 7675
5528 4 1682 1762 3140 6279
5529 7 839 1030 2246 4317 5845 6136 6179
5530 2 4676 6899
5531 5 1269 3559 3730 5139 5746
5532 5 1998 3650 7853 8101 8676
5533 2 1949 6510
5534 6 672 2689 3660 4317 6663 6862
5535 4 3459 3969 7373 9043
5536 6 427 640 3159 4351 8563 8783
5537 4 4594 6181 7360 7436
5538 4 248 2599 5697 9335
5539 6 1465 2059 2633 3344 5804 8217
5540 5 1656 3063 5097 5171 6686
5541 10 172 708 1786 1998 4406 6334 6725 8212 8521 9817
5542 10 945 2626 2753 2869 4534 4921 5484 6580 8799 9105
5543 6 253 1315 1429 1651 2996 6534
5544 6 597 1889 3678 6925 7449 9883
5545 2 7120 8372
5546 6 882 1021 2242 4017 7635 8178
5547 5 157 1896 2451 4409 8112
5548 4 1984 2433 5879 9272
5549 6 494 3191 3302 4769 8504 9065
5550 4 6016 7484 8253 8571
5551 7 3593 4773 4797 6528 7400 7435 7941
5552 7 1880 3262 3308 5312 5486 7630 7719
5553 8 2503 4133 4429 6529 7996 8720 9355 9570
5554 6 1022 3303 5464 8317 9038 9490
5555 5 1181 4722 6204 6422 7142
5556 8 1026 1903 1973 5723 5798 7837 8127 8890
5557 6 789 2087 3341 3777 7340 7623
5558 4 5793 7730 7790 9692
5559 6 1986 3901 5635 5960 8211 9714
5560 2 1011 6076
5561 8 679 1335 2545 5059 5806 5914 5998 9275
5562 5 3190 3843 3919 7669 7999
5563 2 130 5854
5564 5 2335 2597 3406 3616 7684
5565 8 107 851 2856 4363 5374 6042 6744 9582
5566 4 2114 4021 6195 9227
5567 7 2418 2419 3340 4747 5024 8999 9768
5568 8 1094 1419 3721 4186 4899 4915 5925 6877
5569 3 1525 3563 9396
5570 16 911 1636 4235 4605 6600 7168 7304 7333 7999 8416 9017 9206 9621 9818 9883 9906
5571 6 636 1413 1714 5291 5885 7941
5572 3 1378 2639 3777
5573 5 465 2151 2755 5082 8035
5574 5 2910 3625 6274 6420 9508
5575 5 1183 6374 6491 7606 9100
5576 5 1093 3442 4129 5517 8437
5577 8 2898 3066 4282 4895 5300 5368 5658 6061
5578 7 797 1143 3344 4250 5724 7168 9401
5579 8 105 798 837 2778 4039 6185 6375 9021
5580 4 906 6050 9039 9896
5581 8 366 673 1745 1815 3768 5339 6172 8798
5582 4 363 1129 1247 4355
5583 9 714 747 4254 5127 5372 5474 7583 7746 9474
5584 7 539 3679 4112 5242 5617 7851 9852
5585 4 226 5936 7742 8495
5586 6 3943 5007 6357 7687 9198 9268
5587 5 5853 6686 9510 9600 9952
5588 3 2535 6439 7781
5589 8 803 1201 4158 4303 5858 7098 8119 9290
5590 6 782 3529 4424 5038 8229 8411
5591 6 55 2700 3604 6684 8746 9539
5592 4 3584 4198 7131 9027
5593 8 209 239 1518 2074 6590 6625 7204 8419
5594 10 230 642 3324 3446 4403 5029 5085 6042 7489 8672
5595 8 1700 2999 4815 5163 5214 5948 6702 8564
5596 5 3552 4828 5218 6616 7839
5597 9 287 554 713 1680 3636 3720 7413 7578 8398
5598 6 200 3897 4761 5216 6361 7489
5599 7 2194 2975 7076 7173 7325 8731 9658
5600 6 466 767 2188 2274 3050 6768
5601 7 79 1897 4794 8207 8486 8653 9372
5602 2 3161 8292
5603 7 2869 3174 6221 7004 7612 8308 9244
5604 3 2686 9728 9797
5605 3 1956 2554 4948
5606 7 91 1328 1855 3347 6270 7260 9983
5607 7 1759 3826 5484 6004 8059 8063 8252
5608 7 38 47 307 6356 6693 9516 9940
5609 10 167 494 4731 4828 5088 5150 5665 8572 9143 9606
5610 5 3857 5030 5958 6197 7000
5611 8 108 1518 3128 3620 7273 8231 8255 9503
5612 3 1249 2465 9982
5613 7 1219 1733 2086 2299 4133 7502 8300
5614 7 140 1473 4533 7516 8078 8217 8222
5615 7 1911 3075 4025 4642 4916 6298 8916
5616 10 359 536 1828 2593 3255 5177 5514 7712 8053 8181
5617 10 320 4167 5071 5584 6361 7262 7345 8052 8431 9383
5618 8 577 4177 5665 6536 6834 8769 9966 9983
5619 10 1124 1513 2178 3541 3975 4650 5937 6012 9469 9567
5620 7 546 3652 6250 6961 7512 8617 9406
5621 7 1827 2204 6233 7537 7577 7837 9261
5622 7 331 2826 3345 6056 6726 6866 7539
5623 12 839 1542 1977 3861 4154 4547 5156 5262 6963 8823 9390 9436
5624 9 909 3110 3165 4443 5232 6044 6978 7669 9060
5625 6 631 3858 5417 6412 8587 9698
5626 4 1018 1061 3203 6660
5627 7 2318 4727 4847 7002 7463 7707 8183
5628 4 832 3649 4024 9428
5629 6 1602 5245 6330 7471 8360 9718
5630 5 4081 4548 5052 8456 9393
5631 10 238 412 2846 3528 4316 4818 6834 7107 8617 9988
5632 5 534 2303 2920 3944 7186
5633 6 1517 1833 2001 4761 6215 9777
5634 8 1723 2746 3093 4105 4581 6352 8172 9538
5635 4 317 4074 5559 9874
5636 11 647 1035 3166 3474 4627 5209 5354 6061 6387 7420 8901
5637 3 5874 7661 9363
5638 4 2089 2510 6315 7980
5639 1 8938
5640 3 6287 7031 8916
5641 7 142 1037 3735 5091 5861 6555 9504
5642 2 2264 5830
5643 3 333 6339 6861
5644 5 65 1446 1744 3731 6138
5645 6 1374 2036 2069 5697 9424 9827
5646 6 734 2479 4127 5023 6840 7573
5647 7 136 2889 3479 3773 4636 6016 6838
5648 3 563 3152 7854
5649 5 3531 8655 8834 8979 9511
5650 8 1097 1293 2605 3581 5741 6520 7058 7297
5651 3 960 3477 7941
5652 6 1244 1862 2742 3501 5953 9337
5653 5 501 792 2335 3294 7300
5654 1 7836
5655 3 324 3678 4387
5656 9 728 2061 2455 3707 3893 6064 6136 7812 9935
5657 3 1695 3174 4309
5658 5 1838 2367 5300 5577 6549
5659 7 919 1895 3089 8435 9437 9472 9904
5660 7 357 415 2108 4138 4508 7076 7177
5661 3 3319 4163 7672
5662 4 2357 2456 4197 7278
5663 6 1519 4055 5293 6729 7553 9524
5664 6 1546 1610 1733 3758 8153 9098
5665 7 996 4602 5299 5609 5618 8095 9800
5666 6 2135 2583 4195 5235 5244 6351
5667 12 129 678 1925 3533 3832 4038 4103 4718 5783 5837 6311 7403
5668 7 65 2175 2996 4431 5097 8487 8967
5669 6 1894 2482 2950 3192 3625 3963
5670 4 95 1410 4752 8875
5671 2 3929 4743
5672 3 2878 3255 7956
5673 1 7909
5674 5 242 5319 5399 7098 7145
5675 6 2896 5094 5310 8162 8529 9188
5676 8 1718 4548 4925 5509 7477 7707 9371 9495
5677 1 5062
5678 8 568 2043 2272 5748 8402 8890 9663 9851
5679 11 140 934 1275 2363 2834 3378 3429 4587 7302 7700 9140
5680 4 1583 1989 2628 4189
5681 8 753 757 818 4608 4917 5920 6415 8820
5682 6 53 883 1318 1893 2159 4079
5683 4 3741 6195 8314 9190
5684 9 234 1916 2201 2330 2755 5723 6839 7765 7939
5685 7 1066 1320 1490 3299 5984 7666 9756
5686 3 4661 9259 9987
5687 6 1199 2323 5059 6185 6635 9525
5688 8 1170 2723 2919 3405 6054 6981 7027 9001
5689 10 2152 4198 5281 5846 6634 7692 7726 8392 9273 9540
5690 4 4026 4442 5068 9994
5691 7 2200 2290 3383 6336 8131 8978 9173
5692 8 3978 4236 4554 4724 6101 8507 8978 9269
5693 5 4786 5038 5944 6767 8319
5694 7 165 4681 4844 8046 8683 9100 9506
5695 4 312 2944 4188 8724
5696 7 230 540 941 1738 1951 2350 9050
5697 7 669 1565 3681 5538 5645 7000 8332
5698 5 812 2517 3746 4085 6357
5699 8 196 485 3685 3855 4062 4506 8221 9683
5700 6 533 2274 5948 6813 9711 9984
5701 8 940 2162 4530 5059 5400 6297 6321 8004
5702 7 829 1408 1611 2065 7861 7958 9214
5703 7 526 769 2187 2548 4167 7889 8771
5704 11 452 547 1707 2070 3337 5146 5742 7876 8033 8708 9190
5705 5 241 2329 6076 6286 8123
5706 5 778 4287 4308 5931 9202
5707 6 177 2116 3265 6174 7847 9567
5708 6 603 1941 2145 3131 3562 6735
5709 11 2984 2989 3532 3695 4883 6158 6988 7142 7220 7241 7601
5710 6 719 2024 3843 4448 8965 9265
5711 3 260 4163 6629
5712 2 531 2063
5713 8 252 1459 2229 3113 4836 8432 8562 9384
5714 5 912 1371 1791 4104 6326
5715 3 5958 7310 7963
5716 6 422 1467 1789 4558 4842 7397
5717 8 516 1275 1612 2371 3758 7466 8264 8757
5718 6 1465 1969 2362 2648 8494 8819
5719 12 690 1808 1872 2604 3500 3518 4314 5155 5435 8810 9139 9789
5720 8 1574 2405 3415 3948 4483 5829 5882 7877
5721 6 5789 5855 7769 8031 8499 9915
5722 5 3361 4446 5487 6498 7832
5723 8 346 353 766 1268 2419 5385 5556 5684
5724 7 1669 2337 4826 5578 6608 7064 9990
5725 4 1716 2325 3650 6017
5726 5 554 3464 3567 5176 8172
5727 8 417 1932 3493 6222 7644 9001 9207 9885
5728 6 3401 5813 6837 7645 8546 8949
5729 3 2713 9007 9373
5730 5 58 2382 2533 8341 8813
5731 10 1721 1780 2412 3344 4312 5302 5464 6426 6473 7762
5732 5 2808 3919 4650 9556 9734
5733 8 254 2514 2739 3228 3811 5245 6041 9326
5734 6 3150 5038 6383 8199 8428 9405
5735 10 167 1807 1810 2675 3164 4662 4827 6429 8238 8734
5736 5 1798 2429 2601 3210 4746
5737 6 1029 1925 3668 6331 7389 8360
5738 9 305 647 732 3753 5953 7462 7934 8645 9742
5739 3 7659 7874 8448
5740 5 141 469 3048 4222 8201
5741 6 1128 2221 3315 4795 5650 9842
5742 7 3059 3330 4289 5704 5743 6643 8806
5743 9 2436 2571 2679 4574 5742 6397 8741 8878 8940
5744 3 1798 3298 9042
5745 5 2110 3558 6161 8219 8428
5746 4 2076 5531 7934 8683
5747 6 1497 3267 6612 8756 8941 9825
5748 4 649 5678 7688 9906
5749 5 1169 4919 6162 7110 9748
5750 6 1382 1579 3749 5504 9480 9754
5751 5 79 2222 2462 5326 6181
5752 11 1372 1937 2454 2494 3032 3628 5000 6717 7252 7514 7654
5753 9 1093 3280 4651 5940 7241 7373 8638 8749 9060
5754 3 4680 7882 9953
5755 3 3111 5506 5960
5756 8 980 1936 3067 4263 6560 6872 7336 8127
5757 4 607 3000 4498 5088
5758 6 214 708 2867 2994 5148 5155
5759 9 1702 2297 4970 5925 5978 7999 8470 9175 9809
5760 3 1575 2385 7687
5761 7 1751 1900 3579 4617 5093 6333 8353
5762 8 44 2748 4556 5243 6318 7337 7513 8835
5763 7 1316 2607 3240 4862 6224 6891 8904
5764 6 421 614 800 1609 4125 5374
5765 9 364 656 735 2177 2834 4256 8426 8655 8859
5766 10 406 1088 1434 1760 2413 2582 6377 6453 9316 9322
5767 2 1934 8427
5768 8 2328 3077 3112 3250 4078 5523 7297 9118
5769 6 1346 1912 5273 8359 9341 9838
5770 6 120 254 502 3393 4059 9530
5771 3 1565 6204 6629
5772 5 3665 4008 4846 7062 7378
5773 6 2979 3181 3911 6750 6982 9206
5774 4 3355 3519 5168 6211
5775 6 2627 2629 5110 7111 9413 9879
5776 8 1192 2316 3350 3613 7443 7792 7825 9040
5777 5 2909 4139 6521 7512 7575
5778 7 1583 2375 3890 4580 5142 5354 7525
5779 9 263 1034 3072 5344 5488 6200 6280 7317 9287
5780 5 4525 4935 5999 6139 8305
5781 4 1957 2513 7371 7980
5782 8 133 1846 2696 3220 6030 7039 7073 7159
5783 6 760 3094 3269 5667 7560 8519
5784 7 2767 4073 4318 6863 8645 9031 9691
5785 4 1250 3518 4257 6945
5786 7 95 3487 4150 5217 9404 9655 9781
5787 3 1112 1278 5429
5788 3 1562 2109 3559
5789 4 3523 4409 5721 7590
5790 2 2971 5018
5791 8 453 4866 5151 6035 7096 8687 9176 9386
5792 6 624 1515 5340 5380 9247 9314
5793 5 4652 5558 6231 7414 9877
5794 4 327 1272 3592 8483
5795 3 870 2914 9987
5796 3 2442 6334 8143
5797 7 2130 2437 4837 5349 8285 8629 9108
5798 9 409 1788 2115 5556 6503 7646 8071 8888 9734
5799 6 3026 5452 6706 7001 7885 8595
5800 9 2047 5267 5408 5881 5937 6996 7604 8537 9777
5801 6 503 3761 4103 4469 5462 8017
5802 8 46 456 677 3481 4992 8249 8624 9042
5803 7 505 2509 2693 2714 4643 6132 8710
5804 9 911 1376 2392 3049 4537 4973 5539 6341 8234
5805 5 1178 3165 4305 6756 9062
5806 5 5561 6068 6403 6419 7718
5807 3 444 3598 6277
5808 7 1303 2561 3765 7152 7827 9516 9894
5809 6 3547 3743 5349 5436 8182 8431
5810 3 1798 2154 6776
5811 5 7723 7979 8019 8064 9872
5812 3 3258 3492 3655
5813 5 4850 5728 7861 8073 8344
5814 6 835 2713 5033 6171 7040 9618
5815 6 1014 3125 4703 5179 8126 9532
5816 7 251 334 1361 1523 6025 6857 7387
5817 6 307 1070 1565 3086 8593 8848
5818 7 3291 4709 6437 6536 8234 9023 9797
5819 10 942 1023 1085 1709 1960 4145 6168 9310 9357 9610
5820 7 75 135 2915 3483 4816 5133 7999
5821 3 3844 8905 9686
5822 4 389 562 2541 4756
5823 8 235 342 1419 1833 5939 8084 8588 9022
5824 3 3487 3544 4727
5825 7 3775 4913 6208 7203 7703 9474 9762
5826 5 161 2383 3744 4616 8358
5827 8 373 1569 2499 2907 7687 8460 8619 9747
5828 3 6903 7961 8529
5829 4 1892 2503 4247 5720
5830 5 1315 1524 5642 5943 8307
5831 7 1964 4103 4403 4491 5144 8170 9000
5832 6 2954 3002 3741 4423 4574 9658
5833 2 2485 3071
5834 3 508 9407 9910
5835 3 2465 6147 8288
5836 5 1518 1864 3324 7871 9539
5837 6 3380 5667 6455 8198 8509 9523
5838 4 74 594 1629 3004
5839 6 1091 1745 6120 7566 8814 9836
5840 3 3043 4675 9953
5841 5 2536 6939 7117 7959 9834
5842 8 340 591 1867 4121 6872 7424 8186 9624
5843 4 2792 3038 3071 5172
5844 5 896 5863 9191 9214 9849
5845 9 162 189 664 1308 1835 2628 4929 5529 7255
5846 7 1394 2464 3692 4215 5689 7322 8361
5847 4 98 2589 2871 6580
5848 8 397 703 1479 5404 6924 8673 8799 9197
5849 4 242 3125 5252 7783
5850 6 1153 2000 4030 9301 9651 9939
5851 6 1359 2408 3017 4575 6903 8749
5852 6 185 2259 4308 4992 8699 9412
5853 8 709 2670 2700 4903 5587 6324 7079 7157
5854 2 335 5563
5855 9 1548 1655 1757 4395 4651 5721 6839 7213 7428
5856 6 183 1982 2980 5424 6123 9722
5857 6 426 2127 3544 5256 8271 9900
5858 7 797 1565 5074 5589 9118 9432 9934
5859 8 2412 2913 3376 5281 5305 8010 9107 9434
5860 7 1009 1328 2149 2460 6086 7503 9344
5861 8 884 2439 3376 5143 5641 7270 8023 8198
5862 11 1080 3031 4578 4939 4966 6609 7312 7338 7816 8500 8878
5863 6 3543 5170 5844 8786 8792 9393
5864 4 1541 1697 2856 7059
5865 7 96 1886 2690 4302 5472 7610 7927
5866 11 322 351 1012 2039 4625 6104 7478 7805 7881 9507 9717
5867 7 1053 2153 4428 4961 6069 7661 7674
5868 8 333 398 2008 4018 4585 4950 5302 9734
5869 5 1582 4139 5311 6565 9746
5870 5 3364 3594 3665 8502 9820
5871 5 520 575 1227 3364 3575
5872 0
5873 10 489 1418 1972 5875 6176 6310 8371 8935 9069 9557
5874 12 1331 2119 2396 3843 4283 4652 4756 5450 5637 6493 7552 9843
5875 7 1810 3577 5098 5389 5423 5873 7847
5876 8 3281 3888 4390 5365 5442 6023 6853 7589
5877 5 1653 2166 3857 5181 8834
5878 11 390 1509 2502 2660 2994 3202 3314 3771 5419 7717 8678
5879 8 756 2345 5037 5548 6103 7284 8095 9923
5880 5 1426 3984 5168 5301 6915
5881 10 126 514 2290 4977 5203 5800 6308 6523 6956 8426
5882 6 3987 5267 5439 5720 7141 8850
5883 6 2588 3558 3755 4756 9010 9768
5884 2 432 1797
5885 5 195 298 1935 5571 6611
5886 3 4844 6884 9347
5887 6 1317 3867 4111 7509 8041 8972
5888 8 2254 2661 3670 4468 4798 6190 8065 8794
5889 4 1520 3191 8812 9360
5890 5 1589 1646 3645 7436 7792
5891 6 2785 3343 4216 7369 7719 7913
5892 4 68 3820 6224 8318
5893 1 2682
5894 5 423 1211 1753 8167 8780
5895 1 7604
5896 3 7835 8051 8745
5897 4 4408 5045 8150 9337
5898 2 464 2801
5899 8 500 562 1423 1440 1466 4480 5959 9881
5900 5 852 2686 4671 4758 7443
5901 5 346 1243 2149 4414 5249
5902 5 565 1839 4598 5261 7321
5903 13 1329 1922 2161 2574 3129 3861 4923 5063 6796 7563 8601 9112 9160
5904 12 2120 3583 3731 3760 6180 6581 7638 8163 8489 8895 8983 9004
5905 5 25 1327 5013 6155 9744
5906 7 2408 3545 5975 6538 7871 9311 9956
5907 4 2827 3304 4343 9705
5908 7 417 1887 6103 6509 6580 7296 7495
5909 5 54 1200 5339 9281 9291
5910 2 1759 4450
5911 6 824 936 2504 2647 8877 9244
5912 6 28 463 975 4723 4969 5445
5913 10 487 599 1594 1689 2097 6160 6569 6756 8314 9253
5914 6 140 782 901 4596 5561 5919
5915 7 984 1951 2749 4015 5301 6157 6242
5916 8 1232 1685 1859 3759 6219 8429 9086 9827
5917 0
5918 5 1831 3096 4105 5223 7477
5919 9 333 1146 3547 4350 5144 5914 6402 7938 8197
5920 7 517 3558 5681 7142 7650 9493 9876
5921 6 3735 4384 4428 6423 6870 7972
5922 8 1576 2382 2515 3132 6673 7869 8745 9473
5923 5 761 6852 7888 7963 8539
5924 9 2347 2799 2929 3872 5160 7551 8017 8071 8719
5925 8 2260 2703 3088 3456 4379 5568 5759 9150
5926 6 1136 3038 6220 6320 8755 8782
5927 10 338 798 949 1921 2612 2632 6001 7849 8047 9349
5928 9 555 1470 2277 2840 2930 3682 3782 5329 7218
5929 4 443 2112 3059 8402
5930 3 1716 4661 4707
5931 10 372 1172 1820 2126 2854 3887 4139 5040 5706 7707
5932 2 1380 9440
5933 3 4739 5013 7686
5934 5 259 927 4661 5351 6760
5935 2 5183 7759
5936 8 515 645 2118 2660 3504 5585 7664 9623
5937 7 2437 2625 3349 5619 5800 7643 8608
5938 7 886 941 1106 2989 3813 7232 7641
5939 5 932 1109 2343 5823 7990
5940 9 1347 2887 3242 3474 5753 6812 8458 9122 9625
5941 5 928 1381 4417 7416 9529
5942 8 1072 2293 2680 3175 4845 5253 6346 7122
5943 4 61 1279 5171 5830
5944 6 1193 1414 2540 5693 7564 8515
5945 4 1015 2297 2677 8218
5946 5 271 1651 4817 7913 9688
5947 6 215 3677 4342 5182 6385 7764
5948 10 2162 3126 3248 3911 5279 5362 5395 5595 5700 8059
5949 6 656 3064 3737 7431 7538 9831
5950 7 1193 1663 2114 4635 4954 6582 8825
5951 7 220 634 2615 3258 4029 5180 5427
5952 7 392 1961 4559 6863 8676 8680 9928
5953 9 1655 1944 3270 4743 5652 5738 6300 6743 9809
5954 7 94 1766 2267 3458 4565 8581 9347
5955 5 315 776 5307 7941 8167
5956 8 495 2953 3083 4567 5425 6798 7610 8672
5957 2 291 8837
5958 7 593 1038 3542 3566 4350 5610 5715
5959 8 1403 1440 4051 4202 4650 5899 6659 9779
5960 5 2512 2599 5559 5755 8076
5961 10 494 1209 1435 1454 1563 1639 1862 2765 3809 4008
5962 6 326 1257 1733 7681 9441 9852
5963 3 427 3023 7471
5964 6 145 609 1013 1778 4765 6849
5965 3 2294 7447 9797
5966 5 1917 2115 5247 7030 7766
5967 6 826 1701 4165 5286 6347 7014
5968 5 131 1911 3467 6259 9865
5969 5 1102 5988 6569 8882 9005
5970 7 56 918 1039 4735 4966 7279 9579
5971 6 575 860 1297 8176 9381 9808
5972 7 1920 2373 3146 3867 6093 6472 9368
5973 5 825 3593 5375 9102 9914
5974 5 1888 3555 6448 7522 8593
5975 8 1025 2829 4066 4584 5444 5906 7115 9485
5976 4 3067 3317 8762 9736
5977 5 215 1513 7638 7707 9283
5978 9 1123 1245 3488 4171 4826 5759 7664 8481 9579
5979 5 154 1314 1649 3809 9852
5980 5 788 4694 8723 9486 9927
5981 4 284 2978 5434 6417
5982 2 1788 9881
5983 7 882 2732 3942 4324 5417 8538 9840
5984 4 1406 3196 5685 9829
5985 4 3605 6844 7022 7991
5986 6 210 3146 4308 8290 9662 9912
5987 5 298 1414 7564 8089 9817
5988 8 561 2936 5969 8280 8746 9203 9212 9421
5989 5 3197 3660 3752 4746 6171
5990 2 477 4864
5991 8 673 1304 2246 3591 5158 5509 8364 8837
5992 7 2241 2630 4961 6155 6347 7152 9262
5993 8 2735 3339 3420 3722 3730 4482 4618 7334
5994 6 618 2044 3114 8079 8836 9111
5995 1 2834
5996 5 2599 2991 5083 9145 9839
5997 5 355 727 2464 3975 6856
5998 3 1368 2647 5561
5999 7 2968 3381 5780 6710 7397 8165 9807
6000 4 354 2182 7549 8216
6001 9 1213 1364 1418 1518 5927 6681 6808 9346 9464
6002 5 2937 3084 3244 3657 4612
6003 3 999 2036 3798
6004 7 2070 2348 2603 4341 5607 9319 9526
6005 9 1208 1990 3019 4335 4907 7245 7705 9532 9869
6006 5 4019 6878 7556 8814 9781
6007 2 6440 9647
6008 2 6792 7823
6009 5 711 4291 7180 9656 9980
6010 3 2593 4285 5147
6011 9 1149 1930 4558 7888 8374 8450 9157 9932 9951
6012 6 530 1636 1683 4115 5619 6398
6013 7 108 2236 4311 5230 5312 6537 7710
6014 3 4544 6570 9883
6015 6 2463 6145 6388 7478 7777 9028
6016 7 2575 2789 4099 5550 5647 6970 9886
6017 5 2921 3342 5158 5725 8537
6018 7 569 1658 4289 7943 8144 8582 9765
6019 6 902 1331 2027 4793 5164 8398
6020 6 1589 3603 4200 6117 6251 8306
6021 5 455 2666 3143 4751 5262
6022 10 895 4371 6288 6409 7233 7241 7650 8036 8366 9567
6023 3 2847 5876 9856
6024 7 1460 1678 2471 2996 4764 5457 8832
6025 4 2406 5007 5091 5816
6026 5 1842 4234 7583 8019 8100
6027 7 2201 2292 3764 3868 5057 5132 6995
6028 4 543 756 2968 8704
6029 7 668 1237 3602 5243 6093 7714 8748
6030 4 5782 6090 8721 9206
6031 5 794 4802 5190 7070 8768
6032 5 806 3312 5380 9751 9766
6033 7 2552 3764 5018 5413 6428 7470 7507
6034 6 707 1827 2323 7631 8802 8874
6035 9 115 1064 2349 2501 2669 2714 4039 5791 6407
6036 11 926 3546 4331 5104 6412 7029 7962 8482 8536 9773 9804
6037 6 638 823 928 3026 3669 7147
6038 5 963 1828 2221 2894 9591
6039 8 717 1569 3470 4645 7436 7895 8769 9034
6040 7 411 739 1020 2884 4124 6364 9732
6041 7 1123 3716 3860 4015 5733 9635 9821
6042 6 2156 3356 5565 5594 7145 9681
6043 10 1254 2037 2816 4175 4499 6184 6853 7772 8079 9704
6044 2 356 5624
6045 6 325 965 1925 3499 7271 9326
6046 6 945 1798 4472 4503 4900 7939
6047 6 904 4127 4543 6763 7809 8968
6048 2 3849 8441
6049 2 8164 9143
6050 9 293 3614 3959 3975 5312 5580 6456 9306 9705
6051 5 120 5478 6740 7723 8175
6052 5 654 1046 3274 6784 9827
6053 8 544 1083 1579 1976 4163 6496 6940 7718
6054 3 2326 5688 8959
6055 7 1669 4316 6975 7886 8245 8252 8440
6056 8 467 919 2001 3796 5622 7477 8104 9504
6057 5 68 3985 4762 5061 5212
6058 5 1412 1543 2488 8190 9596
6059 3 4142 6616 8524
6060 4 2599 7251 8186 9643
6061 9 208 2210 2364 2654 5577 5636 8757 9218 9485
6062 4 771 1102 7955 9017
6063 7 2427 3670 3898 4235 7121 8318 8984
6064 8 3619 4022 4130 4977 5276 5656 7601 8411
6065 6 2165 2223 4061 5384 6674 9621
6066 6 1052 4040 7349 8401 9361 9464
6067 3 1615 2917 8790
6068 9 3000 3678 3739 5140 5806 6973 7199 7539 8498
6069 11 111 1068 1762 1979 4314 5867 6672 8145 9048 9509 9896
6070 6 2500 3126 4594 4674 6096 7283
6071 4 334 3771 7558 9757
6072 8 2989 3984 6559 7771 8153 9283 9543 9890
6073 7 557 1447 4517 4735 6191 7801 7804
6074 6 604 1037 2712 5432 6123 7779
6075 4 7748 8691 8778 9452
6076 7 24 777 1518 5070 5450 5560 5705
6077 6 2662 3373 4379 6724 7849 8276
6078 9 1037 2107 2137 2242 2841 3666 8145 8739 9050
6079 4 3806 7347 7594 8135
6080 7 2263 4796 5324 6143 6293 7207 9664
6081 3 2267 3669 9845
6082 6 1818 2284 2488 6672 6848 7997
6083 7 2060 3315 4588 5022 7080 7805 7882
6084 7 870 1477 2735 2763 3477 3571 7209
6085 10 769 2635 4828 5224 8548 8591 9341 9517 9606 9798
6086 6 613 669 2509 5860 8065 8486
6087 9 501 881 1391 1590 2051 4856 7213 7977 9599
6088 7 1088 2984 4147 5076 8948 9434 9806
6089 7 1898 2990 3868 5207 5356 8820 9025
6090 14 461 867 1306 1361 3554 4756 6030 6121 6307 8261 8390 8671 9110 9724
6091 11 1671 2642 2978 2998 3585 4127 5134 5482 7466 8506 9647
6092 8 1028 1448 2201 2522 3699 4150 5040 8515
6093 8 543 1611 3899 4670 5029 5972 6029 6279
6094 9 739 767 1054 2211 2983 5360 6759 8604 9785
6095 8 1526 1963 6164 7668 8349 8737 8980 9468
6096 7 629 3479 3850 6070 6654 7597 7725
6097 4 1635 2160 7616 9571
6098 6 1556 1731 2242 3372 4636 4993
6099 4 16 223 2169 7525
6100 6 500 1717 2900 5330 5425 8429
6101 5 47 444 3328 4844 5692
6102 5 2545 4640 5075 6941 7379
6103 9 3514 3624 3809 5879 5908 8463 8700 8802 9267
6104 9 2233 2704 3859 5866 7579 7731 8239 8539 8604
6105 5 430 1868 2344 7568 9916
6106 3 687 7906 9501
6107 6 343 2116 2435 4560 8893 9109
6108 4 180 1446 8342 9998
6109 9 354 665 1072 1113 2532 4400 6808 7476 8459
6110 6 98 915 2822 4007 8484 9550
6111 9 112 524 988 1526 3374 3566 4274 7557 8091
6112 7 2679 5215 7290 8080 8165 8510 9759
6113 7 784 1789 2178 4000 4631 9330 9362
6114 7 1887 2721 3470 6808 6821 7630 9553
6115 3 241 1521 7787
6116 5 1491 2176 2351 6921 8016
6117 7 1059 2252 4125 4774 6020 9377 9626
6118 4 3706 7715 7723 8586
6119 4 74 716 1540 3169
6120 6 798 4001 5839 7165 7583 9779
6121 2 6090 6692
6122 5 881 2630 5034 7536 9462
6123 8 80 144 3349 5444 5856 6074 6829 8415
6124 5 628 3934 4048 4983 7283
6125 7 723 1053 3023 3591 6526 7335 7521
6126 9 683 1014 1722 1865 2678 3444 3467 4355 9815
6127 8 1093 2375 2745 3339 4522 6988 7351 7580
6128 6 855 871 5314 9531 9608 9646
6129 2 2679 8628
6130 6 1121 1531 7601 7612 8208 9395
6131 3 263 1013 1852
6132 7 2354 3161 3461 5803 7100 7743 9785
6133 2 6649 8303
6134 5 1437 3764 5170 5254 8398
6135 4 4849 7604 9514 9809
6136 6 1655 4431 5429 5529 5656 9443
6137 5 888 1811 3547 3595 7359
6138 4 5644 7162 7442 7544
6139 8 2814 3180 5780 7146 7156 9599 9704 9953
6140 5 670 690 5475 6475 7813
6141 8 108 605 2588 3355 3764 5139 8473 9066
6142 7 191 1756 1896 3858 6666 6934 8499
6143 4 6080 7284 9293 9854
6144 8 1445 2610 2899 3243 6396 7072 7246 9512
6145 8 2013 4371 4462 6015 7085 7916 8192 8963
6146 4 2378 3221 3794 7536
6147 2 5835 8921
6148 3 3571 3639 7969
6149 1 4721
6150 2 1036 2049
6151 5 1345 1934 4617 6613 8220
6152 3 3054 4249 7715
6153 8 687 3339 4381 4444 5465 7603 7785 8727
6154 2 4648 9733
6155 6 958 5905 5992 6805 8091 8723
6156 5 537 1357 2115 3176 6328
6157 6 465 3243 4685 5076 5360 5915
6158 7 922 1029 3652 3813 5709 7172 7272
6159 5 947 7463 8022 8143 9219
6160 8 1412 4649 5913 6275 7168 7594 7662 9204
6161 4 567 874 1787 5745
6162 8 629 2280 2575 3492 3791 5749 6966 7458
6163 4 1996 2621 3832 4006
6164 7 526 2130 2672 3377 4629 6095 6185
6165 4 214 1954 4830 7512
6166 3 2673 7551 7609
6167 7 35 114 1582 7052 8052 8573 9794
6168 6 1168 2778 5819 7269 8353 9276
6169 4 1261 1825 8212 8767
6170 5 390 2696 3090 5272 9449
6171 10 820 4001 4370 4534 5814 5989 6834 7211 9237 9819
6172 5 825 5581 6461 6653 6754
6173 4 453 7086 7729 9036
6174 8 1017 3097 3284 5707 6358 7925 8832 9019
6175 6 2006 2083 5296 8250 8543 8974
6176 2 5873 8851
6177 6 18 1491 4194 4703 5402 6225
6178 4 1679 3280 3747 8510
6179 10 1103 1500 1882 2402 3514 4848 5529 6200 7798 8710
6180 4 706 4057 5904 8994
6181 7 145 356 717 1777 5537 5751 9585
6182 3 1598 7475 9787
6183 8 158 970 2769 3970 6730 7166 8985 9460
6184 7 3360 3876 5373 6043 6908 7185 7348
6185 12 536 1609 1964 4172 4746 5579 5687 6164 8128 8345 8847 9949
6186 6 817 957 1908 5124 7799 9348
6187 4 2374 4401 7202 8773
6188 4 1188 1196 2395 7587
6189 7 48 807 2097 4940 7664 8277 9690
6190 3 2660 5888 9739
6191 8 661 1121 1736 2084 6073 7110 8477 9418
6192 10 535 752 1074 1196 1251 3234 4737 7884 8805 9351
6193 8 2352 3388 5086 5313 6583 7904 8889 9926
6194 5 354 1833 5262 7260 7719
6195 6 1342 5355 5566 5683 9394 9838
6196 3 431 2752 3717
6197 8 847 2712 4524 5610 6211 6352 6595 9927
6198 6 1696 2138 3194 3401 5164 6462
6199 4 2546 4977 6967 7859
6200 8 220 2524 4352 4874 5779 6179 8763 9786
6201 5 2678 3231 7891 8392 9260
6202 1 1287
6203 10 149 153 1417 2072 2633 2731 2806 3912 5371 6805
6204 5 280 2281 5555 5771 7206
6205 2 2454 6332
6206 7 1044 1251 1893 2621 4852 5093 7135
6207 4 3253 6282 6447 9499
6208 10 2559 3812 4594 5231 5825 6614 7391 7542 7828 9568
6209 2 6225 9380
6210 4 3144 3202 4054 6385
6211 7 44 5774 6197 6922 6928 7198 7656
6212 3 194 1079 5314
6213 5 954 2917 7244 7537 9462
6214 10 1449 1458 3160 3767 5419 6500 6737 7326 7936 8335
6215 7 1334 2852 3427 5633 6536 6819 9932
6216 1 526
6217 4 3800 4989 6464 8317
6218 1 4469
6219 4 2443 2826 5916 6400
6220 5 960 1371 2186 3646 5926
6221 6 1450 3369 3616 5603 6936 7866
6222 6 2623 4417 5727 7084 7690 7932
6223 5 2388 4456 6647 7129 8773
6224 7 859 4394 4845 5763 5892 6385 8775
6225 8 933 1174 4694 6177 6209 8308 8909 9466
6226 13 12 164 1241 2114 4261 5384 6589 6616 7627 8112 9252 9536 9815
6227 4 245 1484 4579 6369
6228 2 4038 9762
6229 6 36 3485 4817 7778 8125 9278
6230 4 1757 4460 4746 7442
6231 8 876 1889 3867 4297 5793 7095 7944 9531
6232 9 2465 2566 3048 3091 6927 6946 7485 7910 9108
6233 9 882 1409 1890 3418 5621 6382 6714 7714 7814
6234 11 261 500 1724 3429 4127 5070 5525 7268 7491 7673 8357
6235 6 409 802 3006 3452 8883 9957
6236 3 5418 7194 8047
6237 7 1288 1293 2947 3662 4522 7877 8460
6238 6 169 2035 2333 3493 4379 9602
6239 9 966 1277 2548 2671 4065 6614 6750 7147 8440
6240 4 1020 7369 8339 8753
6241 4 1432 2324 6822 7482
6242 2 5915 9159
6243 4 7720 8466 9657 9804
6244 7 551 4581 7150 7227 9269 9635 9977
6245 3 2400 6939 7456
6246 2 348 8403
6247 7 1793 3845 4132 5459 6762 8028 9107
6248 7 2323 2846 3936 3999 6602 7045 7405
6249 5 155 801 1407 3582 3966
6250 8 2117 2152 3934 5244 5620 6912 6957 8438
6251 6 6020 6702 6936 7844 9039 9402
6252 4 652 3009 9153 9295
6253 5 2199 3863 7347 8618 9500
6254 7 1055 1178 3073 4307 4570 6966 8441
6255 4 507 1141 3647 6715
6256 9 1016 1041 2966 4256 4621 4837 5072 7389 7390
6257 5 892 1046 2855 4970 5071
6258 5 682 1641 3058 3790 7467
6259 6 1056 2753 5968 6661 8467 9688
6260 4 2111 4203 5446 9157
6261 8 1760 4453 4479 6330 6479 6607 8334 8712
6262 12 354 400 438 836 1129 1644 2652 3711 4386 5522 6317 6353
6263 5 6818 7630 7700 7758 8827
6264 7 534 595 2330 2587 5365 5497 8626
6265 3 2024 2908 4149
6266 7 279 1102 2898 4242 7080 8980 9401
6267 6 7017 7565 8808 9348 9949 9957
6268 1 4609
6269 3 2059 4496 6351
6270 7 2386 2576 3501 4545 5606 8970 9548
6271 5 2301 3930 7032 9866 9879
6272 7 952 1118 3128 7597 8867 8908 9782
6273 6 65 717 2030 2860 7362 8768
6274 10 1646 1818 2236 2406 3400 4455 4985 5574 6780 7430
6275 8 442 539 1539 3158 3598 6160 6836 7084
6276 8 84 1149 1868 3372 6325 6882 8662 9526
6277 9 440 896 1351 2791 3564 4349 5807 7186 9810
6278 7 299 3434 4794 5247 8281 8293 8445
6279 4 4336 5528 6093 8629
6280 7 2166 2369 3203 5070 5376 5779 6654
6281 8 181 1452 2922 4105 5147 8373 8552 8642
6282 6 49 74 5141 5341 6207 9055
6283 3 560 765 934
6284 8 103 2215 2763 3171 3916 5236 6686 8181
6285 5 1447 4035 4094 4337 8900
6286 6 1074 1960 5705 7709 8398 8600
6287 4 2991 4478 5640 6959
6288 8 820 1675 1727 3013 3706 6022 6596 7403
6289 7 815 1300 5289 6322 6838 7326 8891
6290 8 209 1690 2483 2494 3921 7169 7261 9725
6291 9 657 695 2632 3314 3331 4571 4685 7106 8180
6292 2 1018 8209
6293 5 1345 2769 3229 6080 6741
6294 5 9 2888 4810 7157 9414
6295 3 3923 6824 7836
6296 6 1066 2697 4576 5526 9218 9999
6297 3 456 757 5701
6298 7 1983 2287 4917 5615 7856 8961 9475
6299 8 857 1086 1120 2246 3381 6896 6983 7524
6300 7 1891 2428 3272 3547 4001 5953 7569
6301 8 435 2846 3948 5519 6358 7628 8428 9329
6302 3 1051 8033 8614
6303 4 2527 5041 7745 9021
6304 2 4607 8416
6305 5 3795 6822 7886 8667 9211
6306 5 637 2038 3446 9728 9859
6307 8 646 2098 2744 3593 5321 6090 8077 9010
6308 9 601 879 1944 2612 3004 5881 6732 7712 8181
6309 4 1650 1968 7543 9627
6310 7 681 2543 3288 3844 5225 5873 9609
6311 6 4689 5667 6612 8200 9078 9514
6312 9 2653 3308 3772 4383 6320 7704 7828 9321 9804
6313 9 635 1758 1873 2678 3457 3856 7125 8652 9671
6314 3 3042 3215 7822
6315 7 431 1618 3576 5638 6380 7271 9663
6316 10 869 985 1017 2340 3517 4774 5322 8365 8920 9051
6317 7 760 3014 3082 3108 6262 7089 9056
6318 10 535 747 2285 2617 4543 4562 4777 5762 9604 9881
6319 4 1580 4391 6447 7406
6320 7 608 4027 4636 5129 5926 6312 8822
6321 11 74 158 2576 3726 3880 3943 5701 6513 7550 8492 9526
6322 10 194 351 909 3606 5032 6289 6710 7515 8777 9627
6323 7 635 2221 2504 3115 7161 9062 9159
6324 9 303 883 1692 5185 5853 7627 8266 8803 9463
6325 12 285 1637 1655 1677 1924 5247 5265 6276 6417 7383 8708 9012
6326 10 998 1062 1277 2830 4479 5714 7064 7917 8372 9748
6327 3 7569 9684 9820
6328 10 1233 1471 1747 6156 7436 8224 8327 8819 9199 9786
6329 11 169 1598 2501 3420 4751 4940 4990 7052 7881 8122 8125
6330 7 4659 5297 5629 6261 8290 9780 9877
6331 8 1825 3480 3661 4209 5737 7306 7320 9651
6332 16 33 37 529 635 1206 2270 2459 3160 3704 4488 4724 6205 6450 6893 6897 6941
6333 5 3579 5761 7499 7960 9280
6334 17 50 2214 2696 3149 3170 3378 3471 4021 4164 4342 5541 5796 6402 6873 7099 8728 9144
6335 5 251 280 4693 8352 8470
6336 8 530 2301 2989 4888 5462 5691 8855 9532
6337 3 2518 4488 7650
6338 3 918 7975 8872
6339 5 899 3018 5643 7363 9702
6340 8 713 2085 2322 3763 5325 6742 7656 7833
6341 5 3699 5804 7046 7562 7680
6342 10 261 1057 2196 2269 2273 4815 5090 5149 7558 9531
6343 7 809 981 1789 3443 7508 9959 9961
6344 2 4649 7907
6345 2 3233 7810
6346 6 5212 5288 5942 6905 8268 8714
6347 11 1784 3037 4081 4427 5346 5967 5992 6973 8409 9467 9750
6348 7 2395 2825 4199 4743 6545 8017 9203
6349 5 1194 1288 2652 7548 9703
6350 4 1097 7203 7947 8398
6351 7 856 1327 3483 5666 6269 7265 7836
6352 5 5634 6197 7213 9254 9743
6353 3 1717 6262 7872
6354 6 1005 2874 3254 4495 7135 9620
6355 3 3935 4281 8519
6356 4 1987 4757 5608 6939
6357 5 2513 5374 5586 5698 8540
6358 8 1329 1685 1686 1816 6174 6301 8427 9941
6359 3 178 765 8096
6360 4 2361 7240 9029 9042
6361 7 332 374 821 5299 5598 5617 9729
6362 3 1357 1460 4899
6363 6 1224 3525 3701 4719 7820 9575
6364 8 25 384 577 1969 2062 2328 2736 6040
6365 4 2239 2423 8853 9803
6366 6 2615 4690 8164 8434 8734 8763
6367 8 254 2741 6561 7017 7211 7972 8367 8467
6368 2 989 7652
6369 6 741 6227 7527 9251 9332 9863
6370 6 625 3196 4765 9035 9149 9267
6371 6 518 1060 1187 2252 8648 8664
6372 2 4479 5136
6373 6 899 2433 2978 3785 4274 7577
6374 12 367 1884 2092 2645 3051 4113 4745 5575 6866 7329 7482 8002
6375 9 163 749 2322 2674 5579 6509 6925 7883 9450
6376 5 684 2780 7252 7589 9303
6377 4 4852 5766 7279 9100
6378 4 1764 4839 8939 9374
6379 5 3484 5017 6849 7546 8695
6380 9 2873 4519 4751 5064 6315 8035 8419 9653 9784
6381 2 4534 8869
6382 6 171 1171 6233 6871 7151 8914
6383 7 428 2669 2760 4694 5363 5734 7476
6384 3 447 8231 9769
6385 7 998 5947 6210 6224 7498 8249 8987
6386 2 5160 8080
6387 1 5636
6388 6 2206 6015 6505 7073 7907 9370
6389 2 4665 8495
6390 3 2430 5218 8065
6391 12 610 1120 1727 2515 2651 3495 4015 4062 4995 8833 9046 9356
6392 9 1067 1939 2695 3555 7069 7241 7395 9517 9772
6393 2 499 2133
6394 1 2903
6395 6 4138 4725 4856 5509 9660 9724
6396 2 3368 6144
6397 7 714 825 2075 3010 5070 5743 6845
6398 3 3783 3910 6012
6399 5 3201 3341 6610 6634 9953
6400 6 1568 6219 7392 8552 8903 9077
6401 6 46 1438 3550 4112 6998 8493
6402 7 403 2140 5189 5919 6334 8195 8558
6403 4 1199 1954 5806 6929
6404 3 5047 7245 7502
6405 6 2691 4147 6420 7303 9677 9703
6406 5 590 1826 3450 7944 8063
6407 3 3298 6035 7605
6408 5 1106 2395 2851 5060 5103
6409 7 231 3550 6022 7942 8296 8776 9476
6410 7 701 4426 7606 8268 8589 8891 9350
6411 7 668 2015 2734 3193 3768 4917 5229
6412 8 1064 2359 2418 5411 5625 6036 7722 9180
6413 2 2435 7492
6414 10 81 673 970 2037 3489 3526 6596 7155 9485 9669
6415 5 1285 3025 3795 5163 5681
6416 4 969 7555 7720 7990
6417 11 398 1426 2121 2650 3871 4937 4941 5981 6325 8397 9354
6418 6 736 781 1306 4822 4882 7856
6419 8 735 1172 1775 2923 4143 5806 6605 7984
6420 5 5477 5574 6405 7705 8873
6421 4 700 1206 8350 9824
6422 6 32 123 5003 5555 7601 9920
6423 2 5239 5921
6424 2 7213 7951
6425 3 255 2396 8251
6426 5 913 5449 5731 7335 7611
6427 4 1396 5274 6926 9723
6428 5 2758 5382 6033 9492 9699
6429 9 88 1009 1944 5090 5735 7293 8939 9545 9736
6430 9 2246 3117 4741 4745 4874 5045 5320 7385 8973
6431 8 580 2491 3566 7119 7780 7850 9751 9953
6432 9 21 669 2561 4282 5450 6533 8212 8366 9269
6433 5 1777 3700 4003 6800 6901
6434 5 1655 1749 3533 5517 8802
6435 3 2951 9886 9951
6436 8 1636 1786 1807 2803 7631 7846 9263 9832
6437 4 313 3616 5818 6625
6438 9 474 2593 3530 3935 4532 7192 7303 8596 8809
6439 3 1071 1508 5588
6440 4 2978 4712 5244 6007
6441 6 3542 3645 4059 5222 5477 7856
6442 1 8408
6443 7 750 2549 3474 4938 5136 6477 8175
6444 2 1243 2318
6445 1 7253
6446 6 674 2847 4954 7807 8856 9596
6447 4 2265 6207 6319 8259
6448 11 95 1540 1889 2437 3043 3813 4862 5096 5974 8837 9933
6449 9 277 757 1859 2057 2704 4142 5451 8352 9231
6450 6 1725 3327 6332 8373 8385 8532
6451 3 3721 4745 8972
6452 4 311 1420 6667 8667
6453 9 186 1367 2729 5155 5766 7838 8528 9495 9616
6454 2 3865 8781
6455 5 3974 5837 6826 7037 7233
6456 4 3182 4284 6050 7415
6457 6 2194 2539 8629 8653 9233 9995
6458 5 4794 6467 6742 8112 9105
6459 4 336 532 3911 8227
6460 5 1331 2093 2922 4296 7267
6461 8 2735 2853 2892 4931 5480 6172 7753 9818
6462 5 2474 3626 6198 7163 9795
6463 4 1133 2636 5444 8091
6464 3 3817 6217 8041
6465 6 1822 1866 3735 4275 4830 7768
6466 3 1217 1858 7927
6467 8 2069 3252 4115 4709 5096 6458 7593 8266
6468 5 1965 2826 2904 7654 7682
6469 8 93 822 2932 4959 5329 6866 7799 9643
6470 1 1847
6471 5 407 417 7554 7776 7971
6472 10 331 650 1625 2555 3503 5339 5972 6550 9010 9582
6473 8 2198 2655 3566 5731 6568 7021 8309 8365
6474 6 634 2008 2107 4530 5193 9691
6475 6 65 301 4247 6140 6909 7968
6476 5 1244 1922 4473 7560 8889
6477 8 3409 3826 4713 5227 6443 8470 9456 9598
6478 8 1933 2010 3044 4665 7485 9269 9448 9571
6479 5 2306 2615 6261 9753 9794
6480 7 127 1134 2879 3601 3937 7673 9813
6481 5 1475 1725 3014 3731 8209
6482 4 1338 3590 7830 8644
6483 5 380 1120 2877 4576 6571
6484 7 1127 4478 5291 7136 8583 9424 9719
6485 3 4087 4798 9171
6486 5 210 2113 4313 7575 8191
6487 3 2409 3095 4264
6488 4 2070 2971 6609 8227
6489 2 773 7128
6490 2 6871 8572
6491 6 2020 3824 3846 5575 6621 9467
6492 7 3392 3734 4221 4676 7485 7635 7802
6493 8 73 1474 2011 5874 6888 7416 7695 8768
6494 6 261 1517 2588 4683 8212 8618
6495 4 994 5279 8013 9199
6496 7 1127 1269 4260 5261 6053 8042 8990
6497 5 981 1284 2948 5448 7436
6498 4 5722 7165 7936 9638
6499 9 2388 3298 3505 6562 7191 7477 7604 7817 7890
6500 5 1859 1867 3732 6214 6864
6501 7 562 4504 5450 5484 7484 7853 9997
6502 3 3562 3688 4425
6503 3 5798 8632 8705
6504 8 250 629 1322 5257 7132 7864 7900 8437
6505 8 55 56 183 2638 3517 5405 6388 9762
6506 6 1464 1655 2273 2490 2709 7080
6507 5 1709 2741 5314 7952 8913
6508 10 205 1831 3400 3567 4352 5446 6974 7095 8385 9370
6509 13 68 1967 2104 3068 3749 5908 6375 7109 7360 7416 7451 8501 8817
6510 5 4592 5533 7104 7569 8784
6511 4 1619 4270 4466 4491
6512 8 910 2655 3847 6898 7394 8697 9343 9599
6513 8 459 3109 3614 4183 6321 6559 7522 9877
6514 4 1205 1312 1884 2829
6515 6 840 3880 4189 5178 7186 7761
6516 8 571 1606 4505 4752 6892 7090 7648 8269
6517 5 375 1812 6914 9085 9692
6518 5 1413 5180 6594 7806 9966
6519 10 1407 2729 3853 5075 6653 7146 7812 7991 8334 8823
6520 6 800 1954 3211 3998 5041 5650
6521 7 930 3156 4975 5230 5505 5777 6988
6522 4 665 1039 4228 9911
6523 6 1563 2174 3648 5380 5881 9107
6524 5 743 998 2348 3593 4477
6525 6 194 1472 3353 6867 8269 8787
6526 2 6125 7256
6527 9 98 1153 1593 2383 3560 4182 8253 8431 9549
6528 7 222 1684 2198 3344 3786 5551 8435
6529 9 239 910 984 1647 3059 5553 6672 7628 9633
6530 3 3142 5125 9579
6531 6 2492 3639 4157 7561 8083 9805
6532 5 76 283 2503 4062 8884
6533 5 1906 2342 4685 6432 9450
6534 4 1248 2003 2786 5543
6535 3 7466 8342 9457
6536 11 717 1804 5618 5818 6215 7793 8311 8486 8503 8530 8768
6537 9 1076 1553 1598 2072 3086 6013 7268 8853 9202
6538 4 353 3617 5906 9031
6539 4 1647 1801 8803 9284
6540 10 390 678 1063 2983 3650 4684 8346 8357 8823 9403
6541 5 3249 6649 7277 8424 9517
6542 8 594 2515 3267 3856 6606 8931 9019 9951
6543 3 815 4231 7243
6544 3 3088 7451 7559
6545 5 233 1428 1563 3970 6348
6546 7 323 1765 3734 4607 4875 5444 9163
6547 4 2702 4209 5235 5505
6548 4 886 4175 4468 9085
6549 7 1605 4863 5658 7341 7832 8867 9585
6550 7 2469 3281 3507 3764 4612 6472 8661
6551 5 1520 4404 7814 8468 8960
6552 4 1426 9253 9325 9717
6553 6 658 903 2523 3737 4404 8479
6554 7 606 747 3327 4130 4985 5061 9705
6555 7 1191 1607 1686 3372 5641 7127 9842
6556 9 1480 2798 3364 3613 4481 4957 9211 9893 9925
6557 6 3112 3651 4976 5032 6592 6626
6558 1 3090
6559 14 408 965 1006 1499 3948 4599 5428 6072 6513 7787 7820 8003 8604 9316
6560 7 1143 1631 2577 3587 3996 5756 7101
6561 5 340 3083 6367 7470 9283
6562 5 4688 4753 6499 8228 9025
6563 4 1048 2407 5115 6793
6564 4 1715 3222 7040 9078
6565 10 996 2330 4619 4842 5869 6743 7058 8864 9858 9983
6566 3 2665 8822 8868
6567 5 50 1269 3417 4837 7822
6568 10 443 559 1882 4240 4480 5514 6473 6795 6999 9027
6569 8 3100 5094 5338 5913 5969 8542 9663 9745
6570 2 6014 7729
6571 5 118 452 3092 4953 6483
6572 7 1630 4051 4782 5012 6843 9069 9892
6573 3 573 1809 7808
6574 5 3861 4345 5352 6610 9478
6575 6 1146 2373 3116 7081 7322 9479
6576 4 4609 7564 8834 9422
6577 4 1384 3389 8511 9515
6578 4 1310 1763 4333 5352
6579 4 2714 4726 8590 8776
6580 9 548 966 1939 4112 5025 5542 5847 5908 8608
6581 7 183 2141 4468 5264 5904 8237 8759
6582 7 70 311 317 1500 3336 5950 8031
6583 10 915 1734 3093 3373 3944 6193 7742 7830 8019 9848
6584 1 5352
6585 8 816 1286 1941 2562 4142 4564 4825 7011
6586 6 382 4938 6692 7497 7715 9167
6587 5 5130 5494 6904 7536 8217
6588 3 159 3298 3879
6589 6 2581 3601 4829 6226 8613 8663
6590 5 1786 2674 5516 5593 7636
6591 8 380 564 3511 4356 8288 8330 8682 9205
6592 5 1966 4917 5121 6557 6705
6593 5 2169 7106 8284 9179 9662
6594 10 5486 6518 6996 7105 7205 7345 8084 9112 9389 9597
6595 6 1791 2905 3035 3481 4109 6197
6596 9 669 1000 3741 4493 4505 5237 6288 6414 7970
6597 4 1248 2675 2889 8258
6598 7 684 1162 2316 2517 4603 4647 5412
6599 6 371 390 2714 6739 7504 9754
6600 10 826 1211 3007 3323 3517 5415 5570 7283 8686 9899
6601 4 133 1142 7288 9882
6602 7 1027 2010 2923 4330 6248 7351 9521
6603 5 2032 3106 4979 5161 9847
6604 0
6605 4 3904 3984 6419 7414
6606 8 368 453 2086 3926 6542 7242 9347 9591
6607 4 3324 6261 8899 9042
6608 7 1936 5365 5724 7786 8001 9278 9622
6609 8 819 1008 5862 6488 7345 8138 8258 9824
6610 6 468 3977 6399 6574 8091 8118
6611 7 512 1291 2135 3849 3859 5885 7649
6612 7 2222 3934 5038 5747 6311 6938 7298
6613 6 5451 6151 7054 7256 7287 7609
6614 9 617 669 2136 2585 3934 6208 6239 7991 9410
6615 11 1244 1695 2470 3829 5497 7237 7360 7753 8209 8849 9343
6616 6 966 2564 5596 6059 6226 9615
6617 6 607 1582 7251 7525 8777 9863
6618 2 2548 4118
6619 6 833 4982 7076 7741 8578 9101
6620 4 1230 1496 5383 6629
6621 7 1035 3828 4074 6491 7854 9079 9542
6622 7 181 1021 5127 8001 8107 8349 9467
6623 5 259 395 576 1586 3336
6624 5 630 1591 4111 6706 9014
6625 6 1147 1619 5593 6437 8276 9233
6626 6 3208 4041 5043 6557 9738 9749
6627 1 7159
6628 7 85 1025 4780 4976 7445 8719 9626
6629 10 752 4409 4498 5711 5771 6620 8908 9479 9523 9665
6630 3 1786 4466 9643
6631 5 72 6656 6970 8678 9009
6632 5 95 2126 5010 8850 9785
6633 8 742 1868 2230 7474 7654 8600 9042 9681
6634 6 1074 1636 5689 6399 9466 9533
6635 7 411 2039 3721 5687 7774 7969 8211
6636 4 122 2921 4570 7793
6637 4 594 929 1918 3750
6638 5 2144 8202 8256 9571 9804
6639 4 2337 7923 7982 8719
6640 5 7423 7849 8695 8938 9192
6641 3 1204 3885 8427
6642 1 6773
6643 7 868 3241 3841 4212 5742 7341 8988
6644 8 2020 4421 4887 5142 5218 7370 8888 9623
6645 4 7021 7335 9717 9833
6646 3 716 2597 4051
6647 4 836 2871 6223 8268
6648 3 3088 4402 4996
6649 6 308 944 5367 6133 6541 9234
6650 4 774 5231 5419 8870
6651 7 716 1695 2683 4224 6957 7226 8024
6652 4 321 3028 5010 8367
6653 9 4252 5082 5144 6172 6519 7395 7435 8283 8853
6654 4 2855 6096 6280 8820
6655 3 2515 3830 8896
6656 5 560 1987 2944 2945 6631
6657 3 3935 5434 7314
6658 6 534 1132 2123 4153 8156 8653
6659 11 2553 2836 3257 3788 4029 4250 4416 5959 9264 9626 9715
6660 8 708 874 2328 2331 3320 5626 7357 8084
6661 4 1471 4294 6259 7789
6662 7 1358 1381 4820 5122 7388 8444 9448
6663 5 183 961 4584 5027 5534
6664 4 792 1052 1532 2581
6665 9 140 788 1585 3520 7413 7854 8057 9653 9740
6666 3 2368 6142 9709
6667 5 1570 3477 5452 6452 8141
6668 7 2165 2758 3321 4915 5487 6940 7092
6669 6 751 2881 5415 7595 8493 9076
6670 5 26 608 7225 7861 8317
6671 9 199 333 1096 1383 2491 4445 7005 7292 7957
6672 7 598 2632 6069 6082 6529 8244 9112
6673 4 2314 5922 8157 8235
6674 6 1807 4857 6065 7227 7260 7697
6675 12 706 966 1511 1685 2269 2341 2742 3754 4274 6753 9210 9250
6676 2 3888 4356
6677 3 845 4994 8881
6678 2 1848 4339
6679 5 330 1684 4858 5108 7510
6680 3 499 4267 7588
6681 5 239 970 1738 4049 6001
6682 4 1074 2193 3019 4258
6683 6 2551 2763 7572 8899 9430 9571
6684 6 2999 3890 5377 5470 5591 9004
6685 12 2238 2814 4371 4682 4742 5401 6956 7054 7383 7758 8126 8935
6686 7 116 5540 5587 6284 7665 7834 9743
6687 7 422 1255 1504 2431 3221 8312 9071
6688 7 2180 3053 4286 4538 5154 6889 7969
6689 7 1114 3220 8088 8118 8177 9303 9812
6690 3 2390 4385 9456
6691 5 1247 2813 3152 3256 7073
6692 8 664 1015 2089 2457 3964 6121 6586 7566
6693 13 1313 2056 2327 3028 4643 5069 5471 5472 5608 7858 8358 8987 8992
6694 6 1926 2783 5268 7029 8498 9077
6695 5 1966 2196 3705 3738 7587
6696 2 268 9661
6697 5 306 1319 2868 3073 4979
6698 5 1905 2893 3552 3891 9043
6699 5 612 2696 3415 8134 8144
6700 5 163 1919 2225 6756 7420
6701 5 1409 8541 8835 8890 9954
6702 6 2107 3054 4513 5595 6251 9550
6703 7 2586 3640 4834 5013 7211 8096 8673
6704 7 634 1420 2729 3020 6708 8043 9186
6705 2 6592 7378
6706 4 1684 5799 6624 9139
6707 5 4599 5379 6856 7885 9584
6708 10 1116 1958 4092 5477 6704 6826 7492 7846 8831 9534
6709 2 3786 8193
6710 5 269 874 5999 6322 9523
6711 6 1193 3933 3955 4974 7272 7935
6712 7 2819 3238 4104 7392 8001 8777 9634
6713 6 2493 4822 5109 8410 9723 9785
6714 8 2011 2111 2601 3116 4334 5106 6233 7029
6715 4 548 5381 6255 8009
6716 6 1428 2944 3285 6814 7897 8394
6717 5 4021 4180 5752 7218 8099
6718 9 4653 5383 7503 7796 9058 9370 9817 9877 9928
6719 6 607 4933 4958 6946 7302 8100
6720 5 1130 2472 3851 4359 5006
6721 5 339 1583 2560 8114 8488
6722 4 2355 2452 4427 5014
6723 5 229 349 7337 8084 8798
6724 5 922 3525 6077 6848 9860
6725 7 890 1750 3688 4613 5541 8516 8954
6726 5 4772 5622 7708 7869 9562
6727 3 2327 3916 7290
6728 4 2202 4182 4497 5309
6729 7 1690 2370 2502 3361 4833 5663 8294
6730 6 247 1929 4257 6183 9055 9201
6731 2 2130 3155
6732 9 1244 3661 4101 4351 4934 5198 5272 6308 9451
6733 3 1851 4205 7866
6734 6 546 1744 4027 8003 9545 9914
6735 8 1877 3002 3225 5288 5708 7200 8055 9469
6736 8 1077 1164 1705 3682 4400 8490 8780 9569
6737 8 559 744 1687 2158 6214 7458 7923 8428
6738 9 342 1187 3098 3203 3673 4979 7250 7492 8652
6739 6 1331 5078 6599 6932 7422 7605
6740 4 673 3771 6051 9526
6741 6 3540 6293 6895 7635 7921 9481
6742 2 6340 6458
6743 7 959 4295 5070 5953 6565 6770 7839
6744 8 1244 2249 2262 4415 5333 5456 5565 9668
6745 12 1132 3097 4406 4703 5292 6887 7394 7469 7879 8836 9510 9592
6746 8 2097 2997 3126 3807 5051 6967 7238 8303
6747 8 1148 3410 3692 4264 4552 8254 8378 9572
6748 3 2453 3074 7222
6749 4 1513 4594 5439 9827
6750 9 548 1508 3306 3517 3794 5773 6239 8329 8467
6751 10 601 1780 2092 2996 4415 4849 5229 7602 8636 9222
6752 6 483 1531 2435 2722 3549 8417
6753 8 755 2593 4787 4932 5483 6675 6917 7537
6754 11 913 1124 1225 1815 2406 3771 5506 6172 7159 7253 8083
6755 6 1626 2221 4560 4749 5187 8175
6756 12 538 843 1605 1840 2255 4014 5382 5805 5913 6700 8677 9974
6757 4 7083 7185 8943 9589
6758 4 849 1917 2183 4057
6759 6 848 4660 5163 6094 7871 8861
6760 6 2078 4131 5448 5934 7148 9839
6761 3 76 2905 4967
6762 5 3904 6247 7871 9150 9262
6763 11 253 374 530 2053 2072 2732 2870 4908 6047 8002 8641
6764 12 328 734 1064 2888 3349 4267 4615 5116 6863 7967 8346 8589
6765 9 2145 2689 3501 3808 4948 6985 7972 8017 8815
6766 7 338 1189 4106 4667 5319 6798 9550
6767 7 331 2223 2605 5293 5693 9319 9664
6768 6 1380 3589 4189 5176 5600 8276
6769 5 50 387 1333 3216 3778
6770 6 205 1530 6743 6943 7738 9221
6771 4 641 1899 4696 7923
6772 1 5255
6773 11 467 746 1869 2405 2809 4643 6642 7077 7602 7747 8662
6774 9 603 2246 2302 2866 4789 5510 6806 8988 9301
6775 6 1578 2762 2782 7499 9382 9783
6776 3 3496 5810 8881
6777 6 726 1122 2134 4777 7078 7437
6778 5 2222 2605 4574 5028 5322
6779 6 4584 6824 7192 8709 8731 8835
6780 4 258 6274 7273 7843
6781 6 1518 2278 5293 7010 8638 9682
6782 6 891 2044 4110 5279 6802 7883
6783 4 8 5281 7934 8776
6784 5 155 1378 5127 6052 8837
6785 4 1755 1905 4516 8816
6786 7 1874 2848 3300 7134 7447 8989 9618
6787 7 756 1014 5155 7058 9155 9274 9690
6788 7 818 1100 2261 3057 5513 7889 9638
6789 3 1898 3891 7662
6790 3 3495 5100 6806
6791 4 273 2006 4011 4245
6792 6 382 516 2174 2192 3490 6008
6793 2 4546 6563
6794 1 3328
6795 6 1722 1770 4376 4427 6568 8705
6796 8 686 849 3745 5314 5466 5903 7516 9980
6797 4 719 2045 2085 4969
6798 7 488 2392 4700 5956 6766 8056 8803
6799 2 3730 4807
6800 7 147 499 779 1802 3650 6433 8261
6801 4 2991 7403 7889 9020
6802 5 514 671 1365 6782 8796
6803 4 528 3563 7324 8846
6804 6 1111 3230 4373 7390 7850 9517
6805 6 1100 4826 6155 6203 7900 9599
6806 7 960 3742 3755 6774 6790 6960 8169
6807 6 1241 2660 4111 6933 9193 9893
6808 11 266 646 740 1225 1596 4082 6001 6109 6114 8060 9232
6809 8 1668 2131 2404 2462 3485 5057 7296 7702
6810 4 2111 3396 4710 5525
6811 3 5298 7111 8442
6812 5 3076 3538 4470 5940 8950
6813 3 2966 5700 9561
6814 1 6716
6815 4 459 4058 4081 7865
6816 6 1493 1933 4978 4981 8184 8402
6817 5 228 593 3332 8771 8887
6818 4 4256 4265 5310 6263
6819 4 129 3430 6215 7840
6820 4 420 5470 8171 9555
6821 6 2746 2983 3353 6114 7028 9388
6822 8 3407 3930 3960 5121 6241 6305 7344 9047
6823 6 125 3090 3122 5189 9317 9446
6824 9 694 799 886 2096 6295 6779 7107 7270 9585
6825 6 316 867 1451 4170 4975 7814
6826 9 1216 1298 3579 4093 5456 6455 6708 7929 9473
6827 0
6828 3 1043 7084 8987
6829 7 940 2420 2468 5193 6123 6935 8273
6830 6 679 2799 3854 4047 4438 9627
6831 3 1975 2179 3105
6832 2 387 7606
6833 7 1736 3403 3448 7526 7606 8004 9472
6834 10 285 3286 3343 5618 5631 6171 6943 8023 8308 9574
6835 1 4903
6836 4 3788 5061 6275 7846
6837 6 761 1379 2239 2896 3569 5728
6838 6 677 3859 5647 6289 7264 7740
6839 8 1266 1813 3720 5684 5855 6874 7653 7750
6840 6 445 684 1548 3623 5646 7327
6841 4 1118 3938 4339 6979
6842 7 888 1935 2533 3116 3489 4842 5439
6843 6 350 1429 4414 4456 4698 6572
6844 15 43 223 1165 1628 2133 3326 5095 5161 5985 7398 7816 7843 8088 9111 9677
6845 11 464 932 3260 5367 6397 6905 7477 7838 8407 8842 9461
6846 7 2595 4171 4940 7500 7787 7916 9472
6847 3 178 834 8424
6848 5 2864 6082 6724 8182 9735
6849 10 1043 1534 1905 3408 3621 4211 5099 5117 5964 6379
6850 4 419 1508 3562 6982
6851 5 2961 3505 3668 7611 7895
6852 5 1422 2267 4779 5923 8537
6853 10 1213 1730 1786 3137 5876 6043 7575 8303 8895 9984
6854 8 1300 2476 4188 4772 5053 5505 8086 8736
6855 1 4808
6856 7 319 1639 2581 4880 5997 6707 8893
6857 6 1774 2393 3631 5816 7621 9973
6858 3 3419 3701 5144
6859 2 2315 8184
6860 7 516 4420 5340 7270 7394 8681 8755
6861 8 363 1148 2020 3041 3310 4463 5643 6968
6862 4 3286 5123 5192 5534
6863 6 1076 2116 5784 5952 6764 9497
6864 4 1304 4889 6500 6979
6865 10 443 765 1937 3409 3821 4669 4943 5325 7926 8494
6866 8 1571 2364 4180 4976 5622 6374 6469 7618
6867 5 2763 6525 7495 8856 9951
6868 2 2748 3091
6869 8 361 913 1821 4644 6876 8028 8914 9201
6870 6 1531 2107 4808 4952 5921 7039
6871 7 680 4130 4377 6382 6490 6944 9912
6872 7 1834 2350 2755 5756 5842 7618 7682
6873 10 126 900 1929 5094 6334 7375 8285 8338 8601 9094
6874 6 569 2320 2859 6839 7586 9524
6875 5 326 1797 3266 6880 7477
6876 6 993 1074 3988 5418 6869 7295
6877 5 2245 5568 8106 8603 8836
6878 5 22 1854 2901 6006 9401
6879 5 2140 3370 4547 6907 9932
6880 4 6875 7896 9037 9656
6881 4 1238 1667 2693 9470
6882 6 1297 2713 4314 4689 5461 6276
6883 3 2343 3237 9722
6884 4 1942 3075 3319 5886
6885 3 861 2047 3443
6886 4 4764 8343 8613 9506
6887 10 4089 4458 4682 6745 6897 7520 7762 8537 8929 9659
6888 9 1919 2873 2881 3214 4817 6493 7203 8209 9748
6889 7 49 425 1361 2282 6688 7780 9102
6890 4 4166 4519 7733 9012
6891 6 237 5763 7556 8411 8434 9949
6892 6 2459 3447 4578 6516 8636 9474
6893 6 1525 4422 4729 6332 8710 9068
6894 6 2612 4061 4519 5239 5402 5445
6895 6 234 2310 6741 8674 9184 9600
6896 5 1215 5051 6299 9424 9596
6897 4 2622 3399 6332 6887
6898 6 177 2347 5074 6512 8905 9278
6899 5 788 2253 5530 7276 8020
6900 5 371 3665 5447 8699 9374
6901 4 898 2144 3546 6433
6902 9 1225 1234 1311 2314 4102 4929 7649 8508 9805
6903 8 419 3174 4097 4106 5828 5851 7945 8553
6904 6 1276 2545 5094 6587 7180 9768
6905 7 904 975 6346 6845 7041 7309 8230
6906 6 1499 2170 2620 3644 4978 7305
6907 4 2924 4127 6879 8810
6908 7 2118 5107 6184 8331 8359 9146 9442
6909 6 769 1104 4618 6475 7481 8683
6910 2 2590 4342
6911 3 4420 5519 9702
6912 13 208 1266 1657 1906 2168 2515 4339 4974 5314 5390 6250 8239 8477
6913 1 3350
6914 4 624 1928 6517 9883
6915 5 309 2482 5880 7482 9131
6916 7 1180 1628 2084 3480 7465 8280 9649
6917 5 1573 3078 6753 7298 8460
6918 5 1468 1506 1749 3651 9787
6919 8 728 1073 1231 2006 3912 4752 9081 9584
6920 4 2252 4340 7167 8324
6921 7 2625 5421 6116 7797 7869 8199 8388
6922 5 329 1872 2334 2972 6211
6923 4 2897 4137 7981 9767
6924 12 9 1997 3108 4491 5162 5848 6984 7367 7596 9234 9389 9594
6925 11 728 841 1370 2377 3468 4485 5280 5544 6375 8525 9947
6926 10 318 656 1798 1860 3156 6427 7494 7728 9332 9587
6927 2 6232 7025
6928 5 352 4348 4366 6211 9995
6929 8 1456 1757 1939 4055 5111 6403 7209 8946
6930 6 2421 5366 7261 7263 8019 8828
6931 4 2623 7398 9042 9822
6932 7 258 2476 3363 3378 6739 8657 9493
6933 5 5233 6807 7685 8745 9999
6934 6 3235 3981 5454 5501 6142 9319
6935 6 1722 4866 6829 8784 9064 9599
6936 3 4084 6221 6251
6937 5 100 2611 3542 5479 8580
6938 5 1980 3001 3011 4438 6612
6939 10 19 806 2016 3069 5163 5841 6245 6356 8724 9336
6940 9 1614 3154 4037 4060 4556 4692 5344 6053 6668
6941 6 496 3088 4082 6102 6332 7854
6942 2 5118 7795
6943 9 615 3722 5289 6770 6834 8165 8652 9150 9711
6944 4 3385 3454 6871 9462
6945 4 172 4088 5785 6984
6946 5 144 332 2577 6232 6719
6947 10 410 867 1247 1676 3019 4264 4937 8643 9072 9484
6948 4 3188 7401 8043 8122
6949 5 807 3809 4153 5275 7906
6950 11 3013 3409 3689 3756 3935 4450 7097 8165 8672 8834 9205
6951 5 1716 2751 7087 9138 9627
6952 4 1390 2813 3793 7029
6953 5 1719 2437 5383 7139 7415
6954 3 1790 3072 7671
6955 3 255 8383 9155
6956 5 1157 1196 5881 6685 9942
6957 6 1101 1930 3838 6250 6651 9064
6958 7 548 807 2828 3953 4285 7849 9631
6959 6 548 1648 3352 4031 4969 6287
6960 6 2864 3016 4524 6806 9169 9774
6961 4 2563 4463 5620 9283
6962 3 3996 4232 8581
6963 6 683 3106 4147 5623 7549 7693
6964 4 162 5035 7903 8395
6965 6 1321 3384 3671 7333 8849 9306
6966 5 2550 6162 6254 8113 9742
6967 7 1398 1975 4562 4781 6199 6746 9999
6968 11 112 622 673 1458 2329 3305 3503 4665 6861 7573 9084
6969 5 493 606 1588 4119 8264
6970 6 6016 6631 7375 7784 8940 9126
6971 6 1301 1829 3780 5278 7132 8676
6972 8 254 2301 2331 7097 9202 9348 9839 9937
6973 6 332 3272 3593 5058 6068 6347
6974 11 176 964 1911 2188 3190 3821 4112 6508 7951 8389 9852
6975 4 3592 6055 7592 9588
6976 5 2963 3173 3483 4756 9976
6977 6 614 1296 4004 8118 9066 9203
6978 6 1311 3234 5624 7742 7899 9318
6979 8 2217 3521 3992 4488 6841 6864 7246 8814
6980 2 1026 1249
6981 6 14 27 3876 3968 5688 9581
6982 11 975 1721 4038 4213 5089 5773 6850 7280 7763 8455 9502
6983 3 4575 5014 6299
6984 10 381 1704 2217 3037 4928 6924 6945 7219 8354 8805
6985 5 2559 3819 4226 6765 7571
6986 5 998 2858 5177 9090 9889
6987 7 601 3602 3880 5143 5251 7696 8031
6988 5 3620 5709 6127 6521 9646
6989 6 1031 3909 4618 4824 7597 9647
6990 4 1014 1647 2961 8078
6991 6 1437 4420 5290 7260 9776 9925
6992 5 1804 3896 4756 7365 8907
6993 5 72 2657 4469 5346 7565
6994 8 1043 2311 3762 5389 5525 8197 8641 9078
6995 5 1717 1804 2859 5114 6027
6996 9 732 1148 3911 5800 6594 7560 7914 8555 9881
6997 8 1523 2415 2727 3356 4108 5224 7182 9203
6998 6 1820 2514 3281 3953 6401 8328
6999 5 669 777 5229 6568 9090
7000 6 1883 5057 5610 5697 7435 8845
7001 7 11 1220 4941 5230 5799 7168 7925
7002 7 1075 2115 5139 5627 7332 7589 8262
7003 5 35 2432 3029 3272 8947
7004 8 1171 1344 1409 5603 7639 8102 8511 8902
7005 7 1110 3575 4766 6671 7837 8134 9516
7006 6 692 853 1179 4369 5243 8285
7007 7 777 1317 3221 8012 8320 8493 9677
7008 5 4415 7061 8385 8867 9255
7009 5 1345 2190 2482 4575 8532
7010 8 192 2111 2134 2211 6781 7270 7943 8508
7011 2 1073 6585
7012 4 1059 2209 5184 7039
7013 18 401 893 999 1049 2346 2531 2866 3212 3293 3329 4094 4483 7884 7949 8705 8911 9057 9557
7014 8 1607 1846 3494 3506 5967 8040 8132 8265
7015 6 1055 1072 1500 3044 3298 8472
7016 6 619 3551 3792 7179 7242 8806
7017 5 2110 6267 6367 7967 9087
7018 7 24 1760 2558 3382 4104 4458 8042
7019 2 2201 9855
7020 6 129 568 1074 4369 4549 5058
7021 9 2483 4714 5082 6473 6645 8571 8840 9192 9514
7022 7 43 1023 1155 3530 3765 3952 5985
7023 3 883 3075 5103
7024 5 10 3055 4227 4998 5066
7025 3 4095 4509 6927
7026 7 36 1539 1975 2005 2891 7303 8187
7027 3 4799 5688 8676
7028 3 6821 7985 9732
7029 9 1662 4208 4660 5028 5317 6036 6694 6714 6952
7030 9 1617 2622 4101 4344 4735 4806 5966 7611 9222
7031 4 1893 2146 5016 5640
7032 3 3275 3952 6271
7033 5 2144 2903 3416 5161 7422
7034 3 578 1699 7715
7035 6 491 1809 4064 5135 7721 9680
7036 5 76 1054 1788 1808 9858
7037 6 177 2687 3966 4430 6455 8205
7038 10 8 21 1057 1952 3311 3440 3581 4516 4566 8360
7039 11 511 3958 4292 4513 4612 5782 6870 7012 8565 9182 9830
7040 7 1226 1299 3829 4386 5503 5814 6564
7041 8 477 897 3358 6905 7628 7913 8564 8761
7042 6 184 2475 4563 5277 7874 9875
7043 6 1285 2080 4897 5424 7418 9379
7044 7 1238 2841 3943 5326 7538 8086 8135
7045 5 1345 1402 5213 6248 8575
7046 10 2781 2827 3563 4638 4982 5055 6341 7168 8280 8362
7047 0
7048 5 2801 3102 4381 9747 9779
7049 4 1059 4511 8093 8598
7050 2 2266 2343
7051 4 1303 3279 4306 4313
7052 4 1694 4664 6167 6329
7053 4 3718 4177 5485 7259
7054 9 741 3930 5178 6613 6685 7914 8490 8687 9559
7055 8 1201 1983 4881 5235 7350 7845 8439 8998
7056 11 483 1089 1317 2841 4160 4999 7567 8580 8593 9437 9592
7057 6 559 1354 2964 7129 8103 8615
7058 7 5650 6565 6787 7463 7787 8396 9098
7059 6 5864 7189 7344 8410 9344 9727
7060 5 97 1830 8674 9465 9480
7061 5 3797 5144 5412 7008 8596
7062 7 1281 2303 3810 4202 5025 5772 9267
7063 4 376 3320 4391 5392
7064 7 613 2051 2423 3876 4332 5724 6326
7065 7 810 4364 4480 4781 4984 8485 9615
7066 5 1486 3075 4578 8476 8790
7067 7 1972 3166 4161 4872 7449 8965 9852
7068 5 518 728 1477 4343 4669
7069 9 1029 1377 1513 1919 2212 2659 3377 6392 7350
7070 4 2324 4114 6031 8668
7071 5 1176 2818 3659 3701 9223
7072 4 2439 4775 6144 7160
7073 9 1575 1941 2528 5369 5782 6388 6691 9101 9503
7074 9 968 1597 1694 3117 3260 3740 4588 7978 9066
7075 5 121 843 3218 4811 7653
7076 4 5599 5660 6619 9139
7077 2 6773 9051
7078 7 2283 4312 5291 6777 7632 8459 8461
7079 7 255 1958 2183 2199 4035 5853 8265
7080 8 2637 4760 5008 6083 6266 6506 7969 8228
7081 3 6575 7912 9374
7082 9 119 1312 2054 3117 4508 8700 9476 9649 9771
7083 5 3766 4185 4568 5466 6757
7084 9 1550 1736 3717 4525 6222 6275 6828 7876 8096
7085 9 845 3370 4582 4999 6145 8178 8261 8731 8927
7086 6 926 2249 2301 3622 6173 8651
7087 6 420 899 1467 6951 7783 8533
7088 2 539 4481
7089 7 569 1806 2284 6317 7413 8175 8439
7090 9 645 1107 1392 2315 2369 4478 4950 6516 8775
7091 3 2115 5258 7782
7092 10 1 303 616 1638 1912 2329 2387 2577 4532 6668
7093 4 4410 4910 4972 7262
7094 7 2392 3404 5165 7311 7985 8510 9740
7095 7 325 6231 6508 7432 8320 9326 9516
7096 8 3192 4755 5265 5791 7998 8913 9244 9252
7097 6 1411 3942 6950 6972 8160 8460
7098 5 4616 5589 5674 7439 8477
7099 1 6334
7100 5 1055 1072 3476 3823 6132
7101 7 395 3130 3245 4074 6560 8308 9035
7102 6 740 2957 3414 7805 8124 8172
7103 5 1935 2170 3873 4292 9231
7104 2 4185 6510
7105 5 4156 6594 8071 8203 8513
7106 4 5446 6291 6593 7996
7107 5 448 5327 5631 6824 7802
7108 4 232 2295 4162 4547
7109 5 4892 6509 8084 9430 9802
7110 9 2582 3537 3959 5079 5749 6191 7674 8112 9916
7111 5 998 1851 3638 5775 6811
7112 4 466 705 7115 7335
7113 5 1576 1777 3974 4931 9884
7114 4 763 4009 7247 7406
7115 6 2468 3838 4422 5975 7112 7288
7116 5 1648 1667 3215 3465 5047
7117 5 938 3958 4572 4846 5841
7118 6 141 1970 4682 5141 8830 8954
7119 4 4871 5248 6431 9677
7120 6 1169 3492 4978 5284 5545 9994
7121 8 1803 2320 3227 4030 4348 6063 8467 8976
7122 5 2425 3283 5942 8021 9953
7123 5 1810 2121 2581 8053 8205
7124 5 1361 3825 5381 8263 8402
7125 4 1559 6313 8533 9108
7126 8 629 2397 2868 3003 3420 4036 8044 8448
7127 5 264 957 1264 2991 6555
7128 3 6489 9304 9636
7129 7 3198 4206 4830 4881 6223 7057 9409
7130 7 1889 2133 3039 3091 3592 3752 8853
7131 5 1105 1338 5592 7700 9035
7132 5 3089 6504 6971 7772 9397
7133 5 1816 2262 4034 8433 9025
7134 4 512 684 6786 7249
7135 6 912 1126 4552 6206 6354 8635
7136 8 805 2658 3217 3597 6484 7322 9536 9600
7137 4 1553 4827 5158 5244
7138 7 420 967 1671 1891 1982 5301 9999
7139 6 583 4583 4846 6953 7712 8013
7140 3 2502 4588 8946
7141 10 1274 1384 1501 3541 5028 5882 7466 8566 8807 9793
7142 9 378 1012 3723 4844 5555 5709 5920 8233 9235
7143 10 2234 2557 2640 2703 3353 7932 8404 8489 9629 9939
7144 3 1808 1934 5520
7145 7 869 1858 1904 5674 6042 8843 9532
7146 11 536 1256 1330 2472 3265 4047 5287 6139 6519 8257 9714
7147 7 189 1554 4722 6037 6239 8939 9955
7148 5 1149 4850 6760 7381 7735
7149 5 2505 8436 8890 9489 9726
7150 5 2139 4667 6244 7248 8628
7151 5 770 1653 4544 4614 6382
7152 7 986 4115 5808 5992 7844 8162 9273
7153 5 1058 2507 3706 3927 8603
7154 5 2311 2585 2742 5139 7868
7155 3 6414 7345 8472
7156 9 695 1274 2362 2599 2816 3014 4817 5062 6139
7157 7 105 1482 3015 5853 6294 8944 9571
7158 7 3051 3232 4684 7755 8246 8347 8850
7159 7 914 3516 4576 5782 6627 6754 8700
7160 8 541 1116 1307 1314 4063 4521 7072 8709
7161 5 209 378 6323 7273 9532
7162 3 6138 7270 7367
7163 6 205 1887 3490 6462 8801 9580
7164 7 2145 2510 3087 4795 7579 8606 8802
7165 4 1245 6120 6498 9791
7166 2 6183 9568
7167 7 477 960 1260 2979 4081 6920 9843
7168 15 1813 1902 2653 3382 4345 4506 5482 5570 5578 6160 7001 7046 8939 9146 9198
7169 9 995 1412 2537 3742 3978 6290 8022 8510 9721
7170 5 1036 3966 4645 4895 4918
7171 2 2678 4341
7172 3 3487 6158 8050
7173 6 2279 5501 5599 7848 9471 9644
7174 6 833 1927 2929 3982 4780 9614
7175 4 471 5342 7301 7844
7176 2 765 9765
7177 7 2136 3064 3489 4818 5660 9100 9315
7178 8 272 1519 3232 3749 3953 4484 5467 8382
7179 5 463 2258 5472 7016 7269
7180 8 133 575 2279 3223 5485 6009 6904 9650
7181 10 340 608 1875 3035 3466 5051 5135 5331 9584 9720
7182 3 906 2665 6997
7183 4 27 7192 8694 9428
7184 1 4048
7185 5 701 1361 4446 6184 6757
7186 9 843 1772 2086 5632 6277 6515 8550 8616 8947
7187 6 567 4092 4403 7445 7852 9678
7188 4 3215 4234 7333 8303
7189 9 1602 2889 3239 4447 4657 7059 7604 8403 8757
7190 7 247 383 1407 1511 1980 7957 8828
7191 5 22 2587 3150 4823 6499
7192 4 6438 6779 7183 9289
7193 3 2476 8315 9889
7194 8 998 1200 1733 2868 4529 6236 7999 8676
7195 6 746 1389 3886 4431 7848 9839
7196 4 976 2999 4057 7843
7197 4 1435 1997 7420 7593
7198 6 3057 3265 4252 6211 9071 9280
7199 6 201 1174 6068 7498 7913 8473
7200 6 362 3656 4793 5167 6735 8323
7201 3 2619 4038 9306
7202 6 909 2294 2314 3779 6187 8470
7203 12 63 915 1343 2371 5259 5825 6350 6888 8582 8771 9060 9125
7204 4 4343 5062 5593 8347
7205 3 6594 7978 8002
7206 8 1145 6204 8121 8609 9459 9693 9795 9811
7207 4 1435 4100 5208 6080
7208 7 1204 1708 4404 4478 7862 8539 9284
7209 3 6084 6929 7434
7210 3 4047 4737 9030
7211 5 6171 6367 6703 7339 9980
7212 4 4466 7613 7787 8050
7213 9 5855 6087 6352 6424 7320 8587 9442 9692 9785
7214 9 510 1763 2802 3153 3335 7252 8470 8623 8844
7215 4 467 1144 5447 9914
7216 6 75 194 1060 1792 4262 9914
7217 4 2516 2894 8560 8684
7218 6 1806 4735 5928 6717 9022 9166
7219 7 948 1853 2000 6984 7273 8359 9017
7220 5 2260 2630 4276 5709 7689
7221 10 354 2084 3248 4834 7316 7347 7500 9325 9750 9761
7222 6 102 1429 1532 2398 6748 7313
7223 6 1220 1410 3203 7463 7672 7781
7224 3 1287 1555 1879
7225 6 1654 3129 4388 5367 6670 8718
7226 8 2456 3634 4787 6651 7412 8572 9119 9669
7227 9 208 2247 4116 6244 6674 9021 9038 9132 9554
7228 5 2033 2171 2198 3469 5211
7229 1 8371
7230 3 1625 3356 3414
7231 0
7232 6 216 1526 2575 3517 4457 5938
7233 7 1234 2043 2102 4146 6022 6455 9442
7234 2 129 8513
7235 6 436 1826 5078 5313 7265 8916
7236 3 3520 3806 8328
7237 6 624 811 1153 2439 4908 6615
7238 6 555 2870 3594 4630 6746 9540
7239 5 843 3278 7326 7493 7692
7240 4 683 3559 4025 6360
7241 10 535 667 2408 5512 5709 5753 6022 6392 7564 7653
7242 6 1586 3741 4014 4661 6606 7016
7243 12 1767 2396 2496 3417 4117 4497 4900 5274 6543 8421 9533 9730
7244 6 1279 3869 4132 6213 8385 9105
7245 7 126 1491 2921 3852 5227 6005 6404
7246 7 1771 2353 2643 6144 6979 8610 9039
7247 7 1295 1487 3092 5371 7114 8945 9132
7248 7 2996 3276 3277 3374 5435 7150 9989
7249 3 254 7134 8650
7250 5 3678 6738 7487 7728 9415
7251 7 350 2316 4283 6060 6617 9408 9608
7252 14 213 630 993 1109 1980 5130 5226 5752 6376 7214 7912 8174 8888 9121
7253 5 2271 5113 6445 6754 8052
7254 2 4931 8040
7255 3 1817 4077 5845
7256 5 4029 5348 6526 6613 8698
7257 6 1458 1639 4128 4155 7946 8006
7258 6 379 3431 4542 4970 7774 9182
7259 8 1530 2287 4636 7053 7552 7649 8853 9935
7260 12 763 828 1591 1812 5606 6194 6674 6991 7509 7846 8907 9720
7261 8 1356 2270 2278 6290 6930 7449 8673 9451
7262 3 399 5617 7093
7263 6 47 310 2811 3829 6930 9484
7264 5 4920 6838 8405 8479 9705
7265 7 3134 3482 4741 6351 7235 7413 9833
7266 2 2499 3716
7267 7 449 787 1715 4987 6460 8326 8757
7268 8 375 2416 6234 6537 9154 9355 9411 9476
7269 8 7 1174 1373 1743 6168 7179 8372 8673
7270 9 1982 2028 4699 5861 6824 6860 7010 7162 8630
7271 7 1442 2809 3669 3863 4885 6045 6315
7272 9 520 1196 3014 5045 6158 6711 7992 8435 9854
7273 7 948 5611 6780 7161 7219 9159 9320
7274 2 3728 4231
7275 6 211 1958 7568 7693 7798 8124
7276 7 874 2956 4646 5333 6899 8275 9430
7277 7 411 3145 3960 4083 5200 6541 7671
7278 8 233 468 1466 3514 4067 5662 7495 9008
7279 5 474 5970 6377 7410 8698
7280 8 1391 2240 2770 3639 6982 9067 9242 9387
7281 6 547 877 2237 2629 4768 9826
7282 3 1369 1625 5070
7283 6 874 3449 6070 6124 6600 8343
7284 7 1364 4852 5879 6143 8249 8788 9025
7285 2 2971 8348
7286 3 292 7651 7988
7287 10 273 548 2745 5392 6613 7829 8427 8686 9434 9686
7288 5 713 1831 1863 6601 7115
7289 5 153 156 339 3140 4043
7290 8 789 4532 6112 6727 8530 8812 9259 9688
7291 5 1544 2343 3304 8589 9874
7292 5 1637 2180 6671 8858 9144
7293 4 224 1046 1915 6429
7294 7 1801 2425 3025 3187 3799 7428 7518
7295 6 2960 4362 6876 7745 8894 9019
7296 6 4704 5435 5908 6809 8274 9756
7297 5 2694 4288 5650 5768 8712
7298 7 2893 3347 3977 5291 6612 6917 7702
7299 2 3805 9606
7300 5 728 2515 2828 5653 9074
7301 5 717 3288 4360 7175 7995
7302 9 2183 2286 2287 4483 4830 5679 6719 7820 8688
7303 10 337 544 3879 4891 5333 6405 6438 7026 8110 8617
7304 5 2733 3605 3773 3893 5570
7305 7 1997 3301 4445 4600 6906 7967 8890
7306 8 954 3073 3216 4129 5246 6331 9393 9420
7307 1 9295
7308 2 385 8768
7309 6 1411 3056 3289 6905 8008 8822
7310 2 5373 5715
7311 5 2204 5306 7094 9345 9959
7312 8 649 1250 1941 4794 5862 8549 9305 9765
7313 3 4106 7222 9130
7314 3 5284 6657 7965
7315 7 654 1657 1849 2104 3064 8843 9645
7316 9 827 1528 1950 2738 3063 4777 7221 9203 9261
7317 3 1993 5779 8828
7318 6 1071 2165 2598 3261 8029 8134
7319 7 1068 1681 1751 2828 4950 8654 8917
7320 5 6331 7213 7457 8279 9278
7321 8 3558 5313 5324 5902 7675 7958 8174 9012
7322 5 5281 5846 6575 7136 8649
7323 6 1075 2611 2820 3120 5048 9335
7324 6 1779 4030 4191 6803 9087 9714
7325 7 90 191 3245 4999 5599 7875 9502
7326 6 241 368 652 6214 6289 7239
7327 3 1228 4175 6840
7328 4 31 739 2235 9175
7329 3 1511 2797 6374
7330 2 3615 5399
7331 9 178 199 1947 3535 7441 7590 7859 8475 8993
7332 3 487 7002 7686
7333 11 1045 2390 2655 3327 3788 3998 4186 5570 6965 7188 8014
7334 7 214 4257 4527 4953 5071 5993 7485
7335 13 1848 2199 3844 4062 4641 5253 6125 6426 6645 7112 7736 8306 9193
7336 7 51 619 1614 5500 5756 7996 9409
7337 8 498 1278 2518 4438 5762 6723 8704 9493
7338 11 784 1372 2622 4438 4791 4979 5862 7777 9065 9446 9808
7339 4 1845 2537 7211 9074
7340 6 1783 2095 2549 5557 8965 9320
7341 8 884 1045 2173 2513 3895 5111 6549 6643
7342 4 270 726 1618 7357
7343 5 3497 3941 3994 8502 9764
7344 10 80 236 1279 2119 3203 3931 4769 5463 6822 7059
7345 7 2168 3077 3692 5617 6594 6609 7155
7346 5 2945 3133 7437 8691 8946
7347 10 478 829 4227 4540 5179 6079 6253 7221 8838 9035
7348 11 30 239 256 1679 3152 3632 3684 4609 6184 8710 9821
7349 6 1211 3209 4678 6066 8915 9554
7350 6 969 1081 2295 3976 7055 7069
7351 7 206 4356 5370 6127 6602 9078 9195
7352 5 176 1929 7635 8855 9211
7353 3 4214 4972 7921
7354 11 1941 2458 2544 2548 3050 3348 5350 5513 7545 8974 9766
7355 5 350 1676 7807 7821 9867
7356 9 111 1051 3670 4099 4229 4553 4605 4973 9480
7357 8 1380 2365 4312 5032 6660 7342 7882 9743
7358 5 867 2511 3202 3357 7580
7359 6 2600 3092 3167 4104 4129 6137
7360 7 1317 3249 4492 5537 6509 6615 8810
7361 4 3090 4394 4615 7860
7362 10 330 1272 2276 2429 2907 3741 3826 4203 4855 6273
7363 9 203 2536 2596 3931 5048 6339 7373 8862 9274
7364 2 711 1874
7365 3 1311 3519 6992
7366 7 258 515 1379 2616 3040 3742 5476
7367 6 543 1106 4734 6924 7162 8988
7368 1 7374
7369 9 373 718 1329 1403 1987 5891 6240 8979 9843
7370 4 3018 5505 6644 9361
7371 6 822 1303 1879 3869 3885 5781
7372 4 1025 4229 4601 7466
7373 9 5535 5753 7363 8078 8456 8617 8650 9567 9776
7374 2 484 7368
7375 9 1994 2521 2596 5006 5018 6873 6970 7388 7758
7376 5 1630 2068 2283 2759 9401
7377 4 1221 1311 2836 9067
7378 4 2116 5772 6705 7529
7379 5 1081 2273 2938 6102 9394
7380 4 261 1996 3685 7626
7381 8 644 689 1449 4492 4757 4952 5052 7148
7382 6 1741 2399 7551 7697 8467 9345
7383 6 271 692 4376 5257 6325 6685
7384 8 695 1985 3177 3396 3989 5022 9248 9495
7385 10 749 3558 3735 4275 5034 6430 7732 8149 9246 9976
7386 2 3441 8666
7387 5 1770 3490 5816 7701 7944
7388 9 219 1019 4230 6662 7375 8374 8634 9556 9665
7389 5 880 2603 3375 5737 6256
7390 7 1108 2275 3047 3463 6256 6804 9434
7391 6 714 4707 4967 6208 7414 8319
7392 4 5299 6400 6712 8378
7393 7 698 1702 3231 4041 4670 9445 9841
7394 7 921 1892 5526 6512 6745 6860 7537
7395 10 754 1009 1915 2687 2978 6392 6653 8328 8570 9085
7396 10 248 480 761 1341 1852 1906 3045 3114 5044 9298
7397 7 1197 1409 2064 5225 5307 5716 5999
7398 9 202 2723 3691 4857 6844 6931 7780 7826 8847
7399 3 239 280 1242
7400 1 5551
7401 7 1322 3440 5326 5373 6948 8753 9645
7402 5 1844 2167 8284 8646 8702
7403 13 118 1956 2648 3065 3366 3728 5051 5667 6288 6801 8757 9218 9899
7404 4 2863 3947 4563 5005
7405 6 2535 3021 3428 4322 6248 9102
7406 8 9 750 1264 4781 6319 7114 8176 9604
7407 4 1290 3403 4969 7506
7408 2 8694 9442
7409 7 1401 3052 4115 8515 8852 8990 9241
7410 7 2243 3244 3624 3816 5331 7279 8582
7411 6 356 590 2604 7592 9352 9968
7412 7 1346 1466 3312 4982 7226 9476 9726
7413 8 577 4746 5597 6665 7089 7265 8806 9884
7414 9 3228 4256 4645 5793 6605 7391 7530 7664 8098
7415 11 1318 1336 1944 2130 2658 3094 3522 4193 6456 6953 9408
7416 7 402 1300 3661 5941 6493 6509 8442
7417 4 3883 5151 8874 9041
7418 7 597 1030 5178 7043 7888 8138 8238
7419 3 1318 7566 9458
7420 6 463 2811 4581 5636 6700 7197
7421 2 828 9995
7422 10 1545 1940 2211 2793 3663 4687 4714 6739 7033 8715
7423 6 3559 4739 4876 6640 7841 9778
7424 9 825 999 4197 5842 8336 8491 8655 9325 9501
7425 1 4876
7426 7 31 150 2054 3403 3894 9099 9673
7427 2 2713 3891
7428 10 1639 2132 3099 3144 3586 4325 5855 7294 9604 9715
7429 4 2097 3040 4552 8203
7430 7 854 2613 3796 6274 8222 8379 8875
7431 8 2234 2574 2745 2862 3507 5949 8405 9121
7432 10 275 769 1977 2788 2804 3788 5223 5441 7095 7873
7433 9 1014 2243 2922 2945 3216 3325 4999 7860 9623
7434 7 113 3736 7209 7645 9289 9568 9578
7435 4 221 5551 6653 7000
7436 11 1213 1263 1900 2303 3548 5537 5890 6039 6328 6497 8589
7437 4 4715 6777 7346 8172
7438 6 622 1925 2263 3119 5366 9285
7439 7 370 558 2636 3527 3922 7098 7547
7440 6 2834 3565 7492 8456 9087 9791
7441 5 430 1847 2660 5047 7331
7442 5 2455 3783 6138 6230 8091
7443 4 4395 4950 5776 5900
7444 2 2272 9875
7445 7 644 2125 2460 5120 6628 7187 9164
7446 2 3415 7868
7447 9 673 879 1311 2248 2729 3026 3212 5965 6786
7448 4 2076 2426 4109 9774
7449 9 1434 2575 2610 5426 5544 7067 7261 9191 9441
7450 4 1116 1140 3168 3340
7451 3 2941 6509 6544
7452 3 611 3227 7477
7453 4 1663 5317 8489 8827
7454 5 344 2131 2763 3584 4129
7455 6 1480 3304 4493 4707 8179 8629
7456 3 463 2919 6245
7457 4 990 1788 7320 8177
7458 8 87 1686 2515 6162 6737 9212 9618 9914
7459 5 1428 1503 2982 4647 8496
7460 3 573 1555 4995
7461 2 3428 8289
7462 5 2308 3530 5738 8339 8745
7463 8 130 538 4109 5460 5627 6159 7058 7223
7464 5 2980 3119 3232 3969 9275
7465 2 6916 9933
7466 9 2070 2897 3406 5717 6091 6535 7141 7372 9039
7467 6 1345 1518 1796 4137 5087 6258
7468 6 82 135 1636 4766 8055 8680
7469 4 565 3664 6745 9764
7470 5 3047 3887 5391 6033 6561
7471 8 17 1312 4453 5519 5629 5963 7732 8253
7472 6 881 3687 3932 4505 8337 9880
7473 4 333 519 1345 3687
7474 7 267 2566 2732 2941 4473 6633 7616
7475 6 1268 2526 2904 3943 6182 9474
7476 7 3567 4618 6109 6383 7817 8260 8889
7477 9 2971 5676 5918 6056 6499 6845 6875 7452 9738
7478 9 567 1049 1924 4897 5148 5866 6015 7536 9432
7479 3 1534 3933 9000
7480 3 2084 2572 7983
7481 5 1783 3257 4266 4589 6909
7482 8 114 639 904 4431 6241 6374 6915 8931
7483 3 959 4139 8870
7484 2 5550 6501
7485 11 50 122 830 1894 4663 6232 6478 6492 7334 7636 9312
7486 9 117 3592 3993 4060 4948 5242 8806 8955 9496
7487 10 63 929 1502 2763 4201 5105 7250 8705 9780 9840
7488 9 725 1622 2745 3277 3669 4179 4232 7810 8363
7489 9 1715 4219 5229 5420 5490 5594 5598 8469 9908
7490 2 292 4580
7491 4 1406 3498 3964 6234
7492 9 1777 3639 5045 6413 6708 6738 7440 7594 9752
7493 6 176 929 1960 2366 3564 7239
7494 6 1863 4889 6926 7655 8260 8595
7495 7 4747 5908 6867 7278 7669 8969 9016
7496 3 259 2114 8894
7497 6 850 2265 2403 3055 6586 9865
7498 3 6385 7199 8056
7499 6 135 2663 5043 5521 6333 6775
7500 7 788 3494 4721 5430 6846 7221 9685
7501 5 2037 2313 2337 2933 5503
7502 8 96 685 2332 2562 3065 3550 5613 6404
7503 9 1387 1678 2242 2825 3188 3612 5860 6718 9860
7504 1 6599
7505 7 28 1478 2247 3362 3956 4849 9557
7506 7 400 700 2346 2828 5164 7407 8149
7507 6 439 535 951 2805 6033 9512
7508 7 1081 2619 2777 4220 6343 8862 9522
7509 9 77 709 2248 2252 3364 4478 5887 7260 9757
7510 6 1164 2454 3422 5091 6679 8934
7511 6 508 1042 1332 2698 4665 8007
7512 9 1942 3982 5620 5777 6165 7686 8966 9552 9792
7513 3 5762 8286 8844
7514 8 976 979 1347 3131 3199 5752 7836 8903
7515 7 704 5463 6322 7825 8434 8697 9943
7516 10 395 1633 2277 3626 4271 4494 5614 6796 7784 7861
7517 4 914 3657 5026 7992
7518 3 3336 5354 7294
7519 4 2816 3013 4672 5187
7520 6 153 746 3698 4222 6887 9406
7521 3 6125 8436 9139
7522 5 4497 4912 5974 6513 9170
7523 5 2087 2750 8218 9051 9594
7524 8 1384 3064 4101 6299 7676 8953 9063 9767
7525 4 2259 5778 6099 6617
7526 5 2302 2785 2915 6833 9717
7527 7 579 2773 3658 4135 5072 6369 9763
7528 6 2171 2807 4183 7762 9622 9781
7529 7 919 936 2650 7378 8385 9042 9432
7530 4 4113 4285 5211 7414
7531 2 3224 3988
7532 3 31 1381 2076
7533 4 444 3016 7688 9004
7534 3 2015 3868 4629
7535 6 2982 3537 4036 8212 8337 9263
7536 6 1062 2548 6122 6146 6587 7478
7537 7 2856 4173 5024 5621 6213 6753 7394
7538 10 681 1066 1262 2007 2017 2088 5244 5949 7044 7803
7539 8 2478 4632 4781 5086 5622 6068 7720 8632
7540 5 253 922 2023 8536 8711
7541 5 1 1158 1212 2605 9535
7542 8 3550 4108 5187 6208 8863 9945 9957 9977
7543 5 1498 2679 6309 8401 9497
7544 10 1102 1521 1750 1889 3944 4678 4745 6138 7681 8000
7545 8 691 1645 2941 3365 3630 7354 8102 9775
7546 6 696 1465 2915 6379 8243 9623
7547 5 2005 5471 7439 9900 9970
7548 9 490 880 2005 2398 4312 4813 6349 8226 8359
7549 7 1943 2011 2623 4755 4990 6000 6963
7550 4 2640 6321 9107 9833
7551 10 201 1593 2446 2874 3041 4761 5924 6166 7382 9706
7552 7 3355 5025 5874 7259 8464 9668 9735
7553 3 4103 5663 9040
7554 6 1346 3360 3850 4566 4822 6471
7555 9 2025 2553 4729 5513 6416 7736 8188 8716 9449
7556 5 4337 6006 6891 7798 9092
7557 7 695 1123 2301 4266 6111 8184 8624
7558 8 1125 2408 2421 2748 3273 4153 6071 6342
7559 6 895 3274 3306 4462 6544 9343
7560 11 62 1133 1633 3325 5073 5236 5783 6476 6996 7615 9640
7561 7 1486 1864 3016 4605 5359 6531 9193
7562 4 2521 5239 6341 9833
7563 2 1174 5903
7564 8 467 2155 4604 5388 5944 5987 6576 7241
7565 2 6267 6993
7566 5 3212 5839 6692 7419 8784
7567 4 1952 7056 8149 8265
7568 10 129 899 1646 1980 2095 2542 6105 7275 7940 8371
7569 5 1284 6300 6327 6510 8264
7570 4 3293 5295 8717 9058
7571 5 1098 3306 6985 7786 8444
7572 7 2187 4643 5022 6683 7823 8239 8708
7573 6 3228 4390 5646 6968 7738 9188
7574 5 1965 2558 5141 7809 8349
7575 10 434 590 806 3567 5400 5777 6486 6853 9565 9626
7576 7 2818 3455 4388 8151 9612 9643 9797
7577 9 3081 3116 3766 4477 5621 6373 7604 8278 8345
7578 5 1543 2947 5087 5292 5597
7579 4 4840 5167 6104 7164
7580 5 2850 6127 7358 7594 8334
7581 7 1175 2402 2955 4339 4857 9039 9998
7582 7 592 1355 1387 2234 2539 5213 9869
7583 6 3130 5583 6026 6120 8264 8840
7584 5 305 1038 2423 3579 9095
7585 7 1193 1396 2298 2556 4924 7752 8868
7586 4 1461 2671 3246 6874
7587 8 122 2003 2715 4862 6188 6695 8147 9251
7588 4 661 885 4735 6680
7589 10 399 561 3105 4232 4849 4964 5029 5876 6376 7002
7590 5 2516 3739 4516 5789 7331
7591 4 1194 4076 5287 8025
7592 4 2304 6975 7411 9500
7593 5 3301 6467 7197 8108 9644
7594 6 378 6079 6160 7492 7580 8447
7595 6 220 1120 1248 6669 8169 8900
7596 8 1193 1458 1894 4645 4963 5503 6924 7764
7597 10 1928 1978 2723 3423 6096 6272 6989 8367 8989 9051
7598 4 195 646 1960 3318
7599 2 4751 9098
7600 6 1994 3270 4580 5308 8496 8784
7601 7 675 3043 5709 6064 6130 6422 8469
7602 3 3469 6751 6773
7603 1 6153
7604 8 2947 3839 5800 5895 6135 6499 7189 7577
7605 7 1443 1523 4025 6407 6739 9146 9551
7606 9 59 98 1836 4807 5575 6410 6832 6833 8854
7607 3 1388 2211 9286
7608 6 626 2526 2823 3318 4544 7825
7609 4 2690 5037 6166 6613
7610 6 201 1797 4764 5865 5956 8275
7611 5 2068 4802 6426 6851 7030
7612 9 215 664 2739 5603 6130 7895 9015 9135 9525
7613 4 1360 3158 7212 8256
7614 4 2110 2361 5325 9947
7615 12 892 1166 1497 1913 3047 3445 3631 7560 8667 8673 8912 9389
7616 5 1590 2977 6097 7474 7653
7617 3 1789 2166 2732
7618 6 3383 4629 6866 6872 8999 9222
7619 4 1185 1964 4164 4931
7620 8 57 1805 1828 1849 2480 3199 4643 5189
7621 3 145 6857 7834
7622 10 207 995 1363 2018 3045 4857 4968 7681 8469 8781
7623 6 21 436 1013 2887 3121 5557
7624 5 1624 3223 4284 4335 4617
7625 6 471 3949 4386 4542 5075 5238
7626 6 480 814 1370 3044 3204 7380
7627 7 466 1722 2143 6226 6324 8054 9657
7628 5 4537 6301 6529 7041 8224
7629 4 67 222 899 3279
7630 7 300 981 4052 5552 6114 6263 7939
7631 7 841 1423 2449 3591 4455 6034 6436
7632 3 725 7078 8735
7633 8 316 481 3428 3889 4941 8408 8795 9858
7634 5 1463 1792 3572 9251 9672
7635 6 1161 4191 5546 6492 6741 7352
7636 6 2695 6590 7485 9107 9909 9965
7637 4 1727 3096 9248 9947
7638 7 2849 3809 5160 5475 5904 5977 9441
7639 5 707 2802 4569 7004 9188
7640 5 875 1548 2840 4993 9752
7641 3 4370 5938 8566
7642 5 9 1507 1834 2176 4825
7643 5 475 746 1838 5937 9669
7644 10 416 505 1575 2129 3188 4661 5727 9284 9447 9487
7645 3 2033 5728 7434
7646 5 1532 2384 3526 5370 5798
7647 7 584 2979 3871 3886 4303 5051 8732
7648 7 2858 4318 4479 5401 6516 8279 9374
7649 13 1351 1610 1831 4387 5406 5423 6611 6902 7259 7852 9189 9372 9813
7650 3 5920 6022 6337
7651 12 172 510 1154 1929 2714 2717 3330 4317 5527 7286 9030 9842
7652 4 545 1714 1834 6368
7653 7 447 4141 6839 7075 7241 7616 8296
7654 5 1105 4839 5752 6468 6633
7655 3 2181 4722 7494
7656 4 1220 6211 6340 9933
7657 8 20 1158 1170 1406 2347 3097 4906 7689
7658 6 766 1359 3099 3444 8596 9873
7659 12 843 1338 1695 1971 3548 4020 4729 5291 5739 7701 8264 8921
7660 5 499 3365 5068 8028 9585
7661 3 5637 5867 7935
7662 8 528 2124 3836 4269 6160 6789 8094 9903
7663 6 704 1472 2193 4989 5445 9788
7664 5 5936 5978 6189 7414 7923
7665 9 2368 2499 3866 4183 4464 6686 7750 9234 9358
7666 5 1039 1186 2948 5685 9195
7667 4 3194 5316 9701 9756
7668 8 226 1020 1652 2722 3396 4853 6095 8374
7669 7 2353 2767 5562 5624 7495 8733 9083
7670 2 2586 8458
7671 5 2394 6954 7277 7917 9058
7672 6 3458 4808 5661 7223 7702 9470
7673 4 757 1340 6234 6480
7674 5 1455 4694 5867 7110 9061
7675 11 1951 3387 3686 4734 5339 5527 7321 8912 9308 9419 9956
7676 7 433 3408 3892 4101 4297 7524 8916
7677 3 505 3363 4406
7678 8 1702 1747 1965 3216 3726 8749 8861 9024
7679 5 2214 2849 4561 5131 8177
7680 9 455 3041 3119 3338 6341 8322 8377 8766 8869
7681 9 561 3065 3488 4517 5962 7544 7622 8250 9939
7682 5 573 2007 6468 6872 8357
7683 4 395 4695 4731 5279
7684 6 909 2522 2744 3015 5483 5564
7685 6 467 690 2336 6933 9051 9089
7686 8 1699 3552 4090 4169 4757 5933 7332 7512
7687 8 953 1592 1832 3099 3679 5586 5760 5827
7688 7 297 1864 3996 5748 7533 7927 8766
7689 8 798 832 1374 1428 7220 7657 8921 9601
7690 5 1111 1231 6222 9164 9766
7691 1 73
7692 3 2965 5689 7239
7693 6 3573 6963 7275 8655 9552 9684
7694 5 621 1796 5373 9133 9827
7695 7 468 3620 5112 6493 8210 9301 9459
7696 3 2262 3218 6987
7697 8 1893 3651 3659 4656 6674 7382 9302 9415
7698 8 149 457 722 933 1507 8743 9725 9944
7699 7 934 1751 1792 2321 3060 3755 4447
7700 9 1136 1250 2212 2480 4441 5679 6263 7131 8250
7701 7 210 760 1045 1857 3127 7387 7659
7702 9 1762 2367 3449 3474 4228 6809 7298 7672 9669
7703 5 399 1440 5443 5825 9253
7704 4 2852 4421 6312 8355
7705 6 2607 4506 4734 6005 6420 9365
7706 5 2942 3001 5348 9468 9485
7707 9 1500 3202 4661 5627 5676 5931 5977 8177 9293
7708 5 3821 4130 4632 6726 9101
7709 3 281 6286 8278
7710 5 617 1727 4465 4672 6013
7711 2 9190 9256
7712 8 275 2717 4898 5516 5616 6308 7139 8039
7713 3 401 1128 2750
7714 10 935 2512 3852 4075 4662 5127 5147 6029 6233 8535
7715 14 506 896 1980 2435 2604 4859 6118 6152 6586 7034 8989 9025 9616 9948
7716 6 113 992 3325 5057 9047 9581
7717 5 696 1084 5878 9246 9824
7718 7 133 987 4936 5806 6053 8296 9482
7719 6 1909 2134 3037 5552 5891 6194
7720 5 3536 3685 6243 6416 7539
7721 6 1165 1464 1853 5232 7035 7776
7722 11 1079 1726 3174 3590 4325 4667 4912 6412 8213 8223 9534
7723 4 1847 5811 6051 6118
7724 6 916 1356 2543 2796 3005 4296
7725 2 2823 6096
7726 6 595 619 2293 3938 5066 5689
7727 5 917 1668 2388 2932 3549
7728 8 369 1085 1496 3921 3999 6926 7250 9942
7729 9 458 4160 4773 5101 6173 6570 8126 8241 8493
7730 5 3168 5558 7837 7921 9301
7731 6 2378 5220 6104 7850 9530 9604
7732 6 227 1135 1793 3771 7385 7471
7733 6 1136 3565 6890 8006 8996 9560
7734 5 2857 3958 4684 8044 9085
7735 5 74 3712 7148 8643 9904
7736 14 925 1030 1080 1911 2069 2560 4885 7335 7555 7979 8421 9475 9576 9656
7737 5 52 3294 3568 7945 8546
7738 8 2851 3704 4383 5266 5356 6770 7573 7812
7739 7 873 2868 3468 3677 3992 4875 8224
7740 5 1871 3615 6838 8703 9356
7741 9 122 336 379 1787 2444 3342 5092 6619 9248
7742 8 2236 3776 3909 5585 6583 6978 8831 9253
7743 4 6132 8355 8437 9940
7744 5 2867 4132 8047 9661 9850
7745 6 4020 4605 6303 7295 9644 9985
7746 6 1588 1955 5583 8847 9125 9232
7747 8 1724 4174 4227 6773 8092 8812 9116 9426
7748 6 2295 2319 4177 6075 8819 9575
7749 6 645 1113 1815 3187 5007 8416
7750 5 357 782 4128 6839 7665
7751 4 1180 2282 5187 9296
7752 7 1709 1992 2053 3021 4686 7585 8556
7753 5 705 1039 3363 6461 6615
7754 4 943 1668 8914 9345
7755 6 2137 3924 4526 7158 9774 9786
7756 3 1315 1805 9952
7757 3 61 5402 7780
7758 6 910 1182 3401 6263 6685 7375
7759 9 3271 5935 8032 8503 8595 8692 8709 8897 9697
7760 4 2424 2929 7916 8705
7761 6 365 2454 2686 5135 5523 6515
7762 7 3531 5731 6887 7528 8885 9461 9502
7763 7 132 737 1339 2820 4516 6982 8272
7764 5 5203 5947 7596 9145 9628
7765 6 1007 3867 4984 5684 8323 8758
7766 7 269 3835 5966 7800 7970 9491 9929
7767 8 1722 2064 4545 4669 8194 8623 8792 9106
7768 4 1970 2344 4187 6465
7769 1 5721
7770 3 85 824 1512
7771 6 1001 1618 1806 3371 4702 6072
7772 6 1102 2283 4966 6043 7132 8139
7773 2 2629 3261
7774 9 894 1519 2749 3195 4298 4741 6635 7258 9180
7775 4 816 2207 3064 9718
7776 8 2124 3405 6471 7721 8037 8187 8369 9181
7777 5 97 2768 5455 6015 7338
7778 6 2537 2754 2805 6229 9948 9970
7779 4 794 6074 8671 9136
7780 8 2258 2794 6431 6889 7398 7757 8746 8896
7781 13 142 1079 1111 1864 2142 2877 3390 4748 5588 7223 8394 8645 9593
7782 5 1990 3243 3572 7091 9571
7783 7 339 2801 3834 5401 5849 7087 8716
7784 6 287 2806 6970 7516 8502 8607
7785 9 389 558 1367 1960 3073 6153 8204 8389 9893
7786 6 4711 6608 7571 8362 9022 9231
7787 9 3240 6115 6559 6846 7058 7212 8393 9475 9478
7788 5 1415 4501 8118 8420 8575
7789 4 3519 4217 6661 8660
7790 6 209 1551 1581 1804 5558 9306
7791 4 463 3118 7916 9317
7792 4 1844 2898 5776 5890
7793 7 537 3815 4666 6536 6636 7834 7879
7794 8 1416 1829 2967 3016 3061 3400 3782 9353
7795 6 2339 2697 2811 4054 6942 9831
7796 2 4152 6718
7797 7 1254 4358 4371 4441 5272 6921 8728
7798 6 2376 6179 7275 7556 8324 8886
7799 8 541 997 3626 3999 5413 6186 6469 9973
7800 3 1029 1526 7766
7801 3 1110 6073 8615
7802 6 508 663 2035 4030 6492 7107
7803 8 671 3068 3532 5046 5117 7538 8097 9059
7804 7 96 2081 2152 3029 5281 6073 9107
7805 5 3033 5866 6083 7102 8811
7806 6 655 914 3941 4969 4983 6518
7807 5 220 2947 6446 7355 8939
7808 3 5469 6573 9038
7809 6 228 1464 5391 6047 7574 8212
7810 6 1209 2874 6345 7488 8329 9851
7811 7 580 1482 1838 3327 3646 8844 9574
7812 9 3309 3312 4105 4653 4889 5656 6519 7738 8781
7813 2 3242 6140
7814 4 5175 6233 6551 6825
7815 3 1269 3706 7954
7816 7 1036 4265 5448 5862 6844 8173 8377
7817 4 1264 1702 6499 7476
7818 6 2170 5071 5332 7915 7924 9725
7819 6 1375 1807 8267 9295 9607 9914
7820 12 1189 2084 2439 4075 4265 4749 6363 6559 7302 8197 8445 8541
7821 6 2837 3659 4646 5486 7355 9111
7822 8 98 1464 2308 5066 5370 6314 6567 8608
7823 6 1807 1839 3225 6008 7572 8217
7824 4 2682 4008 5373 7942
7825 5 1850 5776 7515 7608 9308
7826 5 603 1068 3524 4085 7398
7827 5 1982 3237 4201 4898 5808
7828 7 559 2463 4855 6208 6312 8873 9172
7829 3 7287 7874 8798
7830 3 3521 6482 6583
7831 5 1286 3176 3762 8722 9542
7832 6 28 1263 3087 3315 5722 6549
7833 6 138 2542 2942 3167 6340 8015
7834 5 2197 5092 6686 7621 7793
7835 9 725 1232 1767 3879 3989 4173 5148 5896 8415
7836 10 1779 1908 4781 5212 5654 6295 6351 7514 8709 9687
7837 9 2974 3653 4544 4989 5556 5621 7005 7730 8999
7838 9 353 1238 3162 3690 6453 6845 7940 8802 9275
7839 8 721 1067 1087 1380 2377 5007 5596 6743
7840 4 1026 1584 5345 6819
7841 7 39 1676 3642 3774 5113 7423 9937
7842 6 502 1439 2950 5054 8005 8482
7843 8 2477 4223 5431 5445 6780 6844 7196 8383
7844 7 1513 3483 3705 6251 7152 7175 9639
7845 4 2302 7055 9275 9299
7846 12 206 866 2154 2449 3479 3959 6436 6708 6836 7260 9139 9210
7847 9 258 658 788 1144 1269 1641 5707 5875 9225
7848 5 2993 3973 7173 7195 9702
7849 8 2570 3473 4366 5927 6077 6640 6958 9589
7850 4 6431 6804 7731 8925
7851 5 2981 3636 5283 5584 7954
7852 6 2115 2449 2456 2749 7187 7649
7853 5 3340 4342 5532 6501 8812
7854 12 698 871 1387 2200 3099 3462 4454 5648 6621 6665 6941 9293
7855 3 4937 8941 9687
7856 7 667 1794 4350 6298 6418 6441 9751
7857 7 159 2062 3081 3087 3932 5239 9295
7858 4 1302 1497 5186 6693
7859 5 2295 3757 6199 7331 9399
7860 7 2372 2743 3659 7361 7433 8577 8619
7861 6 2127 5702 5813 6670 7516 8019
7862 6 3125 3243 4958 7208 7920 8662
7863 1 8480
7864 2 3988 6504
7865 3 4248 6815 9456
7866 5 2309 3995 4887 6221 6733
7867 7 1048 2985 3110 3124 4229 5249 8329
7868 5 3956 4718 4923 7154 7446
7869 8 2050 2530 2969 3203 4026 5922 6726 6921
7870 3 111 255 1942
7871 5 3047 5836 5906 6759 6762
7872 10 76 127 1620 2954 3308 3941 4650 5086 6353 8592
7873 5 2417 3835 7432 9628 9901
7874 13 423 439 501 987 4196 4736 5739 7042 7829 8289 8680 9367 9508
7875 3 431 1152 7325
7876 6 1596 2038 4424 5151 5704 7084
7877 8 230 2501 3624 4807 5720 6237 8571 9604
7878 5 530 1866 2699 2978 8887
7879 6 999 3379 3684 4569 6745 7793
7880 1 1573
7881 6 918 1403 1941 5382 5866 6329
7882 9 2006 2691 2923 4693 5754 6083 7357 8140 9874
7883 3 1720 6375 6782
7884 7 1805 3594 6192 7013 8222 8526 8705
7885 7 1536 3140 5799 6707 8266 8395 9931
7886 9 1013 1534 6055 6305 8729 9167 9260 9596 9870
7887 5 382 1416 1598 2860 9448
7888 7 2230 2404 3101 4491 5923 6011 7418
7889 5 5502 5703 6788 6801 8151
7890 8 1495 1613 1931 1961 2174 4816 6499 9122
7891 4 553 5114 6201 8521
7892 3 1894 8385 9687
7893 3 3475 4121 9381
7894 5 344 679 2697 9267 9664
7895 7 598 3341 4842 6039 6851 7612 8616
7896 11 1102 1219 2155 2393 3178 4170 4846 4924 6880 7940 9997
7897 8 826 989 1842 3428 5413 6716 9783 9909
7898 4 76 2083 4847 5080
7899 9 578 2008 2985 3037 4831 4946 6978 9286 9516
7900 8 1782 2029 3768 5014 6504 6805 9137 9487
7901 4 2840 3716 5336 8148
7902 8 387 1127 1268 3192 3963 4819 5249 8885
7903 3 6964 9407 9745
7904 7 1002 1113 2046 6193 8237 8333 9389
7905 5 3130 3891 3968 5522 9106
7906 3 997 6106 6949
7907 6 4116 6344 6388 7995 8393 9808
7908 3 2217 4085 4717
7909 10 685 883 1652 2003 2523 3683 4133 4166 5673 9049
7910 5 4825 6232 9119 9444 9672
7911 2 3835 9359
7912 10 177 558 2955 4117 4242 5031 7081 7252 8133 9865
7913 8 4198 4751 5113 5891 5946 7041 7199 9176
7914 5 215 281 4692 6996 7054
7915 4 518 3002 5149 7818
7916 13 135 1158 1763 3677 4862 6145 6846 7760 7791 8028 9042 9429 9487
7917 7 686 1536 4383 4677 6326 7671 8860
7918 3 8787 9016 9899
7919 5 224 3803 4378 8732 9214
7920 6 3499 3625 4310 5349 7862 9480
7921 9 395 628 2053 3968 5141 6741 7353 7730 8870
7922 3 2154 2265 3924
7923 11 727 1628 1675 2139 2405 2505 2531 6639 6737 6771 7664
7924 1 7818
7925 7 1550 2891 4785 6174 7001 9245 9665
7926 5 1084 3131 4871 6865 9292
7927 7 2483 3962 5291 5865 6466 7688 8518
7928 6 91 3669 4509 4591 4734 4801
7929 4 644 6826 7987 8163
7930 2 2981 9838
7931 5 2034 2739 3749 3805 4045
7932 7 1512 1576 1803 3596 4864 6222 7143
7933 7 566 767 2106 2978 4658 8819 9196
7934 5 804 2351 5738 5746 6783
7935 6 32 1246 4038 6711 7661 9830
7936 7 389 1094 2094 2401 4875 6214 6498
7937 4 956 1489 2773 9980
7938 4 1802 2764 5919 8994
7939 9 457 1882 2699 3137 3533 4109 5684 6046 7630
7940 8 106 371 3371 5197 7568 7838 7896 9633
7941 10 514 908 2823 2906 4570 5551 5571 5651 5955 9923
7942 7 426 3834 4208 5254 6409 7824 8275
7943 3 4296 6018 7010
7944 8 719 3517 6231 6406 7387 8065 8113 8276
7945 8 2111 2443 2967 6903 7737 7951 8471 8795
7946 5 1321 5025 5092 5439 7257
7947 12 1032 1205 1570 2086 2670 2994 3649 4785 5408 6350 9120 9893
7948 7 162 660 777 1533 2049 4730 9426
7949 4 293 4498 7013 9958
7950 5 1923 3261 3733 4444 4898
7951 9 1284 6424 6974 7945 8118 8283 9518 9547 9884
7952 8 9 619 1459 1476 3350 4419 5034 6507
7953 2 4572 5478
7954 7 877 1205 2654 4955 7815 7851 9771
7955 8 19 2767 2991 3247 4053 4968 6062 8726
7956 5 143 201 365 2117 5672
7957 6 247 1208 2557 3190 6671 7190
7958 5 816 2140 4497 5702 7321
7959 4 2222 2605 3337 5841
7960 7 392 939 943 1894 2104 3586 6333
7961 4 2405 5214 5828 9499
7962 9 220 316 2337 4496 5035 6036 7994 8351 8528
7963 6 727 2930 3552 4226 5715 5923
7964 4 1111 3304 5524 8411
7965 7 4734 5131 5471 7314 8666 8872 8976
7966 2 1540 9457
7967 7 1179 2822 4428 6764 7017 7305 8909
7968 10 754 978 2460 2647 4586 4844 4910 5145 6475 8298
7969 9 2663 2673 4217 6148 6635 6688 7080 8661 9790
7970 5 4814 6596 7766 8424 9871
7971 7 1475 1613 2308 4121 5465 6471 8024
7972 8 2581 3788 4800 5220 5921 6367 6765 9609
7973 2 331 2678
7974 4 1781 1830 4015 9509
7975 6 1647 3883 5364 6338 8870 9729
7976 4 551 2038 2990 4663
7977 8 771 1078 1764 3176 3412 3420 4691 6087
7978 6 2415 4698 4728 5057 7074 7205
7979 6 2641 2923 3731 3758 5811 7736
7980 8 510 679 965 2816 3808 5638 5781 9521
7981 6 1414 2211 4186 6923 8194 9039
7982 8 1201 3698 3734 4731 5010 6639 8613 8845
7983 9 1715 1806 2038 2742 3140 3681 4287 7480 8998
7984 4 803 2467 3997 6419
7985 5 250 1710 7028 7094 8907
7986 2 964 4800
7987 6 452 4532 5286 7929 8425 8781
7988 5 1247 1994 3296 7286 8451
7989 5 1583 5508 8028 9171 9334
7990 2 5939 6416
7991 9 498 3719 3841 5985 6519 6614 8314 8650 9963
7992 5 2769 3917 5101 7272 7517
7993 5 404 3261 4382 4819 9274
7994 6 235 743 4555 7962 8603 9589
7995 4 2834 3771 7301 7907
7996 9 1145 1891 4124 4438 5206 5553 7106 7336 9400
7997 6 353 3025 6082 8126 9754 9800
7998 3 2505 3444 7096
7999 7 1878 3504 5562 5570 5759 5820 7194
8000 5 1556 3219 4906 7544 9916
8001 9 1837 4867 5218 5281 6608 6622 6712 9217 9580
8002 8 311 425 1202 3529 5157 6374 6763 7205
8003 4 1063 1915 6559 6734
8004 6 654 2172 3477 3765 5701 6833
8005 7 1569 2855 3148 3415 4088 4188 7842
8006 5 1471 3678 5017 7257 7733
8007 9 1469 1520 1523 1742 2337 3550 4373 4746 7511
8008 2 7309 9060
8009 7 1257 1748 2095 2581 3537 6715 8869
8010 5 3565 4208 5296 5859 9040
8011 6 3592 4007 8710 8814 9098 9485
8012 4 1354 1656 4134 7007
8013 8 3214 4265 4568 5280 6495 7139 8345 9945
8014 1 7333
8015 3 2574 7833 9858
8016 8 311 1046 1428 3433 6116 8341 9615 9776
8017 12 944 1656 1795 2476 3944 5253 5801 5924 6348 6765 8039 9137
8018 5 703 9213 9369 9409 9581
8019 8 3614 4504 4505 5811 6026 6583 6930 7861
8020 7 514 1205 3691 3903 3949 6899 8519
8021 4 3253 3273 4490 7122
8022 9 2340 2916 3238 4744 5413 6159 7169 8155 8643
8023 11 967 1590 2257 3023 3068 3132 3229 4865 5055 5861 6834
8024 7 612 691 2668 6651 7971 9427 9488
8025 4 734 1950 3318 7591
8026 4 1865 5085 9190 9866
8027 9 2186 2595 3038 3597 4423 4565 5402 8173 8832
8028 10 2275 2932 3359 4280 6247 6869 7660 7916 7989 9624
8029 3 4759 7318 8670
8030 2 4534 8272
8031 10 342 722 2658 3438 3563 4240 5374 5721 6582 6987
8032 9 51 75 855 1531 3528 7759 8473 9521 9766
8033 8 1754 1871 3342 5363 5704 6302 9592 9912
8034 4 17 776 3437 4987
8035 4 3383 5573 6380 9500
8036 4 3630 6022 8296 9857
8037 12 1770 2028 2550 4369 4905 5510 7776 8137 8222 8842 9000 9680
8038 2 3400 9665
8039 8 1318 1584 4909 7712 8017 8193 8790 8905
8040 9 1743 2861 3072 5462 7014 7254 8265 8650 9137
8041 6 356 1274 2447 5887 6464 9679
8042 7 591 1938 2912 3859 6496 7018 9866
8043 11 639 965 1467 3064 3914 4719 4838 5093 5160 6704 6948
8044 7 105 1322 2218 2239 5093 7126 7734
8045 6 2840 3014 4103 5253 5470 8552
8046 9 788 871 2472 2486 3086 4433 4705 5694 9279
8047 7 624 1826 2732 5927 6236 7744 9025
8048 6 1 406 1355 5225 8699 9848
8049 4 580 1102 8269 8616
8050 7 1040 4577 7172 7212 8340 8624 9271
8051 9 1725 2207 2511 3202 5028 5516 5896 8168 8656
8052 8 1546 1825 3711 5617 6167 7253 8144 9193
8053 4 5616 7123 8057 8566
8054 6 1267 2181 3708 4335 7627 8227
8055 9 44 2039 2983 4391 5041 6735 7468 8894 9969
8056 8 306 531 2002 3400 3597 5156 6798 7498
8057 10 641 2118 3897 4844 6665 8053 8167 8540 9225 9468
8058 4 66 1826 8442 8555
8059 6 276 2290 5372 5607 5948 8161
8060 7 1364 2177 2717 3409 6808 9383 9590
8061 6 944 1885 4623 4829 9042 9710
8062 7 922 1837 3043 3708 4137 9173 9982
8063 6 1435 5508 5607 6406 9430 9923
8064 4 2175 3195 5164 5811
8065 8 1968 5411 5888 6086 6390 7944 8785 9831
8066 4 441 2651 5163 9766
8067 7 1150 2029 3991 4897 8442 8618 8658
8068 6 1066 3061 4525 4804 4928 9156
8069 5 2029 2301 5295 8524 9340
8070 6 1358 3689 4859 9071 9264 9839
8071 7 2722 2952 3778 4822 5798 5924 7105
8072 3 1230 3677 9272
8073 6 312 1548 3641 5071 5813 8964
8074 3 2961 8575 9500
8075 6 534 3673 3736 5336 9115 9950
8076 6 627 5452 5960 8686 9639 9722
8077 7 2537 2574 4480 5149 5415 6307 9451
8078 5 1466 2063 5614 6990 7373
8079 6 1131 1360 5994 6043 9655 9677
8080 5 960 6112 6386 8981 9537
8081 7 1780 2528 2706 3139 3454 4035 4049
8082 1 8684
8083 7 612 1236 1433 3448 6531 6754 8157
8084 9 1193 1658 4592 4749 5823 6594 6660 6723 7109
8085 5 2590 3850 5100 8347 9859
8086 9 342 1851 4616 5177 6854 7044 8173 8473 9355
8087 1 8901
8088 9 492 1349 2039 2291 2670 3379 3603 6689 6844
8089 3 2844 5987 8952
8090 8 25 732 1600 2647 3705 3976 5441 9284
8091 9 82 4371 6111 6155 6463 6610 7442 8386 8786
8092 9 942 1271 1505 3169 3557 4427 7747 9320 9875
8093 2 4935 7049
8094 9 1701 1991 2261 2716 3172 4374 7662 8246 8525
8095 7 1147 4196 4243 5665 5879 8282 8511
8096 9 149 4734 5112 6359 6703 7084 8717 9209 9386
8097 4 2524 2891 3546 7803
8098 3 2455 7414 8604
8099 5 2254 4391 4596 6717 9797
8100 6 229 1543 2895 6026 6719 8275
8101 6 120 796 3571 4442 5532 8921
8102 6 1165 2894 5102 7004 7545 9875
8103 7 366 767 1933 4730 5120 5188 7057
8104 6 2891 3398 4206 5459 6056 8782
8105 6 765 2855 4830 5271 8151 8953
8106 7 92 101 765 1885 3695 6877 9514
8107 4 2228 2632 5314 6622
8108 7 30 2802 3197 4005 4180 7593 9817
8109 4 2403 3552 8407 9794
8110 3 493 1535 7303
8111 10 760 953 2569 3769 4093 4215 5332 8766 8827 9174
8112 10 477 1920 4037 4387 5547 6226 6458 7110 8254 9497
8113 4 2690 3603 6966 7944
8114 6 2591 4980 6721 8569 8723 9906
8115 1 8133
8116 5 90 4263 5280 8150 8642
8117 8 221 914 1399 2008 2415 3925 5491 8510
8118 9 2326 3441 6610 6689 6977 7788 7951 8546 9300
8119 4 5589 9033 9317 9773
8120 3 2449 9308 9903
8121 5 1336 1566 3092 4348 7206
8122 7 1949 2563 3520 4347 6329 6948 8956
8123 10 687 3481 4308 4886 5031 5058 5387 5705 8476 8872
8124 6 660 3219 4770 5516 7102 7275
8125 4 4070 4302 6229 6329
8126 7 2316 5815 6685 7729 7997 8888 9233
8127 5 2008 2818 3903 5556 5756
8128 7 4035 4092 4095 5319 6185 8351 9795
8129 5 738 1094 3413 3706 9298
8130 5 310 4741 5364 5470 8485
8131 6 558 5333 5691 8444 8595 9567
8132 2 5447 7014
8133 8 304 745 2122 4112 4641 7912 8115 9468
8134 9 38 717 1113 1954 5393 6699 7005 7318 9791
8135 7 877 1282 2525 6079 7044 9164 9528
8136 3 352 1290 5141
8137 4 2846 3405 3852 8037
8138 12 1499 2271 2454 2709 3901 4335 5413 6609 7418 8631 9081 9134
8139 5 1426 2124 7772 8225 9306
8140 3 2731 7882 9356
8141 8 2011 2138 4797 5167 6667 8379 8978 9454
8142 9 186 1262 2155 2541 4782 8213 8323 9818 9989
8143 5 1228 2101 5796 6159 8369
8144 7 2025 2297 6018 6699 8052 8302 8542
8145 7 1158 1678 3751 6069 6078 9603 9704
8146 3 2048 4316 5234
8147 2 3955 7587
8148 6 1756 2166 4324 4849 7901 8351
8149 11 696 1026 2036 3281 3334 3693 4988 7385 7506 7567 8573
8150 8 1328 2401 2459 3292 4809 5031 5897 8116
8151 6 2360 4661 7576 7889 8105 9239
8152 5 3068 4909 8362 9238 9419
8153 5 4322 5664 6072 8630 9335
8154 7 1486 1570 2031 2371 2711 4090 5352
8155 5 415 4092 4167 8022 9709
8156 5 948 1467 1786 2856 6658
8157 8 3328 6673 8083 8671 8733 9135 9597 9969
8158 7 1215 2049 2507 3133 3847 4758 4807
8159 4 58 1370 2017 8484
8160 4 312 1432 2726 7097
8161 6 654 895 1235 5242 5368 8059
8162 5 4464 4473 5468 5675 7152
8163 4 771 1993 5904 7929
8164 7 1273 2553 4232 5190 5422 6049 6366
8165 9 67 1575 3140 4641 5999 6112 6943 6950 8907
8166 5 1351 2884 3971 4099 9083
8167 4 200 5894 5955 8057
8168 6 434 1841 2330 2798 4564 8051
8169 6 844 4028 4839 6806 7595 9983
8170 4 110 2927 5831 9597
8171 7 249 849 1484 2299 3346 4117 6820
8172 7 4668 5634 5726 7102 7437 8526 9141
8173 5 3575 3862 7816 8027 8086
8174 6 617 1791 2029 4770 7252 7321
8175 5 3008 6051 6443 6755 7089
8176 4 1570 5971 7406 8878
8177 10 1750 3212 4499 4588 4858 6689 7457 7679 7707 8755
8178 12 122 491 748 1009 1078 1552 2155 2757 4045 5195 5546 7085
8179 3 694 3292 7455
8180 5 1521 1958 2374 6291 9785
8181 5 2203 2433 5616 6284 6308
8182 5 5166 5809 6848 9358 9814
8183 2 5627 9620
8184 7 933 2476 6816 6859 7557 8314 9001
8185 3 926 2326 9180
8186 8 291 1218 1719 5517 5842 6060 9562 9839
8187 11 69 334 451 1852 2188 2213 2341 7026 7776 8262 8699
8188 7 127 934 2932 3229 4200 5314 7555
8189 4 1970 2877 8299 8640
8190 10 2906 3439 3749 4237 4744 4787 5123 6058 8350 8550
8191 5 1537 2017 4723 5112 6486
8192 9 66 2985 4510 5480 6145 8675 9141 9828 9942
8193 8 786 2037 2230 2515 3237 4947 6709 8039
8194 7 1229 3294 7767 7981 8270 8597 9666
8195 4 3770 5325 6402 8416
8196 4 273 1378 4495 8319
8197 8 2836 2892 5276 5919 6994 7820 8570 8593
8198 9 41 2224 2303 3921 4640 5505 5837 5861 8868
8199 5 206 4091 5734 6921 9905
8200 6 1203 2426 2669 3623 6311 9406
8201 6 1321 4291 4494 5740 8398 9675
8202 9 1709 2456 4644 4671 5103 6638 9827 9833 9978
8203 3 3329 7105 7429
8204 6 434 788 2759 4207 5518 7785
8205 7 1600 3678 4735 7037 7123 8396 9256
8206 2 217 1111
8207 3 1128 5601 9797
8208 6 312 2549 3531 3581 5178 6130
8209 7 3342 6292 6481 6615 6888 8294 8903
8210 6 1833 1961 3351 3409 7695 8544
8211 4 890 4810 5559 6635
8212 11 12 593 2607 4549 5541 6169 6432 6494 7535 7809 9396
8213 6 3865 5076 5256 5526 7722 8142
8214 3 187 2596 4840
8215 4 407 8574 8597 9939
8216 6 262 3372 4865 5003 6000 9940
8217 7 4381 5127 5539 5614 6587 7823 8470
8218 8 450 1640 3068 4797 5945 7523 8414 9747
8219 11 992 1213 2271 5166 5346 5358 5745 8344 9318 9776 9907
8220 4 759 1491 4968 6151
8221 5 1410 2431 4259 5699 9209
8222 8 481 4404 5614 7430 7884 8037 8457 8825
8223 6 1458 1636 2032 3403 5393 7722
8224 6 1338 2959 5064 6328 7628 7739
8225 5 1491 4093 8139 8394 8796
8226 5 1833 2615 4268 7548 9293
8227 8 1623 2053 3027 3857 3934 6459 6488 8054
8228 5 3193 3813 4460 6562 7080
8229 4 84 2507 2605 5590
8230 8 1890 3871 5412 6905 8707 8795 8938 9032
8231 9 156 1610 1901 3508 4232 4453 5611 6384 8879
8232 5 3618 3885 5518 9375 9996
8233 6 2890 4518 7142 8379 8967 9508
8234 7 2204 2708 3553 5804 5818 9265 9662
8235 10 92 1270 3189 3230 3704 3718 4198 5216 6673 9614
8236 8 6 161 929 1921 3848 4849 5411 8986
8237 5 1181 2027 4405 6581 7904
8238 5 5735 7418 8390 8395 8711
8239 7 3200 3810 4413 6104 6912 7572 9516
8240 10 1449 1794 1867 2107 2515 4395 4632 8645 8738 8997
8241 8 256 1167 2938 3295 3958 4636 4734 7729
8242 3 1335 1351 8573
8243 6 74 4102 4111 4205 7546 9626
8244 2 4030 6672
8245 3 4551 5152 6055
8246 7 1493 1505 1906 3827 7158 8094 8896
8247 4 3003 3821 4997 9268
8248 1 772
8249 5 2670 4387 5802 6385 7284
8250 13 551 2647 3495 3902 5039 5208 6175 7681 7700 8521 8770 9328 9407
8251 6 2366 3080 4469 5479 6425 9655
8252 6 2220 2452 3935 5607 6055 9236
8253 5 2714 5550 6527 7471 9406
8254 9 243 1077 2759 3440 4414 5168 6747 8112 9838
8255 8 838 971 3250 3318 4861 5611 8715 9742
8256 7 587 625 1588 2614 3802 6638 7613
8257 4 1134 3082 4727 7146
8258 8 737 2187 4955 6597 6609 8274 9328 9427
8259 6 1074 1137 1585 2244 4195 6447
8260 6 1532 5164 7476 7494 8418 9260
8261 6 3412 3837 6090 6800 7085 8941
8262 7 329 2123 5465 7002 8187 8406 8593
8263 3 2700 2832 7124
8264 9 102 4772 5345 5717 6969 7569 7583 7659 8950
8265 10 1180 1351 2413 7014 7079 7567 8040 8326 8347 9101
8266 10 330 1820 2239 2695 4845 5073 5496 6324 6467 7885
8267 5 254 524 7819 9006 9808
8268 12 2653 3507 3960 4185 5097 5170 6346 6410 6647 9109 9485 9524
8269 8 1534 1887 2170 4093 6516 6525 8049 8451
8270 5 834 4308 4350 8194 8866
8271 6 2081 3168 3681 5208 5857 9248
8272 6 2462 5271 7763 8030 8469 8873
8273 5 2800 4173 4698 5336 6829
8274 3 2329 7296 8258
8275 11 41 101 4248 5019 7276 7610 7942 8100 8858 9456 9758
8276 6 4821 6077 6625 6768 7944 9712
8277 8 322 2420 4297 5135 6189 9090 9522 9540
8278 8 424 866 926 1719 3509 4785 7577 7709
8279 4 7320 7648 8378 9314
8280 7 345 2520 3096 5988 6916 7046 9787
8281 12 199 684 742 935 2031 2376 3019 4449 5008 5303 6278 8713
8282 4 370 910 2066 8095
8283 7 138 2890 3336 4811 5411 6653 7951
8284 6 1296 2417 3721 5109 6593 7402
8285 11 78 511 3469 3826 3871 4081 5410 5797 6873 7006 8540
8286 6 264 1270 3255 7513 8599 9114
8287 4 2229 3706 4534 9806
8288 4 3126 3340 5835 6591
8289 6 467 1741 3969 4823 7461 7874
8290 8 1644 3337 5986 6330 8626 8940 9330 9890
8291 7 2815 4402 4482 5154 8310 9090 9122
8292 7 2265 2361 2458 3176 3413 4165 5602
8293 4 769 2575 6278 8614
8294 6 1982 3715 3947 6729 8209 8540
8295 0
8296 9 591 2562 4293 5030 6409 7653 7718 8036 9065
8297 5 2497 3879 9459 9624 9869
8298 7 86 2225 2766 3828 4895 7968 8415
8299 3 2910 4017 8189
8300 6 878 3258 5613 8936 9378 9591
8301 2 4148 8827
8302 2 797 8144
8303 7 2724 4129 6133 6746 6853 7188 8590
8304 3 718 3603 5103
8305 6 2378 4053 4606 5408 5454 5780
8306 7 1391 2558 3086 3370 6020 7335 8575
8307 6 986 1069 3314 4556 5830 9184
8308 8 319 945 5603 6225 6834 7101 8867 9438
8309 9 440 1086 1185 1458 2218 4355 4862 6473 9474
8310 6 638 2196 8291 8612 8910 9281
8311 2 1247 6536
8312 8 2613 3254 4318 4365 6687 8876 9637 9838
8313 4 964 4119 4612 9893
8314 8 2861 4416 4475 5683 5913 7991 8184 9405
8315 6 1733 2580 2775 3846 5477 7193
8316 2 1084 1866
8317 5 2348 5554 6217 6670 8788
8318 10 188 2124 2945 3244 4114 5091 5892 6063 9286 9868
8319 7 2674 5354 5430 5693 7391 8196 9442
8320 6 2211 2850 3837 5434 7007 7095
8321 4 2085 2754 8641 8790
8322 3 367 2376 7680
8323 11 658 848 3046 3361 3623 3933 7200 7765 8142 8444 9030
8324 4 2093 2508 6920 7798
8325 6 634 5006 5526 8878 9252 9455
8326 8 137 3403 4937 7267 8265 8361 9715 9852
8327 6 562 2716 4828 5163 5240 6328
8328 4 5153 6998 7236 7395
8329 7 614 2287 4166 6750 7810 7867 9791
8330 4 2613 3150 6591 9097
8331 4 692 5189 6908 8891
8332 3 2193 5160 5697
8333 5 364 881 998 7904 9187
8334 10 2084 3013 3814 3858 5306 5522 6261 6519 7580 9128
8335 4 2852 6214 8361 8885
8336 9 60 165 1600 1677 3562 4309 7424 8927 9169
8337 9 304 1412 1438 2222 3554 4725 5134 7472 7535
8338 5 451 1216 1547 6873 8571
8339 8 170 503 866 1109 1229 2986 6240 7462
8340 8 1305 3169 3207 4096 4432 5376 8050 9596
8341 9 159 646 1399 1520 2005 2459 5730 8016 8749
8342 6 1163 6108 6535 8433 8578 8753
8343 6 3023 3160 3591 4945 6886 7283
8344 3 4449 5813 8219
8345 7 143 1074 2769 3445 6185 7577 8013
8346 4 1032 6540 6764 9568
8347 8 4916 5281 7158 7204 8085 8265 9458 9761
8348 6 2290 3882 4871 7285 9709 9988
8349 8 216 1920 2720 3169 6095 6622 7574 8764
8350 7 1089 1469 3442 4067 6421 8190 9870
8351 9 983 1829 3091 4890 7962 8128 8148 8945 9941
8352 5 2940 6335 6449 9282 9344
8353 5 2580 3258 5761 6168 9922
8354 6 1428 2268 2771 3888 3904 6984
8355 7 873 3804 4074 7704 7743 8380 8447
8356 2 2078 9389
8357 10 1942 2565 2634 6234 6540 7682 8367 8469 8582 9418
8358 8 360 1144 1740 2922 2942 4524 5826 6693
8359 7 1323 3731 5769 6908 7219 7548 9490
8360 8 360 548 2055 2214 5266 5629 5737 7038
8361 6 4027 5078 5846 8326 8335 9111
8362 9 3208 3274 3494 5418 7046 7786 8152 8565 9747
8363 4 2004 3006 4890 7488
8364 6 464 1395 3624 5991 8376 9652
8365 6 1299 1938 4084 6316 6473 8513
8366 8 497 787 1356 2352 2826 6022 6432 8569
8367 6 825 3063 6367 6652 7597 8357
8368 5 21 1237 3508 3848 4833
8369 8 1553 2783 4054 4411 7776 8143 9242 9714
8370 4 3816 3970 4245 9832
8371 9 506 2218 3391 3896 4232 4580 5873 7229 7568
8372 6 1018 1176 1951 5545 6326 7269
8373 5 4861 6281 6450 9755 9968
8374 9 249 2304 5078 6011 7388 7668 8828 8879 9560
8375 6 556 2957 4543 5153 9504 9809
8376 5 8364 9114 9317 9543 9802
8377 5 3764 4766 5109 7680 7816
8378 7 4049 4569 4620 6747 7392 8279 8527
8379 10 32 1730 2279 2572 4471 5412 7430 8141 8233 9662
8380 2 1919 8355
8381 6 1683 1895 2693 3237 4943 8837
8382 10 287 1823 2689 4159 4722 7178 8886 9237 9745 9830
8383 5 3438 6955 7843 8633 8969
8384 7 166 1179 2323 4032 9100 9303 9662
8385 9 2201 2248 6450 6508 7008 7244 7529 7892 8436
8386 7 2454 2866 3956 4087 4242 8091 9049
8387 5 1588 1820 3459 4846 8771
8388 8 1364 1999 3212 4141 6921 8713 8728 8790
8389 5 2646 4552 6974 7785 8775
8390 5 495 4929 6090 8238 9790
8391 6 1119 2218 2360 4766 8569 9138
8392 10 1014 2011 2666 2678 2812 3309 5232 5483 5689 6201
8393 10 1775 2387 3223 3249 3498 3941 7787 7907 8504 9150
8394 5 502 1289 6716 7781 8225
8395 9 179 244 1717 3002 5295 5336 6964 7885 8238
8396 8 1244 2554 3113 4297 4853 7058 8205 9320
8397 6 3320 3786 4644 5420 6417 9899
8398 8 3711 5470 5597 6019 6134 6286 6350 8201
8399 4 1183 4793 5035 9565
8400 2 1308 9259
8401 9 2179 2189 5120 5173 6066 7543 8687 9020 9944
8402 9 65 2050 3068 4069 4517 5678 5929 6816 7124
8403 5 803 1699 3192 6246 7189
8404 7 1380 2657 2807 4069 4943 7143 9857
8405 5 1168 3193 3786 7264 7431
8406 5 2780 3609 4378 8262 9651
8407 8 580 851 1706 2933 6845 8109 9385 9513
8408 6 73 309 2086 4550 6442 7633
8409 9 131 250 388 1900 2552 3813 4182 5189 6347
8410 5 2919 3100 3792 6713 7059
8411 7 1795 4810 4950 5590 6064 6891 7964
8412 7 261 587 1582 2410 2485 4978 9832
8413 5 1254 1717 1773 4794 5284
8414 9 459 1030 1236 2157 2239 3063 4954 8218 9027
8415 5 5300 6123 7835 8298 9073
8416 5 357 5570 6304 7749 8195
8417 2 141 6752
8418 8 199 961 1450 4092 4771 5443 8260 9715
8419 2 5593 6380
8420 6 2443 2571 2587 5329 7788 9155
8421 6 77 1861 2117 7243 7736 8666
8422 4 1425 3085 5317 9174
8423 3 3103 4385 5078
8424 9 380 2157 2554 2982 3323 3863 6541 6847 7970
8425 4 20 4747 7987 9788
8426 7 7 700 1352 2748 4593 5765 5881
8427 10 609 1396 2090 4717 5767 6358 6641 7287 9412 9754
8428 10 813 2743 3169 3686 5734 5745 6301 6737 8455 9635
8429 8 605 1460 1939 1968 4798 4841 5916 6100
8430 3 1217 2988 5223
8431 6 1085 4587 5617 5809 6527 8773
8432 4 979 1052 5713 9854
8433 4 950 4566 7133 8342
8434 9 1556 2667 3555 3880 5160 6366 6891 7515 9974
8435 8 377 2850 3703 3823 5381 5659 6528 7272
8436 10 669 1627 3266 5086 7149 7521 8385 9095 9242 9307
8437 8 2729 4087 4149 5576 6504 7743 8968 9786
8438 6 402 3268 3904 4286 6250 9676
8439 9 789 887 1743 1798 2613 3595 3936 7055 7089
8440 7 481 1903 2711 6055 6239 9327 9509
8441 10 2414 2452 3233 5296 6048 6254 8490 8579 8642 8750
8442 9 90 596 1453 3617 6811 7416 8058 8067 9339
8443 5 365 1097 1813 2794 5255
8444 8 894 3100 4285 6662 7571 8131 8323 9473
8445 6 1297 2991 4294 4939 6278 7820
8446 3 87 1257 4969
8447 5 4141 5489 7594 8355 9994
8448 4 1950 5739 7126 8672
8449 6 2312 2555 5370 5455 9547 9943
8450 7 421 558 1549 2792 6011 8501 8755
8451 5 633 2565 7988 8269 9364
8452 2 2782 8789
8453 5 2263 2907 4343 4580 9510
8454 2 1189 1362
8455 11 819 905 1412 1634 2264 4861 5510 5511 6982 8428 8466
8456 6 2881 4741 4964 5630 7373 7440
8457 5 2761 3379 4612 8222 8900
8458 8 2237 2244 4215 5521 5940 7670 8701 9330
8459 5 2442 3711 4522 6109 7078
8460 8 209 274 510 5827 6237 6917 7097 9530
8461 8 2197 4159 4797 7078 8792 9124 9144 9619
8462 1 91
8463 4 1362 2107 5212 6103
8464 3 4719 7552 9997
8465 6 3344 3363 4220 4271 8775 9986
8466 7 1887 4010 4063 6243 8455 8663 8707
8467 8 2256 3334 5116 6259 6367 6750 7121 7382
8468 2 1740 6551
8469 9 708 1415 1908 4332 7489 7601 7622 8272 8357
8470 8 518 5759 6335 6477 7202 7214 8217 9066
8471 3 2606 7945 9607
8472 9 644 2412 2790 2802 3924 4952 5417 7015 7155
8473 8 133 1100 1674 2409 6141 7199 8032 8086
8474 5 612 1157 2891 4007 9134
8475 8 364 455 1883 2312 3493 7331 8889 9519
8476 5 1306 2543 3469 7066 8123
8477 7 2009 2437 6191 6912 7098 8567 9283
8478 6 1142 1336 1466 1575 1807 3196
8479 5 1728 6553 7264 8802 9792
8480 4 78 1021 4281 7863
8481 4 1519 5133 5978 9955
8482 6 2840 4643 6036 7842 8832 9733
8483 7 1109 4554 5513 5794 9709 9711 9822
8484 6 2254 6110 8159 8891 9204 9663
8485 4 600 1585 7065 8130
8486 6 3565 4541 5601 6086 6536 9538
8487 3 1662 5668 9976
8488 8 78 846 2949 4078 4729 4817 6721 9121
8489 7 710 1049 3756 5424 5904 7143 7453
8490 6 551 4583 6736 7054 8441 8992
8491 2 1575 7424
8492 4 377 4584 6321 9045
8493 6 1730 6401 6669 7007 7729 9887
8494 5 1350 3900 4412 5718 6865
8495 6 562 1207 3050 5585 6389 9817
8496 5 1148 3242 7459 7600 9378
8497 6 1108 2326 2901 5130 8721 9250
8498 6 829 1562 6068 6694 8657 8701
8499 3 4597 5721 6142
8500 5 1323 1957 2321 5862 9139
8501 6 2139 4182 6509 8450 9281 9882
8502 8 4 606 3204 5270 5870 7343 7784 8709
8503 5 4089 6536 7759 9159 9368
8504 2 5549 8393
8505 0
8506 4 683 2890 4538 6091
8507 9 1073 1121 2399 2663 4970 4978 5005 5692 9004
8508 8 667 699 1954 1977 3946 5367 6902 7010
8509 5 2 3464 4970 5837 9784
8510 9 1607 2522 3131 4348 6112 6178 7094 7169 8117
8511 4 5068 6577 7004 8095
8512 5 245 611 2297 3108 5291
8513 10 1018 1084 1520 2052 2349 3524 4003 7105 7234 8365
8514 6 1448 2488 3249 3284 4194 9655
8515 9 2037 2767 2893 2948 3597 5944 6092 7409 8811
8516 5 3330 3563 6725 8737 9773
8517 1 3230
8518 4 585 2559 3403 7927
8519 6 1151 2293 3884 5783 6355 8020
8520 4 1975 3383 5148 5243
8521 9 2710 2757 4515 4635 5349 5541 7891 8250 9349
8522 4 3684 9049 9113 9871
8523 6 2501 2918 4069 5068 8755 9952
8524 6 1866 2393 6059 8069 8934 9078
8525 5 2174 3937 4096 6925 8094
8526 6 1124 2813 3255 4304 7884 8172
8527 6 843 950 1227 8378 8970 9567
8528 6 108 1738 2884 6453 7962 9200
8529 8 140 627 1102 1350 2014 2179 5675 5828
8530 6 144 161 3336 4920 6536 7290
8531 6 730 2565 4025 4397 8650 9163
8532 7 1166 1750 2759 3279 5515 6450 7009
8533 5 1029 3796 3845 7087 7125
8534 1 5175
8535 7 825 1803 2394 2877 4900 5331 7714
8536 7 1749 2462 4306 6036 7540 9147 9350
8537 7 2055 2999 3793 5800 6017 6852 6887
8538 3 2453 2772 5983
8539 8 1224 1572 3670 4847 5109 5923 6104 7208
8540 5 6357 8057 8285 8294 9802
8541 4 510 2507 6701 7820
8542 4 2039 4166 6569 8144
8543 4 1383 2222 5415 6175
8544 2 2422 8210
8545 3 1881 2346 3504
8546 8 2500 2887 4010 5728 7737 8118 9858 9875
8547 5 537 567 4540 4852 4853
8548 2 3807 6085
8549 5 3695 3777 4376 7312 9456
8550 9 1892 3113 4574 4726 4733 7186 8190 9641 9824
8551 2 274 9069
8552 10 1844 3662 3879 5146 6281 6400 8045 9159 9237 9541
8553 9 1733 3077 3113 3270 4005 4115 4726 6903 8828
8554 3 2782 3331 9915
8555 6 3787 4100 5197 6996 8058 9066
8556 6 470 1469 1756 3296 4849 7752
8557 6 124 827 1630 1801 2641 9709
8558 5 3275 4740 4928 6402 8882
8559 3 1190 2986 8755
8560 8 218 1630 2051 2093 3825 5087 5312 7217
8561 4 1425 1515 4487 9496
8562 6 434 1176 1937 3545 4711 5713
8563 6 491 2110 4905 5264 5536 9177
8564 6 266 487 2316 4410 5595 7041
8565 6 347 2523 7039 8362 8735 9585
8566 7 188 191 4674 5351 7141 7641 8053
8567 4 1870 2573 8477 8904
8568 4 28 3412 4053 4204
8569 7 480 1609 2385 8114 8366 8391 8724
8570 11 428 810 967 1381 1930 4151 4396 4717 4769 7395 8197
8571 12 1175 1544 2027 2468 3775 4798 5099 5205 5550 7021 7877 8338
8572 7 2347 3462 5076 5609 6490 7226 8657
8573 5 2381 5294 6167 8149 8242
8574 5 189 2971 3011 3394 8215
8575 14 254 857 2379 2817 3434 5195 7045 7788 8074 8306 8802 8864 9027 9116
8576 2 184 1971
8577 2 2730 7860
8578 6 145 1074 2609 3631 6619 8342
8579 8 1652 1814 3555 4797 4818 8441 9694 9761
8580 4 706 6937 7056 9032
8581 8 79 1115 1444 3759 3907 5954 6962 9796
8582 7 234 2706 3106 6018 7203 7410 8357
8583 3 3850 4752 6484
8584 4 132 4626 8644 9566
8585 6 535 1434 3126 9381 9495 9834
8586 6 1714 1821 2046 2592 6118 9343
8587 7 246 542 584 4643 5625 7213 9053
8588 3 5094 5823 9076
8589 10 876 2546 3752 3993 6410 6764 7291 7436 9739 9993
8590 7 2484 3064 4383 4563 6579 8303 9436
8591 5 1930 2118 3626 6085 9793
8592 3 1877 4234 7872
8593 8 182 378 484 5817 5974 7056 8197 8262
8594 1 204
8595 6 2523 4448 5799 7494 7759 8131
8596 4 392 6438 7061 7658
8597 3 3778 8194 8215
8598 3 1880 7049 9922
8599 3 760 1605 8286
8600 9 347 1063 2388 3890 4854 5353 6286 6633 9261
8601 5 3328 5903 6873 9605 9959
8602 4 1399 1802 3171 3585
8603 7 509 1280 4411 5356 6877 7153 7994
8604 7 1180 6094 6104 6559 8098 8749 9123
8605 4 354 3137 3922 9522
8606 5 1203 2727 4867 7164 9640
8607 9 1053 1439 2104 2188 2195 4485 4793 7784 9645
8608 7 2328 4565 5480 5937 6580 7822 9852
8609 6 2100 2323 4278 7206 8761 9352
8610 3 477 4267 7246
8611 7 769 1072 1799 3734 5074 8755 9131
8612 3 135 1077 8310
8613 8 139 1183 1559 3766 4392 6589 6886 7982
8614 9 513 1335 2325 3028 3959 4203 4904 6302 8293
8615 5 916 1547 7057 7801 9009
8616 5 4278 5233 7186 7895 8049
8617 5 5620 5631 7303 7373 9213
8618 4 1399 6253 6494 8067
8619 5 1643 3562 5827 7860 9967
8620 3 1364 3854 4501
8621 3 2310 2431 3229
8622 7 1251 2674 2695 4628 5422 8906 9626
8623 7 2141 2181 2829 3324 7214 7767 9182
8624 10 1014 1210 3093 3222 3319 3517 4186 5802 7557 8050
8625 6 2291 2293 4853 8635 9260 9969
8626 6 827 2747 3185 6264 8290 8867
8627 3 1913 4813 8766
8628 8 956 1328 1990 2710 3557 4687 6129 7150
8629 5 1768 5797 6279 6457 7455
8630 9 229 586 615 725 2793 2911 3831 7270 8153
8631 6 251 1550 1690 3845 4630 8138
8632 5 190 3737 3929 6503 7539
8633 8 786 1343 2471 3545 3591 4649 8383 8662
8634 5 4361 4671 5036 5514 7388
8635 2 7135 8625
8636 5 2110 3280 6751 6892 9506
8637 6 2010 3690 4982 9207 9222 9464
8638 3 5753 6781 9514
8639 3 896 1257 9763
8640 4 2925 3452 3768 8189
8641 8 2338 2723 3736 4776 5057 6763 6994 8321
8642 8 361 2383 3920 4024 6281 8116 8441 9145
8643 4 1356 6947 7735 8022
8644 8 336 2340 4484 4552 6482 8584 8690 9216
8645 7 287 2323 3360 5738 5784 7781 8240
8646 1 7402
8647 5 2437 3064 3186 4034 8860
8648 3 620 6371 9053
8649 5 23 5201 7322 9347 9948
8650 10 1927 2743 2879 3212 7249 7373 7991 8040 8531 8686
8651 4 1646 4500 7086 8892
8652 6 2781 3522 6313 6738 6943 8657
8653 9 1962 2143 2165 2469 4356 5601 6457 6658 9969
8654 2 1435 7319
8655 9 1172 1880 3984 5397 5649 5765 7424 7693 9526
8656 4 723 2141 4100 8051
8657 7 1376 4910 6932 8498 8572 8652 8710
8658 5 149 2587 8067 8719 9512
8659 6 2 634 2416 3159 5234 9574
8660 7 83 292 1918 2537 2574 4716 7789
8661 6 1044 2661 5346 5491 6550 7969
8662 9 986 1468 2201 3194 6276 6773 7862 8633 9738
8663 6 2435 5370 5498 6589 8466 9903
8664 1 6371
8665 5 295 584 1917 4217 4976
8666 5 2459 4016 7386 7965 8421
8667 8 430 780 862 2552 3896 6305 6452 7615
8668 9 279 1204 1227 2430 3204 3873 4854 7070 9851
8669 6 9 497 4112 4855 5126 9178
8670 4 25 1298 8029 8848
8671 7 416 1281 4523 6090 7779 8157 9759
8672 6 2103 5594 5956 6950 8448 9239
8673 7 779 4418 5848 6703 7261 7269 7615
8674 4 2851 6895 7060 8816
8675 6 209 2840 3545 3809 5337 8192
8676 7 2496 5473 5532 5952 6971 7027 7194
8677 3 4430 4757 6756
8678 6 2565 2952 5878 6631 9097 9192
8679 7 648 2084 3189 3621 5186 9187 9426
8680 5 86 2993 5952 7468 7874
8681 6 1429 1953 3239 3804 5372 6860
8682 5 1532 2436 3547 3776 6591
8683 5 1003 2738 5694 5746 6909
8684 7 3010 3935 3951 4218 4229 7217 8082
8685 5 1183 3235 4373 9918 9966
8686 10 245 2174 2359 3099 6600 7287 8076 8650 9016 9990
8687 7 1589 2390 3102 4206 5791 7054 8401
8688 7 654 1471 3280 4329 5040 7302 9242
8689 0
8690 5 1638 2272 4280 8644 9170
8691 4 2138 4375 6075 7346
8692 8 870 940 2617 2652 3042 3924 7759 9623
8693 3 2666 5477 9734
8694 7 422 677 3488 3743 3807 7183 7408
8695 7 262 1603 4323 4492 6379 6640 9730
8696 6 624 1038 3359 3669 8725 9880
8697 6 1067 2197 4709 6512 7515 9842
8698 5 1984 2388 3240 7256 7279
8699 10 347 396 468 1459 2531 4647 5852 6900 8048 8187
8700 11 1000 1094 2450 2519 3967 5130 5219 6103 7082 7159 9808
8701 8 536 849 3947 5068 5143 8458 8498 9035
8702 4 1346 2415 7402 9750
8703 3 2055 4023 7740
8704 8 848 970 1302 3131 4442 4632 6028 7337
8705 11 436 513 1368 4181 4238 6503 6795 7013 7487 7760 7884
8706 2 3519 5499
8707 3 982 8230 8466
8708 7 124 923 2957 5704 6325 7572 9658
8709 10 1818 5062 5155 6779 7160 7759 7836 8502 8950 9961
8710 8 441 4728 5803 6179 6893 7348 8011 8657
8711 6 584 1368 4519 4551 7540 8238
8712 6 1446 2766 4952 6261 7297 9448
8713 5 627 2609 3842 8281 8388
8714 5 1943 2145 2322 5409 6346
8715 9 65 293 2231 3856 4006 4162 5509 7422 8255
8716 6 889 2462 2696 7555 7783 9906
8717 7 158 535 1176 2989 3855 7570 8096
8718 5 2364 4079 4989 7225 9618
8719 7 3888 4314 5924 6628 6639 8658 9876
8720 12 1017 1467 2980 3943 3994 4007 4055 4518 5153 5553 9341 9587
8721 8 76 325 1560 2297 2461 3534 6030 8497
8722 11 102 2681 3012 4399 4775 5294 5364 7831 9205 9759 9857
8723 3 5980 6155 8114
8724 7 2687 3460 3707 5695 6939 8569 9467
8725 5 949 1300 4402 8696 9341
8726 3 77 1327 7955
8727 9 24 69 2659 3828 4113 4556 6153 8930 9469
8728 9 1090 1834 2308 3263 3589 4384 6334 7797 8388
8729 5 1190 2027 4996 7886 8947
8730 7 3858 4544 4588 4921 4958 9158 9846
8731 8 50 1477 3044 5599 6779 7085 8905 9816
8732 7 522 4222 7647 7919 8745 8813 9676
8733 10 555 1058 1872 2441 4704 5349 7669 8157 8765 8990
8734 5 3344 3555 5735 6366 9188
8735 5 186 2641 7632 8565 9891
8736 3 566 4479 6854
8737 9 409 707 2632 4161 6095 8516 8917 9035 9159
8738 5 311 2382 3904 3906 8240
8739 5 1100 2604 3470 6078 9756
8740 4 1194 2678 3556 9191
8741 6 1600 4140 5230 5743 9536 9620
8742 4 1532 2463 5240 9490
8743 3 745 7698 9270
8744 4 2251 2805 4645 5305
8745 10 953 2462 4432 5290 5896 5922 6933 7462 8732 8756
8746 5 5591 5988 7780 8853 8866
8747 8 601 1337 2867 5204 5246 9319 9541 9818
8748 3 2156 6029 9956
8749 7 4017 5753 5851 7678 8341 8604 9486
8750 5 2126 2471 2573 5236 8441
8751 1 9052
8752 3 8990 9235 9463
8753 7 1403 3215 4137 4190 6240 7401 8342
8754 7 96 916 1706 2158 3011 4326 5238
8755 15 2269 3639 3679 3931 5095 5926 6860 8177 8450 8523 8559 8611 9144 9352 9845
8756 5 617 3289 5747 8745 9813
8757 7 5246 5717 6061 7189 7267 7403 9368
8758 2 1916 7765
8759 2 6581 8782
8760 3 441 2848 3632
8761 8 532 1980 2728 3319 7041 8609 9335 9882
8762 5 412 2341 2925 4170 5976
8763 7 259 289 407 2429 3338 6200 6366
8764 9 1085 1170 1884 2155 2420 2540 3716 3964 8349
8765 6 2857 3145 4824 4826 8733 8859
8766 7 2009 2430 3671 7680 7688 8111 8627
8767 5 762 2385 4369 4598 6169
8768 9 2394 3050 6031 6273 6493 6536 7308 9677 9950
8769 5 882 3732 4267 5618 6039
8770 5 1691 2980 3350 4332 8250
8771 10 1309 1497 3273 5154 5522 5703 6817 7203 8387 9879
8772 7 1056 3278 3432 3559 4117 4167 9638
8773 5 1595 2910 6187 6223 8431
8774 3 2254 2406 2784
8775 6 3360 4978 6224 7090 8389 8465
8776 7 2033 2609 5393 6409 6579 6783 9736
8777 6 3324 3336 3360 6322 6617 6712
8778 6 1231 2057 3099 3426 6075 9265
8779 3 2415 3385 3834
8780 8 1357 3183 3521 5894 6736 9247 9744 9964
8781 8 1691 1907 1968 6454 7622 7812 7987 9323
8782 9 296 414 1053 2239 5342 5926 8104 8759 9029
8783 5 2057 3587 3793 4827 5536
8784 7 895 4179 6510 6935 7566 7600 9250
8785 10 650 797 1535 2511 2711 3468 8065 9549 9789 9849
8786 3 4434 5863 8091
8787 7 1418 3936 4858 6525 7918 8813 9275
8788 7 1919 4732 7284 8317 9040 9365 9961
8789 2 8452 9834
8790 11 559 788 3997 5125 6067 7066 8039 8321 8388 8953 9559
8791 3 927 4745 9710
8792 5 209 5863 7767 8461 9841
8793 4 1458 2899 5001 9452
8794 7 357 1284 1359 1892 3018 5888 9034
8795 8 95 1308 2716 3839 4034 7633 7945 8230
8796 4 1040 4515 6802 8225
8797 6 71 833 3138 3724 4677 9260
8798 8 132 871 4347 5581 6723 7829 9488 9765
8799 5 1343 1509 2640 5542 5848
8800 5 1620 2811 3164 8941 9464
8801 7 1218 3058 3705 4096 4400 7163 8880
8802 10 647 2193 4731 6034 6103 6434 7164 7838 8479 8575
8803 7 3408 3786 5092 6324 6539 6798 9851
8804 4 1135 1747 2467 4394
8805 4 1358 2715 6192 6984
8806 7 818 2158 2397 5742 7016 7413 7486
8807 7 1000 3219 3899 4589 7141 9241 9955
8808 5 2006 6267 8869 9384 9553
8809 4 2762 3884 5524 6438
8810 4 5015 5719 6907 7360
8811 5 1195 3405 5311 7805 8515
8812 8 314 1001 3222 4115 5889 7290 7747 7853
8813 8 524 3152 5128 5730 8732 8787 9008 9890
8814 6 4770 5839 6006 6979 8011 8824
8815 3 2696 6765 8864
8816 7 2029 2871 3812 4089 5488 6785 8674
8817 6 1941 2041 3102 3990 4448 6509
8818 5 724 2757 4621 4679 5503
8819 8 766 1714 3718 5718 6328 7748 7933 9049
8820 6 2554 3121 5681 6089 6654 9574
8821 3 434 2054 2422
8822 8 491 1893 2608 4732 6320 6566 7309 9461
8823 8 330 1675 1790 3571 5255 5623 6519 6540
8824 5 365 615 5038 8814 9664
8825 6 443 2746 3527 4385 5950 8222
8826 6 404 1416 2643 2807 4529 9003
8827 6 1560 6263 7453 8111 8301 9415
8828 8 15 3180 3919 6930 7190 7317 8374 8553
8829 6 2242 2970 4625 4801 9471 9754
8830 5 238 1508 1798 5238 7118
8831 7 116 1343 4637 6708 7742 8909 9395
8832 10 22 268 282 2325 4467 5155 6024 6174 8027 8482
8833 2 3248 6391
8834 10 268 316 956 2208 3164 4109 5649 5877 6576 6950
8835 7 163 3114 3452 5762 6701 6779 9155
8836 7 335 1383 2099 4171 5994 6745 6877
8837 7 1114 3980 5957 5991 6448 6784 8381
8838 5 1533 3270 3951 5372 7347
8839 2 5195 9763
8840 8 86 539 1762 5384 5518 7021 7583 9281
8841 5 503 2535 4387 8941 9063
8842 6 58 1552 1912 2221 6845 8037
8843 5 172 1242 1592 7145 7315
8844 5 3992 4957 7214 7513 7811
8845 7 226 403 758 780 3551 7000 7982
8846 6 383 975 3197 3859 5506 6803
8847 7 402 2380 3123 3859 6185 7398 7746
8848 4 921 4548 5817 8670
8849 8 350 1680 2540 3211 3705 5370 6615 6965
8850 6 79 2523 4620 5882 6632 7158
8851 4 286 6176 8959 9816
8852 2 1195 7409
8853 10 504 2204 3612 3648 6365 6537 6653 7130 7259 8746
8854 5 3275 3593 4108 7606 9786
8855 4 3579 4283 6336 7352
8856 7 2132 2522 3559 3798 6446 6867 9976
8857 4 167 1074 1911 9538
8858 7 805 4536 5015 5206 7292 8275 9670
8859 4 1929 5765 8765 9979
8860 8 380 750 2135 2273 2473 5057 7917 8647
8861 4 1890 3313 6759 7678
8862 8 356 3721 4905 5198 5308 7363 7508 9377
8863 7 523 876 1154 1315 1363 4968 7542
8864 9 1119 1575 2234 2846 4259 5111 6565 8575 8815
8865 2 1434 3078
8866 7 13 1104 8270 8746 8957 9085 9673
8867 7 497 2933 6272 6549 7008 8308 8626
8868 11 226 246 2155 2897 3122 3473 4302 5141 6566 7585 8198
8869 6 1267 1390 6381 7680 8009 8808
8870 11 1251 2167 2305 2999 4542 4820 5028 6650 7483 7921 7975
8871 6 101 746 1099 3821 4273 9870
8872 5 3545 3826 6338 7965 8123
8873 6 1431 4256 6420 7828 8272 9056
8874 8 542 2488 3088 5372 6034 7417 9042 9788
8875 7 18 482 1896 2517 4343 5670 7430
8876 6 2358 2595 3996 4462 4688 8312
8877 5 661 2222 3763 4127 5911
8878 7 2284 2337 5743 5862 8176 8325 9605
8879 6 2904 3092 3633 4986 8231 8374
8880 5 829 1451 3028 3726 8801
8881 9 564 935 2312 4499 4709 6677 6776 9305 9888
8882 6 1572 4652 5493 5969 8558 9896
8883 6 1361 3922 5523 6235 9011 9385
8884 7 405 937 2508 3791 4010 5499 6532
8885 4 673 7762 7902 8335
8886 6 1777 2533 3250 3490 7798 8382
8887 4 1874 3547 6817 7878
8888 8 260 2741 4791 5060 5798 6644 7252 8126
8889 8 2919 6193 6476 7476 8475 9149 9698 9984
8890 10 1359 2348 2512 3036 5297 5556 5678 6701 7149 7305
8891 5 4646 6289 6410 8331 8484
8892 7 1202 1683 1862 5356 8651 9321 9540
8893 3 5231 6107 6856
8894 5 3815 5397 7295 7496 8055
8895 5 925 954 3455 5904 6853
8896 6 5451 6655 7780 8246 9863 9963
8897 6 1077 3982 4915 7759 9046 9548
8898 2 3385 9310
8899 11 246 1382 1519 1984 3392 4775 5196 6607 6683 9138 9314
8900 7 3500 3903 4162 4395 6285 7595 8457
8901 7 2068 2839 3611 3733 5636 8087 9773
8902 3 1622 4072 7004
8903 8 1044 1051 3158 3746 6400 7514 8209 9595
8904 9 416 438 964 3379 4184 5101 5325 5763 8567
8905 8 2214 2835 3781 4809 5821 6898 8039 8731
8906 5 1047 2370 2629 4162 8622
8907 8 533 1822 3523 3732 6992 7260 7985 8165
8908 9 919 1806 2323 2843 3760 5329 6272 6629 9765
8909 7 395 1467 1823 3902 6225 7967 8831
8910 3 4481 8310 9665
8911 2 4626 7013
8912 9 79 590 903 946 1296 3270 4523 7615 7675
8913 6 559 2066 2141 3817 6507 7096
8914 9 260 551 2745 5482 6382 6869 7754 9256 9445
8915 5 2915 2977 3312 7349 9204
8916 7 1781 2789 5615 5640 7235 7676 9328
8917 6 1214 1497 2014 7319 8737 9126
8918 8 2321 2334 2449 2727 3021 3522 3825 4460
8919 11 102 261 1676 1855 1933 2026 2978 4311 4939 9621 9944
8920 3 6316 9085 9728
8921 7 2383 4206 6147 7659 7689 8101 9190
8922 6 867 1922 2963 4388 8963 9769
8923 5 1009 1835 2166 2225 2398
8924 6 797 3394 8987 9121 9704 9792
8925 5 412 5019 7850 9313 9464
8926 3 1562 2864 4812
8927 2 7085 8336
8928 6 1259 2036 3155 3414 4127 9096
8929 5 359 2408 3570 4358 6887
8930 4 4296 4836 8727 9227
8931 6 17 3504 4217 5123 6542 7482
8932 2 2158 4421
8933 1 3443
8934 8 945 1100 1403 3662 3733 7510 8524 9094
8935 8 1901 2373 3904 4359 5873 6685 9335 9685
8936 7 293 2138 2419 3243 4332 8300 9910
8937 4 190 2476 3289 9224
8938 9 2475 4332 4868 4928 5495 5639 6640 8230 9768
8939 8 2201 6378 6429 7147 7168 7807 9535 9640
8940 7 317 946 1442 1456 5743 6970 8290
8941 9 573 4268 5196 5747 7855 8261 8800 8841 9698
8942 4 1762 2386 2857 9418
8943 6 649 1676 1728 1876 5285 6757
8944 3 4310 5275 7157
8945 4 3128 4584 7247 8351
8946 6 2431 4956 6929 7140 7346 9931
8947 7 485 1371 2290 2600 7003 7186 8729
8948 4 560 1782 6088 8991
8949 5 885 1012 3381 5728 9640
8950 5 1551 5213 6812 8264 8709
8951 4 1473 2333 9212 9476
8952 4 1196 5282 8089 9708
8953 10 1460 3805 4328 4486 5513 7524 8105 8790 9209 9961
8954 8 1041 1352 2717 3605 5059 6725 7118 9562
8955 4 749 4120 4722 7486
8956 3 1297 2628 8122
8957 4 1226 4112 8866 9102
8958 4 1788 4549 4948 5055
8959 6 1169 1751 1871 5337 6054 8851
8960 5 1261 1764 3851 6551 9918
8961 5 953 2313 3327 4138 6298
8962 6 975 1669 3163 3517 3917 9651
8963 7 29 39 1792 1972 6145 8922 9659
8964 4 4213 4624 8073 9139
8965 9 168 673 1286 3814 4096 5710 7067 7340 9560
8966 4 485 3344 4081 7512
8967 7 861 920 2581 2704 3730 5668 8233
8968 3 5376 6047 8437
8969 3 2120 7495 8383
8970 5 649 2055 3552 6270 8527
8971 5 1692 2192 3471 4383 9822
8972 5 1492 1761 5030 5887 6451
8973 5 1097 3793 4354 4366 6430
8974 6 523 2109 4459 6175 7354 9858
8975 5 452 3477 5215 9189 9758
8976 8 121 400 3433 3982 5078 5335 7121 7965
8977 9 2380 2416 3415 4454 4506 4601 5131 5248 5464
8978 8 397 579 3660 4150 4673 5691 5692 8141
8979 4 2684 3633 5649 7369
8980 4 1856 5235 6095 6266
8981 10 606 1301 2987 3046 3539 8080 9337 9554 9658 9689
8982 5 1124 2874 3982 5225 9880
8983 2 4713 5904
8984 5 1303 1852 3821 4261 6063
8985 8 1863 2091 2146 2553 3323 4098 6183 9464
8986 10 611 993 1287 1442 1703 1704 3272 4287 4622 8236
8987 9 500 1338 1953 2038 6385 6693 6828 8924 9293
8988 11 276 1609 1866 2069 2149 2652 2773 5324 6643 6774 7367
8989 6 1492 2250 2373 6786 7597 7715
8990 7 301 4630 5246 6496 7409 8733 8752
8991 4 79 2593 4547 8948
8992 5 1754 2068 5507 6693 8490
8993 5 4103 4611 4704 7331 9845
8994 4 1514 4787 6180 7938
8995 4 5454 9064 9371 9622
8996 6 1408 2151 2786 3096 3608 7733
8997 6 112 368 1472 3094 5431 8240
8998 6 1563 2198 2808 7055 7983 9218
8999 6 1535 2025 5172 5567 7618 7837
9000 7 1880 2963 5094 5831 7479 8037 9443
9001 7 315 1236 2267 4192 5688 5727 8184
9002 4 1255 5066 5306 9170
9003 2 2050 8826
9004 12 316 3250 3783 3924 4038 4124 5904 6684 7533 8507 9371 9566
9005 7 1005 2167 2763 5161 5426 5969 9885
9006 8 1618 1766 3645 4202 4416 5001 5016 8267
9007 6 4720 5376 5729 9738 9816 9987
9008 6 797 3783 5052 7278 8813 9223
9009 7 1164 1571 2881 3645 6631 8615 9778
9010 13 215 275 1125 3695 4711 4839 4905 5883 6307 6472 9081 9252 9715
9011 6 528 1470 3031 4398 4492 8883
9012 10 1068 1236 2053 3545 4241 4942 6325 6890 7321 9168
9013 5 393 2324 5115 5402 9324
9014 4 2369 3377 3505 6624
9015 3 165 5120 7612
9016 7 560 1344 3703 4736 7495 7918 8686
9017 7 892 1390 3319 4053 5570 6062 7219
9018 7 1087 4096 4250 4345 4725 9528 9997
9019 6 3589 5121 5300 6174 6542 7295
9020 6 505 1344 3638 6801 8401 9592
9021 5 749 4916 5579 6303 7227
9022 7 462 3556 4843 5135 5823 7218 7786
9023 3 1172 4501 5818
9024 6 310 868 4226 7678 9587 9877
9025 10 3063 4196 5042 5173 6089 6562 7133 7284 7715 8047
9026 3 3234 5312 5498
9027 4 5592 6568 8414 8575
9028 1 6015
9029 6 1322 1754 2519 5088 6360 8782
9030 6 1830 2589 5473 7210 7651 8323
9031 5 1960 2354 4720 5784 6538
9032 5 686 1736 8230 8580 9421
9033 7 265 1402 2064 3244 4483 8119 9282
9034 3 759 6039 8794
9035 12 2130 2476 3116 3135 3791 6370 7101 7131 7347 8701 8737 9429
9036 4 847 966 3047 6173
9037 5 89 1611 4143 4648 6880
9038 7 1324 1875 3631 4125 5554 7227 7808
9039 11 46 68 2053 3612 5405 5580 6251 7246 7466 7581 7981
9040 7 536 2898 5302 5776 7553 8010 8788
9041 2 456 7417
9042 14 61 2228 2534 4998 5744 5802 6360 6607 6633 6931 7529 7916 8061 8874
9043 10 2545 2696 2777 3057 4453 5535 6698 9429 9562 9607
9044 1 1449
9045 4 2739 4191 8492 9571
9046 7 826 929 2016 5497 6391 8897 9581
9047 6 2270 3030 5191 5479 6822 7716
9048 7 747 1677 2151 2347 2624 2630 6069
9049 4 7909 8386 8522 8819
9050 5 1808 3974 5696 6078 9648
9051 9 203 246 1460 6316 7077 7523 7597 7685 9862
9052 11 17 107 156 272 411 1559 2553 4794 8751 9360 9636
9053 9 866 3111 3178 3655 4090 8587 8648 9616 9905
9054 3 193 700 2069
9055 5 492 1283 4342 6282 6730
9056 3 579 6317 8873
9057 6 282 1858 2954 3329 7013 9850
9058 6 1022 3829 4641 6718 7570 7671
9059 3 1019 7803 9884
9060 5 3068 5624 5753 7203 8008
9061 5 1329 1638 5507 7674 9820
9062 6 92 1210 3768 5805 6323 9403
9063 4 1123 7524 8841 9357
9064 10 408 1773 2292 2679 3575 4290 5016 6935 6957 8995
9065 5 773 1367 5549 7338 8296
9066 11 3440 3816 4042 5062 6141 6977 7074 8470 8555 9307 9697
9067 5 1081 4899 5096 7280 7377
9068 7 77 262 1432 1603 4808 5209 6893
9069 5 2530 3267 5873 6572 8551
9070 1 2236
9071 9 2703 3306 4046 4804 4900 6687 7198 8070 9730
9072 5 224 430 906 3471 6947
9073 9 43 2254 3013 3935 5120 8415 9307 9481 9485
9074 8 266 1581 2277 2278 4291 7300 7339 9325
9075 5 1750 2608 4141 4412 5495
9076 9 415 511 1038 2695 3594 3709 6669 8588 9647
9077 5 3286 4190 6400 6694 9753
9078 7 1796 6311 6564 6994 7351 8524 9530
9079 5 279 1573 1583 5343 6621
9080 2 2015 9435
9081 5 1545 3117 6919 8138 9010
9082 4 1068 2798 9266 9923
9083 6 746 1207 5065 5070 7669 8166
9084 5 717 833 4336 5316 6968
9085 12 111 133 1318 1345 4014 6517 6548 7395 7734 8866 8920 9364
9086 5 789 1211 1267 1344 5916
9087 4 3486 7017 7324 7440
9088 5 624 2242 2850 3287 9771
9089 8 843 1676 2708 3061 4040 4432 5224 7685
9090 9 994 1912 5029 5307 6986 6999 8277 8291 9447
9091 1 1043
9092 5 473 2176 2292 5033 7556
9093 4 1270 4039 4464 5335
9094 5 38 2359 4767 6873 8934
9095 4 951 4896 7584 8436
9096 4 3424 4344 8928 9669
9097 5 3098 3769 4039 8330 8678
9098 9 587 1087 1730 4493 5664 7058 7599 8011 9678
9099 5 1118 3270 3371 4446 7426
9100 8 118 953 3972 5575 5694 6377 7177 8384
9101 5 5197 6619 7073 7708 8265
9102 5 5973 6889 7405 8957 9868
9103 4 536 1163 2348 9706
9104 4 1559 4599 9544 9714
9105 5 1884 3815 5542 6458 7244
9106 7 3403 4042 5009 5049 5475 7767 7905
9107 9 1456 3701 5859 6247 6523 7550 7636 7804 9494
9108 6 249 4886 5797 6232 7125 9763
9109 6 796 1706 4510 5450 6107 8268
9110 9 697 1185 1797 3347 3408 3776 4030 5291 6090
9111 10 2039 3138 3681 3786 3900 5331 5994 6844 7821 8361
9112 7 1611 2801 4780 5903 6594 6672 9180
9113 4 3387 4321 4692 8522
9114 5 108 817 5091 8286 8376
9115 3 4480 8075 9604
9116 6 118 5431 7747 8575 9792 9910
9117 8 19 235 383 4592 4917 5092 5241 9492
9118 6 374 3300 4176 5768 5858 9283
9119 4 4575 7226 7910 9858
9120 4 1994 5428 7947 9486
9121 9 796 1228 1322 1964 4235 7252 7431 8488 8924
9122 7 576 1979 3781 3855 5940 7890 8291
9123 7 1381 1485 2631 3344 4927 5405 8604
9124 7 1877 2623 2760 5460 8461 9474 9505
9125 9 568 1310 1386 2192 2201 3745 4764 7203 7746
9126 8 729 833 1712 2053 3006 5382 6970 8917
9127 5 312 2695 3254 3720 3750
9128 5 149 935 3260 8334 9598
9129 3 2552 4573 9626
9130 5 1182 2403 3456 3656 7313
9131 4 783 1754 6915 8611
9132 9 263 438 2984 3013 3442 3488 4414 7227 7247
9133 6 97 974 3737 4912 7694 9307
9134 5 1279 1532 3745 8138 8474
9135 8 1296 1863 2813 3000 3475 3621 7612 8157
9136 3 7779 9223 9494
9137 10 7 1336 1503 2654 3869 4222 7900 8017 8040 9476
9138 5 2747 3766 6951 8391 8899
9139 10 1546 4021 5719 6706 7076 7521 7846 8500 8964 9580
9140 6 902 3658 4622 5324 5679 9354
9141 7 1128 2140 2431 5312 8172 8192 9171
9142 3 1072 1132 9949
9143 8 319 1330 2049 3772 5097 5609 6049 9768
9144 9 2383 2714 4456 4815 6334 7292 8461 8755 9568
9145 7 591 2958 4367 4966 5996 7764 8642
9146 4 3251 6908 7168 7605
9147 5 35 4298 5352 5512 8536
9148 4 2124 2288 3281 9780
9149 10 85 401 3068 3757 4152 4262 5520 6370 8889 9606
9150 6 2015 5417 5925 6762 6943 8393
9151 4 9 1433 1500 9596
9152 4 1438 4061 4506 4781
9153 8 3482 3503 4048 4192 4233 6252 9378 9408
9154 3 1116 3365 7268
9155 6 2827 6787 6955 8420 8835 9601
9156 6 1722 2971 4386 5293 8068 9474
9157 3 953 6011 6260
9158 3 1824 2561 8730
9159 9 1555 3578 5214 6242 6323 7273 8503 8552 8737
9160 1 5903
9161 4 1166 2222 2655 4479
9162 7 1880 3069 3077 3091 4961 5148 9825
9163 5 32 379 1992 6546 8531
9164 6 681 1440 4683 7445 7690 8135
9165 1 2026
9166 4 119 3293 5050 7218
9167 5 2702 3582 5526 6586 7886
9168 5 186 266 3030 3190 9012
9169 4 5103 6960 8336 9498
9170 8 872 1883 3173 4286 7522 8690 9002 9328
9171 8 1984 2901 3478 4866 6485 7989 9141 9201
9172 6 977 1093 2071 2332 3670 7828
9173 4 2004 3960 5691 8062
9174 9 1045 3214 3551 4804 5147 8111 8422 9267 9790
9175 8 643 794 1837 4379 4793 5043 5759 7328
9176 9 117 241 785 2677 4248 4923 5445 5791 7913
9177 3 2350 4925 8563
9178 3 3994 8669 9889
9179 2 4632 6593
9180 6 634 4901 6412 7774 8185 9112
9181 4 607 5365 7776 9873
9182 8 493 1196 1449 3822 4628 7039 7258 8623
9183 1 2048
9184 8 439 1412 2682 3553 4664 6895 8307 9948
9185 5 1788 3239 5098 5454 9332
9186 6 926 1670 3703 4177 5020 6704
9187 8 1275 2195 2678 4888 8333 8679 9620 9624
9188 11 177 1303 1366 1823 2079 4276 5675 7573 7639 8734 9775
9189 9 43 599 3738 4272 4750 5154 7649 8975 9594
9190 7 26 3073 5683 5704 7711 8026 8921
9191 6 3215 4436 5462 5844 7449 8740
9192 5 4670 6640 7021 8678 9229
9193 7 649 2927 6807 7335 7561 8052 9907
9194 1 4085
9195 5 726 2284 7351 7666 9359
9196 7 256 814 1600 2715 3606 7933 9320
9197 4 4235 4498 5848 9994
9198 6 155 4946 5586 7168 9316 9610
9199 4 300 757 6328 6495
9200 3 704 3088 8528
9201 7 286 994 4135 5010 6730 6869 9171
9202 7 1488 1890 3094 3544 5706 6537 6972
9203 7 1616 5988 6348 6977 6997 7316 9896
9204 10 664 2880 3015 3036 3965 4923 5134 6160 8484 8915
9205 10 539 1722 2550 3806 6591 6950 8722 9323 9851 9957
9206 10 19 1423 1477 2767 4555 4581 5282 5570 5773 6030
9207 4 3240 3579 5727 8637
9208 8 355 362 1926 3150 4247 4401 5266 9985
9209 5 1399 2308 8096 8221 8953
9210 5 2216 2473 4965 6675 7846
9211 10 784 1678 2993 4556 5503 6305 6556 7352 9376 9385
9212 6 151 3364 3750 5988 7458 8951
9213 5 2568 3773 4071 8018 8617
9214 7 23 93 760 846 5702 5844 7919
9215 4 2680 3587 9463 9505
9216 4 1437 2099 4190 8644
9217 7 284 678 921 1549 3683 4608 8001
9218 8 1382 2753 3744 4406 6061 6296 7403 8998
9219 3 1835 4423 6159
9220 3 1122 4181 9812
9221 8 1329 1983 2660 3001 3184 4471 6770 9946
9222 6 922 4549 6751 7030 7618 8637
9223 11 887 1114 1660 2555 2954 4850 7071 9008 9136 9712 9796
9224 4 332 846 5161 8937
9225 5 2215 2712 5431 7847 8057
9226 7 682 1476 2181 2864 3217 3869 4346
9227 6 1949 2657 4930 5566 8930 9305
9228 5 1403 3874 4985 5309 9875
9229 3 445 3238 9192
9230 1 9728
9231 7 195 509 2420 5283 6449 7103 7786
9232 7 2118 2728 2944 3530 5414 6808 7746
9233 4 4275 6457 6625 8126
9234 3 6649 6924 7665
9235 5 3163 3267 7142 8752 9601
9236 3 3874 5236 8252
9237 6 3691 4338 6171 8382 8552 9650
9238 2 2847 8152
9239 6 642 4630 4693 8151 8672 9707
9240 2 1655 2798
9241 3 4639 7409 8807
9242 6 1969 4155 7280 8369 8436 8688
9243 3 2535 2837 5143
9244 6 2881 3913 5603 5911 7096 9890
9245 2 2823 7925
9246 2 7385 7717
9247 4 362 5792 8780 9885
9248 8 1669 3030 4042 7384 7637 7741 8271 9509
9249 3 598 3504 4627
9250 7 1951 2303 3478 4200 6675 8497 8784
9251 6 372 2559 3242 6369 7587 7634
9252 8 200 906 4080 4458 6226 7096 8325 9010
9253 7 635 2612 3019 5913 6552 7703 7742
9254 5 59 2518 3249 4829 6352
9255 1 7008
9256 5 532 7711 8205 8914 9484
9257 1 1598
9258 4 2272 2832 4870 9886
9259 7 1248 3424 4340 4776 5686 7290 8400
9260 9 2365 2369 3063 5001 6201 7886 8260 8625 8797
9261 7 2312 3895 4690 5621 7316 8600 9659
9262 5 613 910 3750 5992 6762
9263 5 1999 2857 3455 6436 7535
9264 6 75 569 1624 5052 6659 8070
9265 4 2660 5710 8234 8778
9266 5 1634 4412 5010 5172 9082
9267 8 2863 3538 4158 6103 6370 7062 7894 9174
9268 6 745 1263 2807 4483 5586 8247
9269 5 1530 5692 6244 6432 6478
9270 2 1969 8743
9271 10 3647 3787 3968 4026 4487 4749 4950 5402 5424 8050
9272 4 533 5548 8072 9712
9273 6 420 462 1521 5689 7152 9942
9274 6 1297 2912 3601 6787 7363 7993
9275 7 3224 5561 7464 7838 7845 8787 9764
9276 3 3177 4487 6168
9277 3 1363 2558 3243
9278 5 6229 6608 6898 7320 9378
9279 2 4463 8046
9280 5 4329 4508 5406 6333 7198
9281 9 1098 1573 1900 4567 5035 5909 8310 8501 8840
9282 3 2383 8352 9033
9283 10 1918 2172 3928 5977 6072 6561 6961 8477 9118 9871
9284 7 1147 1383 5197 6539 7208 7644 8090
9285 6 229 1720 2285 4559 5369 7438
9286 8 230 902 984 3661 7607 7899 8318 9869
9287 6 266 953 1333 2232 3166 5779
9288 4 122 3561 4596 5142
9289 3 2029 7192 7434
9290 5 372 1877 4304 4516 5589
9291 4 93 3135 4766 5909
9292 4 263 4339 5349 7926
9293 8 2273 3456 6143 7707 7854 8226 8987 9818
9294 1 2053
9295 11 554 921 1363 1820 2822 3232 6252 7307 7819 7857 9882
9296 4 2702 3365 3501 7751
9297 5 1156 1575 2023 3936 4753
9298 8 929 2087 2677 3320 3396 7396 8129 9649
9299 8 400 1974 2546 2654 3117 3759 4493 7845
9300 4 1385 2603 3994 8118
9301 7 1189 1270 4951 5850 6774 7695 7730
9302 2 1440 7697
9303 6 744 1996 2167 6376 6689 8384
9304 8 1876 2654 4061 4297 4506 5086 7128 9791
9305 5 4603 7312 8881 9227 9789
9306 11 627 2063 2163 3276 3767 5516 6050 6965 7201 7790 8139
9307 8 1907 3223 3254 4345 8436 9066 9073 9133
9308 8 2429 3825 4294 4987 5510 7675 7825 8120
9309 5 302 3987 4820 5241 9323
9310 3 354 5819 8898
9311 6 289 959 1125 5040 5906 9549
9312 4 487 4331 7485 9796
9313 3 3044 3574 8925
9314 6 3685 4551 5792 8279 8899 9456
9315 5 3181 7177 9391 9911 9948
9316 10 1387 1608 1925 3893 4434 5073 5244 5766 6559 9198
9317 9 346 505 2039 2769 4713 6823 7791 8119 8376
9318 5 1191 5466 6978 8219 9800
9319 8 1086 2764 2848 6004 6767 6934 8747 9896
9320 8 854 1580 1666 7273 7340 8092 8396 9196
9321 9 738 1106 1149 1421 1838 3597 5239 6312 8892
9322 3 4039 5143 5766
9323 7 47 299 2868 4967 8781 9205 9309
9324 8 1873 2223 2583 4890 4921 5282 9013 9879
9325 7 3466 6552 7221 7424 9074 9477 9663
9326 9 371 1727 1889 1918 3365 5733 6045 7095 9840
9327 4 3076 3121 5035 8440
9328 8 375 1268 1982 2503 8250 8258 8916 9170
9329 4 3480 5150 6301 9621
9330 8 198 3569 3785 4261 4755 6113 8290 8458
9331 2 2257 5276
9332 8 569 2699 3681 3896 6369 6926 9185 9472
9333 3 530 9346 9810
9334 5 2176 4513 4668 4833 7989
9335 9 906 1616 2640 5182 5538 7323 8153 8761 8935
9336 3 3663 4519 6939
9337 7 466 1042 1757 2349 5652 5897 8981
9338 4 239 1888 4769 9959
9339 3 2618 8442 9795
9340 4 2829 4733 5130 8069
9341 6 2163 3961 5769 6085 8720 8725
9342 6 380 503 3801 4394 5249 5308
9343 7 2666 4572 4880 6512 6615 7559 8586
9344 8 1198 1439 2298 3628 5860 7059 8352 9958
9345 5 3724 3748 7311 7382 7754
9346 9 3648 4523 4593 4737 4744 6001 9333 9360 9595
9347 9 869 1358 2713 3322 5507 5886 5954 6606 8649
9348 6 957 1073 3075 6186 6267 6972
9349 6 161 2431 2971 5374 5927 8521
9350 4 1865 3014 6410 8536
9351 5 935 1093 2117 4359 6192
9352 6 14 349 823 7411 8609 8755
9353 5 1070 1418 2999 3530 7794
9354 8 498 796 901 3716 3925 6417 9140 9447
9355 5 3465 5314 5553 7268 8086
9356 5 1632 3689 6391 7740 8140
9357 10 259 425 3763 4563 4725 5819 9063 9574 9691 9707
9358 8 711 1781 2339 3853 4113 7665 8182 9888
9359 7 1236 3247 3993 5452 7911 9195 9706
9360 7 738 994 1831 2946 5889 9052 9346
9361 6 434 1685 2952 3748 6066 7370
9362 5 330 486 2959 6113 9548
9363 5 1155 3024 3978 4818 5637
9364 5 1074 4746 5291 8451 9085
9365 7 542 772 3734 4162 7705 8788 9489
9366 5 670 2368 3301 4189 4583
9367 2 777 7874
9368 7 2614 4159 4530 4812 5972 8503 8757
9369 6 683 962 3310 4329 4485 8018
9370 7 339 3395 5108 6388 6508 6718 9942
9371 6 3237 4609 5088 5676 8995 9004
9372 4 4771 5601 7649 9902
9373 5 87 1583 1849 4774 5729
9374 8 2482 5492 6378 6900 7081 7648 9837 9959
9375 6 711 841 4956 4996 5416 8232
9376 4 109 3136 3176 9211
9377 2 6117 8862
9378 8 1943 3907 4148 4570 8300 8496 9153 9278
9379 13 7 2540 2563 2723 3278 3472 4050 4400 4717 4884 5080 7043 9849
9380 7 813 2012 2217 2584 3569 5352 6209
9381 10 547 1210 1328 1724 4852 5971 7893 8585 9871 9906
9382 4 2378 3524 4717 6775
9383 6 1898 4616 4838 5617 8060 9845
9384 7 295 2252 2286 2734 3976 5713 8808
9385 11 810 827 1439 2308 4642 4752 4772 8407 8883 9211 9984
9386 10 705 2442 2447 2630 2854 3574 4342 5791 8096 9566
9387 7 1626 3496 3516 3909 5143 5501 7280
9388 10 157 3450 3461 3481 3704 6821 9395 9515 9624 9756
9389 11 1454 1996 2054 2422 4398 5340 6594 6924 7615 7904 8356
9390 6 1515 1566 3377 3932 5623 9462
9391 7 1648 2179 2508 3423 4485 4756 9315
9392 3 447 3605 9422
9393 5 3337 4600 5630 5863 7306
9394 6 2348 2939 4829 5045 6195 7379
9395 12 679 2224 2780 2814 3070 4269 4479 4586 4998 6130 8831 9388
9396 4 2438 5569 8212 9653
9397 7 901 2049 2934 3903 4452 5272 7132
9398 6 1006 1406 3594 3926 3928 9446
9399 3 1610 2842 7859
9400 5 952 974 1455 4431 7996
9401 9 296 828 4151 4416 4506 5578 6266 6878 7376
9402 11 948 1393 1780 2464 2858 3987 4098 5141 6251 9658 9808
9403 5 124 1611 6540 9062 9971
9404 7 3088 3615 4596 4624 4666 4969 5786
9405 7 1369 2973 3288 4414 4753 5734 8314
9406 7 2555 3067 5088 5620 7520 8200 8253
9407 7 2956 3467 4207 5834 7903 8250 9635
9408 6 726 1641 2078 7251 7415 9153
9409 10 144 1122 1687 1880 2509 2547 7129 7336 8018 9543
9410 6 439 836 914 2585 3050 6614
9411 6 1058 2607 3120 3653 7268 9511
9412 9 963 3287 3761 4210 4442 4904 5852 8427 9691
9413 9 80 566 946 1166 2381 2576 3087 4235 5775
9414 2 4610 6294
9415 9 2079 2368 3894 4099 4572 7250 7697 8827 9852
9416 6 159 849 1573 2104 2390 9725
9417 3 907 1617 3199
9418 8 54 1900 3611 4157 4428 6191 8357 8942
9419 6 711 3736 4721 4883 7675 8152
9420 7 907 1527 1627 1644 7306 9591 9816
9421 6 1623 2430 3407 4431 5988 9032
9422 5 3780 4434 6576 9392 9903
9423 3 1920 3293 3895
9424 8 2187 3713 4533 5005 5645 6484 6896 9496
9425 6 986 1327 1816 2369 3729 3746
9426 10 663 672 2047 2950 3169 4279 5318 7747 7948 8679
9427 4 2211 3596 8024 8258
9428 7 374 564 1238 5309 5372 5628 7183
9429 11 2266 2590 2809 3933 4256 7916 9035 9043 9632 9763 9768
9430 11 39 259 1052 1502 3033 5318 5368 6683 7109 7276 8063
9431 1 3335
9432 6 2574 4346 5427 5858 7478 7529
9433 2 206 2082
9434 9 241 1657 3285 3617 4252 5859 6088 7287 7390
9435 6 306 1090 3631 4638 5332 9080
9436 5 500 664 3119 5623 8590
9437 3 1410 5659 7056
9438 5 615 1049 2374 2974 8308
9439 5 231 2127 2643 4236 5197
9440 3 1167 2840 5932
9441 6 2658 4239 4673 5962 7449 7638
9442 11 874 1392 1992 2671 4440 4859 6908 7213 7233 7408 8319
9443 10 3 1858 2245 2847 3268 3607 5036 6136 9000 9607
9444 2 3457 7910
9445 9 1901 2089 2444 2579 5259 7393 8914 9585 9613
9446 7 291 1068 1349 5113 6823 7338 9398
9447 7 2120 4337 5394 5524 7644 9090 9354
9448 6 1293 3893 6478 6662 7887 8712
9449 5 1624 2292 2556 6170 7555
9450 6 4350 4693 6375 6533 9529 9581
9451 9 2853 4535 4549 5291 6732 7261 8077 9556 9977
9452 3 765 6075 8793
9453 6 1047 1545 1855 4033 9743 9798
9454 3 403 5516 8141
9455 3 2752 3366 8325
9456 9 358 1525 4904 6477 6690 7865 8275 8549 9314
9457 6 3415 3606 3735 4339 6535 7966
9458 7 1050 1784 2717 2896 4162 7419 8347
9459 8 287 3276 4665 5522 7206 7695 8297 9536
9460 8 1828 2010 2035 2157 3251 6183 9705 9867
9461 9 703 964 2407 3645 4109 6845 7762 8822 9657
9462 7 3081 3259 6122 6213 6944 9390 9849
9463 5 324 2277 6324 8752 9215
9464 9 105 5068 6001 6066 8637 8800 8925 8985 9750
9465 3 503 4697 7060
9466 7 83 1575 2919 4073 4658 6225 6634
9467 10 397 1403 3249 3461 4326 5503 6347 6491 6622 8724
9468 5 2211 6095 7706 8057 8133
9469 10 179 758 762 2546 2775 4113 4737 5619 6735 8727
9470 4 443 1573 6881 7672
9471 4 66 428 7173 8829
9472 12 1476 2858 3975 4888 4956 5366 5441 5659 6833 6846 9332 9942
9473 11 1920 1980 2311 2594 2848 3093 3371 5922 6826 8444 9811
9474 11 223 353 1425 4242 5583 5825 6892 7475 8309 9124 9156
9475 9 2820 3437 3826 4759 5426 6298 7736 7787 9480
9476 8 633 6409 7082 7268 7412 8951 9137 9743
9477 6 77 1544 1576 2943 3852 9325
9478 7 729 929 1551 2938 4724 6574 7787
9479 5 892 2686 2867 6575 6629
9480 10 271 1086 2197 3017 4946 5750 7060 7356 7920 9475
9481 4 2504 2788 6741 9073
9482 4 901 1074 2851 7718
9483 5 995 3542 3577 4220 4767
9484 5 594 3301 6947 7263 9256
9485 11 955 1741 4740 5376 5975 6061 6414 7706 8011 8268 9073
9486 5 30 1787 5980 8749 9120
9487 5 1881 3543 7644 7900 7916
9488 8 1217 2576 2672 3241 3778 8024 8798 9573
9489 5 352 3278 3465 7149 9365
9490 5 49 2348 5554 8359 8742
9491 6 770 794 3335 4146 4534 7766
9492 7 446 562 1615 3986 6428 9117 9576
9493 5 736 3876 5920 6932 7337
9494 7 1622 2789 3893 5045 5153 9107 9136
9495 9 1752 1949 3361 4955 5213 5676 6453 7384 8585
9496 4 3182 7486 8561 9424
9497 6 1089 1538 3644 6863 7543 8112
9498 4 3370 4458 5252 9169
9499 8 1682 2604 2846 4214 4496 5439 6207 7961
9500 7 342 2209 5451 6253 7592 8035 8074
9501 5 113 4548 5079 6106 7424
9502 5 2675 2820 6982 7325 7762
9503 3 1519 5611 7073
9504 8 414 846 1177 2065 3859 5641 6056 8375
9505 9 244 715 877 2500 3856 4389 9124 9215 9523
9506 9 364 1718 2098 3133 4567 4976 5694 6886 8636
9507 1 5866
9508 6 873 1576 2461 5574 7874 8233
9509 6 6069 7974 8440 9248 9690 9808
9510 5 510 1576 5587 6745 8453
9511 6 129 4211 4269 4685 5649 9411
9512 7 2583 4237 5523 6144 7507 8658 9686
9513 2 4982 8407
9514 8 862 952 2260 6135 6311 7021 8106 8638
9515 11 378 436 873 1522 3770 4244 4286 4371 6577 9388 9570
9516 7 2970 5608 5808 7005 7095 7899 8239
9517 6 3172 4632 6085 6392 6541 6804
9518 6 565 2368 2886 4740 5353 7951
9519 7 1269 1473 1603 3218 3807 3840 8475
9520 4 927 1418 2637 5006
9521 6 651 1290 6602 7980 8032 9733
9522 6 1892 2145 3580 7508 8277 8605
9523 7 287 1031 4730 5837 6629 6710 9505
9524 5 1374 5663 6874 8268 9749
9525 5 1950 2808 4315 5687 7612
9526 7 725 5036 6004 6276 6321 6740 8655
9527 4 701 856 2290 3864
9528 6 4034 4183 5026 5392 8135 9018
9529 4 1678 5941 9450 9857
9530 9 32 2486 2827 5080 5520 5770 7731 8460 9078
9531 7 469 1655 1972 3395 6128 6231 6342
9532 8 539 2162 2235 5815 6005 6336 7145 7161
9533 9 499 1264 1748 2423 3563 5362 6634 7243 9983
9534 4 1344 2829 6708 7722
9535 6 64 1347 3085 4022 7541 8939
9536 5 3817 6226 7136 8741 9459
9537 4 1015 2946 3564 8080
9538 5 4139 4941 5634 8486 8857
9539 6 1150 2918 3046 3055 5591 5836
9540 9 3558 4064 4397 4723 5147 5689 7238 8277 8892
9541 6 200 3652 3654 4689 8552 8747
9542 5 463 2975 6621 7831 9601
9543 5 1703 1721 6072 8376 9409
9544 2 9104 9849
9545 5 3299 3692 5346 6429 6734
9546 0
9547 5 1908 3289 5223 7951 8449
9548 7 628 3746 3864 6270 8897 9362 9601
9549 7 3171 3218 4449 6527 8785 9311 9607
9550 7 727 3151 5202 5279 6110 6702 6766
9551 3 393 4364 7605
9552 10 730 1799 2090 2937 3490 4110 7512 7693 9780 9933
9553 5 504 2211 4903 6114 8808
9554 6 580 1404 3777 7227 7349 8981
9555 3 3144 5470 6820
9556 7 628 2505 3574 4790 5732 7388 9451
9557 3 5873 7013 7505
9558 3 2597 3434 4670
9559 4 447 5220 7054 8790
9560 10 95 865 3068 4097 4855 5145 7733 8374 8965 9638
9561 1 6813
9562 6 4130 4912 6726 8186 8954 9043
9563 7 83 475 1532 3103 3665 4601 9722
9564 3 1184 1968 9987
9565 4 2840 4617 7575 8399
9566 6 1813 2333 2456 8584 9004 9386
9567 10 509 1315 2729 3051 5619 5707 6022 7373 8131 8527
9568 11 244 748 788 1003 2343 5161 6208 7166 7434 8346 9144
9569 6 694 1993 3124 4321 5021 6736
9570 4 451 1136 5553 9515
9571 12 624 951 1620 2089 5054 6097 6478 6638 6683 7157 7782 9045
9572 3 1135 4033 6747
9573 9 1013 1292 1343 1450 3492 3738 4173 5104 9488
9574 7 1550 5325 6834 7811 8659 8820 9357
9575 5 1778 4333 6363 7748 9786
9576 5 977 1362 5473 7736 9492
9577 3 898 1304 3722
9578 2 2408 7434
9579 10 561 886 2932 3090 3236 4030 5142 5970 5978 6530
9580 6 2007 7163 8001 9139 9642 9747
9581 9 33 1408 2049 4533 6981 7716 8018 9046 9450
9582 3 4456 5565 6472
9583 4 108 1422 2807 4129
9584 5 2596 3245 6707 6919 7181
9585 9 1480 1849 2814 6181 6549 6824 7660 8565 9445
9586 6 1285 1724 3491 3903 5495 5526
9587 6 333 696 5201 6926 8720 9024
9588 3 3654 6975 9796
9589 6 1686 3021 5251 6757 7849 7994
9590 4 1714 5400 8060 9751
9591 7 3729 4309 6038 6606 8300 9420 9895
9592 10 1095 1292 1310 1907 4223 4472 6745 7056 8033 9020
9593 7 2532 2691 3209 3242 3814 4341 7781
9594 4 107 6924 7523 9189
9595 7 21 189 340 2500 2890 8903 9346
9596 9 159 182 3346 6058 6446 6896 7886 8340 9151
9597 8 99 1546 2573 3511 4411 6594 8157 8170
9598 5 1650 3122 4375 6477 9128
9599 8 632 4677 5331 6087 6139 6512 6805 6935
9600 6 1270 4751 5373 5587 6895 7136
9601 9 22 1622 7689 9155 9235 9542 9548 9722 9911
9602 5 1695 2451 3130 4473 6238
9603 7 719 1524 2290 2299 4024 8145 9926
9604 8 3085 6318 7406 7428 7731 7877 9115 9711
9605 4 1200 2960 8601 8878
9606 4 5609 6085 7299 9149
9607 9 1018 2202 2553 2674 7819 8471 9043 9443 9549
9608 5 2348 2536 2952 6128 7251
9609 4 2966 3512 6310 7972
9610 4 108 4098 5819 9198
9611 4 492 567 2018 5173
9612 6 654 1916 4971 5172 7576 9998
9613 5 1335 1418 3670 3775 9445
9614 6 132 3524 4214 5054 7174 8235
9615 8 531 1508 3448 5339 6616 7065 8016 9933
9616 9 160 1907 2252 2743 2833 4364 6453 7715 9053
9617 2 4150 4344
9618 8 644 1178 5048 5814 6786 7458 8718 9670
9619 4 140 4590 4653 8461
9620 7 2765 6354 8183 8741 9187 9842 9851
9621 7 3810 4093 4728 5570 6065 8919 9329
9622 9 1434 3496 5323 5336 6608 7528 8995 9756 9963
9623 10 335 2283 2862 3818 5484 5936 6644 7433 7546 8692
9624 6 5244 5842 8028 8297 9187 9388
9625 10 232 685 756 1847 2804 3651 3715 4448 4785 5940
9626 10 3111 3921 6117 6628 6659 7575 8243 8622 9129 9961
9627 5 2956 6309 6322 6830 6951
9628 3 31 7764 7873
9629 6 1050 3147 3276 3347 4995 7143
9630 6 440 1003 1096 3216 4416 4511
9631 4 741 3115 4855 6958
9632 5 2563 3584 3711 3785 9429
9633 7 3673 4066 4379 5129 5403 6529 7940
9634 6 29 312 3419 4644 5052 6712
9635 11 965 2745 2815 5054 5199 5449 6041 6244 8428 9407 9840
9636 5 1078 4327 4338 7128 9052
9637 7 206 747 1323 2247 5082 8312 9951
9638 5 652 6498 6788 8772 9560
9639 7 2011 3123 3573 5012 7844 8076 9750
9640 6 3954 4127 7560 8606 8939 8949
9641 7 916 1385 1394 1875 2019 4514 8550
9642 1 9580
9643 7 3379 5247 6060 6469 6630 7576 9812
9644 6 1005 1849 7173 7593 7745 9790
9645 4 4252 7315 7401 8607
9646 4 4552 5440 6128 6988
9647 7 1237 2280 5442 6007 6091 6989 9076
9648 5 3330 4177 4353 9050 9866
9649 7 1080 2202 5027 6916 7082 9298 9767
9650 5 101 555 4026 7180 9237
9651 6 3727 5141 5850 6331 8406 8962
9652 7 1864 2815 3074 4164 5237 8364 9701
9653 7 844 3284 4641 4777 6380 6665 9396
9654 3 1912 2054 5101
9655 8 863 1642 1695 2914 5786 8079 8251 8514
9656 6 589 3233 5075 6009 6880 7736
9657 6 1002 2473 4143 6243 7627 9461
9658 8 92 1650 4825 5599 5832 8708 8981 9402
9659 10 2062 2558 2753 3825 4010 4444 4998 6887 8963 9261
9660 5 197 3717 4455 4951 6395
9661 5 4012 5051 5405 6696 7744
9662 10 274 2370 2603 3746 3875 5986 6593 8234 8379 8384
9663 11 501 771 2647 2987 3389 5678 6315 6569 8484 9325 9742
9664 8 591 1277 1315 5340 6080 6767 7894 8824
9665 7 631 3183 6629 7388 7925 8038 8910
9666 3 3125 3281 8194
9667 1 5448
9668 7 211 1163 3442 4867 6744 7552 9933
9669 8 223 3447 5493 6414 7226 7643 7702 9096
9670 8 988 2007 4504 4574 5219 5281 8858 9618
9671 4 66 5173 6313 9895
9672 6 2085 3628 4854 7634 7910 9870
9673 4 1820 7426 8866 9958
9674 2 2495 4015
9675 5 2881 3599 4105 4241 8201
9676 5 2418 4609 5222 8438 8732
9677 8 4427 6405 6844 7007 7119 8079 8768 9969
9678 7 1837 1860 2883 4387 4405 7187 9098
9679 6 473 1214 1234 3464 4397 8041
9680 8 1158 2095 4110 4395 5493 7035 8037 9791
9681 6 245 1287 1746 3731 6042 6633
9682 3 2755 5313 6781
9683 4 3927 4385 5230 5699
9684 7 2363 3184 4654 5395 6327 7693 9804
9685 5 2299 2474 4507 7500 8935
9686 8 164 1719 2995 3428 5301 5821 7287 9512
9687 6 496 3116 5345 7836 7855 7892
9688 5 2696 4706 5946 6259 7290
9689 5 154 330 1921 3924 8981
9690 7 1195 1580 2681 5056 6189 6787 9509
9691 7 724 1908 5160 5784 6474 9357 9412
9692 11 298 1321 1934 3168 5225 5288 5473 5558 6517 7213 9753
9693 5 1228 2814 3587 4382 7206
9694 2 3507 8579
9695 4 1918 2864 3199 3404
9696 4 253 2512 4477 5083
9697 5 2342 2949 5076 7759 9066
9698 6 61 1524 1694 5625 8889 8941
9699 8 1285 1696 2221 2246 2872 3954 5378 6428
9700 6 2119 3127 4027 4767 5024 9709
9701 6 70 652 3940 5453 7667 9652
9702 5 3139 4010 6339 6911 7848
9703 3 1669 6349 6405
9704 6 3263 3951 6043 6139 8145 8924
9705 9 2793 3056 3420 4210 5907 6050 6554 7264 9460
9706 8 377 808 5280 7551 9103 9359 9744 9757
9707 8 791 1154 4691 5077 5115 5293 9239 9357
9708 3 1728 5118 8952
9709 9 2327 3236 4393 6666 8155 8348 8483 8557 9700
9710 3 3364 8061 8791
9711 5 3880 5700 6943 8483 9604
9712 6 6 1891 5365 8276 9223 9272
9713 4 1809 2209 3308 3496
9714 11 976 1088 3223 3617 3835 4516 5559 7146 7324 8369 9104
9715 8 714 1678 3039 6659 7428 8326 8418 9010
9716 6 185 808 1558 1630 3084 4380
9717 6 1259 3825 5866 6552 6645 7526
9718 4 780 3113 5629 7775
9719 5 1328 3266 3889 4516 6484
9720 5 782 2892 4542 7181 7260
9721 7 5 826 2538 3915 5371 7169 9825
9722 6 3776 5856 6883 8076 9563 9601
9723 3 2759 6427 6713
9724 6 1161 1397 3104 3191 6090 6395
9725 8 965 1006 4676 5064 6290 7698 7818 9416
9726 4 3011 4041 7149 7412
9727 4 935 2689 4193 7059
9728 5 3027 5604 6306 8920 9230
9729 7 656 3389 3550 4374 4572 6361 7975
9730 4 4185 7243 8695 9071
9731 1 451
9732 6 505 1815 3994 5005 6040 7028
9733 6 900 2392 4039 6154 8482 9521
9734 8 79 980 2651 4192 5732 5798 5868 8693
9735 4 2756 4615 6848 7552
9736 11 184 2818 2876 3128 3256 5010 5024 5976 6429 8776 9935
9737 5 70 1616 2749 3374 3977
9738 9 437 3562 4809 5521 6626 7477 8662 9007 9918
9739 4 1746 2243 6190 8589
9740 9 115 460 1069 3699 4018 4154 5031 6665 7094
9741 2 2980 4043
9742 9 1406 3369 4624 4825 5738 6966 8255 9663 9988
9743 6 1817 6352 6686 7357 9453 9476
9744 5 1319 5452 5905 8780 9706
9745 7 2593 4746 5356 6569 7903 8382 9881
9746 5 1870 2531 3670 3769 5869
9747 11 195 749 1773 2188 2814 5827 7048 8218 8362 9580 9958
9748 5 415 5749 6326 6888 9890
9749 7 1500 1570 1650 3880 4144 6626 9524
9750 8 2137 2386 3027 6347 7221 8702 9464 9639
9751 8 1989 3176 4699 5400 6032 6431 7856 9590
9752 5 1619 4038 4512 7492 7640
9753 7 11 757 2845 5282 6479 9077 9692
9754 10 2371 3364 4411 5750 6599 7997 8427 8829 9817 9819
9755 3 781 1554 8373
9756 6 5685 7296 7667 8739 9388 9622
9757 6 19 145 5509 6071 7509 9706
9758 4 4023 8275 8975 9851
9759 7 1452 1584 2168 4438 6112 8671 8722
9760 4 1055 2585 3445 4264
9761 6 1836 2294 3880 7221 8347 8579
9762 6 2432 2786 4945 5825 6228 6505
9763 6 3251 7527 8639 8839 9108 9429
9764 7 3927 4142 4170 4593 7343 7469 9275
9765 11 989 1554 1854 3517 3993 3995 6018 7176 7312 8798 8908
9766 9 2349 3225 3521 4775 6032 7354 7690 8032 8066
9767 11 247 649 1931 2246 2438 2729 3914 4979 6923 7524 9649
9768 8 3535 4411 5567 5883 6904 8938 9143 9429
9769 7 358 1580 2724 3431 4559 6384 8922
9770 6 474 1354 1590 2158 2623 4745
9771 4 4922 7082 7954 9088
9772 4 949 954 1114 6392
9773 7 876 3632 4608 6036 8119 8516 8901
9774 6 213 1696 4089 6960 7448 7755
9775 5 1676 2302 7545 9188 9922
9776 8 1131 1221 2890 3975 6991 7373 8016 8219
9777 5 160 1182 4075 5633 5800
9778 6 1439 1531 1574 4199 7423 9009
9779 5 290 3988 5959 6120 7048
9780 6 4137 4899 6330 7487 9148 9552
9781 5 2247 4684 5786 6006 7528
9782 6 1787 3275 4190 4748 6272 9789
9783 7 666 2817 3923 5094 5322 6775 7897
9784 5 1005 4056 4355 6380 8509
9785 8 1700 2043 6094 6132 6632 6713 7213 8180
9786 9 355 977 3833 6200 6328 7755 8437 8854 9575
9787 4 3229 6182 6918 8280
9788 5 1978 2213 7663 8425 8874
9789 6 3129 5719 8785 9305 9782 9882
9790 4 7969 8390 9174 9644
9791 10 347 758 1780 1807 7165 7440 8134 8329 9304 9680
9792 10 2780 2910 3947 4044 4317 4319 7512 8479 8924 9116
9793 10 748 1258 1484 2211 3574 3988 4286 7141 8591 9897
9794 8 844 1444 2858 3929 5446 6167 6479 8109
9795 6 1449 2986 6462 7206 8128 9339
9796 7 353 621 1782 8581 9223 9312 9588
9797 10 70 2841 2971 5000 5604 5818 5965 7576 8099 8207
9798 7 358 2030 2438 2874 3434 6085 9453
9799 3 1352 1727 9831
9800 7 1302 1313 1644 3827 5665 7997 9318
9801 6 527 1316 3562 4775 4804 5295
9802 7 1649 3504 4317 4420 7109 8376 8540
9803 5 1933 3097 3896 3920 6365
9804 13 1079 2506 2782 3620 3634 4795 5056 6036 6243 6312 6638 9684 9944
9805 4 957 2100 6531 6902
9806 5 503 3404 5374 6088 8287
9807 8 2 54 658 1326 2815 3125 3703 5999
9808 11 429 1738 2578 3761 5971 7338 7907 8267 8700 9402 9509
9809 6 1943 2075 5759 5953 6135 8375
9810 5 171 869 2041 6277 9333
9811 5 906 1327 4957 7206 9473
9812 8 310 424 2257 2425 5377 6689 9220 9643
9813 5 997 3498 6480 7649 8756
9814 5 814 1334 1725 1980 8182
9815 9 2355 3654 3908 4745 5129 6126 6226 9820 9995
9816 8 790 3207 4745 5195 8731 8851 9007 9420
9817 10 1428 1880 2748 5541 5987 6718 8108 8495 9754 9968
9818 9 624 2777 4315 4409 5570 6461 8142 8747 9293
9819 5 202 2326 2577 6171 9754
9820 10 1145 2749 3237 3834 4319 5146 5870 6327 9061 9815
9821 5 680 2450 4051 6041 7348
9822 7 1603 1951 3796 4176 6931 8483 8971
9823 4 1787 1924 2041 3028
9824 9 452 848 872 2899 3931 6421 6609 7717 8550
9825 6 3642 4664 5278 5747 9162 9721
9826 2 3681 7281
9827 10 281 1238 3404 5140 5645 5916 6052 6749 7694 8202
9828 6 3652 3760 5020 5219 5350 8192
9829 7 1114 1490 1958 2451 2497 5984 9848
9830 10 552 1661 1728 3218 4021 4108 7039 7935 8382 9972
9831 6 582 876 5949 7795 8065 9799
9832 5 216 4452 6436 8370 8412
9833 9 375 744 1265 3670 6645 7265 7550 7562 8202
9834 8 1169 2727 3776 4712 5408 5841 8585 8789
9835 3 617 1414 5066
9836 5 766 2489 3483 3725 5839
9837 4 2584 3578 9374 9926
9838 5 5769 6195 7930 8254 8312
9839 8 1641 4688 5996 6760 6972 7195 8070 8186
9840 8 374 3052 3833 5147 5983 7487 9326 9635
9841 4 3590 4514 7393 8792
9842 8 358 706 4855 5741 6555 7651 8697 9620
9843 5 4413 5173 5874 7167 7369
9844 1 462
9845 8 612 1967 4303 6081 8755 8993 9383 9948
9846 4 1298 2814 3512 8730
9847 1 6603
9848 8 628 1137 1625 2949 5459 6583 8048 9829
9849 5 5844 8785 9379 9462 9544
9850 8 49 997 3273 3822 3824 5108 7744 9057
9851 8 1365 5678 7810 8668 8803 9205 9620 9758
9852 8 5584 5962 5979 6974 7067 8326 8608 9415
9853 5 2502 2784 3738 4959 9946
9854 3 6143 7272 8432
9855 3 1200 2217 7019
9856 2 4393 6023
9857 7 658 2082 2697 8036 8404 8722 9529
9858 11 182 514 929 2568 6565 7036 7633 8015 8546 8974 9119
9859 6 935 1898 2482 4426 6306 8085
9860 5 1438 3243 4708 6724 7503
9861 3 862 5013 5268
9862 5 2116 3265 3851 4551 9051
9863 5 4531 5384 6369 6617 8896
9864 0
9865 7 1238 1591 4624 5079 5968 7497 7912
9866 7 3483 3992 6271 8026 8042 9648 9941
9867 6 1096 1424 3351 4278 7355 9460
9868 7 1404 2288 3207 3441 4221 8318 9102
9869 8 1532 2375 4331 6005 7582 8297 9286 9898
9870 13 922 952 1646 1703 2210 4697 4959 5221 5468 7886 8350 8871 9672
9871 8 1828 2527 3074 3838 7970 8522 9283 9381
9872 4 2628 3218 3692 5811
9873 4 96 3203 7658 9181
9874 4 968 5635 7291 7882
9875 8 3956 5254 7042 7444 8092 8102 8546 9228
9876 5 525 2918 3052 5920 8719
9877 9 81 505 2978 3312 5793 6330 6513 6718 9024
9878 2 3754 5399
9879 7 272 2655 3397 5775 6271 8771 9324
9880 6 1970 3924 5032 7472 8696 8982
9881 8 810 3387 3532 5899 5982 6318 6996 9745
9882 7 1567 1823 6601 8501 8761 9295 9789
9883 9 2974 3429 3475 3672 4932 5544 5570 6014 6914
9884 11 912 2032 3064 4676 4691 4728 5140 7113 7413 7951 9059
9885 8 3268 3424 3507 3951 5035 5727 9005 9247
9886 5 2901 4724 6016 6435 9258
9887 8 243 764 1003 3356 4432 5153 5425 8493
9888 6 138 2626 3540 4351 8881 9358
9889 4 1882 6986 7193 9178
9890 9 494 2960 4435 4889 6072 8290 8813 9244 9748
9891 3 685 784 8735
9892 6 583 2693 3642 3899 4124 6572
9893 7 1220 4040 6556 6807 7785 7947 8313
9894 6 2000 3145 3548 5113 5150 5808
9895 5 1470 3220 3852 9591 9671
9896 6 4432 5580 6069 8882 9203 9319
9897 3 1779 4265 9793
9898 4 336 3267 4733 9869
9899 7 696 5084 5300 6600 7403 7918 8397
9900 5 340 1189 2281 5857 7547
9901 5 242 830 4505 7873 9973
9902 6 321 3870 4103 4764 5253 9372
9903 7 627 3666 5141 7662 8120 8663 9422
9904 8 417 1913 2078 2765 3462 4107 5659 7735
9905 4 1889 2313 8199 9053
9906 8 2809 3892 4916 5570 5748 8114 8716 9381
9907 6 2600 3487 3812 5018 8219 9193
9908 3 4363 5456 7489
9909 6 2157 2825 3404 5407 7636 7897
9910 6 2443 2756 3457 5834 8936 9116
9911 6 1908 3568 3818 6522 9315 9601
9912 9 426 3388 3715 3778 4865 5127 5986 6871 8033
9913 3 35 386 1091
9914 9 3486 3931 4433 5973 6734 7215 7216 7458 7819
9915 6 1372 2942 3307 3409 5721 8554
9916 6 127 1660 3932 6105 7110 8000
9917 4 1607 2684 2977 9986
9918 9 378 1241 1262 1582 2577 2824 8685 8960 9738
9919 4 803 1599 2774 5361
9920 4 2594 3414 4962 6422
9921 3 3332 3656 4633
9922 9 1738 2607 3324 3399 4453 5402 8353 8598 9775
9923 6 4589 4814 5879 7941 8063 9082
9924 3 1079 1644 2694
9925 4 2206 2666 6556 6991
9926 4 4368 6193 9603 9837
9927 6 2071 2419 3003 4609 5980 6197
9928 4 1897 3818 5952 6718
9929 5 809 4169 4621 4721 7766
9930 2 260 2018
9931 5 2208 2490 3683 7885 8946
9932 5 3358 4551 6011 6215 6879
9933 13 817 1398 2232 2523 3279 4008 5440 6448 7465 7656 9552 9615 9668
9934 4 2439 3346 5306 5858
9935 6 646 4414 4999 5656 7259 9736
9936 1 5058
9937 3 3927 6972 7841
9938 1 4114
9939 7 694 959 3121 5850 7143 7681 8215
9940 6 1348 1981 2540 5608 7743 8216
9941 5 90 2423 6358 8351 9866
9942 9 706 1438 4656 6956 7728 8192 9273 9370 9472
9943 6 1093 3237 3632 4221 7515 8449
9944 7 3607 4356 4471 7698 8401 8919 9804
9945 7 1745 3606 4034 4044 4844 7542 8013
9946 6 55 2527 3522 3622 9221 9853
9947 9 134 394 442 648 2365 3593 6925 7614 7637
9948 6 7715 7778 8649 9184 9315 9845
9949 9 78 2427 3690 3804 4782 6185 6267 6891 9142
9950 4 729 1346 8075 8768
9951 13 122 339 471 1468 1856 2264 4230 5010 6011 6435 6542 6867 9637
9952 6 2035 3846 5355 5587 7756 8523
9953 10 1369 1600 2129 2736 5754 5840 6139 6399 6431 7122
9954 1 6701
9955 7 485 1933 2705 3565 7147 8481 8807
9956 4 2640 5906 7675 8748
9957 11 824 1383 3025 3579 4031 4590 4978 6235 6267 7542 9205
9958 6 443 2024 7949 9344 9673 9747
9959 6 3232 6343 7311 8601 9338 9374
9960 3 1674 3936 5106
9961 6 3298 6343 8709 8788 8953 9626
9962 1 3232
9963 10 997 1167 1207 1472 3020 3118 3344 7991 8896 9622
9964 3 4020 4832 8780
9965 8 23 1604 2726 3055 4844 4886 5390 7636
9966 6 1210 2416 4443 5618 6518 8685
9967 6 1185 3388 4250 4413 4581 8619
9968 5 774 4209 7411 8373 9817
9969 8 954 1134 2858 8055 8157 8625 8653 9677
9970 7 276 1622 1786 2082 2794 7547 7778
9971 4 1125 2040 2254 9403
9972 5 183 384 423 4125 9830
9973 5 2839 5414 6857 7799 9901
9974 5 203 919 2683 6756 8434
9975 3 1145 3827 4769
9976 7 204 3274 3610 6976 7385 8487 8856
9977 9 1 261 649 1779 3962 5241 6244 7542 9451
9978 7 2738 2807 3618 3829 4568 5061 8202
9979 6 334 468 2846 2916 3819 8859
9980 7 1023 2316 4256 6009 6796 7211 7937
9981 2 3756 4254
9982 7 1591 2007 2887 2965 3300 5612 8062
9983 9 394 2081 2328 3692 5606 5618 6565 8169 9533
9984 4 5700 6853 8889 9385
9985 7 1732 2298 3858 4396 5391 7745 9208
9986 5 1111 3740 4588 8465 9917
9987 6 2664 3677 5686 5795 9007 9564
9988 4 5278 5631 8348 9742
9989 3 2367 7248 8142
9990 11 363 805 1338 1703 1731 1979 2081 2478 3858 5724 8686
9991 3 38 793 5446
9992 6 846 992 1234 2216 3823 5227
9993 2 4117 8589
9994 9 305 1187 1865 2285 4892 5690 7120 8447 9197
9995 6 1146 5313 6457 6928 7421 9815
9996 3 3339 4796 8232
9997 9 1185 2003 2201 2550 2608 6501 7896 8464 9018
9998 6 1231 4428 5322 6108 7581 9612
9999 10 455 977 1598 2381 2621 4463 6296 6933 6967 7138
