10000 25000
0 1 1 4
1 3 2 8 8290 9 583 18
2 3 3 4 4079 -3 6727 5
3 2 4 10 8579 10
4 4 5 8 1676 0 1933 4 2060 -4
5 2 6 2 2532 16
6 5 7 14 8364 18 6584 2 8629 3 2182 19
7 3 8 3 4243 4 8802 18
8 2 9 10 1072 5
9 2 10 4 1887 0
10 2 11 3 1853 10
11 4 12 -1 1294 2 8008 15 7091 8
12 3 13 14 4256 2 6505 -4
13 2 14 1 4876 14
14 4 15 8 507 -2 3290 3 432 3
15 4 16 3 7283 -2 1039 6 4464 9
16 3 17 3 6335 8 8535 4
17 5 18 9 4089 6 3357 -3 7942 9 8699 1
18 3 19 12 6001 12 9086 14
19 4 20 12 9429 4 9546 13 8689 8
20 3 21 8 7271 20 2957 16
21 2 22 6 1880 9
22 2 23 2 9050 2
23 2 24 10 7787 20
24 2 25 4 1938 7
25 2 26 10 542 16
26 4 27 11 68 -2 2345 6 4569 19
27 5 28 6 6048 -3 1506 -2 2028 3 8815 8
28 2 29 11 9028 8
29 6 30 14 412 8 3008 10 3838 18 9123 11 784 16
30 4 31 11 5595 11 9973 4 795 6
31 3 32 3 1155 7 9355 16
32 3 33 7 1812 7 6668 12
33 4 34 5 6444 17 1865 4 9535 15
34 2 35 8 7160 13
35 2 36 12 9359 19
36 2 37 1 4773 7
37 2 38 7 9992 3
38 4 39 7 9719 5 3032 8 5068 -2
39 1 40 2
40 1 41 9
41 2 42 8 3724 3
42 2 43 10 2107 16
43 4 44 9 3213 2 9711 3 2034 15
44 4 45 10 2056 2 6880 1 2144 17
45 3 46 2 1962 20 399 20
46 3 47 -4 1653 10 3618 0
47 3 48 4 6519 10 15 18
48 2 49 14 1557 13
49 1 50 12
50 3 51 6 8494 7 9429 4
51 4 52 5 1255 4 21 12 575 16
52 4 53 12 1691 20 2295 5 3161 13
53 5 54 6 4883 8 590 13 1907 -3 722 13
54 1 55 9
55 2 56 13 3038 1
56 4 57 6 6592 17 7874 13 4388 10
57 3 58 10 426 -4 6668 8
58 2 59 14 6006 6
59 2 60 12 3911 8
60 2 61 11 8612 3
61 3 62 12 4073 8 8429 4
62 4 63 11 5084 19 1931 16 9786 17
63 4 64 5 12 -2 6081 5 5988 7
64 9 65 1 2613 5 577 11 6354 8 3205 9 745 18 5964 20 1557 15 3092 16
65 2 66 0 658 -4
66 5 67 6 9302 19 1695 18 2732 2 9778 -1
67 1 68 4
68 4 69 7 2942 15 1669 11 2045 1
69 3 70 12 892 13 6632 18
70 4 71 11 4493 12 1118 12 9477 1
71 2 72 3 4614 20
72 4 73 10 5344 7 3513 7 8386 20
73 4 74 7 2500 5 1523 7 9521 12
74 2 75 6 8826 5
75 3 76 12 6109 5 775 19
76 2 77 13 9825 12
77 2 78 7 5693 4
78 1 79 10
79 3 80 12 8856 8 9114 2
80 2 81 2 99 20
81 1 82 8
82 4 83 5 5163 13 126 14 2606 6
83 4 84 9 5873 14 6598 12 6287 9
84 5 85 1 2728 0 49 5 791 2 27 -3
85 5 86 15 3750 -2 2544 17 6695 1 711 3
86 4 87 11 3704 5 4917 13 1096 8
87 3 88 12 9509 6 2302 -3
88 5 89 10 6116 20 7502 10 5585 5 8961 8
89 3 90 2 7182 9 1142 16
90 4 91 1 9257 10 2841 12 6708 20
91 1 92 9
92 5 93 14 2796 17 9109 7 8426 7 1369 1
93 2 94 15 6074 -2
94 2 95 2 6140 15
95 5 96 5 2261 19 7520 11 4191 18 6828 13
96 4 97 9 5758 20 6183 3 2756 12
97 3 98 0 6692 10 4181 4
98 5 99 10 1384 7 7875 12 7357 4 2193 2
99 2 100 12 8492 16
100 4 101 10 4256 5 7447 8 1786 12
101 6 102 6 4635 10 21 7 5684 4 3337 3 8223 11
102 3 103 7 771 18 2352 17
103 3 104 6 8119 16 7589 11
104 2 105 7 9176 9
105 4 106 8 6717 12 7696 3 8809 14
106 3 107 8 1601 6 1959 19
107 3 108 4 2149 13 6948 20
108 5 109 1 3962 5 6553 11 1340 0 580 5
109 3 110 13 2308 9 2728 9
110 2 111 10 6126 6
111 3 112 0 2354 20 347 5
112 2 113 15 8055 3
113 2 114 15 6389 -3
114 3 115 7 902 5 1824 19
115 3 116 9 1949 5 3624 6
116 2 117 5 687 10
117 2 118 12 4852 15
118 1 119 11
119 2 120 -1 1121 1
120 5 121 14 832 11 1426 3 156 7 6108 13
121 2 122 9 6936 19
122 2 123 15 289 7
123 5 124 1 7662 3 4265 13 5991 6 326 18
124 1 125 8
125 3 126 5 6948 19 753 1
126 2 127 10 5877 19
127 6 128 9 535 -1 4313 4 2551 10 9826 16 4129 6
128 1 129 3
129 6 130 3 7823 14 8689 7 7312 9 850 6 1538 9
130 3 131 6 2156 3 1067 15
131 2 132 1 4467 5
132 4 133 15 200 7 6983 11 2385 16
133 3 134 14 2372 18 6188 8
134 1 135 7
135 5 136 0 8541 14 2833 1 6306 11 5329 8
136 5 137 14 8615 3 9508 8 5770 16 8501 17
137 4 138 1 2691 18 4141 20 1085 18
138 2 139 1 1996 1
139 3 140 14 7719 5 315 9
140 2 141 3 7556 3
141 2 142 15 9495 15
142 3 143 8 4251 3 6073 16
143 4 144 15 982 7 2698 9 1953 3
144 4 145 2 7777 7 8990 14 6943 5
145 4 146 7 6936 -3 6689 14 3849 15
146 2 147 14 7740 6
147 1 148 3
148 1 149 2
149 1 150 15
150 3 151 0 2516 18 4725 4
151 2 152 9 694 14
152 2 153 12 7119 11
153 3 154 14 6433 -1 689 9
154 2 155 2 907 13
155 3 156 6 7074 2 5744 13
156 1 157 14
157 2 158 -2 2745 17
158 1 159 15
159 2 160 -1 5116 18
160 2 161 12 3776 5
161 3 162 15 6080 19 8984 14
162 1 163 10
163 3 164 13 7744 5 4940 18
164 3 165 14 4431 10 4689 9
165 1 166 14
166 4 167 13 5803 5 217 16 2588 17
167 3 168 -1 6630 16 3580 1
168 3 169 15 6785 20 2171 15
169 3 170 -3 2500 5 3216 20
170 2 171 1 4518 12
171 5 172 10 2127 15 7311 -3 120 10 403 9
172 3 173 4 1235 9 8032 2
173 5 174 10 3596 11 8002 16 1522 19 6602 18
174 6 175 2 6242 18 9213 20 2401 8 9727 -4 781 19
175 1 176 9
176 1 177 12
177 4 178 15 7584 0 2704 11 6484 17
178 2 179 14 8291 14
179 1 180 2
180 2 181 11 4651 20
181 2 182 14 333 6
182 2 183 5 9971 18
183 4 184 7 6920 3 1747 5 4344 9
184 2 185 2 3848 1
185 4 186 8 5263 20 3867 2 591 -1
186 3 187 -1 6634 12 1136 16
187 2 188 -4 4569 12
188 3 189 11 2305 13 8084 12
189 1 190 -4
190 1 191 3
191 4 192 12 8748 -3 1704 16 488 3
192 4 193 8 5446 3 1837 8 199 18
193 3 194 -2 2255 1 9865 4
194 4 195 -1 3930 14 3885 4 4437 12
195 1 196 9
196 2 197 10 7210 20
197 5 198 10 9014 9 2371 9 8701 20 5436 10
198 1 199 -2
199 4 200 7 9190 7 8294 20 7338 15
200 2 201 10 8041 16
201 3 202 13 8499 19 7001 2
202 4 203 -1 547 1 1511 14 5623 16
203 2 204 9 6089 1
204 3 205 4 8214 3 2218 3
205 3 206 1 5109 13 9533 6
206 3 207 10 4356 3 911 1
207 2 208 15 3815 4
208 2 209 -1 641 4
209 2 210 13 4353 2
210 2 211 1 7089 9
211 2 212 4 8236 2
212 3 213 9 6106 20 1100 8
213 5 214 9 7167 3 3628 6 5264 2 9288 10
214 1 215 -4
215 2 216 -2 7380 20
216 2 217 3 2752 14
217 2 218 1 7388 1
218 3 219 6 4225 18 4839 18
219 2 220 8 3932 4
220 5 221 2 5312 20 9165 -4 2954 -2 6485 13
221 3 222 8 2912 7 6231 11
222 1 223 1
223 1 224 2
224 2 225 5 2610 -2
225 2 226 -2 7715 3
226 3 227 15 8238 14 6496 1
227 3 228 0 7995 0 6112 8
228 2 229 7 476 15
229 2 230 10 2194 2
230 2 231 3 9968 7
231 3 232 15 1111 15 8720 -2
232 2 233 11 6158 4
233 5 234 15 6253 1 5097 14 291 11 4964 19
234 2 235 1 629 -3
235 4 236 -3 8833 5 463 14 8006 14
236 2 237 11 8939 8
237 2 238 6 7028 2
238 6 239 1 3888 17 7359 14 8802 12 7303 11 5055 10
239 4 240 12 3820 20 4588 14 5404 5
240 5 241 11 5781 6 604 -1 9982 -4 8387 3
241 4 242 7 2759 12 8818 16 2517 20
242 4 243 6 8549 18 8016 19 8934 19
243 1 244 5
244 1 245 15
245 4 246 4 658 3 2307 6 2800 10
246 2 247 6 8471 2
247 5 248 8 442 17 7861 -1 298 15 3528 4
248 2 249 -1 8563 10
249 5 250 15 201 13 801 12 7971 8 3427 10
250 2 251 2 2144 2
251 2 252 9 7704 12
252 3 253 2 839 5 9656 4
253 2 254 5 3047 1
254 3 255 8 2510 16 8314 11
255 5 256 12 3130 0 6003 1 785 20 7090 19
256 5 257 12 8029 6 698 2 2200 8 5318 10
257 2 258 9 2650 4
258 1 259 14
259 2 260 7 9744 12
260 3 261 9 3365 8 6044 15
261 5 262 -1 2518 2 1245 20 618 1 1572 12
262 4 263 3 6557 6 1491 8 9919 12
263 1 264 8
264 3 265 15 669 4 1325 0
265 2 266 2 4421 8
266 3 267 -4 89 6 7724 1
267 5 268 0 1736 19 7684 7 2493 -4 3179 8
268 1 269 5
269 1 270 13
270 2 271 15 5481 7
271 3 272 15 7904 14 4222 18
272 2 273 1 9381 4
273 2 274 1 7439 7
274 3 275 15 1095 19 9966 11
275 1 276 9
276 1 277 7
277 5 278 12 4434 6 9665 16 7100 14 9159 14
278 3 279 2 5132 6 561 4
279 3 280 14 179 20 3262 14
280 3 281 3 348 0 2879 0
281 3 282 -2 1493 12 4365 1
282 3 283 7 9557 6 322 3
283 5 284 3 7977 16 2298 2 8780 10 2572 19
284 1 285 10
285 4 286 7 9441 15 42 2 8964 17
286 3 287 15 8172 20 1064 3
287 1 288 9
288 1 289 5
289 5 290 8 2785 13 584 15 6298 10 4005 11
290 2 291 1 6559 4
291 2 292 1 9548 19
292 4 293 9 1968 12 4779 10 6076 16
293 4 294 -1 3046 8 982 20 1149 8
294 3 295 5 2757 7 9332 19
295 2 296 1 526 8
296 3 297 15 9582 7 735 3
297 3 298 10 9082 8 4032 18
298 2 299 6 2473 4
299 2 300 7 4911 8
300 4 301 1 2037 7 5325 17 6704 15
301 3 302 3 7907 1 7680 17
302 3 303 3 785 1 834 5
303 1 304 -2
304 5 305 8 1858 5 4168 3 299 11 5013 13
305 5 306 -2 5894 7 788 18 6366 11 3569 9
306 5 307 -1 1273 16 2918 12 2917 11 1012 3
307 2 308 9 5335 11
308 4 309 6 7376 14 8408 15 2472 8
309 3 310 13 8467 5 1050 19
310 2 311 -3 9855 5
311 1 312 2
312 3 313 9 3351 3 5111 3
313 2 314 6 2162 11
314 3 315 10 7469 7 9114 5
315 2 316 15 6176 17
316 2 317 11 2210 20
317 1 318 10
318 3 319 3 4251 12 4976 17
319 3 320 13 5672 9 1954 -2
320 3 321 15 3861 18 4718 1
321 1 322 9
322 4 323 5 211 4 1533 17 6253 8
323 3 324 11 9327 15 6137 12
324 2 325 7 69 2
325 3 326 1 3343 9 8784 9
326 2 327 4 2747 15
327 3 328 5 2571 7 1548 10
328 2 329 4 1480 17
329 2 330 14 7874 17
330 2 331 3 4382 12
331 2 332 6 3021 3
332 2 333 5 6877 1
333 3 334 13 663 14 106 3
334 5 335 7 5762 15 7918 -3 7300 12 7998 20
335 3 336 -3 4459 17 7632 12
336 1 337 11
337 2 338 11 9237 13
338 3 339 0 4653 17 4830 10
339 3 340 9 9047 12 1943 10
340 2 341 5 859 12
341 1 342 9
342 2 343 4 9737 -4
343 3 344 15 8648 9 695 13
344 5 345 4 2974 5 4398 1 5833 17 7514 20
345 2 346 5 6218 9
346 3 347 9 824 -2 184 19
347 2 348 0 2296 3
348 4 349 -3 586 11 8567 3 114 16
349 3 350 8 9685 19 3352 13
350 3 351 2 7060 13 7129 17
351 3 352 6 6923 20 2134 -3
352 4 353 6 2999 8 8522 7 1562 9
353 2 354 7 1984 13
354 2 355 2 1095 20
355 1 356 4
356 3 357 3 4122 8 4238 1
357 5 358 14 5389 20 162 12 1019 16 4966 0
358 2 359 15 6927 15
359 2 360 9 6259 7
360 3 361 14 1386 8 7857 -2
361 4 362 8 4276 19 2409 18 9787 1
362 1 363 3
363 2 364 11 9013 13
364 1 365 11
365 5 366 6 6096 -3 7794 5 1722 13 4996 20
366 1 367 12
367 1 368 7
368 3 369 5 5131 2 1756 3
369 3 370 14 8378 0 6527 18
370 4 371 7 7616 9 7285 7 8121 18
371 4 372 3 1702 6 7806 -1 4070 -4
372 1 373 11
373 2 374 0 9420 -4
374 5 375 6 2523 8 2746 3 7384 7 1494 1
375 3 376 2 4924 16 5805 16
376 4 377 -3 239 20 5792 17 6661 11
377 1 378 13
378 1 379 11
379 2 380 9 2151 12
380 3 381 15 859 12 981 7
381 2 382 6 7395 17
382 3 383 -4 6054 12 1510 8
383 4 384 13 1393 1 9112 5 41 15
384 4 385 2 3953 18 6021 -2 4721 5
385 2 386 8 3538 10
386 3 387 7 8236 11 3194 9
387 1 388 2
388 1 389 15
389 5 390 2 7263 17 9714 7 5979 2 8476 2
390 5 391 5 9966 4 6700 18 7247 2 5341 1
391 2 392 15 7134 9
392 2 393 3 8254 17
393 1 394 7
394 4 395 -2 8485 5 5754 -4 9777 6
395 4 396 -2 7328 -2 8781 17 5344 11
396 5 397 4 5767 13 9577 -3 831 9 7563 4
397 2 398 15 6005 1
398 3 399 11 1662 20 2690 16
399 3 400 0 2362 12 1345 12
400 2 401 4 6815 18
401 2 402 2 4089 3
402 3 403 3 4992 3 8393 3
403 4 404 4 7916 13 5201 8 8826 4
404 4 405 3 7324 17 1055 9 8282 -1
405 3 406 11 8140 -4 3180 1
406 3 407 1 7697 9 1681 16
407 2 408 7 1481 7
408 4 409 15 3905 8 9361 3 2290 12
409 2 410 9 5174 17
410 4 411 1 8635 15 1934 13 1177 11
411 1 412 5
412 7 413 -3 5779 17 3118 0 8699 14 8091 5 222 19 5180 7
413 2 414 15 6098 11
414 4 415 5 1498 11 1815 15 1898 19
415 2 416 5 351 4
416 5 417 6 1774 9 7947 7 719 5 6452 6
417 2 418 5 887 2
418 5 419 6 8414 18 2843 6 9969 -3 8122 -2
419 4 420 7 2296 8 7555 7 2898 3
420 2 421 -1 1606 4
421 3 422 3 8955 16 7180 1
422 3 423 2 9788 -3 424 12
423 4 424 2 1827 9 3035 20 4441 11
424 4 425 7 1971 4 5688 15 8547 -4
425 2 426 4 3912 20
426 2 427 -3 1786 13
427 3 428 4 874 6 6524 18
428 2 429 11 8089 16
429 3 430 4 5376 10 3324 18
430 1 431 14
431 2 432 15 6035 4
432 1 433 7
433 7 434 14 4051 -2 9973 18 9756 13 1183 8 2686 8 2584 16
434 2 435 7 4593 18
435 4 436 15 5774 5 1894 13 8833 1
436 1 437 5
437 2 438 2 3754 14
438 4 439 14 1137 3 2245 14 4338 6
439 2 440 12 5228 7
440 2 441 -1 1717 14
441 3 442 3 2170 1 7001 1
442 2 443 9 5982 19
443 1 444 14
444 3 445 7 2516 1 3026 -1
445 5 446 14 4204 19 1626 3 3727 6 1898 9
446 6 447 12 1295 9 9562 9 2215 16 3346 15 297 -1
447 5 448 8 8174 18 3359 17 7978 1 9834 15
448 8 449 15 8458 11 9818 20 2104 5 7933 3 4317 17 8685 18 5261 14
449 1 450 3
450 2 451 5 6849 16
451 4 452 9 2767 19 8989 15 7368 8
452 1 453 -4
453 7 454 15 5085 15 2625 20 2538 11 9641 9 7697 7 7692 0
454 2 455 4 514 10
455 2 456 4 7013 -2
456 2 457 7 8370 18
457 1 458 8
458 2 459 13 8038 12
459 4 460 9 5375 4 2763 3 9512 15
460 4 461 4 7917 2 569 17 9175 7
461 1 462 -4
462 2 463 5 456 -1
463 4 464 11 5363 11 9323 -4 32 8
464 3 465 7 2669 8 3730 12
465 2 466 9 3589 -4
466 3 467 12 8744 7 9837 -2
467 4 468 1 9570 10 1652 12 77 8
468 4 469 14 9039 16 5082 13 3266 7
469 3 470 7 3745 1 903 10
470 4 471 -4 3795 6 1248 11 938 0
471 3 472 7 2632 7 3823 2
472 3 473 5 6900 13 4585 15
473 3 474 1 8364 4 9415 20
474 4 475 7 1074 6 2243 5 6573 -4
475 3 476 4 2764 12 4273 -1
476 3 477 5 5277 13 6731 4
477 2 478 14 9395 20
478 2 479 12 4094 11
479 2 480 10 4110 -2
480 4 481 1 9642 20 6404 18 3858 7
481 5 482 12 5670 4 3786 3 8029 17 4321 17
482 3 483 13 3965 18 444 19
483 3 484 8 9862 17 2341 1
484 4 485 10 8750 12 7934 -3 8314 9
485 4 486 5 922 8 5437 20 7584 1
486 1 487 8
487 4 488 6 2848 5 8931 11 6361 14
488 3 489 9 7824 13 9141 14
489 1 490 4
490 1 491 5
491 2 492 10 2473 8
492 4 493 8 9590 14 8434 16 2048 -2
493 4 494 7 670 2 2368 10 9127 3
494 1 495 12
495 4 496 13 4860 17 1575 19 7296 8
496 2 497 14 9796 17
497 4 498 11 2676 18 8488 13 1562 14
498 2 499 13 945 15
499 2 500 1 6608 15
500 2 501 15 8675 11
501 2 502 3 5086 -3
502 1 503 6
503 2 504 2 1586 20
504 1 505 3
505 4 506 11 8874 20 5142 17 7617 20
506 4 507 9 39 15 1256 19 9692 19
507 4 508 12 6532 18 9158 5 8829 6
508 6 509 8 1622 17 6321 2 2557 7 6392 11 1824 17
509 3 510 9 9364 7 4335 7
510 3 511 -3 7111 -4 2840 -3
511 4 512 5 9438 13 7497 17 310 12
512 3 513 13 2902 3 1228 13
513 3 514 11 1531 1 6606 14
514 1 515 5
515 4 516 11 9806 8 1724 11 5320 15
516 1 517 -3
517 4 518 10 7019 5 2846 0 649 14
518 3 519 3 1004 16 2195 18
519 4 520 13 6338 13 1956 4 5565 20
520 4 521 14 9012 11 7936 1 4138 -1
521 2 522 -4 1638 4
522 6 523 5 2341 9 7259 9 8308 20 3369 16 1788 13
523 2 524 13 6148 15
524 6 525 5 3505 8 6801 5 5761 20 9976 1 5799 -4
525 3 526 9 7463 1 563 5
526 5 527 12 5404 1 8838 10 1779 18 2303 16
527 3 528 14 8690 5 3835 18
528 7 529 10 170 2 7998 19 6006 4 4928 7 8173 2 6293 17
529 1 530 11
530 2 531 3 1439 16
531 2 532 9 342 13
532 4 533 12 691 7 3224 9 8425 20
533 3 534 1 3730 3 8386 9
534 4 535 -3 5115 -2 4115 14 8382 11
535 3 536 1 7249 11 5714 7
536 2 537 2 6298 17
537 4 538 13 7639 2 8885 5 8253 20
538 3 539 10 5632 18 4153 0
539 1 540 7
540 2 541 12 9757 19
541 4 542 9 4 19 1591 12 4925 10
542 3 543 4 2951 2 6240 15
543 4 544 1 9703 19 8009 10 4778 19
544 2 545 12 7482 17
545 2 546 -1 2637 15
546 5 547 8 7516 10 9697 14 1681 18 3895 14
547 3 548 12 9201 10 4818 2
548 2 549 5 5430 13
549 4 550 6 5888 18 2252 4 6035 13
550 1 551 1
551 2 552 1 9192 11
552 3 553 7 1374 10 3464 4
553 3 554 -4 2104 5 4330 17
554 3 555 9 9076 5 5468 3
555 2 556 4 1876 13
556 5 557 0 9362 15 8768 12 6495 18 9928 -2
557 2 558 12 9618 9
558 2 559 14 1435 19
559 2 560 3 574 15
560 4 561 8 8483 20 2713 13 6043 7
561 4 562 15 3587 4 8747 3 8562 13
562 3 563 1 9413 -3 2091 15
563 3 564 2 1005 1 3880 1
564 1 565 -1
565 3 566 10 610 12 9530 3
566 2 567 2 5772 11
567 2 568 5 7157 5
568 2 569 4 7362 -3
569 3 570 9 6715 9 2602 1
570 4 571 14 645 9 9855 12 6751 20
571 4 572 7 7937 14 3302 16 9848 20
572 2 573 6 9739 -4
573 2 574 -2 1899 5
574 1 575 -4
575 1 576 -3
576 1 577 9
577 1 578 4
578 2 579 6 688 10
579 3 580 2 7402 16 3870 19
580 4 581 9 4293 16 9960 2 434 3
581 2 582 2 8157 2
582 2 583 3 6699 8
583 2 584 13 5366 7
584 3 585 7 1905 5 3806 9
585 2 586 10 9736 6
586 2 587 6 7246 5
587 5 588 8 6798 12 1436 6 1629 17 5160 19
588 2 589 3 2193 13
589 2 590 6 6600 8
590 2 591 8 2703 0
591 1 592 1
592 4 593 9 9331 19 5528 2 844 2
593 4 594 10 4070 6 8328 12 668 15
594 4 595 3 860 5 1694 7 9390 5
595 1 596 14
596 2 597 9 446 6
597 3 598 0 5197 5 2185 10
598 2 599 6 5658 17
599 3 600 15 1273 11 731 1
600 5 601 6 1411 4 9746 10 9438 1 3057 10
601 1 602 7
602 3 603 8 8596 16 8095 9
603 4 604 2 533 9 9066 15 4175 8
604 2 605 1 3990 3
605 4 606 7 6771 11 2678 19 4301 7
606 4 607 10 3120 16 7982 18 7747 10
607 2 608 1 3581 13
608 2 609 -3 2940 9
609 1 610 7
610 1 611 5
611 2 612 13 5741 12
612 2 613 2 5611 19
613 3 614 11 2779 -3 5768 8
614 5 615 6 3989 13 6707 2 5776 8 6640 7
615 3 616 15 3535 11 4349 1
616 2 617 12 6830 12
617 1 618 5
618 4 619 1 801 4 7480 9 9381 3
619 5 620 10 3161 9 474 14 9671 1 176 17
620 4 621 12 9449 15 9337 -2 4728 15
621 5 622 3 8976 14 2752 9 9302 16 8863 3
622 2 623 3 6438 18
623 3 624 7 202 12 7058 2
624 3 625 -4 6556 2 4253 18
625 7 626 6 7409 3 4284 6 6475 11 3408 12 9392 4 7553 19
626 2 627 2 529 19
627 3 628 2 8610 -2 5173 13
628 2 629 1 953 18
629 2 630 10 2044 0
630 1 631 3
631 5 632 12 7586 6 5388 6 6064 9 4156 2
632 3 633 8 2200 9 2515 11
633 4 634 14 8240 17 8644 15 2164 -1
634 4 635 7 9718 7 1906 13 7128 9
635 3 636 3 2841 18 9156 13
636 4 637 13 1130 7 5740 13 7714 14
637 4 638 8 197 9 2469 7 9177 11
638 2 639 6 5535 1
639 1 640 8
640 4 641 15 7130 14 8509 4 1315 12
641 7 642 11 662 3 5809 11 1345 19 940 1 5362 4 2486 5
642 3 643 8 6981 8 1795 5
643 8 644 12 2203 4 8224 4 3525 0 39 19 5763 16 4415 12 6435 11
644 1 645 14
645 2 646 9 2292 13
646 1 647 15
647 5 648 7 6649 12 6417 17 7819 16 613 6
648 3 649 13 50 16 5357 16
649 1 650 15
650 5 651 2 8684 -4 7182 1 2544 7 5642 19
651 1 652 5
652 3 653 13 7717 20 9607 7
653 3 654 3 2520 10 6521 4
654 5 655 14 5004 10 1584 13 5559 12 7920 4
655 3 656 11 4969 20 7528 1
656 4 657 7 2962 11 2606 10 3516 10
657 3 658 4 9001 10 8117 18
658 1 659 1
659 5 660 11 302 4 3256 1 6390 6 5781 8
660 1 661 5
661 4 662 6 355 8 6140 6 3693 15
662 2 663 8 9537 11
663 2 664 8 4198 9
664 2 665 14 8306 16
665 2 666 10 2222 1
666 5 667 5 6335 9 9949 20 1170 9 5844 2
667 3 668 13 2608 16 4350 12
668 4 669 3 9236 14 4470 -1 7806 12
669 2 670 12 194 6
670 2 671 3 1143 7
671 2 672 4 6787 10
672 4 673 1 2393 13 2634 17 8973 2
673 6 674 15 3235 4 287 13 23 18 9649 13 4169 10
674 4 675 4 3625 8 125 7 1319 -3
675 5 676 6 9876 8 3892 19 3291 10 9075 12
676 2 677 2 118 20
677 4 678 15 8086 9 1949 3 1626 0
678 4 679 4 4850 11 7909 5 7225 1
679 2 680 14 729 8
680 5 681 8 7103 18 3693 18 9800 5 9518 9
681 4 682 4 9388 11 7684 19 2758 15
682 4 683 9 6064 18 1026 18 2851 10
683 3 684 13 7973 15 1545 14
684 2 685 11 721 10
685 5 686 1 7321 7 9515 9 2196 10 8620 15
686 1 687 13
687 5 688 15 6427 11 5587 11 3483 13 6952 13
688 3 689 0 2722 0 9442 9
689 3 690 9 1574 14 682 12
690 1 691 -1
691 1 692 8
692 1 693 15
693 2 694 3 4114 16
694 1 695 5
695 1 696 7
696 5 697 10 2281 -3 4893 9 1709 4 7602 9
697 1 698 6
698 1 699 11
699 1 700 14
700 5 701 14 8684 -2 5593 5 8825 1 4880 13
701 3 702 5 7884 10 9475 7
702 9 703 11 3662 16 39 10 4393 6 7868 3 9385 19 9781 3 799 -2 5280 14
703 3 704 13 5902 -1 8703 15
704 2 705 10 9959 10
705 4 706 9 9986 15 4003 20 1721 7
706 4 707 -3 3453 8 2139 11 2662 20
707 2 708 1 1790 16
708 5 709 7 6642 3 4628 -1 995 4 2247 8
709 4 710 4 1658 2 6591 18 4717 5
710 2 711 -4 4384 18
711 4 712 5 9354 3 407 18 5580 13
712 2 713 5 5928 7
713 2 714 12 4310 0
714 3 715 10 8318 2 9400 13
715 2 716 6 295 19
716 2 717 9 4980 8
717 7 718 8 9924 14 1111 13 327 3 6149 15 3027 5 2126 2
718 1 719 12
719 3 720 4 8528 -4 2584 7
720 2 721 10 5344 8
721 2 722 12 2295 20
722 3 723 13 452 15 8514 11
723 3 724 3 1733 6 7863 8
724 2 725 2 5230 0
725 4 726 7 2628 6 4830 4 4995 12
726 1 727 15
727 2 728 7 5724 14
728 3 729 14 9960 4 583 8
729 3 730 7 5042 1 1133 15
730 3 731 9 1325 12 765 7
731 2 732 10 8751 18
732 3 733 15 2067 5 6950 7
733 3 734 12 9459 8 3457 16
734 3 735 11 400 12 6645 6
735 1 736 9
736 3 737 7 7442 19 8310 5
737 1 738 6
738 3 739 8 127 8 4345 17
739 3 740 13 3331 20 230 3
740 3 741 12 9028 3 8218 14
741 3 742 4 8516 18 328 1
742 1 743 8
743 4 744 7 1245 6 5940 5 9022 5
744 1 745 14
745 2 746 -2 5734 6
746 3 747 -3 2340 3 5176 19
747 1 748 7
748 2 749 10 2548 15
749 2 750 4 2191 19
750 2 751 -3 7776 1
751 7 752 1 7225 4 4341 -3 8082 15 5170 2 75 5 9885 0
752 5 753 6 527 9 322 -4 2922 6 3284 6
753 2 754 12 2001 2
754 2 755 6 9206 5
755 5 756 7 1696 13 2447 4 48 13 5451 4
756 5 757 13 7673 16 5623 20 2785 5 5319 14
757 3 758 6 5441 8 1855 12
758 3 759 8 9688 6 9517 13
759 3 760 6 3427 4 952 7
760 3 761 11 821 2 4228 14
761 3 762 4 8063 -4 6872 15
762 1 763 6
763 6 764 5 4452 11 9316 1 1852 7 945 2 3517 20
764 4 765 2 9787 20 3415 16 474 2
765 2 766 6 6194 11
766 4 767 14 3057 13 4401 15 5677 14
767 3 768 3 3267 15 9260 10
768 2 769 3 6880 17
769 3 770 3 3114 14 1345 17
770 5 771 0 55 10 1898 13 8995 11 6208 12
771 1 772 13
772 1 773 11
773 5 774 2 4999 -1 5779 2 9091 2 7149 9
774 5 775 -1 4571 8 8833 19 6738 17 8768 2
775 3 776 7 6525 17 1523 14
776 2 777 10 9707 -1
777 4 778 1 8571 12 1944 11 1821 6
778 1 779 12
779 1 780 1
780 3 781 14 7267 12 4415 15
781 2 782 9 8618 10
782 1 783 5
783 2 784 9 5326 19
784 6 785 15 6097 19 989 12 8410 17 2545 8 3294 -3
785 2 786 11 8067 6
786 3 787 13 6984 7 6734 17
787 1 788 1
788 1 789 6
789 3 790 7 1647 16 6412 18
790 6 791 5 2741 8 9553 19 9815 -4 5364 -3 4307 0
791 2 792 4 8433 18
792 2 793 13 9959 11
793 5 794 1 1429 12 5237 15 3677 7 5006 13
794 1 795 5
795 2 796 11 5137 3
796 1 797 8
797 6 798 12 860 10 3206 10 4150 5 1949 7 5991 17
798 3 799 13 92 7 4858 15
799 2 800 0 2356 10
800 1 801 0
801 4 802 15 2261 20 8881 11 3020 12
802 3 803 10 9866 4 2481 3
803 5 804 2 621 18 5612 17 7107 19 2686 10
804 1 805 4
805 3 806 -4 8992 -1 2814 14
806 2 807 8 4738 17
807 3 808 8 255 13 9267 4
808 2 809 7 1929 8
809 4 810 6 522 5 514 14 1623 19
810 1 811 14
811 4 812 4 910 12 8801 7 627 4
812 1 813 13
813 2 814 7 7253 20
814 2 815 14 5030 11
815 2 816 8 8833 19
816 3 817 6 6507 -2 5566 10
817 3 818 -3 6100 -2 4676 -3
818 2 819 5 9101 8
819 4 820 1 3884 16 8236 3 5563 8
820 4 821 11 2286 8 8541 13 6787 10
821 4 822 7 5790 20 2513 20 6178 2
822 2 823 9 3035 11
823 4 824 10 3915 16 7890 18 3531 4
824 3 825 7 9446 4 9934 15
825 1 826 15
826 1 827 9
827 3 828 6 2627 4 9025 7
828 5 829 12 4775 12 4190 15 6429 18 9798 16
829 5 830 5 2216 10 6357 9 5977 15 5046 10
830 2 831 14 983 20
831 5 832 14 2270 -4 2376 2 8702 12 9017 15
832 3 833 1 8572 6 2430 17
833 2 834 0 8077 2
834 1 835 9
835 1 836 6
836 1 837 8
837 2 838 4 693 6
838 1 839 13
839 4 840 15 9299 13 1890 16 9799 9
840 6 841 12 1529 14 3762 1 5523 7 1433 11 7025 13
841 5 842 11 3245 4 7457 2 9997 15 2175 -2
842 4 843 7 4891 16 1834 15 193 13
843 4 844 10 7220 6 5424 4 2053 14
844 1 845 9
845 3 846 8 4453 17 4423 7
846 1 847 4
847 2 848 5 3878 6
848 4 849 4 6093 11 4595 11 3808 12
849 5 850 11 1128 17 8221 3 4850 20 3125 20
850 2 851 13 2646 -3
851 3 852 4 3502 2 1451 8
852 3 853 3 7979 16 2438 17
853 3 854 7 5912 15 5328 2
854 3 855 5 3654 12 5580 -2
855 1 856 9
856 5 857 -2 9024 8 4519 16 5430 17 9576 16
857 6 858 3 6332 16 9796 8 5428 6 3124 14 5614 10
858 1 859 8
859 4 860 0 7697 14 176 20 4694 18
860 2 861 7 7306 13
861 3 862 6 1146 12 2934 15
862 5 863 6 4472 9 1021 10 7402 8 9167 1
863 1 864 4
864 4 865 12 1566 2 3976 19 2563 16
865 2 866 2 9397 12
866 2 867 4 8615 12
867 3 868 6 6579 0 1314 9
868 3 869 15 5224 -2 583 7
869 3 870 3 7710 7 201 15
870 3 871 14 5274 14 4361 19
871 3 872 -3 1192 9 7547 6
872 2 873 -4 97 2
873 3 874 5 1626 7 8604 1
874 4 875 2 4350 8 5721 13 3334 1
875 3 876 3 1824 16 7462 15
876 3 877 9 6921 7 9400 14
877 2 878 9 231 20
878 1 879 4
879 1 880 11
880 7 881 2 9903 8 9483 1 8136 20 5230 15 9937 15 2594 10
881 6 882 6 9738 20 6579 3 7299 1 6128 10 7782 11
882 3 883 13 794 13 4780 18
883 3 884 7 5128 11 963 2
884 4 885 7 4781 8 1936 14 4697 4
885 3 886 1 4285 18 2230 1
886 7 887 1 9608 7 4617 19 8007 5 654 -4 7477 2 3684 -1
887 4 888 0 5860 6 6044 13 5909 3
888 2 889 4 9420 -2
889 5 890 7 5379 20 3815 20 2364 20 771 4
890 1 891 10
891 4 892 3 745 13 960 16 1610 1
892 6 893 9 3761 10 6727 3 8051 -4 8833 2 6928 19
893 1 894 6
894 1 895 3
895 1 896 -4
896 3 897 3 8993 12 2010 1
897 1 898 14
898 2 899 5 2646 2
899 5 900 8 8504 9 1840 7 5714 5 5395 19
900 4 901 4 9361 10 6996 13 2307 4
901 2 902 5 3657 10
902 3 903 -1 2612 15 3369 9
903 3 904 1 4425 7 6960 6
904 2 905 4 1500 6
905 4 906 10 4039 3 2555 15 8115 1
906 4 907 7 6383 14 5224 -1 2757 12
907 1 908 8
908 5 909 2 9793 4 7225 13 1044 19 3985 15
909 1 910 11
910 5 911 7 3774 10 2410 17 8176 3 7744 4
911 3 912 13 52 17 3713 10
912 3 913 10 8012 12 1405 3
913 2 914 -1 4484 6
914 3 915 -4 4353 4 7481 16
915 4 916 11 3404 9 6131 19 4022 4
916 2 917 -4 2006 11
917 1 918 6
918 3 919 11 5564 2 7875 4
919 6 920 5 6463 13 3095 5 5652 13 9758 18 5367 2
920 3 921 10 468 19 6805 17
921 2 922 0 3884 4
922 5 923 -2 808 3 254 9 1909 10 3381 20
923 4 924 14 189 11 2215 12 3615 7
924 2 925 5 1015 1
925 3 926 9 1088 13 7511 19
926 3 927 11 5485 12 4461 -2
927 4 928 14 5671 16 2845 8 2110 3
928 2 929 4 84 6
929 2 930 5 2427 8
930 1 931 6
931 3 932 3 2033 10 4665 18
932 3 933 8 2438 5 2912 12
933 2 934 8 5454 14
934 4 935 13 5662 2 8311 13 9567 13
935 1 936 10
936 3 937 15 3021 -4 8554 -2
937 3 938 5 1257 -2 4733 3
938 2 939 3 1377 10
939 3 940 6 4146 10 7554 11
940 3 941 3 6069 20 583 11
941 4 942 14 3011 18 1003 13 9806 10
942 2 943 15 2527 4
943 3 944 6 5438 -2 4175 20
944 2 945 12 248 5
945 3 946 11 2294 10 3689 16
946 3 947 12 2938 1 5778 10
947 4 948 4 5099 12 918 15 1322 2
948 2 949 4 766 7
949 3 950 5 1069 -1 2128 3
950 4 951 -2 9746 6 1118 10 4342 6
951 2 952 11 2082 1
952 4 953 1 3908 15 2877 18 8027 3
953 2 954 3 9425 12
954 3 955 5 417 8 2346 1
955 3 956 12 5491 2 3576 10
956 4 957 6 4047 17 2496 4 9765 18
957 3 958 13 7999 20 1234 -1
958 2 959 14 4090 1
959 4 960 -2 5506 20 724 7 7233 7
960 3 961 10 3727 -1 4461 18
961 2 962 12 3841 12
962 2 963 4 9908 -2
963 1 964 7
964 4 965 5 2963 8 3205 17 5030 3
965 3 966 3 7915 -4 5405 15
966 1 967 11
967 3 968 10 351 9 304 12
968 3 969 11 5041 11 398 12
969 4 970 10 8329 20 3329 4 2819 16
970 1 971 11
971 2 972 14 3402 16
972 2 973 9 8524 7
973 3 974 4 6216 2 5102 1
974 3 975 11 8104 -1 5125 10
975 4 976 2 5471 11 3155 18 1431 3
976 3 977 -3 5965 7 3319 12
977 2 978 1 3152 4
978 2 979 7 4816 1
979 3 980 5 1973 18 736 1
980 4 981 13 1357 11 1343 2 8829 17
981 2 982 3 8367 9
982 2 983 4 5503 14
983 3 984 4 8551 4 2917 15
984 2 985 12 7957 19
985 5 986 9 8975 9 6273 13 4663 2 3793 4
986 3 987 15 753 14 7125 20
987 2 988 5 8856 5
988 4 989 11 1758 14 6762 16 8939 16
989 3 990 6 6548 14 4180 17
990 1 991 9
991 3 992 9 7281 13 2348 1
992 1 993 8
993 2 994 2 6661 12
994 2 995 7 736 8
995 4 996 7 8233 11 5212 20 5476 1
996 2 997 9 5208 9
997 4 998 11 4490 7 3703 11 9829 12
998 5 999 14 1048 17 9851 18 3406 4 6710 -1
999 3 1000 10 5963 17 3923 4
1000 3 1001 13 9336 2 3738 10
1001 2 1002 9 4269 1
1002 4 1003 15 6708 7 651 17 2227 19
1003 5 1004 10 6284 8 2781 11 2340 6 1879 19
1004 2 1005 13 1828 19
1005 2 1006 -3 9138 6
1006 2 1007 15 845 4
1007 6 1008 6 5510 2 9267 18 2112 14 4089 14 8972 14
1008 2 1009 4 117 2
1009 3 1010 5 625 6 3632 18
1010 2 1011 2 777 14
1011 2 1012 7 5424 12
1012 2 1013 6 8206 8
1013 3 1014 4 7774 8 4690 7
1014 4 1015 11 316 7 336 10 7936 -3
1015 2 1016 8 81 13
1016 2 1017 4 1361 1
1017 1 1018 -2
1018 3 1019 7 7517 2 3285 11
1019 2 1020 4 3239 -2
1020 6 1021 14 7382 8 535 15 4957 0 5755 18 2350 3
1021 3 1022 13 6188 -2 5292 10
1022 2 1023 4 3125 11
1023 3 1024 5 6369 16 1531 -2
1024 4 1025 14 7918 8 758 16 2856 -2
1025 3 1026 12 3741 7 8181 13
1026 2 1027 4 6204 8
1027 4 1028 4 4260 8 3458 2 7183 18
1028 3 1029 10 4982 7 1354 6
1029 3 1030 1 2102 11 6493 1
1030 1 1031 13
1031 2 1032 2 470 6
1032 3 1033 13 6295 20 3882 19
1033 3 1034 6 8819 12 1510 8
1034 5 1035 7 9261 17 4288 -2 2738 14 8201 19
1035 1 1036 15
1036 1 1037 9
1037 3 1038 0 2236 19 1149 15
1038 1 1039 13
1039 4 1040 15 7101 19 6144 9 3165 10
1040 2 1041 7 25 12
1041 3 1042 9 6728 10 8185 11
1042 2 1043 15 7571 10
1043 2 1044 13 4355 0
1044 1 1045 9
1045 2 1046 9 3987 5
1046 2 1047 1 6426 20
1047 10 1048 2 7093 13 1341 9 1921 -1 196 1 2651 17 442 14 3146 15 1238 16 1274 7
1048 2 1049 12 5117 17
1049 3 1050 3 3204 1 2436 5
1050 2 1051 3 9118 14
1051 1 1052 2
1052 4 1053 -4 9227 12 4812 8 6972 -4
1053 3 1054 3 4021 16 9106 18
1054 2 1055 9 1949 19
1055 5 1056 8 275 6 1224 12 7624 16 7660 11
1056 3 1057 0 3619 14 5157 4
1057 3 1058 12 9729 19 6362 18
1058 6 1059 7 7875 5 588 3 2128 -2 8998 10 4891 15
1059 3 1060 2 699 10 782 7
1060 5 1061 15 665 6 3634 10 9026 3 966 15
1061 1 1062 6
1062 1 1063 11
1063 2 1064 14 4855 1
1064 4 1065 2 2142 11 5816 1 864 0
1065 2 1066 6 4700 14
1066 1 1067 15
1067 3 1068 7 5103 2 9077 16
1068 1 1069 3
1069 6 1070 7 5149 -3 8068 7 6939 0 9492 4 4836 -4
1070 3 1071 6 5016 17 1495 4
1071 1 1072 7
1072 3 1073 3 1628 13 9469 6
1073 1 1074 11
1074 5 1075 14 5439 12 452 8 3178 10 2511 7
1075 2 1076 2 5108 4
1076 4 1077 0 1196 2 9906 15 40 13
1077 1 1078 7
1078 4 1079 9 2318 2 1476 20 3015 4
1079 1 1080 2
1080 3 1081 1 591 1 6650 6
1081 3 1082 15 9873 17 9195 17
1082 2 1083 13 1637 -1
1083 5 1084 2 8739 4 1976 10 7266 17 401 20
1084 2 1085 4 7100 -3
1085 2 1086 9 2466 -1
1086 3 1087 5 7165 17 8646 8
1087 2 1088 7 6663 12
1088 5 1089 14 6985 19 4157 1 6164 7 4764 16
1089 4 1090 14 8374 14 9121 2 6441 10
1090 4 1091 4 1315 1 3887 3 4560 11
1091 5 1092 7 5981 13 6481 13 7297 -2 9784 5
1092 2 1093 -1 6464 4
1093 3 1094 12 9835 -1 8806 9
1094 3 1095 9 3483 4 1942 19
1095 3 1096 3 8553 12 6674 15
1096 1 1097 2
1097 3 1098 11 9735 4 5179 3
1098 1 1099 5
1099 4 1100 10 4972 12 9015 13 3249 16
1100 5 1101 6 7938 2 6272 15 9600 12 1428 10
1101 3 1102 4 5650 19 2418 14
1102 1 1103 13
1103 3 1104 6 3408 18 332 17
1104 1 1105 3
1105 3 1106 12 5446 0 2667 -2
1106 2 1107 9 7145 2
1107 2 1108 11 1514 11
1108 1 1109 2
1109 2 1110 1 9053 6
1110 6 1111 3 1528 6 4848 4 4635 13 1863 4 2421 14
1111 2 1112 -4 4963 15
1112 1 1113 2
1113 1 1114 15
1114 3 1115 9 2685 1 2087 11
1115 7 1116 9 4554 5 567 8 9396 12 4125 -2 3775 1 9429 9
1116 2 1117 5 1356 15
1117 4 1118 11 4850 20 5722 8 3522 14
1118 2 1119 4 1643 19
1119 3 1120 13 6236 2 7149 2
1120 3 1121 15 7723 11 2583 -2
1121 5 1122 5 2782 13 7522 1 325 12 6251 8
1122 2 1123 11 2645 15
1123 4 1124 15 3800 10 7677 6 9010 15
1124 3 1125 8 1475 9 742 20
1125 3 1126 -1 9453 14 9582 17
1126 2 1127 6 9453 7
1127 2 1128 12 6134 -4
1128 1 1129 8
1129 3 1130 8 3225 -3 5946 17
1130 3 1131 11 9366 12 4196 5
1131 3 1132 8 6993 13 6727 19
1132 2 1133 14 156 9
1133 3 1134 14 1184 16 2763 6
1134 2 1135 4 7455 4
1135 2 1136 5 1288 3
1136 5 1137 3 8914 13 573 19 1233 20 8461 11
1137 4 1138 12 316 18 3555 -1 3445 18
1138 3 1139 6 7109 5 1069 14
1139 3 1140 15 5287 20 4282 10
1140 1 1141 13
1141 2 1142 9 30 10
1142 4 1143 10 8588 7 2984 5 3420 19
1143 4 1144 -3 1787 5 5026 -4 7921 19
1144 2 1145 11 3921 13
1145 4 1146 3 6187 12 9080 5 1786 19
1146 4 1147 8 5070 12 4197 17 6246 18
1147 6 1148 11 5200 3 4970 7 817 4 7183 8 8827 -3
1148 2 1149 9 2515 9
1149 1 1150 15
1150 5 1151 3 5746 4 9144 18 543 20 4089 12
1151 3 1152 7 3000 10 1520 20
1152 2 1153 1 4876 4
1153 3 1154 10 4309 7 5204 18
1154 3 1155 14 6153 1 9493 1
1155 1 1156 9
1156 4 1157 11 8238 8 5141 2 4132 3
1157 3 1158 8 184 12 4336 6
1158 3 1159 8 1 6 2991 1
1159 2 1160 8 5901 20
1160 3 1161 10 5486 11 2915 16
1161 1 1162 9
1162 1 1163 12
1163 5 1164 -4 2757 5 4210 5 809 12 789 4
1164 3 1165 9 4710 15 8683 19
1165 5 1166 11 5359 12 5810 2 2529 13 8384 13
1166 2 1167 0 5982 4
1167 4 1168 1 8349 5 1138 18 2464 3
1168 2 1169 13 7877 11
1169 5 1170 1 9685 8 2736 17 1397 8 1321 4
1170 4 1171 4 2664 10 3277 19 5226 2
1171 2 1172 -3 3564 12
1172 4 1173 12 5440 16 8791 13 1748 -1
1173 2 1174 10 878 3
1174 5 1175 14 8663 6 2616 13 7451 20 5608 20
1175 5 1176 1 580 11 1938 16 6608 17 4994 12
1176 2 1177 3 6974 8
1177 2 1178 2 630 -1
1178 3 1179 9 3313 12 5909 12
1179 2 1180 15 6909 14
1180 3 1181 5 1335 12 6878 15
1181 3 1182 12 7770 0 2165 19
1182 5 1183 14 5623 5 6583 5 6706 13 7101 20
1183 2 1184 15 2881 2
1184 3 1185 1 6378 19 8989 9
1185 3 1186 4 5793 20 6534 1
1186 2 1187 15 2238 -4
1187 2 1188 1 4975 11
1188 4 1189 14 8136 4 7918 8 3869 1
1189 3 1190 -2 1272 10 6643 8
1190 1 1191 3
1191 2 1192 9 4066 1
1192 5 1193 3 6115 18 6223 11 6919 14 2172 9
1193 2 1194 -1 3247 9
1194 1 1195 12
1195 2 1196 6 6915 5
1196 2 1197 9 9041 12
1197 2 1198 -4 5190 13
1198 3 1199 11 4290 10 9126 3
1199 3 1200 13 707 7 5090 19
1200 3 1201 11 6057 14 7544 12
1201 5 1202 6 1422 2 9626 7 6394 6 5138 7
1202 4 1203 7 2123 12 6111 19 1676 11
1203 1 1204 7
1204 4 1205 10 3963 0 8791 17 7616 -1
1205 3 1206 2 149 13 5468 12
1206 3 1207 7 4739 15 2586 1
1207 1 1208 4
1208 1 1209 10
1209 1 1210 2
1210 1 1211 13
1211 3 1212 -2 5642 17 1573 19
1212 5 1213 1 8057 5 2238 16 6943 12 7889 5
1213 4 1214 8 4642 17 3309 10 2106 5
1214 2 1215 0 5194 19
1215 6 1216 2 7380 16 4668 2 2379 -2 4778 2 9465 4
1216 2 1217 8 7491 9
1217 2 1218 12 9172 5
1218 1 1219 -1
1219 3 1220 -1 6358 16 4767 3
1220 3 1221 10 6874 -1 6520 20
1221 5 1222 2 9537 13 2277 3 4566 20 8320 10
1222 3 1223 7 9884 7 9682 0
1223 4 1224 15 8931 2 275 15 739 5
1224 3 1225 9 2686 6 280 13
1225 5 1226 14 9775 4 5669 8 7074 -3 163 11
1226 3 1227 7 2489 4 5011 -4
1227 3 1228 10 603 9 9230 11
1228 3 1229 -3 4563 17 1829 16
1229 5 1230 14 1336 8 9547 12 5602 14 3998 17
1230 4 1231 15 9121 14 5059 4 9003 2
1231 3 1232 -3 8019 16 7156 -2
1232 2 1233 13 3042 18
1233 1 1234 13
1234 3 1235 9 9026 17 1407 14
1235 1 1236 -2
1236 4 1237 14 1744 16 281 6 2076 4
1237 1 1238 -4
1238 3 1239 14 7160 17 847 19
1239 3 1240 6 958 5 3232 -3
1240 3 1241 15 2966 5 7650 4
1241 1 1242 8
1242 2 1243 2 6280 1
1243 2 1244 2 9359 19
1244 2 1245 15 470 3
1245 5 1246 15 7965 9 9255 6 3327 6 4619 0
1246 2 1247 9 7434 5
1247 4 1248 6 2768 12 2569 16 5333 1
1248 2 1249 3 5764 18
1249 3 1250 15 1698 19 3592 8
1250 4 1251 13 2275 16 3558 -2 2222 18
1251 2 1252 15 671 19
1252 2 1253 13 9198 7
1253 2 1254 15 3037 20
1254 3 1255 14 130 16 1877 8
1255 4 1256 13 7459 20 5012 9 877 1
1256 4 1257 3 2461 6 993 19 1853 11
1257 2 1258 1 4877 3
1258 2 1259 10 6474 9
1259 3 1260 13 1534 9 1499 8
1260 1 1261 7
1261 3 1262 6 8402 9 8646 -1
1262 1 1263 1
1263 3 1264 7 9188 14 8996 2
1264 2 1265 6 6 1
1265 3 1266 8 3545 5 1985 14
1266 4 1267 9 9255 19 4837 3 3331 16
1267 4 1268 10 9109 7 3442 7 682 20
1268 3 1269 8 3049 3 8258 2
1269 5 1270 2 1715 8 7822 6 6316 8 1436 6
1270 2 1271 4 9006 3
1271 6 1272 7 5829 1 479 13 670 1 226 -4 8521 4
1272 4 1273 12 8521 20 907 1 1338 7
1273 2 1274 8 6726 10
1274 3 1275 15 6507 18 5571 3
1275 2 1276 8 1230 12
1276 3 1277 14 9141 3 4805 18
1277 4 1278 9 2888 -1 2979 16 7112 15
1278 2 1279 3 562 14
1279 2 1280 -3 9622 14
1280 4 1281 3 8389 2 3969 18 1680 0
1281 4 1282 12 3061 16 8352 9 3922 4
1282 1 1283 6
1283 3 1284 13 3469 7 4619 1
1284 3 1285 2 2128 8 1364 10
1285 2 1286 2 421 11
1286 2 1287 5 7882 18
1287 1 1288 5
1288 3 1289 -2 648 13 195 20
1289 2 1290 14 7089 14
1290 2 1291 8 2796 13
1291 3 1292 1 6099 3 685 19
1292 3 1293 8 3236 -3 4314 13
1293 3 1294 9 2507 16 7323 13
1294 1 1295 1
1295 4 1296 2 6675 5 9199 -1 2384 -3
1296 3 1297 2 7052 -2 5108 18
1297 3 1298 4 9068 14 9498 5
1298 5 1299 10 2675 20 4346 18 7149 8 5661 9
1299 7 1300 4 919 3 2834 7 2405 14 5156 12 9533 2 212 4
1300 3 1301 4 1402 13 8862 8
1301 5 1302 3 552 8 1034 -3 3130 3 2593 12
1302 3 1303 -4 6702 11 9114 3
1303 2 1304 -2 7714 9
1304 4 1305 14 6091 10 4902 2 5584 3
1305 3 1306 10 8993 18 2286 12
1306 1 1307 15
1307 4 1308 8 3848 3 105 1 1853 16
1308 4 1309 14 2035 16 2901 15 4615 15
1309 4 1310 13 2195 3 3762 16 5608 12
1310 2 1311 10 2493 6
1311 2 1312 11 9524 8
1312 4 1313 12 2109 -1 1424 13 8208 16
1313 1 1314 3
1314 1 1315 11
1315 2 1316 6 6342 2
1316 7 1317 6 3092 2 7157 9 1265 14 667 19 9323 16 249 20
1317 2 1318 14 3676 3
1318 3 1319 6 8030 14 3069 -4
1319 1 1320 14
1320 1 1321 8
1321 4 1322 3 5197 7 827 15 1666 7
1322 3 1323 10 9102 -2 40 3
1323 4 1324 2 819 17 5304 3 5063 12
1324 2 1325 1 2377 10
1325 1 1326 5
1326 4 1327 -3 8986 19 137 7 8951 9
1327 2 1328 13 9103 3
1328 3 1329 4 7392 20 3994 6
1329 3 1330 10 6466 12 7604 20
1330 2 1331 -3 8627 11
1331 1 1332 11
1332 2 1333 14 8281 16
1333 1 1334 9
1334 1 1335 6
1335 2 1336 -3 2541 10
1336 2 1337 3 692 4
1337 4 1338 2 8888 10 1316 2 797 7
1338 1 1339 1
1339 3 1340 13 7834 15 9464 13
1340 5 1341 6 9296 -4 1211 19 599 16 5210 16
1341 5 1342 11 6384 3 5606 12 6373 12 5209 10
1342 2 1343 1 7012 11
1343 2 1344 -2 7679 1
1344 3 1345 13 2112 15 7963 16
1345 3 1346 6 2409 5 6280 18
1346 1 1347 11
1347 4 1348 -1 228 3 7311 20 8356 10
1348 2 1349 10 966 17
1349 2 1350 4 9186 1
1350 3 1351 11 8694 -1 4279 7
1351 2 1352 2 6747 6
1352 4 1353 13 7411 2 7933 -3 8934 8
1353 2 1354 11 2880 12
1354 2 1355 10 4406 18
1355 2 1356 5 8856 16
1356 2 1357 12 149 13
1357 2 1358 1 3324 5
1358 2 1359 5 8459 10
1359 3 1360 8 2487 19 1883 -2
1360 4 1361 14 8982 0 2540 16 4242 3
1361 4 1362 4 8666 10 8897 18 3807 3
1362 3 1363 3 4634 13 5991 18
1363 5 1364 6 7187 12 3810 11 110 1 8311 16
1364 3 1365 5 1665 16 5719 8
1365 5 1366 -1 6878 7 5900 7 2350 1 2092 12
1366 4 1367 13 6512 18 551 11 9103 11
1367 2 1368 11 7032 15
1368 3 1369 6 3841 12 2584 1
1369 1 1370 10
1370 1 1371 3
1371 4 1372 6 68 4 6045 20 8121 -3
1372 3 1373 14 6574 13 201 10
1373 2 1374 2 6994 4
1374 5 1375 14 344 10 9566 8 180 4 372 9
1375 2 1376 3 8921 5
1376 4 1377 3 6465 4 1602 1 3190 13
1377 1 1378 4
1378 3 1379 10 4068 20 7542 17
1379 4 1380 14 477 9 7532 12 7014 -3
1380 1 1381 4
1381 2 1382 3 9975 11
1382 5 1383 15 7889 11 1926 4 5525 7 257 17
1383 4 1384 3 3041 2 1375 8 5091 20
1384 2 1385 -1 2323 6
1385 1 1386 9
1386 4 1387 7 8003 -3 604 8 1222 13
1387 5 1388 6 5791 1 9728 13 8766 20 7172 10
1388 4 1389 3 1121 1 2449 12 2711 10
1389 3 1390 14 3607 12 9413 1
1390 2 1391 11 6162 7
1391 5 1392 5 32 9 5838 17 6167 5 3066 19
1392 1 1393 11
1393 1 1394 13
1394 4 1395 3 9166 19 1515 13 8771 13
1395 3 1396 8 2368 -3 8716 9
1396 2 1397 7 2128 13
1397 2 1398 14 2159 3
1398 4 1399 15 183 1 8759 17 3501 5
1399 4 1400 8 7021 13 5387 15 6403 17
1400 1 1401 5
1401 4 1402 0 1343 14 6925 19 6954 11
1402 2 1403 13 4366 3
1403 1 1404 2
1404 5 1405 -1 2736 5 1453 0 2484 7 3147 11
1405 1 1406 1
1406 7 1407 6 9780 3 5397 20 5454 16 3447 20 3731 0 501 4
1407 2 1408 9 2694 7
1408 3 1409 15 3557 9 5699 14
1409 4 1410 2 9037 12 7391 10 9479 3
1410 5 1411 11 9038 1 9652 5 7953 12 343 11
1411 3 1412 2 419 17 7387 16
1412 3 1413 13 8032 -3 6869 0
1413 3 1414 12 7748 15 3214 -2
1414 2 1415 3 3059 -1
1415 3 1416 7 886 3 5837 4
1416 5 1417 8 6625 7 5716 20 400 8 408 -2
1417 3 1418 2 1858 14 4653 17
1418 2 1419 15 2181 11
1419 3 1420 -3 4034 14 6351 6
1420 2 1421 8 4136 -1
1421 2 1422 15 1729 13
1422 3 1423 0 7716 8 9996 8
1423 4 1424 6 700 -3 433 1 7856 3
1424 5 1425 1 9413 17 6572 19 3277 13 4205 20
1425 3 1426 15 3591 15 7596 7
1426 1 1427 3
1427 1 1428 10
1428 3 1429 1 251 13 4739 3
1429 1 1430 3
1430 4 1431 1 2856 19 4987 2 2435 5
1431 1 1432 10
1432 2 1433 8 8786 -1
1433 6 1434 14 5532 20 869 -4 7624 2 3996 12 8286 17
1434 4 1435 5 352 -4 9020 3 6682 19
1435 4 1436 11 1052 7 323 4 3628 -2
1436 2 1437 5 1105 -4
1437 1 1438 8
1438 3 1439 -2 1594 1 6540 14
1439 4 1440 2 4791 7 5966 20 5077 11
1440 4 1441 9 4410 14 7036 10 5079 6
1441 3 1442 3 8491 19 346 2
1442 4 1443 -3 5897 5 1240 6 7584 10
1443 4 1444 1 1667 8 2185 17 3798 9
1444 2 1445 3 1459 5
1445 2 1446 4 6585 -2
1446 5 1447 13 3568 18 7460 16 6353 16 8978 5
1447 3 1448 7 785 10 3706 15
1448 4 1449 7 4933 4 5609 10 7338 6
1449 3 1450 13 6407 -3 7471 16
1450 4 1451 1 6434 -1 559 15 532 -4
1451 1 1452 10
1452 5 1453 14 4383 6 3719 -1 4373 12 940 12
1453 6 1454 6 2803 14 2385 3 1193 10 4125 8 1769 0
1454 2 1455 -2 4421 18
1455 1 1456 15
1456 5 1457 13 2809 15 8373 4 8540 -1 9957 16
1457 2 1458 6 6272 12
1458 3 1459 -1 98 4 7934 10
1459 2 1460 7 833 9
1460 1 1461 12
1461 4 1462 15 6586 14 7422 16 419 17
1462 3 1463 3 8216 19 2598 5
1463 4 1464 5 8225 9 2882 17 7621 12
1464 3 1465 5 2235 7 8808 -4
1465 4 1466 1 745 19 2531 -3 6425 -4
1466 3 1467 2 4812 9 9500 6
1467 1 1468 14
1468 1 1469 -4
1469 4 1470 1 4014 -2 4041 14 4932 0
1470 6 1471 8 7029 12 7977 11 152 4 3123 18 1729 14
1471 1 1472 14
1472 1 1473 11
1473 2 1474 14 814 5
1474 2 1475 14 8685 3
1475 1 1476 14
1476 1 1477 -2
1477 3 1478 6 5911 18 1788 20
1478 6 1479 6 2687 18 6636 15 729 16 55 1 405 16
1479 1 1480 11
1480 3 1481 1 7594 17 1202 12
1481 2 1482 9 7328 9
1482 1 1483 15
1483 4 1484 1 549 8 3186 6 4401 16
1484 4 1485 5 2761 20 8840 9 8287 19
1485 2 1486 12 1039 12
1486 2 1487 15 8456 19
1487 6 1488 2 4233 20 7207 6 8388 12 1756 2 4083 6
1488 2 1489 13 3399 1
1489 3 1490 1 378 13 4886 5
1490 4 1491 6 9268 3 2721 6 2953 1
1491 5 1492 3 6783 3 5548 13 4313 4 8568 12
1492 2 1493 8 6629 3
1493 1 1494 -3
1494 2 1495 13 2253 14
1495 4 1496 1 3690 3 1473 5 3388 9
1496 3 1497 3 2273 -1 2803 12
1497 1 1498 9
1498 4 1499 14 4979 3 4002 12 5865 20
1499 1 1500 12
1500 5 1501 2 7894 20 5442 19 6642 5 9079 7
1501 3 1502 10 4655 3 6086 -1
1502 2 1503 3 1161 12
1503 3 1504 5 947 17 9713 15
1504 1 1505 10
1505 1 1506 14
1506 3 1507 14 755 14 1203 3
1507 4 1508 12 493 10 3107 7 2010 9
1508 1 1509 11
1509 2 1510 12 6527 5
1510 1 1511 6
1511 4 1512 8 3535 9 9248 7 589 6
1512 3 1513 5 6602 9 1676 -4
1513 1 1514 12
1514 5 1515 10 1472 9 2498 8 2850 14 5643 18
1515 2 1516 12 3902 16
1516 1 1517 3
1517 4 1518 9 4156 13 3606 8 6974 -4
1518 3 1519 9 4217 1 6718 7
1519 4 1520 4 2398 4 8319 14 6430 16
1520 4 1521 13 7699 5 4346 19 2807 17
1521 3 1522 12 6325 1 878 -3
1522 2 1523 -4 1683 4
1523 3 1524 14 1186 18 864 17
1524 1 1525 9
1525 3 1526 9 7670 19 3971 13
1526 2 1527 15 3276 14
1527 5 1528 -1 2142 14 9946 8 3691 5 7420 -2
1528 3 1529 2 7702 3 2464 19
1529 2 1530 8 2604 13
1530 3 1531 9 5756 19 185 19
1531 5 1532 10 4546 8 8752 5 720 5 9690 3
1532 2 1533 12 5100 10
1533 3 1534 6 7739 -2 7490 6
1534 3 1535 12 6608 10 1587 0
1535 2 1536 14 9487 0
1536 3 1537 4 4716 3 6152 18
1537 3 1538 5 9198 20 8000 12
1538 3 1539 10 366 -2 5274 18
1539 3 1540 8 4394 17 1966 13
1540 2 1541 2 5230 12
1541 4 1542 12 2701 -1 3205 9 9854 11
1542 2 1543 6 5579 10
1543 1 1544 10
1544 3 1545 4 9008 6 9200 17
1545 1 1546 10
1546 5 1547 2 1921 11 8301 1 6394 4 322 13
1547 1 1548 5
1548 3 1549 13 5946 2 8394 2
1549 4 1550 8 2235 20 5191 14 8356 15
1550 2 1551 1 7110 8
1551 2 1552 9 6312 11
1552 1 1553 5
1553 1 1554 2
1554 2 1555 4 3215 13
1555 2 1556 7 6160 20
1556 4 1557 8 2411 6 7792 12 6826 -3
1557 5 1558 4 360 6 3851 5 9957 6 2578 12
1558 2 1559 6 1935 19
1559 4 1560 1 7827 2 803 4 1249 19
1560 5 1561 9 4554 2 7049 13 928 13 168 7
1561 1 1562 1
1562 1 1563 1
1563 2 1564 10 1378 -1
1564 4 1565 4 144 13 4712 11 9984 17
1565 2 1566 12 7280 12
1566 2 1567 14 8611 0
1567 2 1568 13 2981 -3
1568 2 1569 9 538 18
1569 3 1570 8 4711 4 5230 9
1570 2 1571 8 4048 8
1571 2 1572 13 1788 9
1572 2 1573 13 8664 3
1573 2 1574 -1 8604 18
1574 3 1575 5 478 8 6600 10
1575 2 1576 4 5351 1
1576 5 1577 11 1717 19 7142 11 579 12 7647 9
1577 6 1578 11 8982 20 1252 10 4345 16 4799 -3 1282 15
1578 1 1579 2
1579 3 1580 5 8121 19 7385 8
1580 2 1581 10 2082 9
1581 4 1582 -4 3509 7 111 -4 9760 14
1582 1 1583 6
1583 2 1584 12 5197 2
1584 6 1585 1 3287 2 9427 13 21 16 832 12 616 4
1585 1 1586 15
1586 4 1587 9 1315 5 40 8 8999 1
1587 4 1588 10 9133 14 6684 7 2917 20
1588 5 1589 -1 5696 2 9306 4 9246 13 1254 12
1589 1 1590 11
1590 2 1591 15 3467 1
1591 1 1592 4
1592 4 1593 14 819 7 8707 18 7874 11
1593 3 1594 6 3794 7 4258 19
1594 2 1595 -3 2885 15
1595 2 1596 5 9940 5
1596 2 1597 10 5371 11
1597 1 1598 4
1598 1 1599 6
1599 1 1600 6
1600 3 1601 -1 8403 14 8293 15
1601 3 1602 9 5838 2 669 19
1602 1 1603 1
1603 2 1604 14 9008 19
1604 2 1605 -2 4237 14
1605 4 1606 13 7095 17 6514 0 8917 -2
1606 6 1607 5 4525 2 8905 14 8205 11 1271 3 96 1
1607 3 1608 6 1836 6 5339 11
1608 4 1609 4 7179 12 4729 7 1217 6
1609 2 1610 10 8535 -4
1610 3 1611 15 4580 15 649 1
1611 2 1612 13 1629 -2
1612 2 1613 2 977 2
1613 2 1614 6 4045 10
1614 3 1615 6 3200 10 6271 10
1615 1 1616 8
1616 4 1617 14 6926 15 2909 13 4016 1
1617 1 1618 14
1618 4 1619 4 773 4 7819 14 5541 -2
1619 3 1620 1 9837 11 1483 1
1620 2 1621 9 2395 6
1621 4 1622 15 7236 -2 1209 16 2444 13
1622 2 1623 2 6662 3
1623 1 1624 10
1624 1 1625 1
1625 1 1626 11
1626 3 1627 2 1931 4 7511 17
1627 3 1628 11 6795 4 9152 -2
1628 2 1629 -1 7591 14
1629 2 1630 15 9948 20
1630 4 1631 9 7998 12 9956 8 2929 -3
1631 3 1632 13 2224 5 6281 16
1632 4 1633 12 1965 17 674 2 2093 15
1633 6 1634 12 6683 11 425 1 1231 3 5016 7 9074 0
1634 2 1635 8 6039 2
1635 2 1636 7 9970 15
1636 3 1637 7 5439 17 2863 16
1637 4 1638 9 4779 8 2561 9 9252 3
1638 1 1639 11
1639 4 1640 8 9701 18 3751 11 5423 16
1640 2 1641 9 4949 4
1641 1 1642 7
1642 1 1643 4
1643 3 1644 6 2721 20 3962 15
1644 2 1645 6 5326 18
1645 1 1646 11
1646 5 1647 4 8199 4 5307 3 6116 7 13 14
1647 6 1648 3 1084 8 1403 17 7568 -1 6919 20 4475 13
1648 3 1649 1 5368 -1 8842 13
1649 2 1650 14 9271 6
1650 2 1651 5 7471 8
1651 1 1652 3
1652 5 1653 6 5155 2 7162 17 9165 1 7482 12
1653 2 1654 9 3303 9
1654 4 1655 2 10 19 5153 1 6845 0
1655 1 1656 3
1656 2 1657 15 2365 4
1657 4 1658 4 990 13 8488 14 9634 10
1658 1 1659 14
1659 3 1660 7 2669 6 6147 9
1660 3 1661 7 5575 20 504 3
1661 3 1662 10 2515 9 7152 19
1662 3 1663 -1 2055 19 6279 3
1663 3 1664 8 2980 4 9646 2
1664 4 1665 13 1315 12 383 9 2819 12
1665 4 1666 -1 970 12 4489 16 6010 -1
1666 5 1667 15 4421 12 1211 13 6882 -2 925 4
1667 4 1668 12 9020 18 1074 18 1781 6
1668 2 1669 6 4067 19
1669 3 1670 7 3510 18 2290 14
1670 1 1671 10
1671 4 1672 12 7877 16 1907 13 1899 17
1672 1 1673 1
1673 1 1674 10
1674 3 1675 13 289 3 3361 1
1675 2 1676 12 7753 1
1676 1 1677 5
1677 1 1678 13
1678 2 1679 9 6682 20
1679 2 1680 2 3964 20
1680 3 1681 8 6425 3 7484 6
1681 2 1682 6 6965 20
1682 3 1683 6 2528 8 6711 8
1683 2 1684 7 4869 7
1684 2 1685 12 5610 13
1685 3 1686 7 1094 14 7975 19
1686 2 1687 3 9647 12
1687 3 1688 11 6539 7 5713 14
1688 3 1689 6 3877 2 8553 14
1689 3 1690 3 6019 12 9580 7
1690 3 1691 15 1903 10 6516 17
1691 2 1692 4 841 8
1692 2 1693 7 2803 13
1693 3 1694 13 8182 17 4714 16
1694 2 1695 8 3971 1
1695 4 1696 7 63 12 4323 5 2723 15
1696 2 1697 2 8698 6
1697 2 1698 5 5141 9
1698 3 1699 12 1511 18 2291 9
1699 2 1700 -2 1175 9
1700 2 1701 4 2825 -2
1701 6 1702 14 9714 -2 2674 11 9301 19 8999 9 5836 -4
1702 1 1703 12
1703 4 1704 9 6053 14 7665 19 876 17
1704 4 1705 14 3767 15 8636 3 9777 10
1705 3 1706 -3 1360 13 6535 18
1706 2 1707 13 8305 6
1707 3 1708 1 6441 19 2834 9
1708 2 1709 9 9096 18
1709 2 1710 9 9846 5
1710 5 1711 2 4918 19 8099 20 250 17 5725 -2
1711 4 1712 11 4840 16 7103 -2 6956 -1
1712 1 1713 12
1713 2 1714 -3 1474 17
1714 3 1715 5 3547 12 9647 7
1715 4 1716 14 2560 3 5308 5 5903 8
1716 1 1717 11
1717 3 1718 4 3324 20 9456 7
1718 2 1719 8 3181 2
1719 2 1720 -4 7082 13
1720 3 1721 -1 2055 3 1667 20
1721 1 1722 15
1722 2 1723 13 3358 8
1723 3 1724 -4 528 14 6935 4
1724 2 1725 9 9588 2
1725 2 1726 3 1558 -1
1726 1 1727 11
1727 1 1728 -1
1728 2 1729 6 4901 20
1729 4 1730 9 6720 16 2498 15 2679 14
1730 3 1731 4 2570 5 5083 13
1731 2 1732 14 6812 8
1732 4 1733 14 508 11 2036 13 8699 12
1733 5 1734 7 3691 17 8161 9 1038 17 7801 13
1734 2 1735 2 12 7
1735 2 1736 13 5096 17
1736 3 1737 7 5979 2 460 1
1737 3 1738 8 7552 7 2903 11
1738 5 1739 13 8502 5 3569 16 3890 1 2 2
1739 1 1740 14
1740 3 1741 6 5255 17 5963 11
1741 6 1742 -1 5280 18 8647 2 37 12 3061 4 9200 15
1742 1 1743 7
1743 5 1744 11 1268 16 7326 9 8820 5 3107 17
1744 2 1745 8 4075 14
1745 2 1746 13 1280 -1
1746 4 1747 8 1703 10 25 12 8725 5
1747 4 1748 9 2192 20 2546 2 7382 0
1748 3 1749 -2 1309 9 3044 7
1749 1 1750 6
1750 1 1751 13
1751 1 1752 1
1752 2 1753 2 9593 5
1753 3 1754 14 6099 15 9552 4
1754 2 1755 10 6869 14
1755 4 1756 7 1599 13 7189 7 2199 5
1756 4 1757 14 151 20 4178 8 6008 19
1757 3 1758 1 7164 12 5291 16
1758 1 1759 11
1759 1 1760 2
1760 2 1761 8 1418 7
1761 1 1762 15
1762 3 1763 7 697 14 7937 7
1763 4 1764 9 1093 20 6612 10 4283 -3
1764 3 1765 7 7293 20 1119 2
1765 5 1766 13 7075 3 4213 20 8059 9 1010 17
1766 4 1767 10 6635 17 3071 13 9102 19
1767 3 1768 3 9677 8 4530 9
1768 2 1769 13 5138 5
1769 6 1770 5 1589 14 2705 8 7499 19 2666 18 2028 1
1770 2 1771 3 1176 8
1771 1 1772 4
1772 4 1773 1 5690 18 7283 12 374 2
1773 1 1774 3
1774 2 1775 6 638 17
1775 4 1776 10 4032 9 9152 8 1288 5
1776 1 1777 13
1777 2 1778 4 4172 17
1778 4 1779 2 2490 10 9579 12 1972 17
1779 1 1780 6
1780 2 1781 12 1423 14
1781 6 1782 6 6254 4 1699 17 2385 17 4837 8 8546 4
1782 3 1783 9 6586 9 9810 18
1783 3 1784 14 6870 4 8308 17
1784 2 1785 4 285 11
1785 2 1786 14 8261 4
1786 3 1787 7 4554 13 754 -1
1787 2 1788 10 6200 14
1788 3 1789 7 9283 7 4398 5
1789 1 1790 14
1790 2 1791 11 6923 2
1791 4 1792 -2 1309 16 8791 12 3932 -4
1792 4 1793 -2 4956 18 2498 3 5888 19
1793 1 1794 13
1794 3 1795 6 3287 11 4429 15
1795 3 1796 9 6661 2 9427 4
1796 2 1797 13 5349 18
1797 2 1798 6 7603 9
1798 1 1799 15
1799 6 1800 1 7104 7 695 1 7330 1 4787 -1 3740 10
1800 2 1801 2 2461 6
1801 5 1802 12 8829 8 4508 3 9974 18 7754 9
1802 3 1803 13 8484 18 6508 17
1803 3 1804 15 4663 2 7847 18
1804 5 1805 5 1535 10 992 4 6899 16 9202 3
1805 4 1806 0 7134 2 4365 14 8698 12
1806 2 1807 13 2725 20
1807 2 1808 0 2893 13
1808 3 1809 6 8921 3 4104 19
1809 3 1810 9 1309 6 9995 8
1810 3 1811 14 7545 7 9629 4
1811 6 1812 6 3963 15 9278 5 2443 16 1400 5 2145 4
1812 4 1813 8 1292 -1 7790 10 3426 20
1813 3 1814 4 4463 20 6305 2
1814 2 1815 6 4031 15
1815 2 1816 8 7772 17
1816 4 1817 4 374 1 4685 17 228 2
1817 2 1818 8 5091 12
1818 1 1819 6
1819 4 1820 4 7764 12 375 19 9410 17
1820 1 1821 10
1821 5 1822 15 7102 10 6367 17 4229 2 7938 18
1822 1 1823 5
1823 2 1824 14 559 9
1824 3 1825 12 6466 15 8950 5
1825 1 1826 6
1826 2 1827 2 828 -3
1827 6 1828 1 3710 6 6059 -3 6949 14 4495 3 7518 9
1828 5 1829 13 462 12 4625 20 5874 11 2187 8
1829 2 1830 11 535 -2
1830 2 1831 15 43 8
1831 1 1832 6
1832 2 1833 15 9433 -1
1833 5 1834 8 2945 15 220 7 3659 -4 7460 19
1834 2 1835 1 3218 16
1835 1 1836 -1
1836 1 1837 6
1837 1 1838 8
1838 2 1839 7 2478 17
1839 2 1840 10 725 12
1840 1 1841 13
1841 1 1842 8
1842 3 1843 10 1115 17 918 10
1843 1 1844 3
1844 2 1845 -1 8571 2
1845 4 1846 -3 7038 18 281 0 2816 1
1846 2 1847 1 4650 13
1847 2 1848 5 2606 5
1848 5 1849 15 3042 7 6072 10 4185 16 9590 12
1849 1 1850 3
1850 4 1851 2 3775 1 9056 18 1670 9
1851 2 1852 15 3 1
1852 1 1853 14
1853 1 1854 6
1854 4 1855 6 2035 6 1872 12 7571 7
1855 1 1856 14
1856 4 1857 7 4130 6 4905 10 9153 14
1857 2 1858 -2 8523 2
1858 4 1859 14 3124 13 2058 16 3724 7
1859 1 1860 8
1860 1 1861 11
1861 3 1862 1 8239 18 6984 11
1862 2 1863 13 8700 20
1863 3 1864 9 6496 12 4275 13
1864 1 1865 14
1865 2 1866 15 9041 5
1866 3 1867 8 7546 17 5759 9
1867 7 1868 12 5459 17 7030 7 8589 20 6918 2 5989 19 2664 17
1868 4 1869 9 9582 15 1016 13 6707 6
1869 2 1870 8 3505 8
1870 4 1871 8 7707 7 5569 10 5053 2
1871 1 1872 1
1872 3 1873 12 370 0 8075 1
1873 4 1874 7 1272 -3 4596 0 7973 17
1874 5 1875 -3 2903 8 624 5 9422 10 8987 1
1875 4 1876 15 6475 2 2007 -1 3160 6
1876 3 1877 2 8055 6 1152 7
1877 2 1878 5 9510 6
1878 3 1879 14 159 3 2638 12
1879 3 1880 8 778 17 9232 -3
1880 2 1881 12 8134 6
1881 1 1882 2
1882 1 1883 7
1883 2 1884 10 4878 3
1884 2 1885 11 9747 1
1885 3 1886 6 6325 -4 7891 17
1886 5 1887 7 801 8 9109 15 2932 10 9791 2
1887 4 1888 4 3510 16 7743 15 1027 20
1888 1 1889 5
1889 5 1890 6 5261 18 2885 -2 1326 20 154 1
1890 1 1891 10
1891 3 1892 12 7964 2 6401 9
1892 3 1893 6 6749 -3 3213 5
1893 4 1894 11 872 18 1311 16 9456 6
1894 4 1895 7 3044 11 6334 16 729 17
1895 2 1896 3 6256 -1
1896 4 1897 6 974 9 3736 8 5023 20
1897 1 1898 13
1898 4 1899 1 6383 12 8515 11 1010 16
1899 2 1900 13 7266 2
1900 1 1901 9
1901 2 1902 5 8050 19
1902 2 1903 12 3536 9
1903 3 1904 6 104 5 8402 10
1904 1 1905 1
1905 2 1906 13 2390 11
1906 3 1907 15 2783 8 2535 15
1907 2 1908 13 3428 6
1908 4 1909 1 2552 13 2439 6 6354 9
1909 2 1910 8 5675 19
1910 3 1911 2 6999 0 280 3
1911 3 1912 2 2288 2 2376 3
1912 3 1913 1 4851 12 8371 6
1913 3 1914 12 4036 20 9049 9
1914 3 1915 3 9261 18 6270 14
1915 4 1916 7 3 1 5795 19 4024 11
1916 1 1917 5
1917 6 1918 10 8861 12 5569 12 3741 9 9877 19 6195 2
1918 2 1919 1 6499 19
1919 3 1920 8 7713 5 7817 10
1920 3 1921 6 6415 2 6628 16
1921 2 1922 1 1573 11
1922 4 1923 13 5694 20 770 10 759 17
1923 1 1924 6
1924 2 1925 7 6056 6
1925 3 1926 9 86 15 5178 0
1926 4 1927 10 1531 4 9307 5 4108 3
1927 3 1928 4 2141 6 5028 2
1928 4 1929 7 169 20 4287 -2 3579 11
1929 3 1930 7 1223 4 8229 3
1930 5 1931 8 1858 8 2763 17 8726 6 9650 7
1931 2 1932 1 2132 13
1932 2 1933 9 3837 0
1933 4 1934 5 690 19 840 17 466 12
1934 1 1935 -1
1935 2 1936 1 8687 18
1936 3 1937 1 658 4 2467 16
1937 3 1938 14 4778 18 9436 9
1938 5 1939 10 751 -4 7814 -1 8645 13 632 15
1939 6 1940 13 1303 14 5520 2 9625 17 5005 17 2578 4
1940 2 1941 15 7723 1
1941 2 1942 6 196 3
1942 4 1943 -2 3799 3 2474 5 7749 17
1943 4 1944 5 7267 5 251 10 6930 -3
1944 2 1945 5 4159 6
1945 5 1946 4 1402 16 9736 19 8650 17 6412 1
1946 4 1947 6 1897 10 9482 5 5275 9
1947 2 1948 5 6962 16
1948 2 1949 -3 1992 5
1949 2 1950 11 161 15
1950 2 1951 2 2354 6
1951 2 1952 3 844 19
1952 4 1953 6 1417 9 5620 1 6529 10
1953 1 1954 7
1954 2 1955 11 4695 16
1955 2 1956 14 5778 -2
1956 2 1957 9 2491 7
1957 3 1958 10 9310 10 5693 4
1958 3 1959 2 1292 6 9176 5
1959 2 1960 1 47 15
1960 2 1961 14 3773 8
1961 2 1962 8 1938 6
1962 3 1963 8 6676 3 7450 18
1963 4 1964 1 2469 5 6690 18 9977 2
1964 2 1965 15 938 10
1965 3 1966 1 4470 16 8036 8
1966 5 1967 5 1616 2 3720 16 2554 19 6050 3
1967 2 1968 2 7620 19
1968 2 1969 14 5308 19
1969 2 1970 6 4447 16
1970 2 1971 3 7606 10
1971 6 1972 12 3938 9 649 8 623 18 9672 -4 1597 12
1972 3 1973 14 9108 15 898 17
1973 1 1974 3
1974 2 1975 -3 3786 0
1975 2 1976 8 3689 9
1976 1 1977 15
1977 1 1978 0
1978 4 1979 2 7465 16 8008 -1 2073 0
1979 1 1980 15
1980 2 1981 15 3050 5
1981 3 1982 9 3503 19 442 -1
1982 3 1983 14 2593 4 5811 17
1983 4 1984 10 2172 17 5841 18 4978 16
1984 3 1985 12 1722 6 4859 9
1985 2 1986 4 8821 17
1986 2 1987 7 8235 16
1987 3 1988 3 4922 8 4762 17
1988 2 1989 11 9634 6
1989 2 1990 13 1209 5
1990 3 1991 2 6558 15 4727 16
1991 2 1992 4 3026 20
1992 2 1993 4 4610 20
1993 4 1994 7 1863 12 3627 8 5372 8
1994 2 1995 1 1739 11
1995 4 1996 11 2063 14 6006 5 3069 19
1996 3 1997 6 820 15 3548 14
1997 4 1998 3 9257 4 6178 17 7264 5
1998 4 1999 -4 2708 3 1428 6 8785 20
1999 1 2000 8
2000 2 2001 8 9479 19
2001 1 2002 13
2002 3 2003 9 1016 11 5868 1
2003 4 2004 8 1799 11 6590 18 5494 9
2004 5 2005 12 7350 -4 7339 8 5859 9 274 9
2005 3 2006 2 872 12 3658 12
2006 1 2007 15
2007 2 2008 7 7454 5
2008 4 2009 11 1652 13 2422 12 421 20
2009 2 2010 1 3844 16
2010 2 2011 -1 3997 7
2011 1 2012 -4
2012 2 2013 13 9881 14
2013 5 2014 -1 8286 12 956 2 1737 4 6500 6
2014 1 2015 2
2015 3 2016 13 6332 15 9395 6
2016 1 2017 -3
2017 3 2018 1 1461 6 1434 10
2018 6 2019 4 3104 9 2677 14 9673 13 5849 14 805 2
2019 2 2020 0 7893 18
2020 4 2021 6 2606 20 3170 15 8236 14
2021 2 2022 12 2573 20
2022 5 2023 12 7034 4 1224 7 7534 11 6627 2
2023 4 2024 8 4043 2 770 18 4835 13
2024 4 2025 12 4684 10 6120 20 1617 5
2025 2 2026 3 9533 15
2026 2 2027 0 7534 -2
2027 2 2028 6 6126 2
2028 2 2029 -1 5779 10
2029 3 2030 3 5841 9 2362 19
2030 2 2031 6 3408 20
2031 3 2032 7 4896 18 1531 8
2032 2 2033 5 6289 13
2033 5 2034 1 3278 16 5900 3 3051 2 5993 19
2034 4 2035 15 132 16 1256 16 5843 4
2035 2 2036 0 2364 2
2036 2 2037 15 8605 3
2037 5 2038 0 861 0 2041 6 7163 1 8451 4
2038 2 2039 4 9501 5
2039 4 2040 -3 4118 -3 3041 5 5749 8
2040 1 2041 3
2041 3 2042 6 3767 19 2371 19
2042 2 2043 7 4121 4
2043 2 2044 15 4358 18
2044 6 2045 5 1272 15 1961 16 5607 1 8784 14 8534 -3
2045 3 2046 0 103 4 4201 15
2046 3 2047 11 3006 13 8785 16
2047 1 2048 5
2048 2 2049 11 92 14
2049 1 2050 12
2050 3 2051 4 5075 3 4717 16
2051 2 2052 5 9481 8
2052 4 2053 13 2948 17 271 15 1062 6
2053 3 2054 2 5834 10 2221 2
2054 4 2055 5 6382 13 8096 2 485 18
2055 3 2056 12 9693 5 1847 6
2056 1 2057 6
2057 2 2058 5 3462 20
2058 3 2059 3 2629 1 8875 20
2059 3 2060 9 1601 -2 6109 9
2060 2 2061 2 416 6
2061 3 2062 14 1055 20 5383 3
2062 2 2063 10 127 10
2063 2 2064 15 8919 2
2064 2 2065 8 4799 4
2065 4 2066 6 1485 -4 5474 1 250 19
2066 4 2067 3 2736 9 4024 18 9979 6
2067 2 2068 12 816 20
2068 2 2069 14 9353 19
2069 2 2070 11 2738 15
2070 7 2071 7 3074 16 6080 4 6419 -2 5060 18 508 18 2355 13
2071 2 2072 5 6304 14
2072 3 2073 -4 3762 5 7051 14
2073 2 2074 9 2683 20
2074 2 2075 8 858 12
2075 2 2076 -1 9358 17
2076 4 2077 7 7347 9 7956 14 1095 8
2077 2 2078 3 5166 3
2078 4 2079 11 7649 6 8459 11 9340 17
2079 4 2080 14 863 7 1740 15 3185 10
2080 3 2081 5 1007 6 9185 4
2081 1 2082 -1
2082 1 2083 13
2083 2 2084 0 7483 20
2084 1 2085 9
2085 3 2086 2 3050 20 6135 14
2086 3 2087 6 1353 3 3949 6
2087 3 2088 15 945 3 4545 16
2088 2 2089 5 7382 4
2089 2 2090 11 1300 15
2090 2 2091 12 9362 4
2091 1 2092 -3
2092 7 2093 10 1867 9 9002 17 4806 6 5936 10 9728 20 9279 19
2093 2 2094 14 8891 9
2094 4 2095 9 3888 8 1494 20 2068 2
2095 4 2096 6 609 1 6322 6 4320 4
2096 4 2097 -2 5870 6 9049 4 899 15
2097 1 2098 12
2098 1 2099 8
2099 4 2100 6 2474 20 2674 13 346 3
2100 3 2101 6 660 8 7681 -1
2101 1 2102 1
2102 1 2103 -2
2103 3 2104 7 2699 9 1094 4
2104 4 2105 1 9036 13 4905 15 2488 19
2105 2 2106 10 102 20
2106 3 2107 2 2648 -4 5252 19
2107 3 2108 11 5061 19 8160 19
2108 3 2109 5 8544 1 1204 17
2109 2 2110 12 7029 5
2110 7 2111 15 2778 12 1768 8 9889 1 1066 3 1039 16 7093 19
2111 3 2112 15 3563 3 7880 17
2112 2 2113 7 9602 20
2113 3 2114 13 8201 17 4726 8
2114 3 2115 12 1834 15 1853 19
2115 3 2116 10 1654 18 8340 20
2116 4 2117 -1 6266 13 6830 9 8397 5
2117 2 2118 1 1414 -4
2118 4 2119 2 6112 11 9857 16 845 17
2119 2 2120 14 8791 10
2120 2 2121 15 913 3
2121 4 2122 12 3920 1 7060 12 3049 3
2122 3 2123 3 6610 -3 7289 3
2123 4 2124 15 7977 20 4725 15 5199 8
2124 6 2125 10 8719 8 3111 10 3963 5 1285 9 6806 17
2125 6 2126 5 1678 6 3301 3 9063 18 4437 13 8540 13
2126 7 2127 0 7371 7 3905 2 9021 15 4560 1 2484 4 4572 2
2127 3 2128 2 2672 10 6242 -4
2128 2 2129 6 1170 2
2129 4 2130 11 5758 17 6717 16 7091 -3
2130 3 2131 8 2717 16 4877 10
2131 3 2132 9 2354 8 7080 15
2132 3 2133 5 9964 16 2209 3
2133 2 2134 4 7559 11
2134 3 2135 3 6399 17 787 20
2135 2 2136 12 8517 20
2136 4 2137 4 7585 -3 9229 5 7752 1
2137 2 2138 13 6780 17
2138 5 2139 8 6782 14 272 14 8423 12 7939 12
2139 3 2140 13 9573 2 7958 2
2140 4 2141 13 4117 4 1212 5 1178 17
2141 3 2142 8 704 1 4620 4
2142 2 2143 1 729 13
2143 4 2144 2 4211 13 5881 8 3798 19
2144 2 2145 14 5668 16
2145 4 2146 9 3571 9 1448 6 2211 7
2146 2 2147 5 6006 5
2147 4 2148 14 2310 4 159 11 7573 2
2148 4 2149 1 8824 18 628 7 5611 -2
2149 2 2150 14 4618 11
2150 2 2151 10 412 16
2151 7 2152 11 2954 13 5093 5 8668 18 3303 9 6796 17 8446 12
2152 1 2153 0
2153 1 2154 11
2154 1 2155 5
2155 1 2156 10
2156 5 2157 4 3469 16 8607 11 1699 13 7323 9
2157 1 2158 4
2158 4 2159 13 3580 11 1163 3 1271 15
2159 1 2160 5
2160 2 2161 4 2569 17
2161 2 2162 -2 7641 18
2162 3 2163 6 8043 4 745 4
2163 5 2164 12 899 9 2716 2 518 3 730 -1
2164 3 2165 5 5486 10 1566 13
2165 3 2166 12 585 7 5783 20
2166 1 2167 5
2167 4 2168 4 4331 17 2415 7 6585 1
2168 3 2169 12 9959 3 6617 18
2169 2 2170 9 2988 5
2170 3 2171 3 7940 10 2129 20
2171 3 2172 15 3693 9 7884 4
2172 3 2173 6 2277 6 1433 1
2173 2 2174 14 2900 7
2174 6 2175 4 3873 2 4285 10 587 12 4545 11 4444 17
2175 6 2176 7 4206 1 1571 19 8136 12 8169 6 299 2
2176 1 2177 7
2177 3 2178 3 251 6 4814 16
2178 3 2179 14 61 -1 8751 14
2179 3 2180 -1 6914 15 2345 9
2180 3 2181 3 7750 19 5177 5
2181 5 2182 14 1858 14 9917 -3 5666 15 2729 1
2182 4 2183 11 8102 3 4792 10 1234 15
2183 3 2184 11 509 18 1678 7
2184 3 2185 11 5192 3 4639 20
2185 3 2186 10 6906 14 2716 12
2186 4 2187 8 4751 8 2635 9 3985 10
2187 2 2188 13 5826 14
2188 2 2189 8 1589 11
2189 1 2190 -2
2190 1 2191 11
2191 2 2192 1 4103 20
2192 4 2193 1 2390 -3 1260 7 1836 18
2193 3 2194 -4 2596 12 4682 18
2194 2 2195 9 3225 11
2195 3 2196 1 3054 20 5871 5
2196 1 2197 3
2197 6 2198 10 7727 14 5378 2 1113 7 947 1 540 20
2198 1 2199 7
2199 1 2200 -2
2200 4 2201 2 7945 3 8585 10 2487 1
2201 5 2202 13 6509 3 77 20 1774 8 7423 -1
2202 1 2203 13
2203 2 2204 3 973 1
2204 3 2205 6 1037 12 4753 2
2205 7 2206 15 888 18 1224 -4 856 9 982 13 8053 16 5795 20
2206 2 2207 9 7649 4
2207 5 2208 3 9347 17 152 1 2335 12 2862 18
2208 2 2209 1 1670 2
2209 3 2210 2 4937 3 3953 5
2210 6 2211 5 5270 -4 2244 20 6024 17 1183 -4 1685 6
2211 4 2212 8 5262 7 7896 13 8658 20
2212 2 2213 14 1193 19
2213 3 2214 13 9732 12 417 8
2214 1 2215 12
2215 1 2216 3
2216 4 2217 -3 7741 1 5438 13 9531 2
2217 1 2218 9
2218 1 2219 3
2219 5 2220 10 1549 0 1897 1 6733 7 4309 20
2220 3 2221 4 7888 4 6540 5
2221 2 2222 4 6423 10
2222 4 2223 14 8954 18 345 17 7889 11
2223 1 2224 10
2224 1 2225 4
2225 5 2226 2 5384 20 3535 12 8553 16 9092 11
2226 2 2227 13 9387 6
2227 3 2228 1 3276 5 5702 11
2228 1 2229 9
2229 3 2230 8 9484 17 3245 19
2230 2 2231 7 4985 4
2231 2 2232 5 2595 9
2232 2 2233 7 2204 7
2233 2 2234 10 453 -2
2234 2 2235 -4 8708 17
2235 1 2236 12
2236 4 2237 9 3881 2 3002 4 4710 19
2237 3 2238 -2 1163 17 9450 6
2238 3 2239 9 3949 18 6350 7
2239 5 2240 13 1005 18 4876 6 9991 3 8752 19
2240 2 2241 15 2863 5
2241 2 2242 4 176 19
2242 4 2243 7 3986 -4 9132 20 9574 16
2243 4 2244 14 2361 12 2072 13 3905 6
2244 5 2245 -3 12 10 1613 2 9279 6 5751 10
2245 1 2246 1
2246 4 2247 -4 1814 20 6717 6 1328 18
2247 6 2248 10 7805 8 8087 1 2915 6 5758 -3 404 12
2248 3 2249 9 819 15 4211 5
2249 1 2250 12
2250 2 2251 3 246 14
2251 3 2252 15 2587 12 5794 12
2252 2 2253 -2 3818 7
2253 1 2254 7
2254 4 2255 13 2294 17 7524 11 912 -4
2255 2 2256 4 4775 4
2256 3 2257 11 9295 11 7528 20
2257 1 2258 13
2258 3 2259 0 343 13 4177 5
2259 3 2260 5 2566 12 808 14
2260 2 2261 -4 7405 14
2261 2 2262 11 6039 16
2262 4 2263 10 7995 6 3800 11 5798 9
2263 2 2264 -2 8572 8
2264 4 2265 12 1876 11 4035 9 8207 6
2265 1 2266 9
2266 3 2267 1 738 0 65 19
2267 3 2268 6 1122 19 4682 13
2268 1 2269 12
2269 4 2270 -1 1588 15 1545 19 8871 17
2270 4 2271 -2 5485 15 4398 2 6532 6
2271 1 2272 2
2272 1 2273 13
2273 1 2274 15
2274 2 2275 11 9118 1
2275 4 2276 7 9658 20 4458 11 966 17
2276 3 2277 6 511 -3 8150 6
2277 5 2278 5 7071 10 8313 6 2086 1 1662 14
2278 4 2279 3 726 15 5608 6 6790 12
2279 1 2280 2
2280 1 2281 7
2281 2 2282 14 2578 10
2282 3 2283 0 393 10 2624 9
2283 2 2284 5 7989 12
2284 1 2285 8
2285 1 2286 13
2286 5 2287 8 4188 17 5593 15 1662 13 5629 11
2287 5 2288 -1 1532 -2 191 13 4019 5 5153 6
2288 1 2289 15
2289 5 2290 6 3319 6 3139 19 8812 14 4182 20
2290 1 2291 6
2291 3 2292 -4 270 10 1194 8
2292 4 2293 2 5346 6 8777 16 4004 7
2293 4 2294 9 1069 7 6203 10 828 11
2294 3 2295 5 3059 5 1301 14
2295 4 2296 10 6582 6 7689 -4 6246 14
2296 9 2297 6 478 18 5788 5 7121 12 1394 10 320 8 467 13 4815 7 8636 11
2297 4 2298 10 8883 7 9134 15 8845 1
2298 2 2299 6 9501 6
2299 1 2300 11
2300 3 2301 11 843 1 718 15
2301 4 2302 -1 2552 11 3624 14 6547 8
2302 2 2303 7 8736 6
2303 2 2304 9 3297 -4
2304 1 2305 14
2305 2 2306 0 2838 8
2306 4 2307 1 4791 17 2861 13 5842 1
2307 6 2308 8 2263 10 8929 7 5137 14 9785 15 1 -4
2308 2 2309 5 1844 19
2309 4 2310 10 6683 10 6716 6 7585 1
2310 4 2311 3 8878 17 2745 7 8961 1
2311 4 2312 -4 7616 17 6976 4 2550 1
2312 2 2313 2 1814 16
2313 3 2314 14 2448 14 5489 18
2314 4 2315 2 7682 1 8872 15 1401 6
2315 4 2316 9 9572 6 2658 15 4314 -3
2316 3 2317 8 2193 10 5736 16
2317 5 2318 12 5054 10 3873 15 2478 11 5521 5
2318 2 2319 9 1332 11
2319 4 2320 4 7294 11 9587 14 2347 0
2320 4 2321 8 7648 -2 112 18 5133 13
2321 3 2322 7 7753 9 2668 12
2322 3 2323 8 2242 5 6091 0
2323 1 2324 13
2324 1 2325 7
2325 2 2326 1 5536 15
2326 2 2327 4 5037 5
2327 3 2328 9 5592 7 5980 18
2328 4 2329 12 2425 15 128 11 5790 17
2329 3 2330 -4 3315 14 2308 4
2330 1 2331 3
2331 1 2332 11
2332 2 2333 4 6025 -3
2333 2 2334 11 8638 14
2334 3 2335 1 8326 18 9735 6
2335 2 2336 7 2366 12
2336 3 2337 1 2555 19 7946 1
2337 1 2338 15
2338 2 2339 8 5948 12
2339 2 2340 1 3559 19
2340 2 2341 7 6278 11
2341 2 2342 14 131 1
2342 2 2343 14 4148 1
2343 3 2344 10 5956 19 9608 10
2344 3 2345 3 7927 5 2542 11
2345 4 2346 15 51 15 2247 2 1668 15
2346 4 2347 3 2041 5 2214 1 9826 3
2347 1 2348 11
2348 2 2349 13 4815 10
2349 3 2350 7 137 -2 4612 7
2350 2 2351 -2 8134 9
2351 2 2352 6 8194 2
2352 2 2353 15 8476 17
2353 2 2354 2 4132 2
2354 4 2355 12 1518 3 6705 19 6833 10
2355 1 2356 1
2356 3 2357 6 1865 10 4682 17
2357 4 2358 4 7097 3 3310 -1 4713 10
2358 3 2359 4 1538 1 1654 6
2359 3 2360 15 979 -4 4498 9
2360 2 2361 3 8338 14
2361 3 2362 8 8960 10 8095 3
2362 3 2363 8 3374 16 1157 4
2363 2 2364 9 5326 10
2364 2 2365 9 8346 5
2365 3 2366 13 2859 14 4854 7
2366 3 2367 10 9736 0 3908 2
2367 1 2368 3
2368 3 2369 4 3304 16 8534 13
2369 3 2370 9 1323 7 4757 12
2370 3 2371 -2 520 8 444 6
2371 2 2372 -2 1428 0
2372 3 2373 1 4640 5 8269 11
2373 2 2374 0 8401 4
2374 4 2375 3 1870 18 5472 20 5946 16
2375 4 2376 10 9606 13 2014 19 1847 18
2376 3 2377 15 261 10 4328 12
2377 3 2378 6 8729 11 653 5
2378 5 2379 -4 3760 9 972 12 415 14 8606 13
2379 3 2380 15 7876 10 8688 -1
2380 7 2381 1 4447 18 3000 10 8243 15 8613 5 7376 19 2893 8
2381 1 2382 7
2382 2 2383 8 1972 2
2383 3 2384 9 2829 18 5681 8
2384 5 2385 2 413 18 9421 19 5493 11 4651 8
2385 2 2386 8 496 7
2386 3 2387 2 695 14 8522 10
2387 1 2388 5
2388 5 2389 12 5757 2 8500 4 3437 11 3453 13
2389 2 2390 2 9863 1
2390 5 2391 2 3758 17 1515 4 3604 17 2483 -4
2391 1 2392 10
2392 2 2393 2 2940 11
2393 4 2394 4 8801 19 8824 16 8415 -2
2394 2 2395 4 4128 8
2395 4 2396 13 7488 19 9209 6 2993 17
2396 4 2397 14 9734 4 8705 2 3433 16
2397 2 2398 12 7434 15
2398 3 2399 8 3008 7 3248 13
2399 2 2400 2 9678 15
2400 4 2401 4 6156 12 8643 11 1690 8
2401 3 2402 15 7655 9 1197 -1
2402 4 2403 5 1829 7 4 13 9619 6
2403 1 2404 10
2404 3 2405 7 6792 15 932 11
2405 1 2406 -2
2406 3 2407 11 2811 17 6680 9
2407 3 2408 3 509 6 2636 11
2408 2 2409 -1 8673 4
2409 3 2410 14 2632 3 2519 10
2410 1 2411 5
2411 1 2412 13
2412 1 2413 -3
2413 1 2414 11
2414 7 2415 5 6464 16 8552 10 94 12 5308 2 2570 12 6475 7
2415 1 2416 1
2416 3 2417 2 5330 0 5458 14
2417 1 2418 6
2418 2 2419 4 3441 9
2419 3 2420 12 2653 1 52 15
2420 1 2421 13
2421 1 2422 6
2422 1 2423 5
2423 2 2424 9 9541 8
2424 3 2425 4 6763 19 3228 -3
2425 3 2426 1 7957 8 645 16
2426 4 2427 8 8042 12 3523 2 1613 17
2427 1 2428 15
2428 3 2429 8 161 15 4807 16
2429 5 2430 10 9489 12 2138 5 1467 16 9170 19
2430 2 2431 4 9124 17
2431 2 2432 10 4478 12
2432 2 2433 2 6821 -3
2433 1 2434 9
2434 1 2435 10
2435 2 2436 9 6631 2
2436 2 2437 -1 3972 16
2437 2 2438 2 8829 3
2438 1 2439 14
2439 3 2440 3 9899 14 1861 9
2440 1 2441 7
2441 3 2442 -3 5728 1 6954 17
2442 2 2443 14 4977 16
2443 2 2444 5 3984 -2
2444 2 2445 11 648 16
2445 2 2446 6 1286 11
2446 5 2447 8 6792 14 6037 11 4826 12 7195 0
2447 2 2448 7 3603 20
2448 2 2449 14 2141 10
2449 1 2450 0
2450 1 2451 1
2451 2 2452 5 5799 8
2452 2 2453 3 276 3
2453 3 2454 4 1143 13 9317 8
2454 1 2455 7
2455 2 2456 15 36 8
2456 1 2457 10
2457 3 2458 7 3640 8 4018 18
2458 2 2459 4 5804 1
2459 1 2460 12
2460 3 2461 11 2604 -3 1945 2
2461 3 2462 4 4659 10 7008 16
2462 1 2463 0
2463 1 2464 14
2464 4 2465 1 956 4 8327 17 7145 2
2465 2 2466 15 5332 10
2466 2 2467 13 4268 5
2467 1 2468 9
2468 3 2469 14 1807 20 7408 -1
2469 2 2470 15 1784 9
2470 2 2471 15 1256 1
2471 2 2472 1 468 11
2472 3 2473 4 5388 3 5231 1
2473 3 2474 1 2895 10 1725 13
2474 3 2475 6 4873 -4 2116 12
2475 2 2476 5 375 7
2476 3 2477 0 8973 13 7870 3
2477 5 2478 3 2152 15 3882 10 7391 5 8208 10
2478 2 2479 -4 1220 17
2479 4 2480 5 2069 -4 7623 7 2466 -4
2480 3 2481 12 293 10 872 9
2481 2 2482 13 5738 10
2482 2 2483 12 1283 18
2483 6 2484 14 848 16 8348 6 8960 15 1825 16 3283 16
2484 3 2485 13 8604 9 3204 13
2485 2 2486 13 5694 4
2486 2 2487 4 6965 8
2487 2 2488 13 7683 5
2488 3 2489 11 3296 17 8187 10
2489 3 2490 4 388 4 5772 18
2490 4 2491 5 8870 19 4909 12 2027 1
2491 4 2492 12 8153 19 3741 1 2507 15
2492 3 2493 7 2026 10 9152 17
2493 3 2494 3 3019 0 8690 8
2494 1 2495 13
2495 3 2496 15 9491 4 1667 16
2496 2 2497 8 8531 15
2497 5 2498 14 9380 15 9190 18 5946 20 2890 20
2498 2 2499 15 8675 20
2499 3 2500 6 6695 10 9272 19
2500 4 2501 15 6368 2 1748 13 6233 3
2501 5 2502 6 6647 4 7912 -4 287 7 6018 8
2502 1 2503 5
2503 3 2504 -3 4953 13 2667 9
2504 2 2505 15 8974 1
2505 2 2506 15 4406 18
2506 4 2507 7 8909 12 683 4 2500 18
2507 2 2508 10 7409 9
2508 2 2509 8 6619 18
2509 1 2510 2
2510 3 2511 1 2951 4 5827 8
2511 2 2512 8 4003 15
2512 4 2513 2 2292 9 4162 19 5452 2
2513 4 2514 -4 6567 19 3683 5 7114 7
2514 1 2515 15
2515 1 2516 9
2516 2 2517 -2 4477 12
2517 2 2518 3 1858 11
2518 5 2519 12 7581 16 1176 4 5004 0 5988 5
2519 2 2520 14 7079 7
2520 5 2521 1 2680 15 8089 6 856 7 5191 -4
2521 5 2522 -2 1619 4 2805 12 6369 10 7630 7
2522 2 2523 2 5359 3
2523 2 2524 11 2655 3
2524 2 2525 11 2774 1
2525 5 2526 14 6459 16 8464 -3 9583 14 5403 16
2526 3 2527 6 629 15 3583 9
2527 4 2528 2 1779 2 4630 20 3434 12
2528 1 2529 12
2529 2 2530 14 6229 19
2530 5 2531 12 6411 11 3053 6 2311 15 1295 8
2531 3 2532 9 7454 19 214 -3
2532 3 2533 -1 5722 6 7973 1
2533 4 2534 9 5618 19 9003 19 8559 11
2534 2 2535 7 5372 16
2535 3 2536 14 6229 17 4086 -3
2536 3 2537 2 3594 3 7972 0
2537 4 2538 12 5915 4 8289 17 4749 3
2538 2 2539 -2 1847 18
2539 1 2540 4
2540 3 2541 7 609 14 4589 -1
2541 2 2542 5 2048 5
2542 3 2543 15 834 17 6851 4
2543 1 2544 1
2544 4 2545 13 1445 8 8173 -3 2674 11
2545 2 2546 4 2223 7
2546 3 2547 8 7263 19 1490 17
2547 3 2548 5 5985 6 3453 7
2548 2 2549 15 8383 15
2549 2 2550 3 4806 12
2550 2 2551 15 5499 10
2551 4 2552 13 9064 13 800 -1 1040 2
2552 1 2553 8
2553 3 2554 0 9587 15 4867 14
2554 3 2555 15 3114 18 6276 1
2555 4 2556 3 7132 1 7927 18 6401 -4
2556 2 2557 13 4509 15
2557 3 2558 13 9226 3 677 13
2558 3 2559 7 6978 9 1200 9
2559 2 2560 1 8802 13
2560 4 2561 10 1771 7 4576 13 4036 11
2561 2 2562 5 5857 5
2562 4 2563 3 8715 6 703 15 1042 12
2563 4 2564 12 8526 5 448 13 6366 3
2564 4 2565 -2 5418 3 1094 19 9355 8
2565 3 2566 11 7733 17 2393 2
2566 2 2567 5 8102 9
2567 4 2568 10 8063 -3 6690 12 2894 20
2568 3 2569 6 7295 13 4238 8
2569 4 2570 -2 7780 12 3665 -1 4505 17
2570 3 2571 10 8655 17 1670 19
2571 1 2572 2
2572 5 2573 9 351 12 2668 15 8733 2 9192 4
2573 4 2574 1 9802 9 2553 19 5219 13
2574 2 2575 1 6711 2
2575 1 2576 6
2576 2 2577 3 7540 11
2577 3 2578 12 8858 11 1891 14
2578 2 2579 10 433 15
2579 2 2580 -3 9163 6
2580 3 2581 15 7331 15 9030 4
2581 4 2582 13 4561 8 4647 20 5066 1
2582 2 2583 -2 1256 1
2583 4 2584 5 8987 11 744 8 525 11
2584 4 2585 2 8082 18 6894 20 7467 7
2585 3 2586 2 6308 17 6417 14
2586 5 2587 1 1127 8 4764 15 483 17 2672 9
2587 5 2588 6 4379 1 3947 14 7502 2 2382 15
2588 2 2589 13 9121 20
2589 3 2590 14 8825 15 9866 2
2590 3 2591 6 8797 18 8487 10
2591 4 2592 11 2196 9 3760 2 2441 17
2592 4 2593 1 2706 10 8738 2 5089 16
2593 2 2594 6 5314 20
2594 2 2595 1 1029 11
2595 3 2596 5 7124 2 2297 11
2596 2 2597 -4 1124 20
2597 2 2598 0 7844 10
2598 3 2599 12 6293 19 6594 2
2599 2 2600 11 6690 5
2600 4 2601 11 99 17 6514 2 4483 1
2601 2 2602 15 4365 20
2602 1 2603 -4
2603 4 2604 11 6887 20 4989 4 2124 17
2604 1 2605 13
2605 2 2606 7 6758 12
2606 3 2607 8 5536 2 4298 10
2607 2 2608 -2 9600 8
2608 4 2609 4 1427 7 193 15 6096 6
2609 4 2610 3 1698 2 4048 4 6362 7
2610 4 2611 9 3976 14 5223 -2 1988 9
2611 1 2612 11
2612 1 2613 13
2613 2 2614 10 8742 4
2614 3 2615 10 4545 16 6386 6
2615 1 2616 -1
2616 3 2617 12 9609 10 616 16
2617 2 2618 10 2198 2
2618 2 2619 13 6697 4
2619 1 2620 1
2620 4 2621 11 2114 13 7221 19 5275 20
2621 3 2622 15 6676 13 2412 15
2622 2 2623 -3 8221 17
2623 5 2624 14 9283 -3 3939 0 2751 18 5526 -1
2624 2 2625 12 1599 4
2625 3 2626 13 8467 17 9779 11
2626 2 2627 10 5272 19
2627 4 2628 11 7894 -2 7543 19 2124 7
2628 3 2629 0 6362 16 8006 8
2629 1 2630 9
2630 1 2631 10
2631 3 2632 5 1791 12 5886 4
2632 3 2633 2 8453 7 7764 15
2633 2 2634 4 8424 12
2634 5 2635 11 5387 9 4809 10 4490 -2 2716 1
2635 4 2636 13 8001 15 4592 12 6952 15
2636 2 2637 5 9473 1
2637 6 2638 6 9276 3 6325 17 9921 11 1293 18 1901 3
2638 4 2639 4 1332 6 1226 -3 8996 8
2639 3 2640 12 3 16 4148 12
2640 2 2641 13 2429 12
2641 3 2642 2 7862 1 6797 8
2642 1 2643 5
2643 4 2644 13 4888 1 2258 15 5422 5
2644 2 2645 7 2493 20
2645 2 2646 4 8783 13
2646 2 2647 -1 4368 17
2647 4 2648 11 630 13 9492 0 1928 6
2648 2 2649 11 6918 -1
2649 2 2650 14 5308 7
2650 1 2651 2
2651 3 2652 7 7648 16 1916 8
2652 1 2653 7
2653 4 2654 3 7991 17 908 -2 2910 16
2654 2 2655 4 619 14
2655 2 2656 8 5878 7
2656 3 2657 8 8389 -4 1064 2
2657 2 2658 12 3554 16
2658 2 2659 11 3106 6
2659 3 2660 9 9434 10 4141 12
2660 6 2661 14 4586 19 8219 17 1188 4 1170 8 8102 19
2661 2 2662 15 383 15
2662 2 2663 3 1538 15
2663 2 2664 2 5469 3
2664 6 2665 -3 4959 15 8735 19 8803 3 8674 11 5053 6
2665 2 2666 6 4983 17
2666 2 2667 -2 4637 1
2667 1 2668 -1
2668 2 2669 12 2197 20
2669 3 2670 11 1341 12 9198 2
2670 2 2671 2 5574 9
2671 2 2672 11 745 4
2672 3 2673 14 954 5 8972 1
2673 4 2674 4 9918 -1 3468 15 5187 11
2674 1 2675 5
2675 2 2676 3 7440 1
2676 3 2677 4 2619 11 8647 18
2677 3 2678 6 9137 17 847 13
2678 3 2679 7 481 10 7941 15
2679 2 2680 3 698 0
2680 2 2681 0 1486 8
2681 4 2682 5 6975 20 8298 9 8328 6
2682 5 2683 12 442 3 4100 7 2267 18 8156 6
2683 2 2684 14 6182 20
2684 3 2685 14 8720 18 9523 17
2685 1 2686 5
2686 3 2687 -1 1186 5 729 19
2687 4 2688 10 3828 12 7022 3 1747 -1
2688 1 2689 6
2689 1 2690 15
2690 4 2691 5 6972 4 8995 18 6615 -2
2691 2 2692 10 8728 14
2692 2 2693 14 1981 4
2693 3 2694 10 7507 11 4762 17
2694 3 2695 10 9560 -1 3165 5
2695 2 2696 14 2659 0
2696 6 2697 6 3709 0 3227 17 8856 20 45 4 9336 18
2697 2 2698 12 3312 10
2698 3 2699 6 4587 6 209 5
2699 4 2700 15 7872 15 5401 8 4654 11
2700 1 2701 11
2701 1 2702 15
2702 2 2703 1 11 11
2703 5 2704 3 2539 8 9356 17 46 9 143 6
2704 2 2705 5 3322 18
2705 2 2706 7 7048 18
2706 3 2707 2 6126 1 1016 1
2707 1 2708 -1
2708 3 2709 15 1741 -2 675 10
2709 1 2710 5
2710 1 2711 -2
2711 4 2712 9 2963 0 2897 18 2908 11
2712 5 2713 13 6245 0 4757 17 1707 2 3110 12
2713 5 2714 10 6077 7 7277 20 4957 12 3512 11
2714 1 2715 -2
2715 5 2716 14 5317 18 2611 13 1841 9 5800 7
2716 3 2717 3 1868 20 9940 5
2717 2 2718 6 4776 7
2718 2 2719 10 2520 8
2719 3 2720 9 168 3 7414 13
2720 2 2721 6 6410 2
2721 2 2722 11 8204 3
2722 5 2723 11 6078 4 9107 0 5275 20 4298 9
2723 1 2724 15
2724 4 2725 11 5316 4 1982 7 4761 15
2725 3 2726 15 9402 13 271 9
2726 3 2727 4 5326 16 1658 7
2727 4 2728 2 2029 1 9772 11 698 13
2728 5 2729 5 824 11 2503 16 2365 11 7096 3
2729 2 2730 0 1878 11
2730 3 2731 8 2790 15 934 17
2731 2 2732 14 1874 -1
2732 4 2733 8 6114 8 3712 12 4597 3
2733 3 2734 11 7655 7 8389 15
2734 2 2735 -2 6816 5
2735 5 2736 -4 7830 2 1714 1 61 18 613 18
2736 1 2737 7
2737 1 2738 7
2738 2 2739 12 2228 20
2739 2 2740 13 649 14
2740 1 2741 10
2741 3 2742 10 3072 1 8621 6
2742 1 2743 7
2743 3 2744 1 3892 16 2186 14
2744 2 2745 2 5217 -1
2745 4 2746 10 6001 19 8294 20 4996 1
2746 3 2747 -3 4058 4 1864 -2
2747 1 2748 1
2748 3 2749 2 7547 18 8907 13
2749 2 2750 13 3421 13
2750 1 2751 12
2751 2 2752 9 7518 18
2752 5 2753 9 2563 13 3180 11 1942 20 5468 5
2753 1 2754 3
2754 3 2755 11 1837 2 3497 0
2755 3 2756 2 618 18 519 10
2756 4 2757 9 7191 9 8497 1 4560 11
2757 2 2758 12 9205 2
2758 2 2759 5 4374 10
2759 6 2760 8 506 17 680 9 297 20 2116 3 4031 10
2760 4 2761 14 3357 -2 6769 8 1234 16
2761 3 2762 4 2071 13 9874 18
2762 5 2763 12 1451 8 8174 3 8521 11 1126 10
2763 3 2764 1 6832 12 733 19
2764 6 2765 6 3594 1 4179 8 8243 18 605 11 1958 9
2765 5 2766 7 3739 3 2814 6 7226 6 4420 2
2766 4 2767 -3 5042 4 1630 6 2501 9
2767 1 2768 1
2768 1 2769 5
2769 1 2770 10
2770 1 2771 2
2771 2 2772 2 5416 2
2772 4 2773 9 7144 19 2577 13 6200 11
2773 1 2774 11
2774 2 2775 12 7260 12
2775 3 2776 9 285 11 5715 19
2776 2 2777 4 1476 14
2777 1 2778 4
2778 4 2779 10 7186 18 2422 15 8022 17
2779 1 2780 3
2780 3 2781 6 3802 9 4985 4
2781 2 2782 4 5831 16
2782 2 2783 10 9048 13
2783 3 2784 2 6520 17 7490 19
2784 5 2785 9 5689 20 4596 14 5430 18 8437 16
2785 2 2786 11 3807 5
2786 2 2787 1 8523 2
2787 3 2788 7 1978 2 2285 11
2788 2 2789 11 8233 7
2789 3 2790 5 1771 6 4513 17
2790 1 2791 6
2791 4 2792 10 9091 13 9386 18 1340 9
2792 2 2793 2 8961 18
2793 2 2794 7 3668 2
2794 1 2795 5
2795 2 2796 8 5498 19
2796 3 2797 1 6533 17 2721 8
2797 3 2798 10 4958 2 9753 13
2798 4 2799 15 645 12 3676 4 9324 7
2799 1 2800 -4
2800 2 2801 8 1611 13
2801 4 2802 10 9025 0 2053 12 8890 6
2802 3 2803 10 6963 20 5674 7
2803 4 2804 12 7690 5 866 19 8071 15
2804 4 2805 15 2425 16 6850 -1 6220 19
2805 2 2806 15 6915 3
2806 2 2807 11 3430 9
2807 2 2808 6 9281 15
2808 1 2809 12
2809 2 2810 7 3940 0
2810 4 2811 5 7220 16 1160 10 7865 19
2811 2 2812 6 6113 17
2812 4 2813 11 7357 14 4689 12 5582 5
2813 2 2814 15 8680 14
2814 1 2815 11
2815 3 2816 10 9220 17 5123 6
2816 3 2817 11 129 8 4158 3
2817 1 2818 13
2818 1 2819 8
2819 2 2820 11 4373 2
2820 2 2821 15 3710 4
2821 1 2822 15
2822 1 2823 15
2823 3 2824 -3 9811 19 1165 9
2824 3 2825 8 4823 2 7662 -3
2825 1 2826 14
2826 1 2827 3
2827 3 2828 13 515 10 6800 19
2828 5 2829 14 5689 13 280 9 8186 16 3429 -4
2829 2 2830 7 2619 13
2830 1 2831 5
2831 2 2832 -1 8869 5
2832 3 2833 10 5967 10 6574 1
2833 2 2834 -2 9773 20
2834 3 2835 9 9989 8 4964 9
2835 2 2836 10 801 3
2836 3 2837 -3 3215 5 7787 1
2837 5 2838 -2 3998 4 5934 14 1363 11 6211 13
2838 2 2839 -3 8965 -4
2839 2 2840 3 724 18
2840 2 2841 -3 7491 7
2841 2 2842 12 1170 17
2842 1 2843 -2
2843 4 2844 -3 7416 7 1296 13 1321 7
2844 2 2845 2 1891 1
2845 5 2846 5 6026 2 1752 15 5181 18 1887 -1
2846 2 2847 10 490 20
2847 3 2848 12 2687 15 4465 5
2848 2 2849 1 5157 1
2849 2 2850 -1 3362 12
2850 4 2851 11 171 3 6905 6 8425 7
2851 2 2852 8 2503 13
2852 1 2853 15
2853 2 2854 11 2651 2
2854 2 2855 14 4444 19
2855 1 2856 11
2856 2 2857 3 5674 15
2857 2 2858 -3 3455 4
2858 2 2859 11 3331 9
2859 4 2860 15 2774 7 5642 14 6180 5
2860 3 2861 14 201 3 953 1
2861 4 2862 1 5115 6 1215 4 2544 1
2862 1 2863 -3
2863 1 2864 0
2864 2 2865 6 8971 10
2865 3 2866 11 382 1 351 16
2866 3 2867 2 2379 7 3255 1
2867 2 2868 -2 1928 0
2868 3 2869 2 2187 4 9692 6
2869 2 2870 11 604 11
2870 3 2871 2 7667 17 8355 6
2871 2 2872 1 8722 -3
2872 1 2873 1
2873 1 2874 -3
2874 2 2875 11 703 12
2875 1 2876 7
2876 1 2877 5
2877 5 2878 8 1701 17 7014 14 6836 12 954 14
2878 3 2879 -4 2518 15 4725 5
2879 4 2880 4 9865 11 3977 12 2324 3
2880 2 2881 3 3644 4
2881 4 2882 9 1189 16 4573 10 7605 19
2882 4 2883 13 9010 7 6571 12 7099 16
2883 1 2884 11
2884 2 2885 5 5131 4
2885 1 2886 10
2886 3 2887 6 7449 18 635 9
2887 2 2888 12 8642 10
2888 2 2889 6 8469 14
2889 2 2890 10 1726 18
2890 2 2891 -4 3247 9
2891 1 2892 11
2892 2 2893 4 1701 0
2893 1 2894 10
2894 1 2895 12
2895 2 2896 6 9043 1
2896 2 2897 9 3691 15
2897 2 2898 1 478 20
2898 1 2899 -1
2899 1 2900 1
2900 4 2901 12 9117 11 9541 9 7601 1
2901 1 2902 6
2902 2 2903 9 6640 8
2903 4 2904 12 4760 18 927 20 9381 16
2904 1 2905 5
2905 3 2906 5 1170 11 7854 19
2906 3 2907 9 2904 6 5044 -1
2907 1 2908 11
2908 2 2909 15 7157 11
2909 2 2910 1 3805 7
2910 2 2911 13 8070 4
2911 2 2912 12 4789 20
2912 1 2913 0
2913 2 2914 14 1368 14
2914 3 2915 13 2802 10 7267 18
2915 3 2916 12 135 8 145 6
2916 5 2917 5 1835 17 8825 5 8520 16 1811 13
2917 4 2918 7 368 13 4230 3 9706 18
2918 3 2919 9 5834 13 1555 5
2919 2 2920 4 6237 2
2920 2 2921 14 7252 18
2921 2 2922 6 1239 2
2922 2 2923 7 5076 20
2923 1 2924 6
2924 3 2925 13 845 13 554 3
2925 1 2926 7
2926 1 2927 5
2927 3 2928 2 9013 4 2261 6
2928 1 2929 5
2929 3 2930 -3 4910 6 6234 18
2930 1 2931 8
2931 2 2932 8 3819 1
2932 1 2933 5
2933 1 2934 2
2934 3 2935 15 2109 11 4036 8
2935 1 2936 8
2936 3 2937 4 3238 8 9302 2
2937 1 2938 1
2938 3 2939 1 3342 7 6124 16
2939 3 2940 2 1521 7 7286 9
2940 1 2941 14
2941 3 2942 9 5683 10 2349 15
2942 2 2943 14 8828 6
2943 2 2944 14 3103 10
2944 1 2945 11
2945 1 2946 2
2946 3 2947 -4 9298 0 325 14
2947 2 2948 14 3499 5
2948 3 2949 14 3616 10 8377 19
2949 3 2950 13 9714 8 1016 18
2950 3 2951 10 1240 0 1085 -4
2951 3 2952 -4 4669 18 4690 7
2952 2 2953 10 4561 6
2953 1 2954 8
2954 5 2955 5 6544 7 5526 5 3388 18 7543 13
2955 1 2956 7
2956 2 2957 -1 3137 3
2957 3 2958 13 2013 11 8185 10
2958 2 2959 9 7885 6
2959 3 2960 8 2549 4 3234 19
2960 3 2961 8 2062 7 631 4
2961 1 2962 6
2962 3 2963 3 1227 13 3743 16
2963 2 2964 13 8832 20
2964 1 2965 -2
2965 3 2966 14 6352 4 3802 9
2966 2 2967 5 2653 8
2967 6 2968 6 4506 17 5269 3 1643 16 5365 15 7045 -2
2968 2 2969 12 618 2
2969 2 2970 12 341 1
2970 2 2971 4 2229 15
2971 1 2972 10
2972 2 2973 5 3188 12
2973 3 2974 2 5300 1 1286 10
2974 3 2975 12 7798 16 5946 0
2975 3 2976 9 9536 6 5622 2
2976 2 2977 2 1876 7
2977 3 2978 15 112 17 8031 19
2978 3 2979 7 5568 1 4720 18
2979 2 2980 11 63 13
2980 2 2981 14 9680 15
2981 1 2982 11
2982 3 2983 6 2013 3 4368 16
2983 3 2984 3 9734 15 7849 1
2984 5 2985 4 9673 1 1763 9 6984 4 5074 18
2985 1 2986 12
2986 2 2987 5 2475 -3
2987 4 2988 11 445 12 9738 6 6372 18
2988 2 2989 7 8489 12
2989 3 2990 9 4144 8 1270 17
2990 4 2991 2 2003 6 9368 1 7833 17
2991 3 2992 1 665 -4 3913 -1
2992 3 2993 3 2202 8 9245 0
2993 3 2994 10 6318 19 8077 8
2994 2 2995 4 4452 3
2995 2 2996 1 1438 1
2996 3 2997 8 5790 2 7587 16
2997 1 2998 14
2998 1 2999 1
2999 2 3000 13 7390 13
3000 2 3001 10 5883 0
3001 1 3002 5
3002 2 3003 5 9294 5
3003 3 3004 9 3984 16 1942 8
3004 3 3005 2 705 7 6180 18
3005 2 3006 15 3108 16
3006 2 3007 1 571 6
3007 1 3008 11
3008 1 3009 14
3009 1 3010 2
3010 4 3011 10 6446 15 1990 -3 8389 2
3011 1 3012 9
3012 5 3013 9 4768 -3 2303 3 768 1 2127 11
3013 2 3014 2 5183 5
3014 1 3015 4
3015 3 3016 1 7608 8 5687 19
3016 3 3017 15 5568 18 9183 10
3017 5 3018 3 528 2 273 14 4597 11 7298 1
3018 1 3019 2
3019 2 3020 13 8235 14
3020 4 3021 -3 4101 8 1758 2 3943 20
3021 2 3022 13 786 9
3022 5 3023 3 2010 13 137 19 9945 16 5390 15
3023 1 3024 3
3024 7 3025 5 9151 19 2873 17 3842 17 1608 1 4795 1 9774 14
3025 4 3026 5 615 15 7365 6 394 18
3026 3 3027 4 3225 16 6167 17
3027 3 3028 14 6093 19 6192 11
3028 3 3029 7 7684 7 644 0
3029 3 3030 3 6164 6 110 2
3030 2 3031 15 2003 10
3031 1 3032 12
3032 2 3033 -4 3526 19
3033 4 3034 10 2134 20 3195 10 8131 4
3034 1 3035 9
3035 3 3036 8 2345 15 2894 15
3036 1 3037 11
3037 7 3038 12 9863 16 3833 5 1819 15 92 4 9215 3 6395 5
3038 4 3039 5 2550 11 514 11 3775 6
3039 2 3040 3 8843 1
3040 1 3041 13
3041 4 3042 11 3547 14 5254 7 2037 13
3042 1 3043 7
3043 2 3044 3 1839 19
3044 2 3045 1 4648 9
3045 5 3046 7 9208 7 5605 9 2969 -2 7742 8
3046 1 3047 -1
3047 2 3048 13 1007 8
3048 2 3049 3 3386 20
3049 2 3050 10 2896 -2
3050 2 3051 7 9692 8
3051 1 3052 10
3052 2 3053 14 5581 15
3053 4 3054 2 3063 13 8939 17 7607 19
3054 1 3055 13
3055 3 3056 1 8949 11 4850 15
3056 3 3057 10 2353 4 7014 2
3057 1 3058 14
3058 4 3059 14 1373 13 9799 1 2750 4
3059 1 3060 10
3060 4 3061 10 1420 -1 5150 15 1204 7
3061 3 3062 6 9600 9 1270 2
3062 3 3063 4 3882 11 8414 20
3063 2 3064 0 336 3
3064 4 3065 15 869 5 1677 7 6246 0
3065 3 3066 3 9588 11 1392 4
3066 1 3067 2
3067 2 3068 9 1564 14
3068 3 3069 -4 1125 11 9207 7
3069 1 3070 10
3070 1 3071 -4
3071 3 3072 -2 9666 2 8593 16
3072 2 3073 4 1034 7
3073 2 3074 10 3898 7
3074 2 3075 14 1956 1
3075 1 3076 3
3076 2 3077 4 9720 13
3077 5 3078 4 6097 16 836 14 9443 6 4338 10
3078 2 3079 10 8416 6
3079 3 3080 4 2519 7 1651 16
3080 2 3081 7 6018 -3
3081 3 3082 4 6980 -2 9314 18
3082 2 3083 6 370 0
3083 1 3084 7
3084 1 3085 -2
3085 1 3086 4
3086 2 3087 11 5634 2
3087 2 3088 10 6525 -1
3088 1 3089 -3
3089 2 3090 11 2749 6
3090 1 3091 8
3091 1 3092 5
3092 3 3093 0 3221 11 2199 15
3093 1 3094 13
3094 1 3095 3
3095 1 3096 12
3096 2 3097 -4 4353 -4
3097 1 3098 1
3098 2 3099 7 8170 17
3099 2 3100 15 8061 16
3100 1 3101 4
3101 1 3102 9
3102 3 3103 6 5890 -4 6206 20
3103 2 3104 5 6824 0
3104 3 3105 4 3609 -2 410 4
3105 1 3106 14
3106 1 3107 8
3107 2 3108 7 1545 20
3108 3 3109 13 9149 1 8506 10
3109 3 3110 7 6984 19 5810 17
3110 3 3111 -1 769 15 932 4
3111 1 3112 8
3112 2 3113 7 5425 8
3113 3 3114 4 8893 20 2659 13
3114 1 3115 15
3115 2 3116 4 3394 9
3116 2 3117 15 4302 10
3117 2 3118 14 363 4
3118 3 3119 7 9413 5 2819 16
3119 4 3120 15 6525 10 3657 14 158 9
3120 1 3121 13
3121 5 3122 3 807 15 2078 20 5958 8 5122 19
3122 1 3123 14
3123 2 3124 11 7725 7
3124 2 3125 -3 4992 15
3125 1 3126 -3
3126 2 3127 5 313 11
3127 2 3128 -3 6374 9
3128 2 3129 11 1041 15
3129 1 3130 7
3130 2 3131 5 9340 3
3131 3 3132 11 9782 9 3734 15
3132 4 3133 12 9356 2 9529 5 6556 10
3133 7 3134 -4 1920 -1 5413 20 6794 4 8549 2 2543 20 9814 20
3134 1 3135 8
3135 3 3136 13 3997 5 1120 6
3136 6 3137 -4 6227 12 1443 5 3848 3 5001 5 2272 0
3137 1 3138 4
3138 4 3139 3 4176 11 4167 10 7616 17
3139 1 3140 11
3140 2 3141 -3 658 19
3141 4 3142 13 6962 18 1653 12 8993 13
3142 6 3143 7 6639 18 2168 8 1793 14 4591 4 1774 8
3143 2 3144 -3 8911 16
3144 3 3145 12 5140 11 4238 0
3145 4 3146 7 4520 1 2155 15 6135 14
3146 2 3147 11 1982 18
3147 2 3148 1 2693 14
3148 1 3149 3
3149 2 3150 9 4860 9
3150 3 3151 11 6580 6 154 8
3151 4 3152 2 8036 3 5966 5 8281 8
3152 4 3153 -3 508 19 9352 7 600 5
3153 2 3154 1 3597 19
3154 5 3155 13 8728 20 3583 9 1907 13 7203 10
3155 1 3156 3
3156 4 3157 5 8372 12 6675 19 8240 2
3157 2 3158 15 1972 19
3158 4 3159 7 8416 17 2432 3 1590 4
3159 1 3160 5
3160 3 3161 1 2083 16 8662 8
3161 1 3162 10
3162 1 3163 14
3163 3 3164 4 5323 6 6056 3
3164 1 3165 12
3165 2 3166 -2 2157 1
3166 4 3167 8 3344 9 2240 2 1347 1
3167 1 3168 3
3168 5 3169 13 893 5 3971 5 9488 17 3303 4
3169 2 3170 7 7655 6
3170 5 3171 1 2842 2 9550 3 6329 -4 1073 16
3171 1 3172 1
3172 5 3173 10 682 -3 1221 13 5273 10 5544 17
3173 3 3174 12 7490 6 6759 11
3174 2 3175 4 8148 13
3175 2 3176 7 6367 -1
3176 4 3177 15 2388 15 820 0 17 11
3177 2 3178 4 7993 7
3178 3 3179 4 9847 1 7397 17
3179 2 3180 5 3781 7
3180 2 3181 6 3249 16
3181 5 3182 15 9159 19 1750 2 5931 6 1163 -3
3182 3 3183 1 1271 11 2169 2
3183 5 3184 7 2662 5 7271 18 2832 9 4674 12
3184 4 3185 2 6610 11 1656 6 1467 2
3185 2 3186 12 2427 1
3186 2 3187 11 5166 6
3187 3 3188 12 8356 9 5092 1
3188 2 3189 15 3096 20
3189 1 3190 15
3190 3 3191 5 2763 7 9390 11
3191 3 3192 13 2089 16 4541 15
3192 2 3193 12 4170 6
3193 2 3194 10 4117 0
3194 4 3195 8 2194 16 5713 1 8510 5
3195 2 3196 7 3424 11
3196 3 3197 2 4101 7 981 12
3197 2 3198 1 3724 17
3198 2 3199 11 9035 1
3199 1 3200 3
3200 3 3201 7 7098 -4 4576 -2
3201 1 3202 8
3202 1 3203 13
3203 3 3204 1 850 18 8151 -4
3204 3 3205 1 9353 9 7095 9
3205 1 3206 5
3206 2 3207 4 1316 11
3207 2 3208 2 9517 4
3208 4 3209 7 8459 18 3037 1 6270 3
3209 1 3210 14
3210 3 3211 7 544 2 1109 16
3211 3 3212 10 8997 17 1107 19
3212 2 3213 0 1287 20
3213 2 3214 -2 5921 20
3214 1 3215 12
3215 3 3216 -3 9943 19 7114 2
3216 2 3217 10 5675 8
3217 3 3218 -4 6766 12 2380 2
3218 2 3219 -1 6779 4
3219 3 3220 15 705 7 6944 17
3220 2 3221 -1 1618 13
3221 3 3222 13 4954 4 1021 -1
3222 3 3223 -3 6352 -4 6140 10
3223 3 3224 6 6330 15 8426 2
3224 3 3225 9 4315 7 3948 0
3225 3 3226 5 128 -2 9422 1
3226 2 3227 10 8432 15
3227 4 3228 7 1870 5 610 4 7011 7
3228 2 3229 4 8217 9
3229 4 3230 8 160 18 1910 1 112 5
3230 1 3231 3
3231 2 3232 15 9203 7
3232 4 3233 11 6703 9 6651 6 3148 6
3233 2 3234 15 6589 4
3234 2 3235 15 9417 -3
3235 3 3236 3 928 6 9703 8
3236 1 3237 -1
3237 4 3238 4 9753 7 5573 9 2740 18
3238 1 3239 13
3239 3 3240 10 5909 7 9117 9
3240 1 3241 11
3241 3 3242 14 7766 11 275 16
3242 2 3243 3 1340 5
3243 1 3244 2
3244 1 3245 8
3245 2 3246 4 314 3
3246 1 3247 4
3247 2 3248 0 2001 1
3248 2 3249 11 6501 12
3249 2 3250 14 6767 13
3250 2 3251 3 3809 6
3251 3 3252 3 1045 1 3716 -1
3252 1 3253 -1
3253 1 3254 1
3254 3 3255 4 8893 3 1104 -1
3255 2 3256 15 9170 -3
3256 4 3257 12 6400 3 4255 3 7721 14
3257 2 3258 8 1318 15
3258 2 3259 0 7708 16
3259 3 3260 7 818 6 3639 10
3260 1 3261 11
3261 2 3262 8 3110 0
3262 2 3263 12 4470 7
3263 3 3264 -4 8863 11 6992 2
3264 2 3265 3 9670 5
3265 3 3266 12 1334 10 3007 5
3266 1 3267 13
3267 5 3268 13 3977 10 6420 17 2258 1 3021 15
3268 1 3269 0
3269 4 3270 14 6790 1 8109 19 6 15
3270 3 3271 9 2137 9 6566 -1
3271 4 3272 13 2408 12 1939 3 1810 18
3272 2 3273 11 1486 11
3273 2 3274 1 9360 2
3274 3 3275 3 6393 -3 942 15
3275 1 3276 9
3276 3 3277 10 3944 2 2172 20
3277 3 3278 2 2008 4 2090 1
3278 3 3279 -4 104 2 2969 3
3279 4 3280 12 4388 3 228 11 6557 3
3280 1 3281 -2
3281 2 3282 9 5901 0
3282 1 3283 5
3283 3 3284 2 9934 5 3060 8
3284 2 3285 14 6964 13
3285 2 3286 12 7699 9
3286 5 3287 10 2479 4 4039 12 849 16 4367 -3
3287 1 3288 9
3288 2 3289 8 4268 18
3289 3 3290 -3 105 7 8133 10
3290 2 3291 12 7196 16
3291 1 3292 9
3292 3 3293 11 6112 -1 2315 -4
3293 3 3294 3 5217 17 8480 13
3294 2 3295 3 3851 14
3295 5 3296 4 8418 2 6356 3 5142 14 4603 6
3296 2 3297 5 1928 14
3297 1 3298 3
3298 3 3299 11 6389 7 3085 8
3299 1 3300 -4
3300 1 3301 9
3301 1 3302 8
3302 2 3303 13 8309 7
3303 4 3304 2 7459 11 2784 12 2019 13
3304 2 3305 7 2578 -3
3305 3 3306 5 1941 8 5445 15
3306 4 3307 7 2021 3 642 4 9172 -2
3307 2 3308 -3 264 10
3308 1 3309 12
3309 2 3310 4 2733 11
3310 1 3311 14
3311 1 3312 10
3312 3 3313 -1 6702 11 8721 13
3313 2 3314 11 4272 19
3314 5 3315 10 5649 6 991 20 2057 20 432 3
3315 2 3316 12 243 6
3316 2 3317 -1 4664 1
3317 3 3318 1 4448 1 7356 9
3318 2 3319 13 3509 4
3319 2 3320 -1 1921 10
3320 3 3321 -2 4290 2 4211 2
3321 1 3322 13
3322 2 3323 14 6243 14
3323 3 3324 10 151 13 9354 19
3324 4 3325 10 5630 1 209 11 3675 7
3325 1 3326 10
3326 2 3327 12 8610 11
3327 2 3328 8 8982 17
3328 1 3329 7
3329 3 3330 -2 2311 13 6175 16
3330 4 3331 10 4983 14 59 7 7429 6
3331 1 3332 15
3332 4 3333 1 6335 3 8810 15 1615 16
3333 2 3334 9 4598 4
3334 1 3335 6
3335 2 3336 -4 2322 12
3336 2 3337 6 7800 2
3337 2 3338 3 5711 7
3338 3 3339 12 5841 4 1809 3
3339 1 3340 11
3340 2 3341 14 2766 2
3341 1 3342 11
3342 2 3343 10 7941 -4
3343 1 3344 6
3344 1 3345 2
3345 3 3346 1 8606 15 5250 6
3346 3 3347 12 4723 7 1948 -2
3347 3 3348 8 8434 14 1877 12
3348 2 3349 1 6625 17
3349 1 3350 10
3350 1 3351 7
3351 3 3352 6 9142 19 1041 9
3352 4 3353 -1 9881 6 3204 1 4051 7
3353 2 3354 1 6560 -4
3354 2 3355 -1 3650 1
3355 3 3356 3 6489 13 7377 20
3356 1 3357 13
3357 2 3358 -1 9600 -3
3358 3 3359 10 7873 16 2812 13
3359 2 3360 8 9619 13
3360 1 3361 9
3361 2 3362 -3 2164 3
3362 1 3363 14
3363 1 3364 10
3364 5 3365 11 5817 17 9473 10 1537 1 6015 6
3365 2 3366 4 3304 4
3366 1 3367 3
3367 3 3368 11 2232 5 9610 15
3368 2 3369 0 2301 14
3369 1 3370 3
3370 1 3371 14
3371 1 3372 14
3372 2 3373 6 662 3
3373 3 3374 11 5062 17 5549 17
3374 3 3375 4 8279 18 5119 5
3375 1 3376 9
3376 2 3377 1 7123 4
3377 3 3378 3 163 2 1126 17
3378 3 3379 15 5264 19 359 18
3379 3 3380 2 2710 -4 3381 11
3380 4 3381 8 2905 9 9921 20 2430 14
3381 2 3382 7 1753 9
3382 1 3383 -1
3383 1 3384 11
3384 1 3385 5
3385 4 3386 1 9644 19 7070 15 1805 19
3386 1 3387 12
3387 2 3388 10 2006 -3
3388 3 3389 12 1051 18 4510 6
3389 2 3390 4 3270 11
3390 2 3391 9 9354 7
3391 2 3392 7 6520 14
3392 1 3393 14
3393 3 3394 8 6138 1 6994 -3
3394 1 3395 6
3395 2 3396 -1 6318 7
3396 2 3397 10 6535 4
3397 5 3398 15 6176 7 2168 7 4461 9 662 12
3398 1 3399 7
3399 1 3400 15
3400 2 3401 -4 1431 13
3401 1 3402 7
3402 3 3403 4 3317 9 989 18
3403 3 3404 9 377 15 2595 1
3404 3 3405 -4 4627 15 1992 7
3405 4 3406 6 6893 13 3418 4 636 0
3406 1 3407 7
3407 1 3408 13
3408 2 3409 2 5775 6
3409 1 3410 12
3410 1 3411 10
3411 1 3412 11
3412 5 3413 12 1742 18 2911 -3 6430 19 1290 4
3413 5 3414 9 9662 2 6685 11 5955 9 1081 19
3414 3 3415 9 9529 18 6204 6
3415 5 3416 2 7496 16 7529 11 8956 14 3761 3
3416 3 3417 9 7725 -2 1849 3
3417 4 3418 14 1128 17 5156 2 876 8
3418 3 3419 10 1116 14 1795 8
3419 1 3420 3
3420 2 3421 12 1152 8
3421 3 3422 8 7172 5 1574 0
3422 4 3423 4 3720 19 2085 19 9107 15
3423 2 3424 13 8598 2
3424 5 3425 3 9388 -1 3144 19 512 14 1333 20
3425 3 3426 13 3288 19 6781 15
3426 1 3427 3
3427 3 3428 5 8739 9 9685 16
3428 1 3429 9
3429 2 3430 10 6218 9
3430 5 3431 4 1200 12 8085 12 6178 13 5440 11
3431 2 3432 13 1329 2
3432 2 3433 13 8033 15
3433 2 3434 12 2227 14
3434 1 3435 5
3435 4 3436 5 7958 5 7770 1 6323 4
3436 4 3437 12 7393 13 6945 3 2094 18
3437 4 3438 12 949 4 1842 -4 1534 4
3438 3 3439 -2 259 6 2669 13
3439 1 3440 15
3440 3 3441 15 882 1 4679 -2
3441 3 3442 7 4774 2 2343 -3
3442 3 3443 8 6971 4 7224 3
3443 3 3444 12 3687 11 3669 19
3444 2 3445 4 2386 3
3445 1 3446 4
3446 3 3447 4 112 7 5016 3
3447 1 3448 6
3448 5 3449 10 2232 16 8634 15 8906 5 9824 15
3449 3 3450 1 9223 3 8954 2
3450 4 3451 10 7192 15 6938 10 3790 7
3451 1 3452 8
3452 4 3453 11 3854 19 5365 14 6462 20
3453 2 3454 8 2422 6
3454 3 3455 3 9558 19 124 -3
3455 1 3456 12
3456 3 3457 4 3011 20 2727 0
3457 2 3458 15 457 20
3458 3 3459 10 7258 3 66 5
3459 3 3460 7 9026 18 9704 -4
3460 1 3461 5
3461 2 3462 8 5815 14
3462 2 3463 3 1761 8
3463 2 3464 13 4494 9
3464 1 3465 -3
3465 1 3466 10
3466 2 3467 5 2817 9
3467 3 3468 13 2055 18 720 9
3468 1 3469 5
3469 1 3470 8
3470 2 3471 14 3339 2
3471 2 3472 0 7882 20
3472 2 3473 11 2486 20
3473 2 3474 8 2161 1
3474 3 3475 12 2787 16 2947 16
3475 1 3476 6
3476 2 3477 15 2500 13
3477 1 3478 4
3478 3 3479 5 1599 1 7273 11
3479 1 3480 3
3480 2 3481 7 1428 8
3481 2 3482 2 9257 14
3482 1 3483 11
3483 1 3484 3
3484 4 3485 3 11 8 6621 8 697 3
3485 2 3486 2 3135 15
3486 3 3487 9 492 0 9271 4
3487 1 3488 1
3488 3 3489 5 4207 18 1781 12
3489 3 3490 6 1320 16 5266 10
3490 2 3491 14 785 8
3491 6 3492 1 8581 5 8461 1 2224 11 3325 19 3494 7
3492 1 3493 6
3493 1 3494 14
3494 2 3495 4 8239 9
3495 3 3496 4 5977 20 2715 20
3496 1 3497 8
3497 3 3498 15 5572 16 5066 17
3498 1 3499 11
3499 4 3500 11 1355 9 4011 6 473 19
3500 1 3501 10
3501 3 3502 9 8370 16 7942 18
3502 4 3503 5 3294 4 7856 10 8072 12
3503 4 3504 10 3867 19 631 12 4284 16
3504 1 3505 11
3505 2 3506 12 8 -2
3506 3 3507 2 162 12 1492 13
3507 6 3508 5 4378 2 2958 7 2829 9 2544 17 1050 4
3508 3 3509 12 701 14 4583 20
3509 3 3510 8 1097 15 8263 13
3510 2 3511 8 9583 3
3511 2 3512 4 1427 8
3512 3 3513 3 9871 13 3464 14
3513 2 3514 8 452 18
3514 2 3515 14 921 1
3515 2 3516 2 2381 17
3516 1 3517 4
3517 1 3518 7
3518 4 3519 7 1823 19 5315 2 464 20
3519 2 3520 15 5112 19
3520 1 3521 9
3521 1 3522 12
3522 2 3523 11 459 3
3523 2 3524 2 1928 3
3524 2 3525 10 5329 16
3525 1 3526 8
3526 3 3527 3 1228 15 6579 -1
3527 2 3528 10 7369 10
3528 2 3529 3 8078 18
3529 2 3530 -3 4 0
3530 2 3531 -4 197 2
3531 1 3532 0
3532 1 3533 12
3533 3 3534 3 7923 16 2519 13
3534 2 3535 3 7067 3
3535 4 3536 11 7713 19 8726 0 8786 3
3536 1 3537 12
3537 4 3538 1 2531 14 6519 20 3334 4
3538 2 3539 14 8653 5
3539 1 3540 3
3540 3 3541 7 7176 3 8931 3
3541 3 3542 10 607 3 9871 1
3542 2 3543 13 8088 19
3543 1 3544 13
3544 3 3545 7 7674 3 1871 20
3545 4 3546 1 3007 0 1557 2 8966 10
3546 1 3547 12
3547 3 3548 8 9997 -1 9089 6
3548 1 3549 7
3549 4 3550 12 3193 18 2103 5 8711 15
3550 3 3551 8 6873 15 6656 15
3551 1 3552 6
3552 2 3553 4 1823 -4
3553 3 3554 7 9643 8 1999 20
3554 1 3555 9
3555 4 3556 5 3413 4 3957 5 6042 20
3556 3 3557 4 492 18 4109 -4
3557 4 3558 12 1074 15 6396 19 315 3
3558 1 3559 6
3559 3 3560 9 7849 1 287 7
3560 1 3561 11
3561 3 3562 11 9834 17 6901 1
3562 2 3563 1 5885 1
3563 2 3564 5 3106 17
3564 1 3565 12
3565 3 3566 3 10 15 4816 15
3566 1 3567 3
3567 3 3568 9 5749 4 1439 7
3568 3 3569 5 2652 8 9061 3
3569 1 3570 15
3570 2 3571 10 6594 11
3571 3 3572 4 2012 10 2349 0
3572 2 3573 13 6759 20
3573 2 3574 2 7253 8
3574 1 3575 4
3575 2 3576 4 2584 17
3576 2 3577 -1 1370 15
3577 4 3578 6 8274 4 86 7 882 18
3578 3 3579 7 3842 -1 1374 19
3579 2 3580 1 632 17
3580 2 3581 14 720 2
3581 1 3582 2
3582 1 3583 4
3583 3 3584 8 9217 14 7903 1
3584 4 3585 6 2060 -3 3110 19 483 8
3585 1 3586 14
3586 2 3587 4 9926 13
3587 1 3588 2
3588 1 3589 3
3589 2 3590 5 2151 0
3590 1 3591 8
3591 2 3592 14 9145 1
3592 1 3593 11
3593 5 3594 12 3325 18 2523 17 2180 19 609 16
3594 4 3595 2 2474 10 4404 7 3122 14
3595 2 3596 1 9130 0
3596 4 3597 3 7503 16 8953 -2 1094 20
3597 1 3598 1
3598 4 3599 11 1202 8 9826 7 3973 15
3599 2 3600 6 6188 16
3600 4 3601 5 9622 14 1293 9 4038 15
3601 1 3602 6
3602 1 3603 3
3603 3 3604 10 7929 -1 762 15
3604 2 3605 4 4935 7
3605 3 3606 -1 9603 7 2127 8
3606 2 3607 6 2835 16
3607 3 3608 10 463 11 3891 17
3608 1 3609 10
3609 1 3610 11
3610 1 3611 5
3611 3 3612 10 9083 1 7246 10
3612 2 3613 6 5427 1
3613 3 3614 15 7214 7 2294 6
3614 3 3615 -1 5315 10 3740 3
3615 2 3616 3 8586 16
3616 1 3617 10
3617 2 3618 5 1691 11
3618 1 3619 12
3619 1 3620 15
3620 1 3621 6
3621 1 3622 3
3622 2 3623 2 7260 8
3623 3 3624 7 8755 7 590 13
3624 1 3625 11
3625 3 3626 13 7499 18 4243 3
3626 4 3627 9 3206 4 8267 5 156 13
3627 2 3628 -1 9366 3
3628 2 3629 -2 9901 8
3629 3 3630 4 9316 -3 4083 18
3630 2 3631 12 5982 10
3631 2 3632 11 439 7
3632 1 3633 6
3633 2 3634 7 9505 9
3634 3 3635 13 712 19 4725 13
3635 2 3636 11 6997 1
3636 3 3637 8 7461 14 2392 1
3637 2 3638 5 6917 3
3638 1 3639 2
3639 1 3640 4
3640 3 3641 12 5629 3 527 11
3641 2 3642 3 6835 1
3642 2 3643 6 1672 19
3643 1 3644 14
3644 1 3645 6
3645 1 3646 4
3646 2 3647 1 518 6
3647 1 3648 5
3648 1 3649 -2
3649 2 3650 12 6345 3
3650 2 3651 12 3271 1
3651 3 3652 10 8431 4 2599 4
3652 1 3653 14
3653 1 3654 3
3654 3 3655 12 3316 18 9839 14
3655 3 3656 12 5518 5 834 20
3656 3 3657 0 237 11 2818 7
3657 3 3658 11 3565 10 5132 12
3658 3 3659 2 2775 16 6068 12
3659 2 3660 -4 841 18
3660 2 3661 2 850 7
3661 2 3662 -3 6761 -2
3662 2 3663 4 5827 16
3663 1 3664 14
3664 4 3665 8 8861 9 2675 16 5431 10
3665 2 3666 9 5436 6
3666 1 3667 5
3667 5 3668 14 5367 10 1321 15 2838 19 4968 17
3668 3 3669 13 5668 -2 5860 14
3669 2 3670 9 3924 -3
3670 3 3671 10 9972 9 1993 14
3671 1 3672 14
3672 3 3673 2 7359 6 301 9
3673 3 3674 15 1887 -4 9422 4
3674 4 3675 15 4249 0 1846 16 5231 3
3675 3 3676 1 4074 0 1020 -4
3676 4 3677 7 2836 13 5889 14 3820 1
3677 1 3678 10
3678 2 3679 9 4794 0
3679 2 3680 9 599 4
3680 2 3681 4 2052 15
3681 4 3682 -4 9045 6 3908 20 253 -1
3682 2 3683 -1 761 4
3683 4 3684 3 1848 11 7787 5 9987 6
3684 2 3685 3 4407 12
3685 4 3686 -4 6562 6 7920 12 4229 1
3686 2 3687 1 1672 16
3687 2 3688 6 887 14
3688 4 3689 1 417 1 2205 10 7698 6
3689 4 3690 3 988 9 2948 16 4774 14
3690 3 3691 3 5778 14 6743 3
3691 2 3692 3 3606 15
3692 1 3693 3
3693 2 3694 6 5452 11
3694 3 3695 3 7729 4 8394 16
3695 2 3696 5 3866 17
3696 3 3697 9 7140 20 1680 18
3697 6 3698 1 7797 12 1633 13 1829 15 2659 12 8804 1
3698 3 3699 3 3512 -3 748 -2
3699 1 3700 11
3700 1 3701 5
3701 5 3702 2 376 0 6963 9 1486 8 7379 15
3702 2 3703 4 2799 14
3703 3 3704 7 7161 1 2552 20
3704 2 3705 5 2041 16
3705 5 3706 11 9303 -2 7402 18 3417 18 5857 -4
3706 4 3707 4 6227 17 6563 11 3019 2
3707 3 3708 7 3425 7 765 5
3708 2 3709 1 4610 1
3709 2 3710 3 4952 14
3710 2 3711 15 5217 17
3711 5 3712 4 9267 8 5035 14 3926 20 7196 19
3712 1 3713 6
3713 2 3714 8 8257 8
3714 3 3715 9 4050 0 5028 2
3715 1 3716 6
3716 3 3717 12 451 2 1763 -3
3717 3 3718 13 9855 11 4463 15
3718 3 3719 10 5444 1 8036 9
3719 1 3720 12
3720 3 3721 6 4659 9 2008 10
3721 3 3722 14 1599 2 2378 13
3722 1 3723 6
3723 2 3724 5 9332 1
3724 3 3725 4 8583 10 7100 4
3725 3 3726 5 2910 7 1485 3
3726 3 3727 7 4463 1 1906 3
3727 2 3728 15 3340 10
3728 2 3729 15 2843 18
3729 5 3730 -3 7588 2 2766 1 8377 14 7709 7
3730 1 3731 -4
3731 1 3732 2
3732 1 3733 12
3733 3 3734 3 7263 10 7653 20
3734 3 3735 5 1868 1 3502 15
3735 3 3736 12 5052 4 2865 15
3736 3 3737 8 5810 4 4233 6
3737 4 3738 13 4021 6 6305 17 3492 11
3738 4 3739 3 2421 13 9353 8 2029 4
3739 2 3740 9 6336 13
3740 2 3741 -3 6146 -4
3741 3 3742 4 3517 9 9145 10
3742 1 3743 5
3743 4 3744 11 6467 0 7431 18 6099 13
3744 1 3745 13
3745 1 3746 2
3746 2 3747 3 4531 20
3747 1 3748 11
3748 1 3749 10
3749 1 3750 2
3750 2 3751 8 1753 14
3751 2 3752 11 8937 13
3752 2 3753 15 1056 15
3753 4 3754 2 1326 20 2744 3 6193 6
3754 2 3755 1 7794 3
3755 1 3756 2
3756 1 3757 9
3757 2 3758 3 9514 7
3758 3 3759 0 8814 2 6806 3
3759 2 3760 3 8539 4
3760 2 3761 12 2552 19
3761 2 3762 9 2960 16
3762 3 3763 7 9335 2 969 10
3763 6 3764 4 7752 17 246 2 2640 2 157 -3 7251 7
3764 1 3765 8
3765 4 3766 15 3705 8 9616 15 4826 14
3766 2 3767 -3 1594 12
3767 3 3768 15 4941 20 6794 8
3768 2 3769 3 2860 11
3769 2 3770 15 6150 19
3770 3 3771 9 2061 20 7274 18
3771 2 3772 5 4216 1
3772 4 3773 6 1116 18 4430 13 4335 16
3773 3 3774 3 787 7 1764 11
3774 4 3775 5 7906 8 9272 17 8900 7
3775 3 3776 12 8021 7 3079 6
3776 2 3777 12 4538 19
3777 3 3778 6 1739 20 3475 15
3778 2 3779 7 8790 17
3779 3 3780 -3 444 0 9011 20
3780 2 3781 -2 3624 8
3781 1 3782 4
3782 3 3783 -2 3399 15 2068 12
3783 2 3784 14 7987 14
3784 1 3785 14
3785 3 3786 8 1405 2 8564 11
3786 1 3787 8
3787 3 3788 13 4111 2 7170 16
3788 1 3789 -4
3789 1 3790 2
3790 3 3791 3 7387 14 1919 11
3791 1 3792 -4
3792 6 3793 4 672 9 1073 2 9462 17 5819 7 8825 15
3793 1 3794 8
3794 4 3795 12 4853 15 2478 3 2813 11
3795 1 3796 6
3796 1 3797 9
3797 3 3798 8 8268 8 9771 10
3798 4 3799 7 6633 10 1206 0 1845 3
3799 4 3800 9 2897 17 4995 20 4185 15
3800 5 3801 6 448 4 5974 4 1124 17 7172 13
3801 2 3802 2 7947 15
3802 3 3803 1 7145 16 3685 16
3803 3 3804 4 5843 20 7825 -4
3804 2 3805 13 8286 18
3805 3 3806 4 1812 20 4580 15
3806 5 3807 14 776 8 8402 15 3766 7 3292 11
3807 3 3808 10 1570 0 1878 -1
3808 9 3809 1 12 18 7532 12 3289 7 9736 8 1497 20 9876 18 9973 9 1235 13
3809 1 3810 1
3810 4 3811 9 179 2 467 9 948 10
3811 3 3812 1 6929 10 5162 5
3812 1 3813 2
3813 3 3814 9 4562 10 6831 2
3814 3 3815 7 9074 10 3373 3
3815 1 3816 3
3816 2 3817 10 542 2
3817 3 3818 15 8846 16 3450 1
3818 3 3819 10 4605 17 3261 20
3819 2 3820 7 7865 8
3820 1 3821 5
3821 1 3822 4
3822 1 3823 15
3823 1 3824 2
3824 3 3825 9 3466 18 925 18
3825 3 3826 12 5187 13 5479 16
3826 2 3827 -1 9171 -2
3827 3 3828 10 222 5 8847 20
3828 4 3829 7 8293 5 7795 19 7541 13
3829 2 3830 11 25 -2
3830 3 3831 1 229 4 8484 3
3831 2 3832 -3 6105 5
3832 1 3833 14
3833 2 3834 2 4176 19
3834 1 3835 2
3835 2 3836 14 5156 15
3836 2 3837 7 8346 2
3837 3 3838 6 9786 13 1035 10
3838 2 3839 -4 2018 4
3839 1 3840 2
3840 2 3841 14 7626 15
3841 3 3842 14 484 4 9359 13
3842 2 3843 5 6386 -1
3843 2 3844 2 4712 4
3844 2 3845 9 4612 5
3845 1 3846 13
3846 3 3847 13 5045 13 2540 6
3847 3 3848 -1 352 9 8219 14
3848 3 3849 8 4818 3 817 12
3849 5 3850 13 8093 16 4737 6 3488 2 7927 17
3850 2 3851 9 5355 11
3851 4 3852 0 2450 13 8424 19 4134 5
3852 3 3853 10 8261 10 1690 12
3853 2 3854 5 4411 1
3854 3 3855 11 6230 -1 6884 10
3855 1 3856 7
3856 3 3857 12 7512 8 3337 18
3857 3 3858 3 1791 10 8620 16
3858 5 3859 8 7943 5 1406 1 3318 5 740 15
3859 1 3860 8
3860 1 3861 10
3861 3 3862 9 1621 6 6105 2
3862 4 3863 15 710 6 1703 8 1262 8
3863 2 3864 4 2401 2
3864 1 3865 14
3865 3 3866 11 8541 15 8975 13
3866 5 3867 11 1520 12 3457 -3 8013 7 2965 7
3867 4 3868 -1 5151 15 7919 18 6779 10
3868 2 3869 8 7302 6
3869 3 3870 6 8436 9 1987 13
3870 1 3871 6
3871 2 3872 7 1941 11
3872 1 3873 14
3873 2 3874 14 5831 15
3874 5 3875 14 4553 18 7247 5 1762 5 4824 16
3875 2 3876 7 5172 -4
3876 4 3877 -2 5618 5 8195 11 2057 18
3877 1 3878 1
3878 3 3879 15 7008 16 6947 20
3879 5 3880 15 3480 14 6357 6 9263 20 5164 14
3880 1 3881 11
3881 3 3882 11 3223 -4 7829 12
3882 3 3883 3 3912 8 6041 -1
3883 2 3884 4 2682 15
3884 5 3885 7 3 11 3985 -3 667 18 4761 8
3885 2 3886 9 5793 13
3886 2 3887 2 1841 19
3887 1 3888 8
3888 3 3889 10 9337 2 8029 1
3889 3 3890 15 4059 8 6733 3
3890 1 3891 8
3891 3 3892 12 3733 8 7520 3
3892 4 3893 1 9977 -3 4604 8 8999 8
3893 1 3894 9
3894 4 3895 7 7360 2 1535 -2 1563 4
3895 2 3896 12 5273 9
3896 1 3897 9
3897 2 3898 9 3966 13
3898 5 3899 6 567 11 2419 6 1634 20 4365 3
3899 4 3900 12 3889 10 840 19 3884 8
3900 1 3901 -3
3901 3 3902 9 4992 3 3802 9
3902 1 3903 15
3903 3 3904 11 4354 11 6716 16
3904 2 3905 6 1429 15
3905 3 3906 5 436 16 9028 13
3906 1 3907 9
3907 3 3908 12 844 -3 5332 15
3908 1 3909 6
3909 3 3910 4 1837 18 5185 20
3910 1 3911 10
3911 1 3912 5
3912 3 3913 2 3005 12 8116 17
3913 2 3914 6 6652 5
3914 3 3915 -1 1767 13 1826 10
3915 2 3916 3 2167 7
3916 1 3917 9
3917 3 3918 1 9230 14 1243 15
3918 1 3919 -4
3919 2 3920 3 4837 18
3920 2 3921 2 4419 1
3921 1 3922 2
3922 2 3923 13 1349 20
3923 2 3924 1 4193 20
3924 1 3925 11
3925 1 3926 5
3926 2 3927 11 8340 17
3927 1 3928 1
3928 1 3929 8
3929 2 3930 0 958 11
3930 2 3931 1 8403 7
3931 1 3932 2
3932 2 3933 4 4717 7
3933 4 3934 7 9628 14 3915 16 2876 1
3934 4 3935 6 230 10 824 17 9851 -4
3935 2 3936 -2 804 17
3936 2 3937 0 1100 19
3937 2 3938 2 5915 13
3938 1 3939 7
3939 3 3940 8 8784 10 2184 -4
3940 1 3941 8
3941 3 3942 2 5487 17 7808 16
3942 2 3943 13 6279 14
3943 4 3944 13 1960 19 1866 5 1302 14
3944 1 3945 -4
3945 2 3946 0 3850 16
3946 2 3947 2 3612 -1
3947 4 3948 3 217 -2 6164 18 9255 -3
3948 2 3949 13 8175 14
3949 1 3950 10
3950 1 3951 2
3951 4 3952 12 271 17 1943 9 736 4
3952 2 3953 6 1426 8
3953 3 3954 8 1026 17 6901 19
3954 1 3955 11
3955 2 3956 -4 6925 16
3956 3 3957 -3 2525 13 9241 6
3957 2 3958 15 4390 4
3958 1 3959 14
3959 1 3960 9
3960 4 3961 8 6274 6 5813 17 1405 9
3961 4 3962 3 3950 11 1120 13 6786 17
3962 1 3963 3
3963 3 3964 8 1556 9 7093 20
3964 3 3965 12 4006 20 7693 3
3965 3 3966 12 8123 10 5980 9
3966 2 3967 6 1173 -3
3967 2 3968 -4 5172 2
3968 1 3969 15
3969 1 3970 -1
3970 2 3971 8 5012 8
3971 2 3972 7 1706 18
3972 2 3973 6 5019 13
3973 4 3974 5 9222 4 4900 2 1327 16
3974 1 3975 7
3975 3 3976 -2 6351 15 8669 -2
3976 2 3977 7 2221 -1
3977 1 3978 -4
3978 2 3979 3 6309 10
3979 1 3980 10
3980 3 3981 11 3412 15 199 -3
3981 1 3982 1
3982 3 3983 15 257 1 612 18
3983 2 3984 8 3080 15
3984 2 3985 13 2724 4
3985 1 3986 11
3986 2 3987 6 3496 13
3987 2 3988 3 1451 17
3988 3 3989 10 6308 17 3443 1
3989 3 3990 2 6291 20 2703 -1
3990 1 3991 -3
3991 2 3992 4 1385 16
3992 2 3993 3 1373 14
3993 1 3994 7
3994 1 3995 5
3995 1 3996 6
3996 2 3997 7 354 10
3997 4 3998 -4 181 10 1609 18 5523 0
3998 1 3999 0
3999 4 4000 1 8772 12 6384 9 6980 13
4000 4 4001 2 9863 11 3543 10 7791 3
4001 2 4002 13 2185 9
4002 1 4003 -1
4003 2 4004 4 3113 20
4004 2 4005 12 3047 18
4005 5 4006 10 2115 0 9268 20 1549 12 1120 5
4006 3 4007 5 5602 13 4641 18
4007 1 4008 3
4008 1 4009 13
4009 2 4010 10 4757 10
4010 2 4011 -2 2599 0
4011 1 4012 5
4012 1 4013 8
4013 1 4014 0
4014 5 4015 5 6552 20 1080 -4 4029 11 8667 4
4015 2 4016 2 3476 14
4016 5 4017 3 5753 -4 5760 13 2005 16 5194 -1
4017 3 4018 0 2247 3 398 10
4018 4 4019 5 3733 8 4998 20 462 6
4019 3 4020 11 7172 10 1127 20
4020 4 4021 7 4365 18 1781 12 786 0
4021 4 4022 -1 6220 10 669 17 6734 20
4022 2 4023 4 9456 19
4023 2 4024 0 4772 9
4024 2 4025 9 772 11
4025 1 4026 10
4026 4 4027 11 3919 17 7045 4 1132 12
4027 2 4028 2 7732 16
4028 2 4029 15 9239 10
4029 2 4030 15 2270 7
4030 2 4031 2 9571 11
4031 1 4032 3
4032 2 4033 13 3727 2
4033 2 4034 3 6241 19
4034 2 4035 11 2843 12
4035 1 4036 14
4036 2 4037 11 2337 10
4037 2 4038 14 9973 -2
4038 5 4039 6 1056 2 4832 10 3706 16 7178 15
4039 2 4040 11 9665 2
4040 4 4041 11 8992 20 4806 3 9590 6
4041 3 4042 14 3377 13 2491 10
4042 2 4043 2 4116 13
4043 1 4044 14
4044 2 4045 7 2654 6
4045 6 4046 2 8920 16 7706 13 3021 19 7122 5 6284 7
4046 3 4047 4 6759 1 7565 4
4047 1 4048 15
4048 1 4049 15
4049 2 4050 10 5133 14
4050 2 4051 7 7348 9
4051 1 4052 3
4052 2 4053 12 8103 4
4053 3 4054 1 3050 6 873 6
4054 4 4055 4 635 7 2475 10 9598 2
4055 2 4056 13 5696 10
4056 1 4057 10
4057 1 4058 3
4058 2 4059 3 5953 8
4059 3 4060 8 3596 -1 1186 14
4060 2 4061 13 1710 5
4061 3 4062 1 335 12 6803 5
4062 3 4063 14 7141 18 5983 11
4063 2 4064 3 6839 5
4064 3 4065 13 7778 -3 5563 1
4065 2 4066 9 4532 10
4066 1 4067 6
4067 2 4068 4 9503 0
4068 2 4069 1 8410 19
4069 3 4070 2 8685 20 6330 11
4070 1 4071 2
4071 1 4072 0
4072 1 4073 10
4073 1 4074 3
4074 2 4075 13 1109 -1
4075 4 4076 2 1585 2 2073 13 9333 11
4076 4 4077 8 753 16 9627 12 9181 -2
4077 1 4078 5
4078 3 4079 7 3199 2 9894 3
4079 3 4080 7 9459 15 1650 5
4080 3 4081 15 3434 9 614 6
4081 7 4082 1 9207 17 5706 14 6553 12 3763 12 2243 2 3392 16
4082 2 4083 10 3586 2
4083 2 4084 12 7315 18
4084 3 4085 5 7262 16 4759 20
4085 4 4086 12 6729 16 1368 2 1683 4
4086 3 4087 -3 3425 6 8976 2
4087 2 4088 12 2260 13
4088 3 4089 -4 2198 13 2453 10
4089 1 4090 14
4090 3 4091 3 1199 16 847 8
4091 2 4092 11 342 4
4092 3 4093 10 170 -3 7082 8
4093 1 4094 10
4094 1 4095 6
4095 1 4096 4
4096 1 4097 1
4097 1 4098 10
4098 4 4099 -3 5188 17 6114 4 553 7
4099 2 4100 -1 8426 -2
4100 3 4101 9 9009 14 8261 -2
4101 2 4102 -3 1079 19
4102 3 4103 10 7467 16 6140 2
4103 2 4104 4 1692 16
4104 2 4105 8 2005 6
4105 1 4106 3
4106 1 4107 11
4107 1 4108 1
4108 3 4109 11 182 6 1116 -1
4109 4 4110 1 8817 3 7586 14 243 16
4110 2 4111 7 8270 15
4111 2 4112 -4 9044 10
4112 3 4113 2 6988 8 2984 13
4113 3 4114 9 2178 3 5278 0
4114 3 4115 1 8831 6 2485 19
4115 2 4116 14 7627 14
4116 2 4117 15 919 16
4117 3 4118 11 2294 2 341 6
4118 2 4119 10 949 5
4119 3 4120 12 2386 14 7592 17
4120 2 4121 15 2092 16
4121 1 4122 0
4122 2 4123 6 2678 18
4123 2 4124 -2 3896 18
4124 2 4125 1 2190 17
4125 3 4126 7 9581 2 1767 17
4126 4 4127 12 6564 4 3399 4 3940 16
4127 1 4128 12
4128 1 4129 -1
4129 2 4130 -2 1780 2
4130 1 4131 5
4131 1 4132 14
4132 1 4133 8
4133 3 4134 13 8728 18 6975 4
4134 6 4135 10 1229 10 3305 13 437 -1 7896 17 7325 -4
4135 1 4136 15
4136 2 4137 7 5554 20
4137 4 4138 12 1295 13 6195 16 7280 16
4138 1 4139 2
4139 1 4140 10
4140 2 4141 15 3397 16
4141 3 4142 4 5477 4 6865 10
4142 1 4143 2
4143 3 4144 3 5995 3 4653 14
4144 2 4145 15 6750 15
4145 2 4146 8 2476 17
4146 2 4147 10 1747 14
4147 2 4148 1 1609 12
4148 2 4149 4 9801 9
4149 2 4150 5 5275 8
4150 3 4151 8 8851 7 6413 6
4151 2 4152 15 6071 2
4152 1 4153 14
4153 5 4154 -3 6004 20 1255 8 5457 5 8611 9
4154 3 4155 1 5094 13 1101 17
4155 2 4156 8 9641 8
4156 5 4157 12 2676 20 3740 19 96 11 5003 10
4157 2 4158 14 2156 10
4158 2 4159 3 7350 18
4159 3 4160 11 8413 4 3122 19
4160 2 4161 10 4387 3
4161 3 4162 15 5380 19 5442 10
4162 1 4163 7
4163 5 4164 15 6281 -4 5972 17 6682 19 2216 8
4164 3 4165 3 2680 14 4735 17
4165 2 4166 15 1339 1
4166 1 4167 12
4167 3 4168 8 6290 2 6838 10
4168 4 4169 7 2814 -4 6215 14 4052 11
4169 1 4170 9
4170 2 4171 11 2039 12
4171 2 4172 10 133 3
4172 2 4173 15 6263 4
4173 4 4174 4 7105 8 3742 1 4579 11
4174 5 4175 11 5273 0 4074 2 2195 20 447 16
4175 2 4176 10 7907 -4
4176 1 4177 -1
4177 1 4178 4
4178 3 4179 15 7507 18 2656 5
4179 3 4180 8 5820 9 602 6
4180 2 4181 9 5301 5
4181 2 4182 1 9304 8
4182 2 4183 1 868 5
4183 3 4184 7 9862 12 3330 3
4184 2 4185 15 1710 7
4185 3 4186 14 3371 8 9762 10
4186 3 4187 7 7161 4 803 8
4187 1 4188 12
4188 1 4189 9
4189 3 4190 11 7307 3 9403 0
4190 3 4191 1 9953 7 6606 -3
4191 1 4192 10
4192 3 4193 6 6575 8 1483 8
4193 1 4194 5
4194 2 4195 3 8369 9
4195 4 4196 -2 3928 9 1539 6 5292 11
4196 2 4197 7 5632 9
4197 3 4198 1 5798 0 1643 4
4198 1 4199 12
4199 3 4200 12 9790 13 5730 8
4200 3 4201 2 3939 4 7659 6
4201 2 4202 3 7029 14
4202 4 4203 10 9238 0 9301 9 7182 6
4203 1 4204 9
4204 1 4205 5
4205 3 4206 4 9878 6 9204 11
4206 2 4207 15 4575 13
4207 2 4208 1 996 7
4208 1 4209 11
4209 3 4210 1 2951 4 748 19
4210 1 4211 2
4211 2 4212 3 4241 4
4212 3 4213 3 3810 12 9126 9
4213 3 4214 12 423 19 9551 10
4214 3 4215 3 3283 4 1379 5
4215 3 4216 8 1113 9 201 0
4216 2 4217 8 4344 17
4217 1 4218 -1
4218 4 4219 10 5325 7 1198 5 2181 9
4219 2 4220 13 6085 4
4220 2 4221 13 9867 13
4221 2 4222 5 5256 6
4222 1 4223 3
4223 2 4224 0 8414 11
4224 1 4225 1
4225 3 4226 4 3828 12 6041 20
4226 1 4227 10
4227 2 4228 5 2999 16
4228 2 4229 9 6698 4
4229 1 4230 11
4230 2 4231 8 5674 15
4231 2 4232 -2 1087 18
4232 1 4233 -2
4233 2 4234 5 7314 16
4234 2 4235 8 1391 11
4235 3 4236 11 1838 16 7342 14
4236 1 4237 8
4237 4 4238 2 8170 8 6987 1 5041 20
4238 3 4239 8 8712 2 3254 14
4239 2 4240 11 965 4
4240 1 4241 3
4241 2 4242 2 1814 14
4242 3 4243 12 6565 7 1240 11
4243 4 4244 9 4376 15 4462 18 6772 3
4244 3 4245 3 3074 19 2560 7
4245 1 4246 3
4246 2 4247 11 6064 5
4247 4 4248 2 1097 17 3448 16 9663 17
4248 6 4249 1 349 20 376 10 9122 12 6850 18 7179 16
4249 3 4250 6 9263 4 216 9
4250 2 4251 14 2075 14
4251 4 4252 5 1243 3 9280 3 4133 7
4252 5 4253 3 8778 1 727 18 3896 0 893 6
4253 4 4254 2 2205 10 4526 16 1742 -2
4254 2 4255 1 1592 19
4255 4 4256 13 868 -1 993 11 5943 14
4256 2 4257 1 51 5
4257 1 4258 1
4258 3 4259 15 4843 -3 215 17
4259 2 4260 6 6161 18
4260 1 4261 6
4261 2 4262 15 2545 15
4262 3 4263 12 333 4 3266 6
4263 5 4264 -1 7669 1 3275 18 6219 13 455 10
4264 3 4265 3 1210 9 8519 9
4265 3 4266 9 4143 20 3568 20
4266 3 4267 11 171 10 9643 -2
4267 5 4268 10 2988 1 2738 11 4184 5 5523 16
4268 4 4269 3 5933 18 4854 20 8053 3
4269 3 4270 9 2320 15 2322 13
4270 2 4271 7 2660 5
4271 2 4272 6 9048 16
4272 2 4273 15 750 4
4273 1 4274 2
4274 3 4275 -4 187 -3 9374 19
4275 1 4276 14
4276 1 4277 9
4277 1 4278 4
4278 3 4279 4 9523 20 5768 9
4279 2 4280 3 2642 11
4280 7 4281 9 9795 14 3458 4 468 6 3620 14 4174 7 2771 17
4281 6 4282 2 2554 8 6788 -1 7916 8 7049 20 5558 5
4282 3 4283 10 2097 14 6421 14
4283 2 4284 7 4281 10
4284 4 4285 11 6561 6 3877 1 3020 1
4285 3 4286 12 2897 2 553 10
4286 2 4287 13 6310 6
4287 2 4288 14 8364 6
4288 4 4289 4 2236 -3 4101 11 1338 10
4289 1 4290 15
4290 1 4291 7
4291 1 4292 14
4292 2 4293 4 4267 17
4293 3 4294 7 5896 9 7511 18
4294 1 4295 -4
4295 1 4296 5
4296 1 4297 10
4297 3 4298 6 3378 16 1839 10
4298 1 4299 14
4299 2 4300 15 347 -3
4300 2 4301 1 1163 12
4301 2 4302 7 1867 3
4302 5 4303 6 2439 18 3457 -3 6884 11 4876 10
4303 3 4304 9 5473 1 4425 20
4304 1 4305 12
4305 1 4306 2
4306 2 4307 4 6219 6
4307 4 4308 9 3889 7 1170 20 6000 3
4308 1 4309 14
4309 2 4310 0 4288 8
4310 7 4311 7 4584 -2 1926 19 2673 -2 6807 15 6368 7 7487 -3
4311 1 4312 1
4312 5 4313 -3 1093 15 654 6 559 13 6930 10
4313 2 4314 3 5995 12
4314 1 4315 3
4315 4 4316 13 8607 13 2415 13 3676 18
4316 1 4317 12
4317 1 4318 9
4318 2 4319 -2 2758 4
4319 3 4320 -1 1294 18 3506 -3
4320 3 4321 4 2474 8 3943 19
4321 2 4322 5 5981 1
4322 4 4323 9 4884 19 9296 20 6128 14
4323 2 4324 6 7603 17
4324 3 4325 8 1890 10 723 17
4325 2 4326 8 7462 11
4326 2 4327 1 6353 1
4327 6 4328 11 7669 18 1924 5 3914 6 9883 6 1514 1
4328 3 4329 2 1948 19 6036 18
4329 1 4330 12
4330 3 4331 8 884 20 165 4
4331 2 4332 11 4168 14
4332 3 4333 8 176 14 6621 18
4333 3 4334 11 7979 -2 5416 9
4334 2 4335 9 8598 7
4335 2 4336 12 3435 11
4336 2 4337 11 1681 1
4337 3 4338 4 8506 1 7968 4
4338 3 4339 11 2773 11 2234 -1
4339 2 4340 14 5269 12
4340 2 4341 7 6729 -1
4341 2 4342 12 5555 6
4342 1 4343 11
4343 4 4344 15 9621 4 4290 17 4349 9
4344 1 4345 5
4345 2 4346 11 4335 2
4346 3 4347 -3 2317 18 9809 10
4347 1 4348 9
4348 2 4349 6 618 6
4349 2 4350 5 9392 8
4350 1 4351 2
4351 2 4352 0 4672 17
4352 2 4353 10 2676 15
4353 2 4354 14 2576 18
4354 2 4355 5 5115 16
4355 3 4356 14 7002 6 45 6
4356 5 4357 11 882 12 5543 11 7259 17 8167 16
4357 3 4358 7 862 3 9742 -1
4358 4 4359 3 6296 15 2165 7 1880 9
4359 3 4360 7 3755 4 1046 4
4360 1 4361 1
4361 1 4362 5
4362 3 4363 4 2110 13 4971 13
4363 4 4364 14 9276 19 2584 10 410 4
4364 2 4365 5 5913 15
4365 2 4366 14 8061 17
4366 1 4367 -4
4367 2 4368 5 2851 15
4368 2 4369 1 8102 2
4369 6 4370 4 822 12 2557 8 8355 12 7879 4 6955 14
4370 1 4371 6
4371 2 4372 14 9996 -3
4372 3 4373 12 6989 0 2018 15
4373 1 4374 -2
4374 1 4375 4
4375 5 4376 3 2218 15 9333 19 8150 17 8461 18
4376 3 4377 13 1958 3 2731 12
4377 3 4378 -1 1586 20 2701 18
4378 2 4379 9 2700 2
4379 3 4380 2 2152 13 6357 12
4380 2 4381 8 8957 12
4381 1 4382 7
4382 3 4383 8 8844 16 1570 3
4383 1 4384 0
4384 2 4385 5 1847 4
4385 3 4386 9 2632 -3 9349 3
4386 2 4387 3 5652 6
4387 4 4388 8 8489 16 2850 9 650 12
4388 2 4389 5 3360 3
4389 1 4390 2
4390 3 4391 8 7617 18 6149 20
4391 3 4392 4 6829 1 3336 -3
4392 2 4393 5 411 18
4393 1 4394 1
4394 4 4395 5 7007 16 5764 17 3730 20
4395 3 4396 4 708 9 9380 11
4396 1 4397 8
4397 1 4398 2
4398 3 4399 13 2247 -1 2751 15
4399 5 4400 13 3102 16 9707 17 4149 18 7526 14
4400 2 4401 10 5163 9
4401 2 4402 8 9392 14
4402 2 4403 3 2550 14
4403 1 4404 13
4404 3 4405 4 5473 10 7425 2
4405 1 4406 4
4406 3 4407 5 2605 10 5522 4
4407 2 4408 6 9494 17
4408 3 4409 14 1230 11 1733 3
4409 3 4410 9 7805 5 3731 14
4410 2 4411 6 5442 8
4411 4 4412 15 8163 17 3965 2 146 1
4412 6 4413 11 722 18 2384 4 9000 7 6011 1 6416 12
4413 7 4414 7 6224 20 3553 3 41 6 4759 2 1923 14 919 17
4414 3 4415 15 2210 12 4704 17
4415 3 4416 10 6274 16 9880 15
4416 1 4417 8
4417 6 4418 5 6506 5 7671 2 2112 7 6541 19 7317 3
4418 2 4419 1 7102 -3
4419 2 4420 8 9082 15
4420 2 4421 3 2087 1
4421 4 4422 7 6589 13 5289 16 1782 9
4422 3 4423 8 5858 9 1254 3
4423 3 4424 3 355 15 3854 17
4424 1 4425 14
4425 1 4426 15
4426 3 4427 -1 2958 6 4432 17
4427 1 4428 1
4428 2 4429 13 3020 10
4429 2 4430 5 5788 5
4430 2 4431 13 8212 15
4431 1 4432 15
4432 1 4433 9
4433 2 4434 11 7951 7
4434 1 4435 7
4435 2 4436 14 7795 7
4436 3 4437 1 2714 16 813 14
4437 4 4438 5 9143 12 2441 5 2738 14
4438 4 4439 10 4861 8 6507 3 6964 14
4439 3 4440 15 5169 -3 8510 10
4440 4 4441 -3 6005 6 3264 10 339 10
4441 4 4442 8 6440 17 7327 12 3103 13
4442 2 4443 12 280 18
4443 4 4444 -3 1774 17 2269 12 7531 5
4444 2 4445 12 1718 14
4445 1 4446 11
4446 1 4447 13
4447 1 4448 2
4448 3 4449 2 2428 16 8535 1
4449 1 4450 5
4450 2 4451 5 3210 6
4451 1 4452 11
4452 2 4453 -1 462 10
4453 3 4454 13 3562 5 3046 12
4454 1 4455 6
4455 3 4456 -3 7856 1 1901 14
4456 2 4457 15 4246 11
4457 2 4458 11 1319 10
4458 3 4459 9 7789 13 7307 2
4459 1 4460 3
4460 2 4461 3 8862 15
4461 2 4462 13 7943 2
4462 2 4463 3 3763 8
4463 2 4464 13 5540 12
4464 2 4465 8 6007 2
4465 3 4466 9 4275 18 9484 -1
4466 3 4467 8 1966 13 328 16
4467 2 4468 8 3280 7
4468 1 4469 14
4469 2 4470 15 9608 4
4470 2 4471 9 1967 15
4471 1 4472 15
4472 4 4473 11 2184 8 1769 13 19 3
4473 3 4474 3 3895 16 553 2
4474 4 4475 1 7143 3 1467 9 9420 19
4475 3 4476 10 4220 12 2304 12
4476 1 4477 10
4477 3 4478 14 3148 13 9067 16
4478 2 4479 13 6219 15
4479 3 4480 12 120 9 9380 8
4480 2 4481 4 820 18
4481 2 4482 13 7731 11
4482 2 4483 10 3437 7
4483 3 4484 11 7778 7 8653 13
4484 2 4485 11 4916 14
4485 1 4486 0
4486 5 4487 11 506 11 9031 14 1592 15 1558 13
4487 1 4488 12
4488 4 4489 10 9033 6 3451 7 436 12
4489 3 4490 3 7770 6 2121 18
4490 5 4491 1 6283 5 6398 18 3264 9 7030 6
4491 3 4492 9 2080 19 7951 3
4492 2 4493 3 7758 11
4493 2 4494 10 1349 16
4494 3 4495 5 590 2 1916 -3
4495 3 4496 12 1687 15 5890 -3
4496 6 4497 6 548 18 6039 3 1747 19 7540 16 3830 9
4497 2 4498 -3 3621 19
4498 2 4499 7 7412 5
4499 3 4500 1 635 -4 7901 8
4500 3 4501 11 3893 13 5778 10
4501 4 4502 11 9597 9 7830 5 6476 3
4502 2 4503 -4 9259 1
4503 2 4504 5 1252 20
4504 4 4505 9 2359 9 1611 1 5513 4
4505 1 4506 5
4506 2 4507 15 7875 16
4507 1 4508 3
4508 2 4509 15 762 12
4509 3 4510 7 9167 13 1940 17
4510 5 4511 -4 5988 4 3466 20 4083 2 4048 11
4511 2 4512 15 1051 7
4512 3 4513 12 2311 -2 8472 16
4513 3 4514 -3 1959 11 7655 13
4514 2 4515 1 2928 -3
4515 3 4516 2 7056 16 6478 17
4516 2 4517 9 9158 19
4517 1 4518 12
4518 1 4519 5
4519 1 4520 4
4520 2 4521 4 6823 -1
4521 4 4522 9 5389 12 3396 13 7143 3
4522 3 4523 10 4542 19 5067 16
4523 4 4524 7 4546 9 3691 0 8121 0
4524 3 4525 13 1516 15 1096 7
4525 4 4526 5 2558 12 8154 17 6968 1
4526 2 4527 14 8314 14
4527 2 4528 -4 4803 20
4528 2 4529 9 1073 10
4529 5 4530 10 2332 3 9722 12 2019 -2 4611 19
4530 1 4531 1
4531 1 4532 9
4532 3 4533 13 2632 9 2018 9
4533 3 4534 1 7595 -1 1549 10
4534 2 4535 4 5829 3
4535 1 4536 4
4536 1 4537 4
4537 1 4538 4
4538 2 4539 4 4605 3
4539 2 4540 15 6470 16
4540 2 4541 9 6175 11
4541 4 4542 8 206 5 2840 10 8516 3
4542 2 4543 4 8930 13
4543 3 4544 5 2160 3 6628 11
4544 3 4545 5 5661 11 6427 7
4545 2 4546 1 1054 20
4546 3 4547 15 3888 13 9391 1
4547 3 4548 14 6834 5 3513 -2
4548 3 4549 2 7780 -1 1707 16
4549 6 4550 2 411 12 6165 13 5506 4 3965 20 9120 18
4550 3 4551 -1 8356 5 3705 19
4551 3 4552 9 6461 19 7010 11
4552 2 4553 11 1046 1
4553 2 4554 11 4053 4
4554 2 4555 1 9527 15
4555 2 4556 11 7572 5
4556 2 4557 4 2933 5
4557 1 4558 15
4558 2 4559 8 8362 16
4559 1 4560 12
4560 2 4561 8 1670 -1
4561 2 4562 5 122 18
4562 2 4563 13 9088 8
4563 2 4564 3 7892 2
4564 4 4565 8 8608 12 6328 1 1342 11
4565 1 4566 3
4566 2 4567 0 1636 15
4567 3 4568 -1 1719 6 7373 -1
4568 4 4569 2 2742 15 2899 7 5151 18
4569 1 4570 1
4570 2 4571 1 4211 15
4571 1 4572 14
4572 4 4573 14 9276 11 5312 19 612 5
4573 1 4574 1
4574 2 4575 13 1443 19
4575 4 4576 9 7961 3 8210 15 4400 12
4576 4 4577 11 195 20 9135 15 6019 0
4577 3 4578 2 3913 3 2568 8
4578 4 4579 15 1922 17 3441 5 9783 0
4579 3 4580 10 4514 6 5169 4
4580 3 4581 6 107 -4 3488 19
4581 4 4582 3 8972 20 5238 6 5624 3
4582 2 4583 7 4390 20
4583 2 4584 2 6234 9
4584 2 4585 14 2230 0
4585 2 4586 3 9632 7
4586 1 4587 1
4587 2 4588 9 3425 3
4588 1 4589 2
4589 1 4590 14
4590 2 4591 6 2813 3
4591 7 4592 -3 4172 10 7621 15 7869 3 1653 15 5419 0 5686 2
4592 1 4593 7
4593 3 4594 13 3920 14 4195 15
4594 1 4595 11
4595 1 4596 10
4596 1 4597 7
4597 2 4598 4 5973 4
4598 4 4599 -3 1246 5 2076 16 2520 12
4599 5 4600 2 1138 3 7699 15 6729 4 2907 20
4600 1 4601 2
4601 4 4602 11 5632 14 9968 10 9460 5
4602 2 4603 -1 4430 17
4603 2 4604 11 2801 3
4604 1 4605 2
4605 1 4606 10
4606 1 4607 2
4607 3 4608 2 9980 -4 714 3
4608 2 4609 12 9338 12
4609 3 4610 10 9239 2 5069 19
4610 3 4611 10 240 6 6758 -4
4611 3 4612 13 7981 10 567 10
4612 3 4613 8 9046 17 659 15
4613 2 4614 1 5695 18
4614 1 4615 11
4615 2 4616 5 2801 17
4616 3 4617 15 2368 -3 582 18
4617 1 4618 13
4618 1 4619 11
4619 2 4620 -3 6317 12
4620 1 4621 9
4621 2 4622 3 9095 13
4622 1 4623 4
4623 1 4624 11
4624 1 4625 9
4625 3 4626 9 9689 11 3516 20
4626 3 4627 10 9709 9 4775 -4
4627 4 4628 1 3988 6 3852 20 8479 16
4628 2 4629 7 4136 3
4629 3 4630 2 2078 9 9621 8
4630 5 4631 10 9554 6 6351 6 1807 16 2666 5
4631 9 4632 13 1644 18 5356 15 3489 2 2685 13 1519 10 1264 15 5666 3 5979 5
4632 3 4633 12 599 -2 2723 13
4633 2 4634 -4 8033 9
4634 2 4635 14 6790 9
4635 2 4636 7 6228 17
4636 1 4637 14
4637 1 4638 4
4638 3 4639 2 4570 4 829 10
4639 4 4640 12 6503 5 6369 20 7162 15
4640 2 4641 11 1107 15
4641 1 4642 10
4642 3 4643 14 5728 14 350 15
4643 2 4644 9 4167 20
4644 4 4645 1 9668 8 7110 10 1296 15
4645 1 4646 -4
4646 2 4647 7 7594 15
4647 3 4648 13 1637 13 909 -4
4648 2 4649 3 3650 14
4649 4 4650 -2 67 20 3423 9 4954 4
4650 4 4651 6 2687 5 5390 15 3572 -3
4651 3 4652 4 101 3 4861 10
4652 5 4653 9 698 8 9627 -1 4343 8 7621 1
4653 1 4654 12
4654 1 4655 15
4655 2 4656 -2 1088 14
4656 3 4657 7 8589 16 9798 8
4657 5 4658 15 170 9 5268 18 2120 6 8950 4
4658 2 4659 5 5735 7
4659 6 4660 12 2521 11 1216 -2 4982 14 2660 11 6336 20
4660 4 4661 5 4728 17 6049 13 7415 7
4661 1 4662 7
4662 2 4663 -2 7627 8
4663 3 4664 3 4884 15 2415 18
4664 2 4665 4 2470 8
4665 3 4666 13 4299 -1 2267 7
4666 3 4667 6 6055 9 1871 10
4667 2 4668 7 8113 5
4668 1 4669 5
4669 2 4670 1 7772 8
4670 2 4671 4 4592 16
4671 1 4672 12
4672 1 4673 15
4673 2 4674 2 7434 17
4674 2 4675 6 2146 15
4675 1 4676 3
4676 3 4677 14 3188 8 7758 13
4677 2 4678 10 4978 5
4678 2 4679 8 4870 16
4679 1 4680 15
4680 1 4681 10
4681 3 4682 12 4039 17 9706 5
4682 5 4683 7 6147 16 9126 -3 7382 15 5720 5
4683 1 4684 10
4684 4 4685 8 139 16 8429 8 3116 8
4685 3 4686 9 9549 19 8278 12
4686 1 4687 9
4687 4 4688 -4 5973 15 3832 12 2961 10
4688 5 4689 7 841 2 7701 15 4988 15 2500 20
4689 4 4690 2 2740 2 6347 5 1344 15
4690 1 4691 4
4691 4 4692 1 1818 2 8752 15 3821 14
4692 2 4693 6 9323 10
4693 2 4694 -3 3452 15
4694 1 4695 10
4695 2 4696 11 3628 3
4696 1 4697 12
4697 1 4698 8
4698 2 4699 11 3406 4
4699 2 4700 2 1186 20
4700 2 4701 14 5604 20
4701 2 4702 3 6000 19
4702 2 4703 6 2434 10
4703 1 4704 9
4704 1 4705 2
4705 3 4706 6 3481 -3 8378 -3
4706 2 4707 12 7764 3
4707 2 4708 3 6969 11
4708 2 4709 2 5901 13
4709 3 4710 13 8185 14 1804 13
4710 2 4711 11 5386 1
4711 2 4712 3 5165 18
4712 2 4713 0 5099 5
4713 3 4714 2 2102 14 8330 5
4714 2 4715 11 7193 13
4715 2 4716 8 8113 6
4716 1 4717 13
4717 3 4718 11 8495 3 7305 9
4718 2 4719 2 7492 12
4719 2 4720 5 6226 11
4720 3 4721 15 5331 8 7136 17
4721 3 4722 11 7946 19 7172 8
4722 1 4723 14
4723 2 4724 6 2399 18
4724 2 4725 1 9173 -2
4725 3 4726 4 2721 16 5906 11
4726 2 4727 14 6596 14
4727 3 4728 10 3792 18 9698 15
4728 3 4729 9 6524 7 8447 18
4729 5 4730 3 9026 20 8246 0 3708 13 1967 9
4730 2 4731 14 2438 1
4731 3 4732 -3 4151 6 279 -3
4732 4 4733 7 4643 15 409 15 8911 3
4733 3 4734 13 8986 16 7182 1
4734 1 4735 12
4735 2 4736 0 8517 20
4736 3 4737 14 4366 15 3235 19
4737 3 4738 6 3211 18 8597 6
4738 5 4739 3 2280 18 4114 19 4103 7 9334 12
4739 1 4740 12
4740 2 4741 12 4522 6
4741 1 4742 11
4742 1 4743 2
4743 3 4744 4 5449 -3 9700 3
4744 3 4745 7 83 8 8893 9
4745 3 4746 4 2748 7 291 2
4746 5 4747 6 2918 17 1261 11 5632 9 7824 8
4747 3 4748 1 2669 14 409 20
4748 3 4749 9 956 10 1627 9
4749 3 4750 4 5795 7 7661 10
4750 2 4751 15 833 17
4751 3 4752 13 8519 5 8607 6
4752 2 4753 6 776 7
4753 3 4754 5 250 19 697 8
4754 3 4755 14 6916 3 5076 12
4755 2 4756 10 1953 7
4756 2 4757 7 7876 5
4757 3 4758 10 4674 7 2724 8
4758 2 4759 14 9238 7
4759 2 4760 9 193 9
4760 2 4761 4 2157 -1
4761 3 4762 5 2287 15 4780 7
4762 1 4763 9
4763 1 4764 2
4764 5 4765 14 9531 17 7336 14 4102 13 1593 6
4765 3 4766 10 7164 19 8939 12
4766 3 4767 12 8462 17 4290 17
4767 2 4768 11 8052 11
4768 3 4769 -2 4150 5 9118 15
4769 4 4770 9 8975 3 9319 1 120 12
4770 1 4771 14
4771 4 4772 10 6500 9 8744 18 9775 14
4772 3 4773 7 3359 9 4020 13
4773 2 4774 6 2105 18
4774 2 4775 12 7687 15
4775 1 4776 7
4776 2 4777 1 1804 4
4777 1 4778 3
4778 4 4779 13 232 5 9547 17 9449 16
4779 4 4780 12 950 2 3113 20 8053 19
4780 1 4781 6
4781 2 4782 4 5555 6
4782 3 4783 12 8963 14 1943 10
4783 2 4784 8 5431 17
4784 1 4785 11
4785 2 4786 14 6024 20
4786 2 4787 1 9787 11
4787 2 4788 1 5577 20
4788 1 4789 10
4789 4 4790 4 1622 14 5883 16 137 16
4790 2 4791 8 835 11
4791 3 4792 4 9697 13 2223 11
4792 3 4793 8 9991 17 927 8
4793 2 4794 10 3821 1
4794 4 4795 12 5405 -2 9611 15 5776 1
4795 1 4796 15
4796 4 4797 14 249 2 3120 -4 7546 3
4797 3 4798 12 6145 7 997 -4
4798 3 4799 1 329 13 5722 6
4799 4 4800 11 3122 11 6475 3 3447 7
4800 1 4801 12
4801 2 4802 7 6378 2
4802 2 4803 8 4259 2
4803 1 4804 2
4804 1 4805 11
4805 4 4806 6 4186 7 5883 2 3302 12
4806 3 4807 12 1219 1 1092 11
4807 2 4808 13 9613 10
4808 3 4809 4 1707 20 8674 10
4809 3 4810 13 5297 5 3835 16
4810 1 4811 14
4811 4 4812 4 9959 9 1618 6 7788 19
4812 1 4813 11
4813 1 4814 4
4814 2 4815 3 4241 17
4815 3 4816 3 3248 13 6196 10
4816 3 4817 13 8895 19 1105 9
4817 2 4818 10 2738 12
4818 2 4819 15 2875 20
4819 1 4820 0
4820 1 4821 0
4821 2 4822 11 7656 17
4822 3 4823 6 6351 14 2521 5
4823 1 4824 -1
4824 2 4825 8 2501 7
4825 3 4826 14 9292 18 8594 2
4826 2 4827 9 5369 16
4827 4 4828 -3 593 4 6044 9 6911 1
4828 5 4829 12 3512 16 2449 4 222 -2 8711 3
4829 4 4830 13 6470 12 6402 18 1493 7
4830 4 4831 11 4553 4 692 16 478 7
4831 2 4832 -2 3502 8
4832 1 4833 14
4833 4 4834 5 2323 6 7401 13 4221 8
4834 2 4835 13 2557 6
4835 2 4836 5 5205 2
4836 2 4837 9 4350 16
4837 2 4838 14 7518 14
4838 2 4839 15 9973 18
4839 4 4840 14 3599 4 410 1 853 5
4840 3 4841 6 3803 14 3577 6
4841 1 4842 6
4842 3 4843 5 5688 0 7811 2
4843 3 4844 4 4100 4 3923 -4
4844 5 4845 12 8765 19 9620 16 3044 12 8200 18
4845 1 4846 9
4846 2 4847 11 5314 19
4847 1 4848 3
4848 2 4849 1 4928 16
4849 1 4850 10
4850 2 4851 9 6781 14
4851 3 4852 1 5626 6 2655 1
4852 3 4853 9 1206 9 7647 1
4853 2 4854 4 1741 12
4854 3 4855 5 2501 11 857 1
4855 1 4856 12
4856 3 4857 4 6964 11 8494 1
4857 3 4858 3 9931 14 8824 -2
4858 5 4859 6 1928 19 7952 -4 8374 16 512 4
4859 2 4860 1 7959 13
4860 4 4861 12 7541 19 1082 14 280 -2
4861 2 4862 8 4466 3
4862 1 4863 6
4863 3 4864 6 8230 12 8899 16
4864 2 4865 9 727 7
4865 3 4866 7 4869 15 240 4
4866 5 4867 3 2638 18 3531 7 2813 16 8879 7
4867 2 4868 5 6607 18
4868 2 4869 0 8317 8
4869 1 4870 11
4870 1 4871 15
4871 2 4872 8 6695 11
4872 1 4873 0
4873 2 4874 10 1488 10
4874 4 4875 8 6521 14 1983 6 2054 7
4875 3 4876 9 3466 18 1755 18
4876 1 4877 13
4877 1 4878 1
4878 6 4879 4 1733 20 328 8 1574 11 8771 -1 9861 1
4879 1 4880 1
4880 1 4881 6
4881 2 4882 10 5514 4
4882 1 4883 1
4883 2 4884 13 2866 12
4884 3 4885 13 2474 13 2113 2
4885 2 4886 7 3936 9
4886 4 4887 7 2240 -1 2305 4 6139 2
4887 3 4888 11 2181 6 6505 15
4888 1 4889 12
4889 2 4890 7 1630 -1
4890 2 4891 2 2187 -4
4891 3 4892 1 2096 15 2656 12
4892 2 4893 11 732 17
4893 2 4894 8 1586 9
4894 1 4895 2
4895 4 4896 3 9054 13 2746 14 9488 15
4896 3 4897 11 8916 3 72 9
4897 2 4898 14 7003 7
4898 4 4899 13 1019 14 992 13 7877 8
4899 1 4900 13
4900 1 4901 15
4901 2 4902 6 908 19
4902 3 4903 10 735 16 9819 10
4903 4 4904 5 1319 12 4161 2 3188 4
4904 4 4905 13 9358 20 245 3 510 3
4905 3 4906 -4 4866 3 6904 20
4906 3 4907 9 2529 12 2359 3
4907 1 4908 14
4908 1 4909 11
4909 4 4910 13 2408 17 6719 9 653 13
4910 1 4911 4
4911 4 4912 13 387 1 5487 12 6895 10
4912 1 4913 2
4913 2 4914 1 2597 10
4914 3 4915 12 789 18 3854 13
4915 1 4916 10
4916 1 4917 14
4917 3 4918 6 2626 10 6409 19
4918 1 4919 5
4919 2 4920 2 1690 7
4920 5 4921 12 3172 2 1993 20 3298 12 2117 9
4921 2 4922 1 7575 8
4922 4 4923 13 3530 8 1674 13 4212 10
4923 4 4924 5 9934 1 2615 12 6723 10
4924 2 4925 -2 357 -3
4925 1 4926 10
4926 3 4927 9 2096 5 5661 20
4927 3 4928 13 2441 16 5378 1
4928 1 4929 2
4929 2 4930 2 7580 -3
4930 1 4931 10
4931 2 4932 11 4699 17
4932 3 4933 1 9616 13 8386 11
4933 3 4934 4 4768 7 6852 2
4934 3 4935 8 9658 4 7203 11
4935 3 4936 12 7584 10 6330 10
4936 4 4937 8 6914 10 1077 16 1195 8
4937 1 4938 11
4938 2 4939 15 7004 7
4939 3 4940 10 9475 20 9951 3
4940 1 4941 12
4941 2 4942 5 1491 14
4942 3 4943 -1 4389 0 5167 14
4943 1 4944 10
4944 1 4945 7
4945 1 4946 13
4946 2 4947 10 5313 12
4947 3 4948 12 1737 6 458 1
4948 1 4949 8
4949 4 4950 14 380 9 7240 -4 6874 3
4950 1 4951 7
4951 2 4952 -3 6004 4
4952 1 4953 3
4953 1 4954 -3
4954 3 4955 13 914 19 3012 -1
4955 3 4956 9 2414 -1 8418 8
4956 3 4957 12 9764 9 1076 13
4957 3 4958 14 9554 2 432 20
4958 5 4959 15 1793 19 1873 3 1269 19 7161 11
4959 3 4960 11 7372 2 5103 18
4960 1 4961 14
4961 3 4962 -1 4398 9 1561 18
4962 1 4963 7
4963 3 4964 12 1073 13 8142 9
4964 3 4965 1 1136 20 7562 6
4965 2 4966 3 4100 17
4966 1 4967 12
4967 2 4968 15 1639 1
4968 2 4969 2 208 9
4969 4 4970 11 9153 13 116 19 7962 4
4970 3 4971 3 2133 2 65 13
4971 3 4972 1 9482 6 3938 11
4972 1 4973 6
4973 2 4974 3 7910 9
4974 2 4975 9 3822 18
4975 1 4976 8
4976 2 4977 7 281 12
4977 2 4978 2 5693 5
4978 2 4979 15 2603 9
4979 2 4980 15 4879 8
4980 2 4981 3 3847 -4
4981 3 4982 5 6733 20 9069 17
4982 1 4983 -1
4983 3 4984 9 8741 8 452 14
4984 2 4985 12 9802 11
4985 2 4986 12 6056 20
4986 3 4987 5 7083 16 557 8
4987 4 4988 15 4581 4 2404 16 5503 14
4988 3 4989 2 1057 5 2580 20
4989 3 4990 4 211 9 1755 14
4990 2 4991 7 7495 5
4991 3 4992 11 3316 7 8709 12
4992 2 4993 1 8757 6
4993 1 4994 1
4994 2 4995 6 5406 9
4995 3 4996 2 8512 7 8580 6
4996 2 4997 10 906 16
4997 3 4998 7 5458 9 3433 8
4998 2 4999 12 5208 18
4999 2 5000 2 335 2
5000 3 5001 1 1761 -4 7457 16
5001 2 5002 7 8528 9
5002 2 5003 7 1481 19
5003 3 5004 0 2472 7 6935 14
5004 1 5005 1
5005 2 5006 0 124 2
5006 2 5007 9 8617 20
5007 2 5008 -2 6624 10
5008 1 5009 7
5009 1 5010 15
5010 1 5011 -1
5011 2 5012 8 5694 1
5012 3 5013 1 2072 -3 1026 17
5013 2 5014 4 4909 1
5014 4 5015 15 7112 1 7096 2 2932 19
5015 2 5016 14 7445 16
5016 4 5017 12 5651 6 1894 19 1483 3
5017 2 5018 12 7029 12
5018 2 5019 2 2274 1
5019 2 5020 13 125 2
5020 2 5021 8 8955 5
5021 4 5022 8 5730 19 9832 6 4221 1
5022 1 5023 0
5023 2 5024 6 8389 2
5024 2 5025 1 2874 2
5025 4 5026 12 6283 14 7216 -3 9638 12
5026 3 5027 15 7253 1 8633 1
5027 1 5028 15
5028 3 5029 11 2056 9 2797 13
5029 5 5030 8 6240 15 6635 -3 316 -4 1232 13
5030 4 5031 5 5235 0 7929 17 3724 18
5031 2 5032 13 634 11
5032 2 5033 2 7115 2
5033 2 5034 5 4133 15
5034 3 5035 14 592 17 9253 2
5035 2 5036 13 7804 8
5036 4 5037 8 1796 20 9431 11 1055 10
5037 2 5038 7 286 4
5038 3 5039 15 6801 5 71 13
5039 3 5040 7 2418 -4 1927 12
5040 3 5041 6 741 13 4808 7
5041 2 5042 8 9710 9
5042 5 5043 12 2158 20 5584 12 92 10 7916 19
5043 1 5044 9
5044 5 5045 7 9739 7 9948 -3 6728 20 5716 13
5045 1 5046 4
5046 2 5047 13 867 8
5047 1 5048 2
5048 4 5049 -1 6180 14 9411 2 3238 10
5049 3 5050 6 4500 16 7696 9
5050 2 5051 6 1392 5
5051 1 5052 5
5052 1 5053 9
5053 2 5054 9 9362 1
5054 1 5055 4
5055 2 5056 13 3426 16
5056 2 5057 12 235 6
5057 1 5058 11
5058 1 5059 1
5059 3 5060 12 1297 3 9950 5
5060 2 5061 5 6818 -2
5061 3 5062 15 2276 12 6126 2
5062 2 5063 9 3650 12
5063 1 5064 6
5064 1 5065 10
5065 1 5066 13
5066 2 5067 7 7944 -1
5067 1 5068 3
5068 1 5069 15
5069 5 5070 -1 5792 16 9265 17 6090 11 766 17
5070 3 5071 10 2697 4 8428 17
5071 3 5072 7 4435 -2 9323 -2
5072 4 5073 5 1414 -3 9535 6 6704 19
5073 2 5074 1 6906 18
5074 2 5075 3 346 17
5075 2 5076 2 8166 -2
5076 2 5077 5 9195 20
5077 1 5078 7
5078 3 5079 12 9804 16 3140 16
5079 3 5080 15 4066 9 311 12
5080 2 5081 3 4018 2
5081 1 5082 9
5082 2 5083 14 173 7
5083 3 5084 -2 7569 11 4373 10
5084 3 5085 2 804 2 6479 18
5085 3 5086 0 4925 6 2149 20
5086 1 5087 2
5087 4 5088 4 5259 16 348 0 6532 4
5088 4 5089 9 8102 20 624 13 8509 -4
5089 4 5090 15 6805 19 4573 15 9655 13
5090 3 5091 10 1549 18 8893 6
5091 1 5092 8
5092 3 5093 2 8912 16 8577 4
5093 2 5094 4 7186 1
5094 6 5095 0 1151 4 1205 11 5141 15 5273 8 4007 11
5095 3 5096 3 2355 11 6873 6
5096 5 5097 14 5696 7 7099 7 6948 8 242 13
5097 1 5098 3
5098 1 5099 7
5099 4 5100 -2 9753 14 6344 8 7412 19
5100 2 5101 6 4126 11
5101 1 5102 11
5102 1 5103 7
5103 3 5104 14 8742 12 2255 2
5104 1 5105 12
5105 2 5106 5 1397 11
5106 3 5107 3 8550 9 1033 7
5107 3 5108 8 3943 12 8528 4
5108 2 5109 15 5915 12
5109 3 5110 15 895 19 8306 13
5110 3 5111 12 2496 11 3545 9
5111 2 5112 1 291 16
5112 4 5113 14 7544 8 3871 18 6211 8
5113 2 5114 -4 176 18
5114 2 5115 15 2115 1
5115 4 5116 6 2567 13 1552 7 5084 -3
5116 1 5117 8
5117 5 5118 14 9864 13 7492 11 2847 10 1019 20
5118 2 5119 11 5514 14
5119 1 5120 9
5120 1 5121 8
5121 2 5122 -2 9344 -4
5122 3 5123 1 298 14 9644 19
5123 4 5124 7 1310 10 1742 1 3527 18
5124 2 5125 14 1045 8
5125 2 5126 9 3113 -1
5126 2 5127 6 755 -3
5127 2 5128 -3 4009 5
5128 2 5129 1 6795 19
5129 1 5130 11
5130 2 5131 9 786 16
5131 2 5132 2 8394 8
5132 1 5133 -2
5133 3 5134 -2 9257 3 6997 3
5134 2 5135 6 4875 1
5135 4 5136 10 8753 18 5784 13 872 19
5136 3 5137 14 9972 14 9252 15
5137 3 5138 7 641 3 287 6
5138 3 5139 15 4862 18 2283 5
5139 1 5140 14
5140 3 5141 7 5926 3 279 6
5141 4 5142 8 4723 4 6817 4 2848 5
5142 1 5143 15
5143 3 5144 12 5539 11 614 -1
5144 1 5145 6
5145 2 5146 2 9167 11
5146 5 5147 10 403 11 9130 4 6492 14 7351 4
5147 1 5148 11
5148 4 5149 6 3040 2 551 16 5609 15
5149 3 5150 1 7294 -3 2584 5
5150 3 5151 3 9670 8 9896 19
5151 2 5152 11 3546 13
5152 5 5153 14 6988 9 240 2 5622 15 2317 5
5153 3 5154 9 7816 10 5973 17
5154 2 5155 15 1056 8
5155 2 5156 14 5550 8
5156 2 5157 2 492 6
5157 1 5158 5
5158 1 5159 0
5159 2 5160 12 9822 13
5160 3 5161 5 1858 1 726 13
5161 2 5162 -2 1846 9
5162 1 5163 12
5163 2 5164 6 333 20
5164 2 5165 9 7461 0
5165 5 5166 12 227 20 1010 16 2207 15 1704 4
5166 3 5167 8 230 9 1651 3
5167 1 5168 3
5168 1 5169 4
5169 1 5170 10
5170 3 5171 8 2917 15 7600 14
5171 2 5172 2 5984 -1
5172 2 5173 5 4170 10
5173 4 5174 1 7883 8 7697 18 7016 20
5174 2 5175 1 4871 7
5175 2 5176 1 3424 20
5176 1 5177 13
5177 1 5178 9
5178 3 5179 15 794 2 6862 2
5179 2 5180 3 2616 1
5180 3 5181 14 1205 8 9019 6
5181 2 5182 6 8799 19
5182 1 5183 14
5183 3 5184 10 1328 16 6409 12
5184 4 5185 4 1660 9 1746 15 2547 9
5185 3 5186 3 840 10 5178 20
5186 1 5187 5
5187 3 5188 15 8520 16 3506 18
5188 2 5189 13 5869 16
5189 2 5190 15 5228 5
5190 4 5191 7 346 18 2474 17 5343 12
5191 3 5192 3 1538 2 2938 1
5192 3 5193 6 6860 3 4774 20
5193 1 5194 15
5194 3 5195 7 2446 -4 9085 17
5195 4 5196 14 2709 15 5205 4 3469 5
5196 3 5197 14 8666 7 7579 15
5197 2 5198 2 9863 -1
5198 3 5199 7 7977 12 8399 5
5199 2 5200 8 1009 10
5200 3 5201 13 7367 19 3893 13
5201 2 5202 10 5359 17
5202 1 5203 3
5203 1 5204 -1
5204 2 5205 9 8764 14
5205 2 5206 11 6478 2
5206 2 5207 5 956 6
5207 3 5208 -1 3208 18 3379 19
5208 2 5209 5 7976 -4
5209 1 5210 14
5210 3 5211 10 3829 16 1469 6
5211 3 5212 10 9975 16 6234 18
5212 2 5213 0 277 15
5213 2 5214 9 2341 9
5214 1 5215 -2
5215 4 5216 12 4974 1 1439 20 6746 16
5216 1 5217 8
5217 7 5218 1 5743 5 9633 15 8147 19 3845 18 473 19 9151 10
5218 1 5219 5
5219 1 5220 14
5220 3 5221 7 6453 1 413 17
5221 3 5222 4 1946 11 8673 19
5222 5 5223 14 560 13 2843 7 1162 16 5468 1
5223 1 5224 10
5224 6 5225 -3 752 17 1129 5 6665 17 6178 17 7506 3
5225 2 5226 15 3287 10
5226 1 5227 11
5227 2 5228 3 7188 20
5228 4 5229 10 7774 15 893 8 8591 11
5229 2 5230 15 513 10
5230 2 5231 3 483 3
5231 2 5232 8 879 19
5232 7 5233 11 998 3 8845 5 6474 18 9479 19 5209 7 6919 20
5233 1 5234 1
5234 4 5235 5 7762 6 7653 1 2227 19
5235 1 5236 4
5236 4 5237 8 634 9 2280 6 3480 16
5237 1 5238 12
5238 1 5239 2
5239 2 5240 13 2597 3
5240 3 5241 4 1619 19 2107 1
5241 1 5242 10
5242 2 5243 6 1362 -2
5243 4 5244 11 9464 1 53 -3 1481 7
5244 2 5245 8 5205 -3
5245 4 5246 6 3940 12 1241 19 7774 17
5246 3 5247 10 8117 17 2486 5
5247 3 5248 7 9600 5 395 8
5248 1 5249 4
5249 2 5250 8 7644 14
5250 2 5251 7 2807 -3
5251 4 5252 2 47 12 798 5 6863 1
5252 4 5253 7 1136 10 7385 17 9036 20
5253 4 5254 3 3844 7 6389 5 9275 5
5254 3 5255 8 8831 18 8348 20
5255 2 5256 3 6150 16
5256 2 5257 2 1982 1
5257 2 5258 12 8733 9
5258 4 5259 7 2927 11 1227 19 484 3
5259 3 5260 2 584 3 1270 3
5260 1 5261 7
5261 3 5262 1 271 4 492 9
5262 1 5263 4
5263 1 5264 8
5264 1 5265 12
5265 3 5266 12 5335 1 4091 20
5266 4 5267 1 814 2 7354 11 4084 17
5267 3 5268 3 6701 12 6390 20
5268 3 5269 2 8467 7 1598 18
5269 1 5270 1
5270 2 5271 2 4920 9
5271 4 5272 14 3680 15 1677 15 912 20
5272 1 5273 1
5273 1 5274 6
5274 2 5275 14 5244 11
5275 2 5276 3 3295 16
5276 2 5277 0 1885 15
5277 2 5278 2 7931 10
5278 1 5279 13
5279 2 5280 8 9001 6
5280 2 5281 12 725 4
5281 2 5282 11 2606 13
5282 2 5283 15 370 -2
5283 3 5284 7 3179 13 696 1
5284 1 5285 1
5285 5 5286 13 5808 6 8591 -3 7933 19 8396 -2
5286 3 5287 14 55 5 4189 12
5287 3 5288 12 9884 4 4295 9
5288 2 5289 9 4791 10
5289 1 5290 10
5290 4 5291 12 4631 16 5834 9 6601 20
5291 2 5292 15 6141 11
5292 3 5293 2 1263 8 9198 -2
5293 3 5294 2 4432 11 999 6
5294 1 5295 9
5295 1 5296 14
5296 2 5297 -1 275 19
5297 3 5298 10 2494 2 2493 12
5298 6 5299 10 8430 1 7907 8 662 13 8099 2 2212 5
5299 2 5300 12 2207 15
5300 3 5301 6 5150 13 1261 20
5301 1 5302 6
5302 2 5303 4 2062 7
5303 4 5304 7 6719 8 4825 15 3425 6
5304 3 5305 8 8349 2 7656 16
5305 2 5306 5 2033 6
5306 1 5307 9
5307 2 5308 1 2868 12
5308 1 5309 11
5309 2 5310 11 1717 3
5310 5 5311 6 4144 -1 6908 5 7897 12 3880 11
5311 2 5312 0 1869 14
5312 2 5313 9 6423 13
5313 1 5314 2
5314 2 5315 -4 5885 6
5315 3 5316 15 5806 11 7619 20
5316 2 5317 5 2366 4
5317 1 5318 13
5318 2 5319 2 8721 -1
5319 2 5320 -3 4690 6
5320 2 5321 12 7456 5
5321 3 5322 8 2639 16 6507 3
5322 1 5323 12
5323 5 5324 6 3584 4 6930 13 1309 17 9066 10
5324 2 5325 -3 9388 3
5325 1 5326 11
5326 2 5327 5 6845 13
5327 1 5328 6
5328 3 5329 10 8303 8 7409 5
5329 2 5330 13 1695 1
5330 1 5331 9
5331 1 5332 3
5332 1 5333 11
5333 2 5334 -1 8174 7
5334 1 5335 2
5335 3 5336 6 9101 2 6947 15
5336 3 5337 -2 6424 19 8806 5
5337 3 5338 15 6479 10 5864 10
5338 1 5339 3
5339 1 5340 11
5340 2 5341 2 8787 11
5341 3 5342 10 3890 20 6172 9
5342 1 5343 4
5343 2 5344 1 5499 13
5344 1 5345 -1
5345 3 5346 13 2532 9 6653 11
5346 4 5347 6 8599 18 207 17 6260 16
5347 4 5348 12 6369 8 5677 6 137 2
5348 1 5349 11
5349 3 5350 11 139 19 3390 4
5350 1 5351 13
5351 2 5352 4 8277 13
5352 2 5353 14 6651 17
5353 3 5354 13 2414 8 3651 12
5354 1 5355 12
5355 2 5356 15 4174 0
5356 1 5357 4
5357 2 5358 -4 416 16
5358 4 5359 15 7317 19 743 19 2657 3
5359 4 5360 8 9251 11 5555 5 6288 -2
5360 3 5361 3 3601 18 8078 2
5361 2 5362 9 5097 7
5362 3 5363 8 3969 16 3727 6
5363 4 5364 3 5940 10 5641 1 9201 8
5364 4 5365 10 872 18 2315 4 5210 18
5365 6 5366 3 2335 7 612 12 9493 8 7119 -3 124 9
5366 1 5367 14
5367 3 5368 4 6365 14 6220 18
5368 1 5369 10
5369 3 5370 13 9415 15 8249 9
5370 2 5371 8 697 18
5371 2 5372 11 7474 17
5372 3 5373 15 2435 14 549 0
5373 4 5374 8 289 14 6077 20 7559 12
5374 3 5375 3 764 19 3138 11
5375 3 5376 10 26 1 836 20
5376 2 5377 2 2285 10
5377 3 5378 2 5287 -4 1631 13
5378 1 5379 15
5379 4 5380 10 817 7 5658 18 5241 13
5380 1 5381 8
5381 4 5382 15 7363 -1 9491 3 2387 4
5382 3 5383 -3 691 11 9341 6
5383 2 5384 12 9358 10
5384 1 5385 7
5385 2 5386 4 2503 14
5386 2 5387 15 5858 16
5387 3 5388 7 6023 7 9588 3
5388 2 5389 7 2618 -2
5389 3 5390 7 9765 18 9967 -3
5390 2 5391 1 2434 11
5391 5 5392 2 1287 8 6637 4 6478 16 8834 11
5392 3 5393 2 1983 5 5671 18
5393 2 5394 3 162 15
5394 1 5395 5
5395 3 5396 5 2379 17 725 10
5396 1 5397 14
5397 2 5398 9 7720 5
5398 3 5399 14 3588 -1 2857 9
5399 1 5400 10
5400 1 5401 11
5401 3 5402 12 4207 8 6115 9
5402 2 5403 9 2715 4
5403 2 5404 15 118 11
5404 2 5405 13 644 11
5405 4 5406 3 5807 2 4299 3 9889 4
5406 4 5407 4 9627 -4 1414 4 9270 14
5407 2 5408 -4 2547 -4
5408 2 5409 -1 7517 11
5409 1 5410 6
5410 2 5411 15 1120 10
5411 1 5412 3
5412 7 5413 -3 8972 14 6618 15 6473 9 794 13 8586 6 4044 1
5413 4 5414 7 3356 15 8553 4 1182 4
5414 2 5415 11 2019 5
5415 1 5416 1
5416 3 5417 6 1750 6 8217 3
5417 4 5418 4 3006 10 1253 17 8287 20
5418 2 5419 9 4570 17
5419 3 5420 4 9714 4 4428 -1
5420 3 5421 1 2094 18 5372 13
5421 3 5422 10 422 14 5277 7
5422 1 5423 12
5423 4 5424 13 1472 12 9364 15 7734 0
5424 6 5425 -1 9240 18 1185 6 9713 2 3489 14 2546 8
5425 4 5426 4 716 -4 2601 14 4108 3
5426 1 5427 6
5427 1 5428 -1
5428 2 5429 14 841 7
5429 1 5430 11
5430 2 5431 9 4336 16
5431 2 5432 2 5597 3
5432 7 5433 9 2302 4 8736 18 7138 4 2439 12 6978 7 2997 4
5433 4 5434 6 1925 0 8901 18 2121 18
5434 3 5435 10 6822 1 9761 18
5435 4 5436 9 6494 15 7084 6 2455 5
5436 2 5437 15 8988 15
5437 1 5438 8
5438 1 5439 15
5439 3 5440 5 7518 3 7357 12
5440 2 5441 -1 1564 6
5441 3 5442 -3 3127 -1 2117 8
5442 3 5443 1 3796 11 8524 5
5443 2 5444 -3 9817 10
5444 1 5445 5
5445 1 5446 11
5446 1 5447 13
5447 3 5448 15 5863 11 5931 19
5448 3 5449 11 9922 1 9959 3
5449 3 5450 6 2336 1 3661 1
5450 3 5451 2 8334 3 4698 18
5451 4 5452 9 8790 3 1296 2 9654 0
5452 2 5453 0 9755 7
5453 2 5454 4 4184 7
5454 2 5455 0 347 6
5455 4 5456 5 1107 18 5474 6 2543 10
5456 3 5457 14 5841 1 434 19
5457 4 5458 7 4672 11 6453 12 424 2
5458 2 5459 2 6120 10
5459 3 5460 12 7329 -1 1472 16
5460 1 5461 3
5461 1 5462 5
5462 2 5463 4 6695 12
5463 3 5464 2 7905 4 9843 0
5464 1 5465 14
5465 1 5466 12
5466 3 5467 4 6330 10 9192 16
5467 3 5468 4 6430 14 7551 18
5468 1 5469 13
5469 4 5470 5 5336 16 6768 4 3765 3
5470 2 5471 3 3485 15
5471 3 5472 3 1014 6 5772 17
5472 3 5473 5 355 20 5275 5
5473 2 5474 3 91 9
5474 3 5475 1 2935 -4 9266 13
5475 3 5476 13 1914 5 9884 10
5476 2 5477 6 8086 2
5477 3 5478 8 133 20 7996 13
5478 3 5479 2 7024 16 6770 2
5479 2 5480 13 1575 3
5480 4 5481 7 303 14 6071 6 3218 6
5481 1 5482 11
5482 2 5483 -3 5481 13
5483 5 5484 0 514 3 8454 16 718 13 3556 12
5484 2 5485 15 8034 19
5485 3 5486 14 2901 8 4523 -1
5486 3 5487 6 7500 3 7795 16
5487 1 5488 9
5488 3 5489 4 6103 11 4076 -2
5489 6 5490 6 4637 18 3190 15 7610 20 9527 14 7010 11
5490 3 5491 5 3158 18 13 14
5491 3 5492 5 6694 8 1819 10
5492 1 5493 3
5493 5 5494 8 5851 -1 5290 1 4020 15 5960 3
5494 3 5495 15 2179 13 8365 5
5495 4 5496 10 1915 9 9987 5 1504 1
5496 2 5497 8 6321 14
5497 4 5498 -3 6280 0 1375 -2 3779 3
5498 2 5499 14 800 16
5499 1 5500 13
5500 1 5501 9
5501 2 5502 14 2285 3
5502 3 5503 8 5394 -1 6057 17
5503 1 5504 8
5504 5 5505 4 8166 10 8583 6 2218 1 109 12
5505 2 5506 5 8669 2
5506 3 5507 5 288 14 8720 20
5507 2 5508 -4 5193 5
5508 4 5509 13 140 11 1736 0 7607 6
5509 2 5510 12 3835 8
5510 1 5511 8
5511 3 5512 9 5665 13 7166 5
5512 1 5513 8
5513 5 5514 -1 1698 14 7894 13 2983 -3 9977 6
5514 1 5515 10
5515 5 5516 6 8516 13 2016 18 5697 11 6591 5
5516 2 5517 3 6766 -4
5517 1 5518 9
5518 3 5519 11 387 13 2667 5
5519 3 5520 7 6530 5 1750 15
5520 1 5521 10
5521 2 5522 11 9663 3
5522 4 5523 -2 7957 19 2079 18 1351 1
5523 2 5524 8 4099 9
5524 2 5525 2 1107 12
5525 2 5526 12 3290 18
5526 3 5527 10 72 20 3848 10
5527 1 5528 0
5528 3 5529 9 6441 2 3373 7
5529 3 5530 5 4563 8 748 -2
5530 4 5531 3 8651 1 6408 3 4332 6
5531 3 5532 10 5783 17 444 19
5532 2 5533 5 866 -3
5533 1 5534 10
5534 3 5535 12 4819 17 894 9
5535 2 5536 2 6471 6
5536 1 5537 4
5537 3 5538 13 2043 16 1135 7
5538 2 5539 4 7073 7
5539 1 5540 11
5540 2 5541 7 8115 7
5541 1 5542 4
5542 4 5543 4 4658 -4 2632 12 474 15
5543 2 5544 6 6855 9
5544 1 5545 10
5545 2 5546 -2 3612 5
5546 1 5547 -4
5547 1 5548 13
5548 3 5549 6 2297 8 1298 3
5549 2 5550 4 5928 1
5550 2 5551 11 6449 8
5551 2 5552 10 7334 -4
5552 2 5553 15 5063 16
5553 3 5554 4 1503 12 5483 9
5554 2 5555 7 8898 -4
5555 1 5556 14
5556 4 5557 13 753 6 8330 -2 1297 6
5557 3 5558 7 236 16 7848 20
5558 2 5559 2 2360 -3
5559 2 5560 8 1181 3
5560 1 5561 12
5561 1 5562 6
5562 3 5563 11 3709 4 1955 9
5563 3 5564 11 5953 -3 9628 5
5564 1 5565 2
5565 2 5566 10 2746 10
5566 1 5567 2
5567 3 5568 3 5523 11 6543 10
5568 1 5569 13
5569 1 5570 10
5570 3 5571 15 6549 6 2679 8
5571 3 5572 2 9100 6 6948 1
5572 5 5573 9 7546 13 9023 17 3021 5 501 19
5573 5 5574 8 485 20 7672 17 4681 18 4708 9
5574 3 5575 6 4545 2 5635 11
5575 2 5576 14 8001 5
5576 1 5577 7
5577 4 5578 3 6969 11 6402 15 1062 16
5578 2 5579 8 2393 5
5579 1 5580 13
5580 3 5581 -2 1549 8 5793 16
5581 3 5582 2 2142 12 9754 2
5582 2 5583 -2 4117 6
5583 2 5584 10 6156 14
5584 3 5585 13 9320 16 1361 8
5585 1 5586 7
5586 2 5587 11 9567 18
5587 3 5588 13 5660 5 4938 15
5588 3 5589 7 1352 16 5018 11
5589 2 5590 14 812 19
5590 4 5591 4 6882 7 3928 18 6965 12
5591 3 5592 10 2086 2 1858 16
5592 3 5593 6 3840 8 4498 13
5593 2 5594 7 1024 10
5594 4 5595 12 2311 7 9576 1 1562 1
5595 5 5596 6 2083 14 9483 11 5368 16 7642 2
5596 1 5597 4
5597 2 5598 3 4281 16
5598 1 5599 11
5599 3 5600 -3 7994 14 6129 17
5600 2 5601 7 1306 10
5601 5 5602 6 3648 19 4328 3 1166 4 8998 4
5602 2 5603 2 7145 8
5603 2 5604 15 4488 -1
5604 1 5605 -1
5605 2 5606 6 7278 7
5606 2 5607 9 9612 2
5607 3 5608 12 325 1 6425 9
5608 1 5609 7
5609 2 5610 5 1371 8
5610 1 5611 14
5611 3 5612 11 426 5 8910 11
5612 3 5613 3 4686 17 1725 4
5613 7 5614 -4 1934 4 6038 9 2727 19 1654 14 3221 1 1930 18
5614 3 5615 9 8848 20 5721 2
5615 4 5616 -1 9054 -2 2417 14 1908 9
5616 2 5617 3 2659 18
5617 3 5618 14 5401 15 1311 18
5618 4 5619 7 2593 18 2014 4 9944 6
5619 2 5620 14 4279 -4
5620 6 5621 0 8715 15 3425 12 6244 4 2592 12 217 7
5621 1 5622 1
5622 2 5623 1 2396 20
5623 2 5624 14 165 5
5624 4 5625 9 9057 6 9352 9 5350 7
5625 6 5626 4 1658 1 383 6 8481 11 5704 19 7816 15
5626 1 5627 11
5627 1 5628 4
5628 1 5629 14
5629 2 5630 10 7155 16
5630 3 5631 7 8472 16 2951 7
5631 5 5632 4 8184 5 5456 14 5373 3 7029 -1
5632 1 5633 12
5633 3 5634 9 3337 11 9504 20
5634 1 5635 4
5635 2 5636 -3 981 -1
5636 5 5637 2 973 13 6885 11 549 7 1202 0
5637 1 5638 8
5638 1 5639 8
5639 3 5640 3 8980 9 6059 4
5640 3 5641 1 875 -4 1356 13
5641 4 5642 8 5659 5 3412 -1 4127 2
5642 3 5643 9 7924 19 9855 17
5643 5 5644 4 8893 16 939 13 1386 0 2748 19
5644 2 5645 12 9828 13
5645 4 5646 6 1696 4 1203 10 4138 18
5646 2 5647 5 2290 14
5647 1 5648 3
5648 5 5649 10 2151 6 142 7 6031 6 3712 5
5649 3 5650 8 655 16 2886 6
5650 5 5651 8 6861 9 5654 11 5652 4 977 13
5651 2 5652 15 8794 8
5652 3 5653 8 5897 8 5004 10
5653 3 5654 14 1111 2 5005 -1
5654 2 5655 4 642 19
5655 2 5656 -1 2928 2
5656 2 5657 1 2569 1
5657 1 5658 -2
5658 3 5659 3 1057 -2 5977 12
5659 2 5660 -2 3858 14
5660 3 5661 15 9303 20 1487 19
5661 3 5662 1 730 4 6965 18
5662 1 5663 3
5663 4 5664 14 264 1 9006 2 4078 15
5664 3 5665 8 6684 4 5679 5
5665 3 5666 15 4765 2 8949 13
5666 4 5667 9 8136 7 3213 13 4225 11
5667 1 5668 13
5668 2 5669 13 5563 12
5669 3 5670 15 1059 11 9477 14
5670 6 5671 10 6488 18 4030 9 4405 20 445 1 6136 6
5671 2 5672 10 9431 14
5672 2 5673 10 5011 3
5673 4 5674 9 8064 -1 1213 12 3983 7
5674 1 5675 8
5675 3 5676 8 9966 8 2166 13
5676 1 5677 15
5677 2 5678 1 5199 8
5678 1 5679 9
5679 4 5680 13 3346 7 8555 3 1728 8
5680 5 5681 5 5846 8 7781 11 325 14 2506 16
5681 2 5682 1 206 3
5682 1 5683 14
5683 3 5684 15 4518 9 1481 14
5684 2 5685 6 4413 11
5685 2 5686 7 1453 12
5686 2 5687 5 2664 6
5687 3 5688 12 4233 15 1553 -3
5688 2 5689 7 7752 10
5689 2 5690 4 2097 -2
5690 4 5691 -2 3315 12 8162 15 4411 1
5691 2 5692 15 9898 14
5692 2 5693 6 9640 20
5693 3 5694 3 1069 2 1931 7
5694 2 5695 11 414 10
5695 2 5696 4 7120 8
5696 3 5697 13 2482 -3 28 11
5697 5 5698 6 4084 19 6272 10 934 8 4202 13
5698 1 5699 13
5699 3 5700 15 6870 12 1161 6
5700 3 5701 13 5392 18 7008 16
5701 1 5702 8
5702 3 5703 12 5894 3 4074 9
5703 2 5704 14 9743 10
5704 3 5705 0 2567 9 5396 9
5705 2 5706 5 926 11
5706 1 5707 4
5707 3 5708 2 1685 11 9154 6
5708 2 5709 13 1841 20
5709 3 5710 8 4764 18 8270 -3
5710 5 5711 7 1165 5 2786 5 6281 11 1717 6
5711 3 5712 1 548 -2 8523 -3
5712 1 5713 7
5713 2 5714 5 1651 20
5714 2 5715 9 8639 20
5715 2 5716 4 1278 -3
5716 2 5717 10 8822 5
5717 2 5718 2 9254 17
5718 2 5719 9 2777 7
5719 3 5720 11 1339 9 7197 1
5720 1 5721 5
5721 3 5722 15 1878 7 9114 1
5722 2 5723 -3 2615 19
5723 1 5724 8
5724 1 5725 15
5725 1 5726 12
5726 2 5727 -4 10 17
5727 1 5728 0
5728 3 5729 -3 457 5 317 11
5729 2 5730 -1 2873 6
5730 2 5731 11 2062 12
5731 1 5732 12
5732 2 5733 -1 3117 14
5733 2 5734 15 9239 9
5734 2 5735 1 6166 17
5735 1 5736 10
5736 4 5737 0 6567 2 8536 3 6939 15
5737 3 5738 7 2623 19 355 9
5738 4 5739 11 935 0 8850 4 6304 4
5739 2 5740 13 807 19
5740 3 5741 6 976 10 1069 19
5741 1 5742 3
5742 1 5743 12
5743 1 5744 -3
5744 2 5745 -4 951 5
5745 1 5746 1
5746 4 5747 -1 2873 15 4307 12 3511 6
5747 4 5748 7 2155 7 9750 4 8657 15
5748 2 5749 3 1065 8
5749 3 5750 8 7766 16 8666 7
5750 3 5751 2 2375 11 1084 16
5751 3 5752 11 154 7 8298 16
5752 5 5753 15 2286 3 9706 12 5055 8 6728 15
5753 2 5754 15 7603 14
5754 4 5755 1 2891 14 6979 7 1500 5
5755 1 5756 3
5756 1 5757 8
5757 2 5758 6 2007 0
5758 4 5759 8 1445 3 4413 12 8004 11
5759 1 5760 -3
5760 3 5761 8 6751 17 4138 10
5761 3 5762 4 4015 6 3030 15
5762 3 5763 10 7310 4 2471 8
5763 3 5764 1 5203 17 6154 11
5764 2 5765 8 3147 18
5765 3 5766 13 8397 0 2545 1
5766 2 5767 15 2060 18
5767 2 5768 14 1662 19
5768 1 5769 14
5769 1 5770 12
5770 3 5771 15 6138 4 5635 19
5771 1 5772 5
5772 2 5773 11 8989 11
5773 3 5774 9 7622 12 2515 -2
5774 2 5775 10 6698 7
5775 4 5776 1 2543 11 1695 5 8775 -3
5776 3 5777 15 7416 12 9429 11
5777 1 5778 -2
5778 1 5779 8
5779 2 5780 12 3793 18
5780 2 5781 0 8146 19
5781 2 5782 9 8436 -1
5782 2 5783 15 8371 1
5783 4 5784 12 8595 13 4233 8 8536 13
5784 2 5785 13 9494 6
5785 3 5786 11 1901 3 9068 4
5786 1 5787 11
5787 3 5788 8 4314 16 9431 14
5788 3 5789 9 9599 11 7533 4
5789 4 5790 4 8664 2 3523 11 4766 20
5790 2 5791 4 7882 14
5791 5 5792 15 5841 4 9037 15 9499 6 1312 14
5792 4 5793 -1 2957 19 2412 10 838 15
5793 2 5794 1 2654 2
5794 2 5795 3 4186 15
5795 3 5796 15 7101 20 5468 20
5796 1 5797 -4
5797 4 5798 9 3352 15 5576 16 5924 14
5798 3 5799 2 9828 6 5728 9
5799 1 5800 8
5800 2 5801 2 1484 6
5801 1 5802 4
5802 3 5803 2 2845 -3 9521 8
5803 2 5804 9 3295 16
5804 2 5805 15 9342 7
5805 1 5806 15
5806 2 5807 3 9889 3
5807 2 5808 -4 3285 17
5808 2 5809 13 1369 8
5809 1 5810 2
5810 1 5811 3
5811 4 5812 11 8313 -3 8446 15 4138 3
5812 2 5813 12 2917 14
5813 5 5814 7 3079 -2 4744 7 4155 2 6874 15
5814 1 5815 11
5815 3 5816 3 7019 16 3332 10
5816 5 5817 9 4405 5 4753 17 9578 -3 2204 13
5817 3 5818 12 925 19 1994 -3
5818 1 5819 -4
5819 1 5820 11
5820 2 5821 7 7085 17
5821 1 5822 0
5822 4 5823 2 7273 18 2392 12 4115 17
5823 2 5824 5 4725 5
5824 2 5825 1 2049 15
5825 1 5826 8
5826 3 5827 3 841 19 5243 7
5827 3 5828 4 6013 16 2403 6
5828 1 5829 14
5829 1 5830 4
5830 3 5831 10 8886 8 3534 12
5831 3 5832 5 9194 -2 2610 17
5832 3 5833 7 9902 1 2120 20
5833 3 5834 1 425 2 4577 3
5834 2 5835 8 2758 13
5835 4 5836 4 1114 9 2735 -3 9754 4
5836 2 5837 1 2067 15
5837 2 5838 -2 8986 16
5838 4 5839 14 2490 7 1920 2 3966 12
5839 2 5840 14 6374 14
5840 2 5841 11 3277 5
5841 4 5842 1 963 19 4811 13 3074 6
5842 6 5843 8 8450 18 7183 9 332 5 1863 12 2151 3
5843 2 5844 8 9235 5
5844 5 5845 6 9774 14 1076 15 608 17 9941 6
5845 2 5846 10 8229 9
5846 3 5847 8 8218 -2 8988 10
5847 3 5848 1 9297 7 934 19
5848 2 5849 5 8674 12
5849 4 5850 3 5131 20 6168 9 7883 20
5850 2 5851 5 1702 8
5851 4 5852 6 7749 -3 949 5 2050 3
5852 1 5853 3
5853 2 5854 4 6259 6
5854 2 5855 4 903 16
5855 2 5856 1 4670 15
5856 4 5857 12 4331 10 5282 16 1363 13
5857 1 5858 -1
5858 1 5859 -2
5859 2 5860 -2 6258 4
5860 2 5861 3 1267 3
5861 1 5862 3
5862 1 5863 -3
5863 3 5864 13 6705 8 7457 9
5864 3 5865 10 2978 20 1990 1
5865 3 5866 5 316 13 8445 15
5866 2 5867 -3 344 4
5867 6 5868 -3 6794 1 2956 2 1739 10 425 4 8617 17
5868 3 5869 15 1251 5 6281 13
5869 1 5870 2
5870 2 5871 -3 9388 15
5871 2 5872 15 517 6
5872 2 5873 -2 8141 7
5873 2 5874 5 7545 17
5874 1 5875 2
5875 2 5876 3 2333 4
5876 2 5877 -1 4613 8
5877 3 5878 14 5701 19 4211 -2
5878 1 5879 7
5879 3 5880 11 7765 17 8690 -2
5880 4 5881 -1 2641 4 4810 9 9985 3
5881 1 5882 15
5882 1 5883 11
5883 2 5884 12 7977 16
5884 3 5885 12 278 20 3526 9
5885 2 5886 10 7365 9
5886 2 5887 2 3155 15
5887 4 5888 6 1278 6 3352 14 9679 14
5888 2 5889 11 803 11
5889 1 5890 11
5890 4 5891 9 4582 10 687 3 5224 -4
5891 3 5892 5 430 3 6166 2
5892 2 5893 3 888 -3
5893 1 5894 14
5894 1 5895 10
5895 1 5896 6
5896 2 5897 11 5173 15
5897 1 5898 -1
5898 2 5899 4 2309 17
5899 2 5900 3 1750 7
5900 4 5901 3 5846 7 1290 20 591 -1
5901 2 5902 6 658 2
5902 1 5903 5
5903 2 5904 4 3596 -1
5904 2 5905 6 2970 1
5905 1 5906 6
5906 1 5907 -4
5907 2 5908 11 2105 14
5908 2 5909 8 2221 8
5909 4 5910 6 2042 17 875 17 348 16
5910 4 5911 13 7314 17 9240 2 7655 9
5911 1 5912 5
5912 4 5913 1 548 1 7916 3 9136 11
5913 2 5914 4 6853 6
5914 2 5915 13 1017 3
5915 1 5916 -3
5916 3 5917 10 9161 11 5737 6
5917 3 5918 3 3055 8 9894 4
5918 1 5919 2
5919 3 5920 -2 7678 19 1836 12
5920 5 5921 -4 7883 11 2792 11 2966 4 2131 20
5921 1 5922 1
5922 3 5923 6 8103 6 2109 11
5923 2 5924 13 8217 12
5924 2 5925 12 4510 2
5925 3 5926 1 1992 10 2575 2
5926 1 5927 5
5927 2 5928 2 2349 13
5928 3 5929 10 3042 11 1027 17
5929 4 5930 4 2080 2 6458 6 2860 3
5930 4 5931 9 141 8 9731 12 635 19
5931 2 5932 2 2993 17
5932 1 5933 15
5933 2 5934 10 3448 -3
5934 1 5935 9
5935 1 5936 14
5936 1 5937 15
5937 4 5938 9 4837 2 2675 5 3163 1
5938 4 5939 13 781 12 4821 11 4940 -1
5939 2 5940 2 4234 16
5940 3 5941 14 1503 16 4730 12
5941 3 5942 9 7312 7 917 4
5942 4 5943 1 176 2 5763 11 3076 18
5943 1 5944 8
5944 4 5945 12 4078 9 5540 3 3519 1
5945 2 5946 6 6253 15
5946 2 5947 11 9505 4
5947 2 5948 -4 834 16
5948 2 5949 2 7289 8
5949 1 5950 7
5950 3 5951 11 7148 17 9194 15
5951 4 5952 8 2302 6 4908 5 3901 17
5952 2 5953 3 2003 17
5953 3 5954 4 2509 5 1635 3
5954 2 5955 11 1275 15
5955 1 5956 13
5956 3 5957 4 5500 6 3225 -3
5957 1 5958 6
5958 1 5959 12
5959 2 5960 4 1395 13
5960 3 5961 1 385 9 1732 12
5961 5 5962 -1 3350 13 4720 10 7048 19 3329 8
5962 2 5963 6 1320 7
5963 5 5964 11 1503 15 2064 9 6484 3 1533 4
5964 1 5965 -3
5965 2 5966 2 8779 17
5966 4 5967 0 4910 12 7313 16 3420 -4
5967 1 5968 13
5968 2 5969 5 2484 13
5969 2 5970 1 2698 19
5970 3 5971 14 529 14 3236 10
5971 2 5972 4 1322 15
5972 1 5973 8
5973 1 5974 13
5974 1 5975 6
5975 4 5976 9 5539 10 1010 17 6596 17
5976 2 5977 9 2536 11
5977 1 5978 11
5978 2 5979 4 6557 19
5979 1 5980 10
5980 4 5981 3 2224 15 8037 3 5068 12
5981 1 5982 -1
5982 1 5983 10
5983 4 5984 15 5292 -2 4854 15 7387 13
5984 3 5985 4 5825 10 2650 10
5985 6 5986 11 9737 3 3570 10 6651 9 4635 6 6853 4
5986 2 5987 11 4326 19
5987 3 5988 13 2435 7 8753 15
5988 4 5989 1 6613 17 114 8 3748 14
5989 1 5990 7
5990 2 5991 6 2341 18
5991 3 5992 1 795 4 7248 8
5992 1 5993 7
5993 2 5994 8 764 2
5994 3 5995 13 2050 -4 6346 13
5995 2 5996 2 1387 10
5996 2 5997 -3 1561 4
5997 2 5998 8 4671 8
5998 5 5999 14 1262 14 3599 16 1837 11 5903 3
5999 3 6000 11 1162 19 6755 18
6000 1 6001 13
6001 4 6002 2 9390 9 2007 17 9820 3
6002 3 6003 11 3051 7 2168 20
6003 1 6004 14
6004 4 6005 14 299 18 1405 18 7584 7
6005 2 6006 11 9802 14
6006 2 6007 14 1140 10
6007 3 6008 15 2509 11 8652 5
6008 2 6009 11 873 15
6009 1 6010 3
6010 1 6011 6
6011 2 6012 10 1124 11
6012 2 6013 10 2930 20
6013 3 6014 13 898 11 8089 4
6014 1 6015 4
6015 2 6016 2 7106 15
6016 3 6017 7 3131 20 8725 16
6017 3 6018 -2 2825 8 4379 -3
6018 4 6019 1 4843 13 142 18 8152 20
6019 4 6020 15 3461 13 3380 18 9163 -3
6020 3 6021 4 5603 15 4475 17
6021 5 6022 14 5332 5 5960 12 1682 1 7988 20
6022 1 6023 10
6023 3 6024 7 6478 14 7492 10
6024 1 6025 5
6025 3 6026 6 9499 8 9571 11
6026 1 6027 1
6027 1 6028 6
6028 3 6029 14 3951 1 720 9
6029 1 6030 5
6030 1 6031 10
6031 3 6032 15 328 9 2020 8
6032 4 6033 10 2752 13 8624 1 2830 16
6033 2 6034 12 7547 15
6034 3 6035 7 759 16 1299 18
6035 5 6036 4 5144 13 7365 8 6168 3 4344 12
6036 2 6037 2 2417 17
6037 2 6038 12 7342 1
6038 1 6039 14
6039 4 6040 10 5473 5 417 13 3701 13
6040 1 6041 -2
6041 4 6042 2 8242 17 8958 14 1869 5
6042 1 6043 1
6043 2 6044 11 9933 10
6044 4 6045 0 4363 12 2177 5 941 0
6045 3 6046 11 7699 -4 9470 15
6046 3 6047 4 9725 14 2777 6
6047 5 6048 -3 1204 7 786 12 2071 6 9811 6
6048 2 6049 11 8226 12
6049 2 6050 7 4560 8
6050 3 6051 6 3285 7 762 7
6051 4 6052 10 810 11 1990 17 2645 15
6052 2 6053 2 8396 15
6053 3 6054 4 170 11 9000 0
6054 3 6055 7 4616 9 2063 -3
6055 1 6056 3
6056 1 6057 0
6057 4 6058 11 5518 6 9332 13 2467 20
6058 4 6059 5 270 9 2796 4 6173 9
6059 1 6060 5
6060 3 6061 15 6514 15 1756 2
6061 4 6062 14 1694 -1 340 0 2281 3
6062 3 6063 1 7044 20 8533 5
6063 4 6064 1 9430 -3 4715 3 8664 10
6064 4 6065 7 4266 10 1580 3 9651 3
6065 2 6066 8 8093 6
6066 1 6067 1
6067 1 6068 13
6068 2 6069 0 1059 3
6069 4 6070 2 2103 -4 8196 9 4739 6
6070 2 6071 -3 1722 10
6071 4 6072 14 3193 2 694 7 2577 11
6072 3 6073 9 8409 1 2210 -4
6073 2 6074 6 4303 -1
6074 5 6075 5 6208 4 2191 20 1626 5 8333 5
6075 3 6076 12 1790 13 8069 6
6076 2 6077 0 2539 2
6077 2 6078 2 9815 9
6078 1 6079 0
6079 4 6080 8 6853 18 1562 16 4495 4
6080 2 6081 5 1658 13
6081 2 6082 2 6003 -3
6082 2 6083 5 3847 6
6083 2 6084 12 4520 5
6084 2 6085 13 7189 2
6085 4 6086 3 2113 10 9942 9 4229 9
6086 2 6087 5 8225 3
6087 3 6088 8 8004 17 689 5
6088 3 6089 8 5535 16 233 4
6089 3 6090 1 1123 11 4600 10
6090 2 6091 13 956 8
6091 2 6092 4 4187 3
6092 1 6093 9
6093 1 6094 6
6094 2 6095 15 9808 13
6095 6 6096 3 8841 16 1000 9 5820 18 8724 3 9059 -1
6096 1 6097 6
6097 2 6098 7 3421 8
6098 1 6099 5
6099 1 6100 8
6100 1 6101 9
6101 3 6102 12 8604 1 4118 8
6102 3 6103 11 9086 9 2496 5
6103 3 6104 14 9649 20 7800 11
6104 3 6105 6 6604 12 9785 8
6105 3 6106 1 2619 3 6850 20
6106 1 6107 5
6107 1 6108 13
6108 3 6109 -4 2247 10 4309 20
6109 1 6110 5
6110 2 6111 5 141 6
6111 2 6112 6 520 18
6112 1 6113 2
6113 1 6114 12
6114 4 6115 7 2947 9 2583 17 833 7
6115 1 6116 10
6116 1 6117 8
6117 1 6118 3
6118 5 6119 4 9062 2 8112 8 885 15 9025 7
6119 3 6120 2 2119 4 5066 20
6120 3 6121 7 6669 14 6978 20
6121 3 6122 6 3045 8 4856 16
6122 4 6123 1 3136 9 2578 7 847 5
6123 5 6124 8 7629 9 4130 2 9178 13 2830 15
6124 2 6125 15 1285 20
6125 1 6126 2
6126 1 6127 5
6127 2 6128 15 5302 20
6128 3 6129 4 4839 3 3231 15
6129 3 6130 10 9526 7 5332 17
6130 3 6131 3 3046 10 8799 -4
6131 1 6132 8
6132 2 6133 13 9028 0
6133 4 6134 12 1925 14 2222 18 1545 4
6134 2 6135 1 8456 10
6135 2 6136 13 2127 12
6136 3 6137 6 9787 8 8878 -3
6137 4 6138 2 6741 15 1376 -3 4964 19
6138 3 6139 15 3091 1 1912 -4
6139 1 6140 2
6140 3 6141 7 996 16 4385 7
6141 4 6142 6 3792 2 3911 10 5272 0
6142 4 6143 11 5013 10 8477 13 2194 6
6143 5 6144 1 8367 3 8225 7 6872 12 8784 10
6144 3 6145 12 8170 8 3779 11
6145 1 6146 3
6146 4 6147 10 450 9 224 7 1378 19
6147 2 6148 13 6209 1
6148 2 6149 1 129 10
6149 2 6150 4 7592 9
6150 1 6151 15
6151 2 6152 7 493 9
6152 4 6153 7 4482 7 1655 16 6597 1
6153 1 6154 4
6154 3 6155 2 9172 20 915 7
6155 5 6156 12 5232 17 995 5 731 4 605 4
6156 3 6157 15 8862 0 7944 11
6157 1 6158 4
6158 2 6159 15 8679 13
6159 2 6160 8 8135 10
6160 2 6161 8 8568 20
6161 3 6162 1 3818 18 747 9
6162 1 6163 6
6163 1 6164 7
6164 2 6165 2 1728 17
6165 1 6166 14
6166 3 6167 8 1427 15 5085 12
6167 4 6168 4 7160 15 4790 7 5650 13
6168 1 6169 13
6169 2 6170 9 355 15
6170 2 6171 1 4760 8
6171 3 6172 6 7431 8 972 8
6172 2 6173 3 7295 15
6173 2 6174 9 7811 19
6174 1 6175 5
6175 1 6176 7
6176 1 6177 15
6177 3 6178 -1 9816 13 6472 10
6178 2 6179 6 639 16
6179 2 6180 2 1704 14
6180 3 6181 13 9207 7 6487 20
6181 1 6182 11
6182 1 6183 11
6183 2 6184 10 2802 1
6184 1 6185 14
6185 3 6186 10 1942 12 858 7
6186 2 6187 6 7432 2
6187 4 6188 6 3076 3 5591 12 1628 1
6188 1 6189 8
6189 1 6190 13
6190 1 6191 4
6191 4 6192 0 3951 20 1439 8 1828 15
6192 3 6193 9 7003 17 9654 13
6193 1 6194 14
6194 3 6195 3 2151 12 8956 12
6195 4 6196 12 8450 13 52 19 5081 15
6196 3 6197 13 3988 12 4485 9
6197 2 6198 11 2255 -4
6198 3 6199 -1 5611 9 2707 11
6199 2 6200 1 1936 16
6200 2 6201 -2 7576 2
6201 3 6202 12 8327 18 2242 5
6202 2 6203 13 1301 14
6203 3 6204 1 9566 8 2751 0
6204 2 6205 2 2696 1
6205 3 6206 15 2754 -4 6528 15
6206 3 6207 6 9102 15 1099 16
6207 3 6208 5 406 9 1515 9
6208 2 6209 15 4656 2
6209 1 6210 3
6210 3 6211 9 180 14 8629 5
6211 1 6212 8
6212 1 6213 6
6213 2 6214 9 7065 -4
6214 2 6215 8 4226 8
6215 2 6216 0 4867 9
6216 2 6217 13 914 7
6217 3 6218 0 8672 3 547 6
6218 1 6219 14
6219 1 6220 13
6220 3 6221 6 4478 15 2491 12
6221 3 6222 11 4434 7 3739 3
6222 1 6223 7
6223 2 6224 8 3090 -3
6224 4 6225 9 7797 12 6594 3 5577 4
6225 2 6226 12 6126 3
6226 2 6227 8 6958 12
6227 1 6228 10
6228 2 6229 3 1588 16
6229 1 6230 11
6230 1 6231 2
6231 1 6232 14
6232 2 6233 10 4691 -4
6233 2 6234 6 8860 18
6234 3 6235 0 798 20 7257 5
6235 1 6236 0
6236 3 6237 15 1412 8 3330 18
6237 1 6238 6
6238 2 6239 10 796 11
6239 2 6240 4 978 6
6240 3 6241 11 2303 3 8492 12
6241 1 6242 8
6242 3 6243 9 510 2 6742 9
6243 2 6244 6 292 16
6244 2 6245 5 8159 18
6245 3 6246 8 4811 17 6123 12
6246 3 6247 6 3721 -1 3807 20
6247 1 6248 9
6248 2 6249 4 6727 16
6249 2 6250 14 1307 19
6250 4 6251 3 3590 20 891 11 1420 6
6251 2 6252 -2 2706 14
6252 2 6253 15 4352 7
6253 3 6254 5 4587 0 8659 17
6254 2 6255 2 958 20
6255 1 6256 14
6256 3 6257 6 3505 17 9324 9
6257 2 6258 7 6407 7
6258 1 6259 7
6259 2 6260 -2 5154 3
6260 1 6261 13
6261 3 6262 11 7727 3 2507 16
6262 2 6263 8 6206 6
6263 2 6264 14 7247 13
6264 2 6265 1 4359 11
6265 2 6266 3 7022 11
6266 1 6267 15
6267 5 6268 15 628 12 1559 14 8319 16 128 -4
6268 3 6269 3 8268 11 4203 4
6269 1 6270 3
6270 2 6271 11 108 15
6271 2 6272 12 9660 2
6272 2 6273 1 7160 2
6273 1 6274 13
6274 2 6275 11 671 7
6275 2 6276 11 185 9
6276 2 6277 5 1419 11
6277 3 6278 2 1386 3 42 17
6278 1 6279 5
6279 2 6280 12 3329 14
6280 3 6281 13 9667 3 4640 8
6281 2 6282 -2 5900 3
6282 1 6283 10
6283 2 6284 1 8524 1
6284 2 6285 13 1258 20
6285 4 6286 11 4820 7 4651 1 8630 4
6286 1 6287 9
6287 5 6288 2 5947 18 9563 12 6548 20 6062 20
6288 1 6289 4
6289 2 6290 9 824 3
6290 5 6291 3 5431 1 927 9 2593 -2 1333 5
6291 3 6292 14 9659 11 1406 10
6292 5 6293 12 6987 18 853 10 2522 20 5270 15
6293 2 6294 7 7919 15
6294 2 6295 11 1188 11
6295 1 6296 11
6296 2 6297 10 1787 8
6297 3 6298 9 2728 1 2139 7
6298 3 6299 12 8009 5 6041 7
6299 3 6300 5 9559 20 642 -3
6300 2 6301 12 3586 18
6301 3 6302 15 944 20 9037 5
6302 2 6303 13 733 16
6303 3 6304 9 7826 12 4999 10
6304 2 6305 5 535 18
6305 3 6306 11 9602 11 8603 1
6306 2 6307 6 4053 3
6307 3 6308 2 2497 7 1612 0
6308 4 6309 -1 2791 -4 1453 5 1323 -3
6309 4 6310 8 19 18 189 20 190 3
6310 2 6311 5 5614 1
6311 2 6312 14 933 8
6312 4 6313 12 4970 5 311 4 908 18
6313 2 6314 4 7253 16
6314 1 6315 15
6315 4 6316 9 9314 17 6989 18 7739 5
6316 3 6317 4 9813 12 6485 19
6317 2 6318 10 1629 18
6318 1 6319 14
6319 2 6320 -3 3182 17
6320 3 6321 3 5278 16 906 10
6321 2 6322 -1 4119 2
6322 1 6323 2
6323 4 6324 4 3104 2 1637 2 368 10
6324 1 6325 14
6325 4 6326 10 2566 13 2004 5 761 10
6326 1 6327 5
6327 3 6328 0 3607 4 8810 18
6328 4 6329 6 242 10 1735 -4 2854 16
6329 2 6330 -4 3423 11
6330 2 6331 3 537 6
6331 2 6332 2 8479 5
6332 2 6333 4 225 3
6333 3 6334 3 2818 12 6773 20
6334 4 6335 9 3771 14 1029 16 2422 16
6335 3 6336 11 3940 11 1018 3
6336 2 6337 14 8873 9
6337 1 6338 10
6338 3 6339 13 5008 3 778 10
6339 2 6340 15 147 20
6340 1 6341 12
6341 3 6342 5 2869 1 7427 1
6342 3 6343 -4 5505 5 886 9
6343 3 6344 2 1738 2 3718 -4
6344 1 6345 15
6345 1 6346 10
6346 2 6347 14 8496 13
6347 3 6348 12 3151 18 9117 19
6348 2 6349 13 3277 12
6349 1 6350 9
6350 3 6351 1 2934 4 2102 7
6351 4 6352 8 9781 14 5179 13 1469 7
6352 3 6353 9 5032 2 1606 6
6353 3 6354 5 5005 0 7044 9
6354 4 6355 2 5283 18 9406 10 4599 6
6355 2 6356 6 2557 4
6356 1 6357 0
6357 6 6358 15 5968 6 8400 6 9159 9 420 4 838 17
6358 5 6359 3 798 8 4243 4 8503 -4 9959 -2
6359 5 6360 10 8184 18 4233 14 8546 12 475 6
6360 2 6361 4 892 13
6361 1 6362 8
6362 1 6363 12
6363 3 6364 14 4562 15 4585 4
6364 3 6365 3 6056 5 5624 17
6365 3 6366 10 5037 17 8777 11
6366 1 6367 11
6367 3 6368 2 8932 15 6589 4
6368 1 6369 3
6369 6 6370 6 1136 -2 1685 16 2041 18 8849 0 5999 18
6370 2 6371 14 2297 13
6371 1 6372 10
6372 1 6373 14
6373 1 6374 8
6374 5 6375 1 2821 11 6055 16 8478 16 9898 3
6375 1 6376 7
6376 3 6377 13 2271 -4 4316 19
6377 2 6378 11 7263 11
6378 3 6379 6 7521 -1 6554 -4
6379 2 6380 4 5319 3
6380 3 6381 0 2123 14 4577 13
6381 4 6382 2 439 -2 1182 19 385 16
6382 2 6383 6 6976 15
6383 2 6384 14 7104 12
6384 3 6385 2 3135 16 9596 3
6385 1 6386 3
6386 2 6387 13 4000 3
6387 1 6388 1
6388 2 6389 3 5181 13
6389 2 6390 13 4608 -4
6390 2 6391 15 9216 18
6391 3 6392 2 6351 13 1825 2
6392 3 6393 5 3347 10 7622 14
6393 1 6394 3
6394 2 6395 0 3678 18
6395 1 6396 14
6396 2 6397 12 3643 -4
6397 3 6398 -3 8403 8 7578 -1
6398 2 6399 4 9974 -1
6399 3 6400 4 2323 8 2500 5
6400 2 6401 15 5393 18
6401 4 6402 9 6452 9 570 17 4006 20
6402 2 6403 15 324 2
6403 2 6404 10 3654 -2
6404 2 6405 2 5899 7
6405 3 6406 14 8445 -3 3935 3
6406 3 6407 15 7728 9 0 8
6407 3 6408 4 1483 11 5883 12
6408 1 6409 7
6409 3 6410 4 142 8 811 8
6410 2 6411 14 2314 2
6411 4 6412 15 4716 15 5715 9 8756 3
6412 1 6413 15
6413 4 6414 8 897 9 9092 10 4697 7
6414 1 6415 1
6415 5 6416 11 9694 7 337 18 5117 5 547 7
6416 1 6417 11
6417 3 6418 12 4853 13 1308 6
6418 5 6419 12 4442 8 54 5 2731 14 7182 20
6419 3 6420 3 9604 10 1577 11
6420 4 6421 -1 8515 10 2963 10 2588 11
6421 3 6422 6 2415 2 1330 4
6422 3 6423 1 6798 13 5299 5
6423 2 6424 10 8289 8
6424 2 6425 12 96 9
6425 3 6426 1 5457 0 3182 8
6426 3 6427 6 9776 15 1378 4
6427 1 6428 12
6428 3 6429 5 9129 7 9898 10
6429 3 6430 14 8423 19 8821 9
6430 3 6431 11 7592 8 9770 8
6431 4 6432 5 4358 7 7418 9 7843 5
6432 2 6433 8 6789 -2
6433 2 6434 4 6120 4
6434 3 6435 5 8052 13 847 11
6435 2 6436 1 3449 17
6436 2 6437 -4 9189 13
6437 2 6438 12 5140 1
6438 1 6439 10
6439 3 6440 12 2895 13 5365 8
6440 2 6441 15 9205 17
6441 3 6442 11 6543 3 2612 16
6442 2 6443 5 2357 7
6443 3 6444 10 1583 11 7609 6
6444 2 6445 15 1778 10
6445 2 6446 2 3283 19
6446 1 6447 12
6447 3 6448 9 7381 8 8316 14
6448 1 6449 12
6449 3 6450 -2 6860 16 5720 14
6450 6 6451 14 1137 19 3115 -3 579 1 2072 2 8659 5
6451 5 6452 3 9276 10 8144 6 818 5 1887 -4
6452 1 6453 10
6453 3 6454 1 1386 15 8976 -4
6454 1 6455 7
6455 1 6456 -2
6456 2 6457 14 8127 18
6457 1 6458 7
6458 2 6459 10 5992 17
6459 2 6460 14 7964 1
6460 3 6461 6 2393 14 6395 3
6461 1 6462 13
6462 4 6463 1 2231 20 3507 10 3167 14
6463 2 6464 8 387 0
6464 2 6465 6 9442 8
6465 2 6466 9 4346 4
6466 2 6467 14 7499 7
6467 3 6468 8 8942 6 8994 6
6468 1 6469 9
6469 2 6470 11 3001 1
6470 1 6471 10
6471 1 6472 2
6472 3 6473 2 6134 9 9094 4
6473 2 6474 7 9115 8
6474 4 6475 5 6259 -4 2375 11 8448 4
6475 2 6476 5 2130 17
6476 2 6477 6 3569 14
6477 5 6478 2 1098 11 712 12 8348 6 5861 1
6478 4 6479 7 7102 11 5360 3 1256 3
6479 3 6480 -4 5865 16 7849 -1
6480 1 6481 7
6481 3 6482 1 4474 13 8916 6
6482 1 6483 3
6483 4 6484 14 193 7 1801 3 5478 9
6484 2 6485 5 2308 4
6485 4 6486 6 3635 13 8873 20 3858 16
6486 4 6487 11 3236 13 6073 20 8876 20
6487 5 6488 8 3544 3 2890 18 8418 9 6588 10
6488 3 6489 -4 3069 3 3345 1
6489 3 6490 9 6210 18 741 -2
6490 3 6491 10 1708 18 4502 20
6491 4 6492 3 7501 18 7372 10 1022 0
6492 4 6493 4 1317 19 4421 13 659 16
6493 6 6494 1 3160 1 6262 9 3658 8 6739 1 2374 10
6494 2 6495 9 9110 19
6495 2 6496 4 6996 9
6496 3 6497 4 2724 12 5748 19
6497 2 6498 12 4072 -4
6498 3 6499 15 6238 16 1628 14
6499 3 6500 15 9174 12 412 13
6500 1 6501 11
6501 3 6502 15 8432 13 3413 7
6502 2 6503 6 5108 16
6503 1 6504 11
6504 1 6505 15
6505 2 6506 13 4616 20
6506 3 6507 9 8965 4 2359 19
6507 3 6508 6 2261 17 1269 1
6508 3 6509 8 7994 11 1075 13
6509 1 6510 2
6510 3 6511 11 7041 19 3967 20
6511 1 6512 4
6512 4 6513 10 3833 5 975 15 1351 3
6513 3 6514 9 2288 18 930 4
6514 3 6515 1 3556 19 3202 16
6515 3 6516 12 5781 13 8775 5
6516 1 6517 2
6517 1 6518 5
6518 3 6519 4 6102 14 3829 4
6519 2 6520 4 574 8
6520 1 6521 2
6521 3 6522 2 3500 9 9470 15
6522 2 6523 1 7472 17
6523 2 6524 6 5958 -2
6524 1 6525 -1
6525 1 6526 4
6526 1 6527 6
6527 2 6528 8 1434 18
6528 2 6529 9 3277 2
6529 1 6530 3
6530 1 6531 1
6531 3 6532 8 4234 15 7147 14
6532 3 6533 6 7160 2 4780 17
6533 4 6534 -4 5618 3 9814 16 9977 17
6534 2 6535 5 3656 11
6535 1 6536 -3
6536 2 6537 -4 1444 17
6537 1 6538 5
6538 1 6539 -4
6539 2 6540 4 9079 17
6540 3 6541 0 8500 19 7859 11
6541 2 6542 15 4989 16
6542 1 6543 12
6543 1 6544 2
6544 4 6545 10 2847 11 6049 8 7306 8
6545 1 6546 8
6546 2 6547 1 8626 8
6547 1 6548 -3
6548 3 6549 11 6083 12 3359 16
6549 1 6550 -3
6550 1 6551 5
6551 1 6552 13
6552 2 6553 3 6725 20
6553 1 6554 6
6554 3 6555 3 1416 12 5568 6
6555 2 6556 8 338 3
6556 2 6557 15 3059 4
6557 3 6558 12 8446 8 1276 20
6558 2 6559 3 7741 18
6559 2 6560 12 1665 7
6560 3 6561 12 415 -2 1485 13
6561 3 6562 3 2186 5 8636 8
6562 1 6563 4
6563 2 6564 3 8077 10
6564 2 6565 8 8923 20
6565 2 6566 4 32 3
6566 2 6567 4 3843 5
6567 2 6568 11 3328 16
6568 2 6569 3 4271 7
6569 1 6570 6
6570 4 6571 7 1509 1 3131 19 8839 1
6571 2 6572 3 1418 17
6572 2 6573 6 8409 14
6573 3 6574 8 5922 8 1908 -3
6574 4 6575 2 7415 13 8035 5 1902 12
6575 2 6576 13 7758 20
6576 1 6577 7
6577 1 6578 14
6578 3 6579 3 4453 12 3383 3
6579 5 6580 10 7242 1 9499 13 5859 20 5949 9
6580 2 6581 11 6351 7
6581 2 6582 14 1464 19
6582 3 6583 1 6925 16 6931 12
6583 3 6584 13 9269 7 1608 12
6584 1 6585 1
6585 1 6586 13
6586 2 6587 -3 1379 1
6587 3 6588 14 4922 6 7742 16
6588 1 6589 11
6589 3 6590 1 1734 12 2429 15
6590 2 6591 13 3167 2
6591 2 6592 12 731 6
6592 6 6593 5 7477 12 4595 12 3405 9 3578 14 3186 19
6593 2 6594 6 2321 4
6594 8 6595 -4 2960 10 3069 14 1860 1 3716 6 9270 11 8640 1 2795 16
6595 3 6596 6 4031 11 3728 3
6596 3 6597 3 8486 7 5013 4
6597 1 6598 12
6598 3 6599 -3 8639 7 6173 10
6599 3 6600 3 2072 20 2313 12
6600 3 6601 5 7522 7 9105 1
6601 3 6602 6 2708 -1 3317 10
6602 1 6603 14
6603 2 6604 13 877 9
6604 1 6605 14
6605 2 6606 3 2149 9
6606 2 6607 6 608 1
6607 4 6608 8 2646 9 8965 10 6070 14
6608 1 6609 5
6609 2 6610 4 2627 5
6610 3 6611 -4 582 16 5786 16
6611 1 6612 0
6612 2 6613 12 3683 17
6613 3 6614 11 2714 15 5479 19
6614 1 6615 14
6615 3 6616 4 681 16 9424 12
6616 1 6617 -2
6617 3 6618 14 8403 18 4306 5
6618 2 6619 1 9305 4
6619 2 6620 14 912 14
6620 2 6621 -4 3755 11
6621 2 6622 3 1847 3
6622 2 6623 3 3657 13
6623 2 6624 4 7937 18
6624 1 6625 2
6625 3 6626 8 5282 9 8580 -2
6626 4 6627 2 5641 16 1201 6 7492 11
6627 3 6628 1 1822 20 4008 3
6628 4 6629 13 208 7 8183 14 6875 1
6629 2 6630 8 3933 19
6630 2 6631 13 9414 10
6631 3 6632 6 7429 -2 3792 15
6632 2 6633 15 1266 5
6633 4 6634 14 9020 15 1498 1 6982 2
6634 2 6635 5 9007 8
6635 1 6636 11
6636 1 6637 7
6637 1 6638 0
6638 1 6639 7
6639 3 6640 7 2772 19 676 13
6640 1 6641 2
6641 3 6642 4 6687 11 567 -4
6642 3 6643 -4 149 13 4524 15
6643 3 6644 8 8385 4 438 17
6644 2 6645 7 4691 13
6645 2 6646 14 3309 8
6646 2 6647 6 9602 4
6647 1 6648 4
6648 2 6649 -2 9938 19
6649 1 6650 14
6650 2 6651 4 4507 20
6651 2 6652 -2 486 9
6652 3 6653 13 9041 6 1609 -3
6653 1 6654 -4
6654 3 6655 5 2890 16 1699 10
6655 1 6656 5
6656 7 6657 11 3460 7 9991 10 2975 10 8052 3 6982 4 1902 4
6657 4 6658 10 289 5 8487 5 4776 14
6658 4 6659 2 1461 -1 878 18 5188 12
6659 1 6660 5
6660 1 6661 11
6661 4 6662 -4 5232 7 7692 1 3790 -3
6662 4 6663 8 759 5 7879 4 9866 -3
6663 2 6664 8 3731 13
6664 1 6665 14
6665 2 6666 4 9269 18
6666 1 6667 4
6667 1 6668 14
6668 3 6669 9 7162 17 1378 11
6669 3 6670 -3 1614 9 9589 7
6670 2 6671 15 419 7
6671 4 6672 9 210 4 9840 11 6053 14
6672 2 6673 2 2894 11
6673 2 6674 3 8987 3
6674 1 6675 14
6675 6 6676 2 9628 8 3274 6 5324 13 4169 17 1643 6
6676 2 6677 5 7229 17
6677 4 6678 8 6950 16 7452 2 2488 6
6678 2 6679 -2 1747 5
6679 3 6680 14 7597 14 6166 9
6680 2 6681 6 2161 0
6681 3 6682 13 6850 16 2662 16
6682 1 6683 14
6683 2 6684 9 8506 17
6684 2 6685 -1 1504 11
6685 2 6686 2 1169 13
6686 1 6687 2
6687 4 6688 2 366 15 1376 9 7528 20
6688 1 6689 3
6689 1 6690 7
6690 3 6691 8 2621 3 6164 10
6691 1 6692 6
6692 2 6693 12 792 14
6693 3 6694 9 3717 4 5379 18
6694 3 6695 5 2824 15 8090 9
6695 4 6696 4 2410 2 6526 0 210 -1
6696 4 6697 14 3819 13 904 0 6208 5
6697 2 6698 7 1518 14
6698 1 6699 11
6699 1 6700 11
6700 1 6701 12
6701 3 6702 -3 4134 -2 6476 10
6702 3 6703 5 9130 13 1507 9
6703 1 6704 2
6704 2 6705 15 1801 7
6705 2 6706 3 346 10
6706 1 6707 13
6707 4 6708 3 3676 4 794 14 3844 11
6708 3 6709 9 6329 9 3013 3
6709 1 6710 7
6710 3 6711 1 5231 16 5702 12
6711 2 6712 15 4162 5
6712 4 6713 14 2336 9 2356 1 6818 15
6713 3 6714 -2 7484 2 9891 19
6714 2 6715 12 4273 1
6715 1 6716 8
6716 1 6717 6
6717 4 6718 9 9854 0 6714 19 6102 10
6718 4 6719 13 79 -1 4386 9 942 20
6719 1 6720 3
6720 3 6721 5 1015 2 7375 19
6721 3 6722 2 3516 11 8405 6
6722 1 6723 13
6723 2 6724 7 1799 13
6724 2 6725 9 1224 10
6725 2 6726 5 4141 7
6726 2 6727 7 3141 19
6727 3 6728 11 2028 0 907 17
6728 1 6729 12
6729 2 6730 14 7547 20
6730 4 6731 7 1510 8 4160 18 4398 14
6731 2 6732 5 8489 16
6732 3 6733 0 6787 15 5798 20
6733 4 6734 -4 3601 5 4679 -4 6570 4
6734 3 6735 1 5114 16 337 11
6735 1 6736 -2
6736 3 6737 10 7631 1 1633 8
6737 2 6738 -1 900 3
6738 4 6739 6 7867 14 9031 -2 4426 9
6739 1 6740 1
6740 3 6741 10 2401 15 4571 -2
6741 2 6742 3 469 5
6742 1 6743 12
6743 1 6744 6
6744 1 6745 -3
6745 2 6746 -2 6004 19
6746 2 6747 8 8339 2
6747 5 6748 7 1319 19 5501 18 7309 20 192 5
6748 3 6749 7 5567 -1 9222 9
6749 2 6750 4 8617 2
6750 1 6751 1
6751 2 6752 0 5657 17
6752 1 6753 6
6753 3 6754 15 219 10 2177 14
6754 2 6755 13 9937 13
6755 3 6756 15 3481 16 8900 15
6756 2 6757 7 6709 2
6757 2 6758 13 4266 9
6758 2 6759 3 5656 15
6759 2 6760 4 3963 13
6760 1 6761 9
6761 2 6762 12 1722 16
6762 2 6763 7 7538 13
6763 1 6764 5
6764 3 6765 2 5782 -1 6162 15
6765 1 6766 -2
6766 1 6767 15
6767 5 6768 3 3926 -2 4433 15 8319 18 257 3
6768 2 6769 10 8963 3
6769 2 6770 11 108 15
6770 3 6771 4 5916 3 6368 8
6771 1 6772 5
6772 4 6773 2 2331 13 5943 15 5739 1
6773 3 6774 4 7709 18 9458 8
6774 2 6775 2 9175 11
6775 2 6776 8 2286 11
6776 3 6777 5 4580 1 375 -2
6777 1 6778 1
6778 4 6779 10 228 4 7603 1 2739 14
6779 2 6780 4 7132 3
6780 1 6781 12
6781 4 6782 3 2175 1 2964 8 9866 11
6782 1 6783 3
6783 2 6784 10 6900 11
6784 1 6785 5
6785 1 6786 9
6786 1 6787 4
6787 1 6788 1
6788 3 6789 3 7649 8 4949 20
6789 3 6790 13 8082 -1 4451 13
6790 2 6791 9 4380 2
6791 3 6792 8 4172 2 4574 15
6792 2 6793 4 6064 9
6793 5 6794 7 6853 17 9899 16 6905 14 4471 1
6794 2 6795 11 4050 7
6795 8 6796 2 7106 19 7498 11 1851 17 9183 5 7269 8 9508 16 3126 5
6796 2 6797 9 4034 18
6797 3 6798 11 9113 13 3514 20
6798 3 6799 6 8848 4 5207 8
6799 4 6800 15 1477 20 2158 2 354 19
6800 1 6801 7
6801 2 6802 10 6179 16
6802 2 6803 3 8535 20
6803 1 6804 9
6804 2 6805 1 4498 20
6805 3 6806 6 8766 2 6347 12
6806 1 6807 11
6807 2 6808 -2 225 4
6808 3 6809 15 2602 4 2522 16
6809 1 6810 1
6810 2 6811 15 7762 7
6811 2 6812 7 2246 7
6812 3 6813 12 1499 7 5177 16
6813 2 6814 0 9158 15
6814 2 6815 15 2830 17
6815 3 6816 6 9242 4 9215 9
6816 6 6817 2 1812 10 9908 2 9394 17 2319 18 1653 17
6817 2 6818 11 9273 13
6818 2 6819 6 7674 13
6819 3 6820 13 6945 18 8479 17
6820 3 6821 12 2676 9 810 17
6821 2 6822 11 99 4
6822 3 6823 -1 9716 14 2614 12
6823 1 6824 0
6824 2 6825 13 3994 1
6825 1 6826 9
6826 3 6827 -4 6488 11 784 11
6827 1 6828 7
6828 2 6829 11 779 -4
6829 2 6830 3 2369 4
6830 1 6831 3
6831 2 6832 1 7873 10
6832 4 6833 4 6912 19 6384 12 372 13
6833 1 6834 15
6834 2 6835 9 2377 6
6835 3 6836 2 82 10 274 17
6836 2 6837 12 2314 18
6837 2 6838 11 8291 -2
6838 2 6839 5 3879 8
6839 2 6840 7 2749 9
6840 2 6841 -4 6971 7
6841 3 6842 15 14 -4 8649 14
6842 3 6843 -1 6721 8 22 15
6843 3 6844 6 9485 20 7912 18
6844 4 6845 11 5417 16 72 -3 5404 10
6845 3 6846 6 7819 8 6088 14
6846 3 6847 2 8126 18 6639 20
6847 3 6848 1 1361 12 519 17
6848 4 6849 5 3696 3 7702 3 1976 -2
6849 2 6850 4 6302 8
6850 2 6851 14 4080 14
6851 2 6852 -2 1273 18
6852 2 6853 3 2693 14
6853 3 6854 1 101 -3 1254 10
6854 1 6855 8
6855 1 6856 10
6856 7 6857 10 51 11 9832 19 952 6 5504 2 5099 1 847 -1
6857 2 6858 -4 7989 10
6858 1 6859 8
6859 1 6860 0
6860 2 6861 8 7063 18
6861 2 6862 -4 7655 16
6862 5 6863 0 4634 0 2944 10 7093 13 920 1
6863 3 6864 6 286 2 1823 3
6864 1 6865 15
6865 2 6866 8 8941 20
6866 1 6867 1
6867 3 6868 7 7925 14 3467 -4
6868 1 6869 11
6869 3 6870 1 2236 8 8760 20
6870 1 6871 1
6871 4 6872 9 2721 6 1426 17 8986 15
6872 1 6873 6
6873 2 6874 8 6933 17
6874 2 6875 -4 2879 13
6875 2 6876 -1 3405 12
6876 4 6877 11 7942 4 1017 14 3577 3
6877 3 6878 7 2857 9 4409 -1
6878 2 6879 10 7197 0
6879 3 6880 4 8583 5 7676 20
6880 1 6881 9
6881 2 6882 13 4500 -4
6882 3 6883 6 5045 5 7643 19
6883 3 6884 5 1245 11 790 6
6884 2 6885 7 9377 8
6885 2 6886 3 4245 12
6886 2 6887 -4 4905 20
6887 2 6888 15 7269 2
6888 2 6889 9 5879 3
6889 2 6890 1 9783 1
6890 2 6891 11 1143 13
6891 3 6892 -4 4631 19 3976 9
6892 2 6893 14 8894 13
6893 2 6894 9 2378 7
6894 2 6895 -2 2436 20
6895 4 6896 2 4854 14 3224 20 4251 -2
6896 2 6897 8 543 2
6897 3 6898 3 5559 19 2519 9
6898 3 6899 7 452 6 8542 14
6899 4 6900 9 2118 14 8768 2 3921 17
6900 4 6901 7 7498 13 9418 13 651 -3
6901 2 6902 6 4376 7
6902 1 6903 10
6903 2 6904 10 7777 12
6904 1 6905 11
6905 1 6906 7
6906 2 6907 12 9623 5
6907 2 6908 5 4824 1
6908 2 6909 2 3601 19
6909 3 6910 9 5164 20 1962 13
6910 1 6911 15
6911 3 6912 4 1471 11 6816 3
6912 3 6913 -2 1890 11 4571 14
6913 1 6914 10
6914 3 6915 3 5216 13 9092 20
6915 1 6916 12
6916 1 6917 9
6917 6 6918 5 4010 9 6771 19 9388 17 8454 2 662 9
6918 3 6919 8 6245 11 2182 20
6919 2 6920 9 4714 3
6920 2 6921 12 4535 8
6921 3 6922 11 4188 0 8225 15
6922 2 6923 12 1446 1
6923 1 6924 10
6924 3 6925 12 3892 4 409 8
6925 2 6926 7 4571 3
6926 4 6927 6 95 3 7 19 6089 8
6927 2 6928 10 1597 16
6928 1 6929 10
6929 2 6930 5 7133 16
6930 3 6931 5 8034 13 9553 7
6931 2 6932 9 88 19
6932 4 6933 12 2413 -2 7008 14 6891 9
6933 1 6934 -2
6934 5 6935 -1 6731 20 1815 15 3930 15 4245 18
6935 2 6936 9 4019 20
6936 4 6937 6 9205 13 1180 -3 628 17
6937 2 6938 4 1070 6
6938 1 6939 1
6939 1 6940 6
6940 2 6941 4 3763 18
6941 3 6942 2 2506 -3 7797 16
6942 2 6943 7 153 18
6943 1 6944 9
6944 2 6945 9 3440 0
6945 2 6946 8 2013 17
6946 3 6947 6 9548 4 3059 0
6947 4 6948 4 8851 17 8309 20 7445 -4
6948 2 6949 6 2569 7
6949 1 6950 4
6950 2 6951 2 9625 1
6951 2 6952 11 6853 2
6952 3 6953 -1 4356 8 1349 14
6953 4 6954 12 6497 2 8013 -3 2253 20
6954 3 6955 -3 8095 20 6982 12
6955 3 6956 5 1322 13 3574 5
6956 1 6957 5
6957 1 6958 0
6958 1 6959 4
6959 2 6960 14 366 9
6960 2 6961 5 5946 15
6961 3 6962 7 9439 7 8943 19
6962 1 6963 8
6963 2 6964 8 3512 20
6964 3 6965 14 9087 5 2434 18
6965 2 6966 5 1541 2
6966 1 6967 -1
6967 1 6968 -4
6968 3 6969 5 7181 4 1248 10
6969 4 6970 15 2763 14 1384 13 6579 3
6970 4 6971 9 2203 11 6164 1 7594 16
6971 3 6972 12 1 11 9603 3
6972 3 6973 14 4351 16 6137 5
6973 1 6974 8
6974 1 6975 1
6975 4 6976 10 8227 15 8859 9 5780 13
6976 1 6977 -3
6977 4 6978 10 2229 20 608 4 4457 11
6978 2 6979 2 9010 11
6979 1 6980 10
6980 4 6981 14 1947 19 2350 17 6770 5
6981 2 6982 7 7663 16
6982 3 6983 9 9773 5 3896 14
6983 5 6984 -3 722 15 2079 5 8990 9 9276 17
6984 3 6985 4 5700 5 918 2
6985 1 6986 -2
6986 1 6987 8
6987 3 6988 6 3405 19 8147 10
6988 2 6989 15 4450 18
6989 2 6990 11 7933 -3
6990 3 6991 12 2138 7 2238 20
6991 3 6992 15 9882 2 706 14
6992 2 6993 -4 6115 17
6993 2 6994 7 6925 11
6994 4 6995 5 1785 7 5548 17 7221 4
6995 7 6996 5 4593 17 1695 8 1382 20 6172 7 8832 6 2040 18
6996 3 6997 2 912 19 1507 12
6997 3 6998 11 3248 16 3376 3
6998 2 6999 13 515 14
6999 2 7000 1 6438 13
7000 1 7001 10
7001 1 7002 2
7002 3 7003 0 2019 9 9889 2
7003 1 7004 4
7004 3 7005 7 3582 -1 8343 19
7005 2 7006 12 961 20
7006 1 7007 4
7007 1 7008 10
7008 1 7009 -3
7009 2 7010 9 5635 11
7010 2 7011 3 2398 8
7011 3 7012 5 8426 4 6868 15
7012 3 7013 13 8114 14 2333 10
7013 3 7014 14 3983 6 6651 10
7014 2 7015 14 8241 4
7015 3 7016 14 9752 13 845 2
7016 5 7017 10 3217 -1 7034 19 4835 11 3849 12
7017 2 7018 6 4467 17
7018 3 7019 6 3589 12 8685 15
7019 1 7020 7
7020 2 7021 9 8754 15
7021 5 7022 8 2096 5 8992 3 7223 8 6704 0
7022 5 7023 9 3458 -2 1306 -2 656 17 4669 12
7023 3 7024 1 1064 2 3347 1
7024 3 7025 1 3443 9 6564 -2
7025 1 7026 10
7026 2 7027 13 8759 15
7027 4 7028 12 968 12 4545 6 9730 4
7028 1 7029 5
7029 1 7030 14
7030 2 7031 1 4465 7
7031 2 7032 6 168 4
7032 1 7033 6
7033 2 7034 5 6531 16
7034 1 7035 5
7035 1 7036 15
7036 2 7037 3 8192 17
7037 1 7038 15
7038 3 7039 2 3333 9 1498 12
7039 1 7040 10
7040 2 7041 -1 3927 7
7041 4 7042 1 7842 8 1564 13 7480 -3
7042 5 7043 6 3626 2 9425 9 4444 12 4280 17
7043 1 7044 14
7044 2 7045 13 5662 16
7045 3 7046 1 7246 20 231 17
7046 5 7047 14 3491 11 3172 -2 1969 6 9621 15
7047 1 7048 7
7048 6 7049 1 1457 17 1501 18 8830 13 162 19 5501 6
7049 4 7050 5 8154 11 1542 13 3888 7
7050 1 7051 4
7051 4 7052 9 49 11 2088 2 7560 13
7052 2 7053 13 3408 4
7053 2 7054 1 7330 18
7054 4 7055 1 2363 17 7733 11 177 2
7055 1 7056 14
7056 2 7057 2 9157 -3
7057 3 7058 5 5151 4 9957 11
7058 4 7059 6 3983 19 701 10 5422 -2
7059 1 7060 10
7060 2 7061 4 9822 7
7061 2 7062 11 6244 -2
7062 3 7063 13 3860 5 9714 7
7063 1 7064 9
7064 3 7065 1 7339 10 333 2
7065 2 7066 7 7957 12
7066 1 7067 8
7067 4 7068 6 3570 11 6126 6 7551 13
7068 2 7069 2 5482 1
7069 4 7070 10 3135 10 5977 8 8570 5
7070 2 7071 8 6208 -3
7071 1 7072 4
7072 2 7073 13 1470 10
7073 2 7074 15 9248 16
7074 2 7075 2 6246 9
7075 2 7076 13 6071 6
7076 3 7077 14 7906 -2 4433 19
7077 2 7078 9 359 13
7078 4 7079 12 7834 9 2576 -4 2788 12
7079 3 7080 2 7797 5 1178 5
7080 1 7081 13
7081 2 7082 4 7884 15
7082 2 7083 9 4858 20
7083 4 7084 4 957 13 8789 11 5128 15
7084 5 7085 1 7702 13 754 14 6767 11 7011 3
7085 2 7086 10 5337 0
7086 1 7087 12
7087 3 7088 4 7154 14 6090 13
7088 3 7089 3 2596 16 6130 16
7089 3 7090 9 1885 -4 2787 13
7090 1 7091 13
7091 3 7092 7 9054 13 2864 5
7092 3 7093 11 121 0 3594 5
7093 2 7094 2 7517 3
7094 2 7095 15 8092 14
7095 5 7096 10 2980 15 5085 13 3678 -4 4265 5
7096 2 7097 9 1520 15
7097 2 7098 -1 7848 4
7098 2 7099 13 3513 12
7099 2 7100 10 1563 14
7100 4 7101 9 3152 14 9187 10 6156 6
7101 4 7102 14 7740 17 9601 16 9795 3
7102 2 7103 6 3107 1
7103 2 7104 2 1295 18
7104 6 7105 -3 5388 16 8544 3 5337 15 332 15 6082 4
7105 2 7106 9 5824 15
7106 4 7107 15 9120 15 4956 5 2037 8
7107 4 7108 9 2747 17 2672 2 2916 16
7108 2 7109 1 3648 -1
7109 1 7110 1
7110 1 7111 7
7111 3 7112 13 5632 15 9377 7
7112 3 7113 15 7888 17 582 14
7113 2 7114 6 4654 7
7114 5 7115 15 7423 -3 3078 11 2103 12 3792 10
7115 2 7116 15 6966 15
7116 3 7117 5 3272 13 5434 4
7117 3 7118 4 3567 18 7449 15
7118 4 7119 -1 2238 13 9303 9 8778 12
7119 3 7120 2 2661 -2 9434 11
7120 3 7121 4 9950 3 7803 20
7121 2 7122 7 6641 20
7122 1 7123 12
7123 1 7124 -2
7124 2 7125 4 3560 5
7125 6 7126 13 3718 11 6669 6 1179 11 8657 11 501 5
7126 2 7127 1 3719 2
7127 5 7128 5 1128 2 8248 11 2372 17 394 9
7128 3 7129 7 2095 11 8028 18
7129 2 7130 10 8142 9
7130 5 7131 1 7559 10 4579 10 410 8 5859 5
7131 2 7132 4 3366 -3
7132 3 7133 7 1260 15 7826 2
7133 3 7134 12 9711 20 5790 8
7134 2 7135 15 1022 19
7135 2 7136 4 3749 1
7136 2 7137 4 3535 18
7137 1 7138 6
7138 2 7139 -1 6175 14
7139 3 7140 9 4446 8 8848 -2
7140 2 7141 1 4194 19
7141 5 7142 3 2115 6 6346 -4 7494 12 4482 -1
7142 1 7143 9
7143 3 7144 3 1806 12 9344 -2
7144 3 7145 2 5978 6 8453 2
7145 2 7146 15 6296 17
7146 4 7147 6 793 18 1345 1 1942 15
7147 3 7148 7 3812 0 347 1
7148 4 7149 9 9010 17 9670 13 2377 -3
7149 3 7150 2 3141 20 5863 17
7150 2 7151 -3 8998 7
7151 5 7152 9 2115 13 6758 6 9432 4 6768 -1
7152 2 7153 10 780 -4
7153 1 7154 1
7154 3 7155 2 487 3 9584 13
7155 5 7156 4 9441 8 3536 12 6407 10 9053 5
7156 3 7157 1 2415 16 1149 15
7157 2 7158 3 1301 18
7158 1 7159 2
7159 3 7160 14 541 10 925 2
7160 3 7161 2 1365 -4 1803 8
7161 2 7162 14 737 13
7162 4 7163 11 1870 8 224 5 3589 10
7163 4 7164 -1 9639 9 5587 -4 2853 1
7164 2 7165 15 7922 6
7165 2 7166 14 7783 2
7166 2 7167 6 2258 1
7167 1 7168 3
7168 2 7169 -4 1631 4
7169 2 7170 11 615 7
7170 2 7171 8 9021 20
7171 3 7172 7 9128 20 1272 2
7172 2 7173 6 2219 18
7173 2 7174 14 602 3
7174 4 7175 6 4087 8 1561 16 4807 5
7175 2 7176 11 9722 11
7176 3 7177 1 271 12 1121 17
7177 6 7178 8 7847 7 2465 17 1922 9 2725 -2 4987 16
7178 4 7179 3 7301 18 9442 18 8062 -2
7179 4 7180 3 4541 1 406 11 3840 17
7180 3 7181 12 4137 7 6106 4
7181 2 7182 5 4097 9
7182 2 7183 10 4674 19
7183 2 7184 10 2748 16
7184 2 7185 15 9568 8
7185 4 7186 3 1391 9 3949 14 2878 1
7186 3 7187 2 3422 7 5652 10
7187 3 7188 -1 5873 9 8938 -4
7188 4 7189 10 1209 17 3211 20 7334 15
7189 2 7190 -4 1295 1
7190 3 7191 14 3913 3 2245 12
7191 1 7192 8
7192 3 7193 15 1232 -3 3361 2
7193 1 7194 5
7194 3 7195 5 1702 10 2250 18
7195 3 7196 15 1545 18 1115 0
7196 3 7197 10 2612 3 120 18
7197 4 7198 9 8972 15 8515 0 3869 2
7198 3 7199 11 2457 8 1219 15
7199 2 7200 12 2152 2
7200 4 7201 4 9600 19 452 5 1752 20
7201 2 7202 11 5640 1
7202 2 7203 12 2274 -3
7203 3 7204 1 6138 -1 2392 4
7204 1 7205 12
7205 3 7206 6 7385 7 5373 16
7206 4 7207 4 2762 1 6509 18 496 15
7207 2 7208 1 8592 7
7208 1 7209 1
7209 2 7210 11 9337 -2
7210 2 7211 13 4584 19
7211 3 7212 15 9220 -4 4428 4
7212 5 7213 10 984 2 9338 12 6723 1 6876 5
7213 1 7214 5
7214 2 7215 3 2226 14
7215 2 7216 8 8438 20
7216 1 7217 6
7217 3 7218 6 9780 18 9043 5
7218 2 7219 5 2278 20
7219 1 7220 1
7220 1 7221 10
7221 2 7222 2 3851 13
7222 4 7223 8 1992 6 9263 12 8213 16
7223 2 7224 2 7883 18
7224 1 7225 9
7225 3 7226 6 9708 10 9360 14
7226 2 7227 15 1679 7
7227 1 7228 3
7228 1 7229 -1
7229 3 7230 -4 3642 12 7196 8
7230 3 7231 8 3867 -1 1447 20
7231 2 7232 13 8319 14
7232 2 7233 11 510 -1
7233 2 7234 13 478 20
7234 2 7235 4 8480 11
7235 2 7236 4 4173 4
7236 3 7237 14 3276 3 8879 19
7237 3 7238 6 7832 6 7862 17
7238 3 7239 11 3885 14 4826 7
7239 6 7240 9 2565 11 2550 10 6527 20 3699 14 329 11
7240 3 7241 3 665 13 5220 11
7241 2 7242 8 3432 18
7242 1 7243 1
7243 1 7244 13
7244 6 7245 5 2191 10 2782 13 1988 -1 9153 19 6813 17
7245 4 7246 1 4803 10 3907 16 6354 5
7246 1 7247 13
7247 1 7248 8
7248 3 7249 12 7235 13 7170 10
7249 1 7250 12
7250 1 7251 10
7251 2 7252 -2 5491 2
7252 2 7253 12 4669 -2
7253 3 7254 -3 8847 13 7842 16
7254 2 7255 2 7278 10
7255 4 7256 15 3589 14 47 3 5036 8
7256 2 7257 3 2531 19
7257 1 7258 5
7258 2 7259 4 5206 4
7259 3 7260 13 853 10 5780 16
7260 1 7261 -2
7261 2 7262 5 2030 -1
7262 3 7263 1 1755 0 4845 9
7263 1 7264 5
7264 3 7265 2 4689 19 754 2
7265 2 7266 2 3146 11
7266 1 7267 5
7267 1 7268 12
7268 5 7269 8 5866 10 8150 -2 6876 4 3587 7
7269 1 7270 14
7270 2 7271 12 9347 6
7271 1 7272 2
7272 2 7273 11 6268 15
7273 1 7274 3
7274 3 7275 -4 7931 19 1234 20
7275 2 7276 -2 7552 14
7276 3 7277 2 4386 11 1463 14
7277 1 7278 8
7278 3 7279 15 1014 5 2350 13
7279 4 7280 10 228 0 7354 20 9436 -1
7280 2 7281 6 2638 2
7281 5 7282 13 9050 12 2193 16 9661 14 5666 17
7282 2 7283 2 424 17
7283 2 7284 14 4306 6
7284 2 7285 1 5966 12
7285 3 7286 15 9928 -3 5749 19
7286 2 7287 9 1505 7
7287 4 7288 11 1271 6 298 4 7280 11
7288 2 7289 14 4771 19
7289 5 7290 2 2994 7 9636 2 9518 7 2462 8
7290 2 7291 3 508 1
7291 1 7292 13
7292 2 7293 9 9223 14
7293 3 7294 0 1467 13 3734 -3
7294 5 7295 15 7560 10 3463 16 360 16 1622 17
7295 2 7296 12 4673 3
7296 3 7297 15 1874 5 2651 0
7297 1 7298 3
7298 4 7299 12 8838 2 9733 7 2021 18
7299 1 7300 5
7300 4 7301 12 8154 8 3691 11 4280 12
7301 3 7302 3 6274 4 7062 18
7302 4 7303 10 8271 2 4316 17 5864 4
7303 4 7304 13 5211 9 7343 20 8257 13
7304 3 7305 11 8252 13 7464 -1
7305 2 7306 6 8456 10
7306 1 7307 6
7307 2 7308 4 5396 7
7308 3 7309 8 1082 4 944 12
7309 2 7310 9 2894 9
7310 1 7311 5
7311 1 7312 4
7312 3 7313 2 590 5 517 19
7313 6 7314 -4 4969 18 3068 2 8763 8 1935 -3 1191 18
7314 2 7315 15 2579 2
7315 1 7316 13
7316 2 7317 3 3148 17
7317 2 7318 15 5003 1
7318 2 7319 15 5127 0
7319 1 7320 4
7320 2 7321 11 1667 2
7321 2 7322 2 5790 4
7322 4 7323 13 9429 6 7153 2 3430 1
7323 4 7324 15 633 2 8082 4 3373 1
7324 2 7325 7 5979 1
7325 4 7326 14 2891 18 2999 5 6124 3
7326 2 7327 -3 442 2
7327 2 7328 6 4911 12
7328 3 7329 2 9323 11 3568 19
7329 2 7330 1 5083 16
7330 2 7331 3 8280 15
7331 3 7332 13 958 7 1543 19
7332 1 7333 5
7333 2 7334 8 1532 18
7334 1 7335 12
7335 1 7336 11
7336 5 7337 13 8355 12 7912 15 814 18 8754 2
7337 5 7338 6 1711 15 9871 -1 4923 12 8650 6
7338 2 7339 6 5322 18
7339 3 7340 15 251 18 3497 2
7340 2 7341 -2 384 15
7341 2 7342 7 815 -2
7342 2 7343 13 6818 8
7343 1 7344 15
7344 3 7345 12 227 13 2362 4
7345 5 7346 5 8713 2 8901 -3 1751 4 4076 10
7346 2 7347 9 5858 20
7347 3 7348 7 1484 18 1258 17
7348 1 7349 5
7349 2 7350 13 3554 17
7350 2 7351 2 72 7
7351 1 7352 7
7352 1 7353 2
7353 5 7354 7 5188 18 4951 19 453 14 5961 10
7354 2 7355 6 2181 4
7355 6 7356 5 1129 11 5076 7 717 17 6652 20 6363 11
7356 2 7357 1 149 19
7357 3 7358 5 1574 18 5402 11
7358 3 7359 14 1637 13 992 18
7359 5 7360 9 3755 13 3910 16 6968 14 9770 6
7360 3 7361 3 6056 5 6832 14
7361 1 7362 8
7362 3 7363 3 9638 19 5967 11
7363 3 7364 13 3056 17 8694 10
7364 1 7365 13
7365 2 7366 12 8038 7
7366 3 7367 15 6226 9 1893 15
7367 3 7368 2 8405 3 3809 6
7368 3 7369 8 2335 19 3955 10
7369 1 7370 10
7370 3 7371 7 9281 12 6323 13
7371 3 7372 3 5787 4 6218 11
7372 1 7373 13
7373 2 7374 12 8103 18
7374 1 7375 9
7375 1 7376 10
7376 1 7377 1
7377 5 7378 2 1132 13 793 6 8677 11 7656 11
7378 4 7379 4 2517 8 1648 10 7444 1
7379 2 7380 2 662 1
7380 6 7381 15 796 10 7413 18 7161 15 4966 6 880 8
7381 2 7382 8 7620 -3
7382 2 7383 15 1793 4
7383 3 7384 8 8520 12 9465 16
7384 3 7385 15 7455 12 4661 12
7385 3 7386 9 1998 14 4292 14
7386 6 7387 6 952 13 4669 1 3385 14 707 6 4032 20
7387 3 7388 3 4407 17 4737 10
7388 2 7389 8 4691 1
7389 2 7390 11 8718 18
7390 3 7391 11 6057 20 2421 2
7391 5 7392 10 2953 14 3842 12 7431 11 1304 20
7392 3 7393 5 9507 6 1675 20
7393 2 7394 1 8236 20
7394 2 7395 13 2053 4
7395 2 7396 14 6432 0
7396 1 7397 13
7397 3 7398 11 4404 2 2369 6
7398 1 7399 7
7399 2 7400 6 387 0
7400 1 7401 13
7401 2 7402 15 5810 20
7402 2 7403 -3 2503 15
7403 2 7404 4 7851 7
7404 4 7405 1 8430 7 2438 18 2069 19
7405 2 7406 11 6190 15
7406 1 7407 10
7407 1 7408 14
7408 2 7409 1 6337 -3
7409 1 7410 12
7410 3 7411 10 6352 4 1773 3
7411 1 7412 5
7412 1 7413 14
7413 1 7414 -4
7414 1 7415 3
7415 2 7416 -4 1197 1
7416 2 7417 15 6855 3
7417 2 7418 15 685 1
7418 2 7419 6 3510 7
7419 1 7420 11
7420 3 7421 4 5750 20 4770 2
7421 1 7422 8
7422 2 7423 11 9501 12
7423 3 7424 -3 7851 18 658 1
7424 3 7425 14 7097 2 2578 1
7425 3 7426 15 6690 7 4422 16
7426 3 7427 7 6632 15 8635 16
7427 1 7428 4
7428 2 7429 13 5914 10
7429 4 7430 12 6893 3 169 -4 6303 12
7430 2 7431 2 2737 0
7431 1 7432 13
7432 2 7433 13 679 -4
7433 2 7434 6 7078 16
7434 1 7435 6
7435 1 7436 2
7436 2 7437 -2 8070 6
7437 3 7438 -4 2891 8 3489 3
7438 2 7439 7 5047 18
7439 2 7440 12 3117 9
7440 2 7441 3 1001 18
7441 3 7442 6 5448 16 1576 8
7442 1 7443 4
7443 3 7444 10 1335 17 6738 19
7444 4 7445 3 8699 1 4668 11 3031 5
7445 2 7446 14 1481 15
7446 2 7447 8 3091 1
7447 3 7448 10 7859 14 1884 15
7448 3 7449 4 6566 2 145 1
7449 3 7450 10 1990 19 5301 8
7450 1 7451 8
7451 1 7452 7
7452 2 7453 -4 5835 5
7453 2 7454 11 7280 13
7454 3 7455 7 6926 2 2457 14
7455 1 7456 10
7456 4 7457 2 5048 8 9502 11 6430 8
7457 3 7458 5 3530 14 5778 14
7458 3 7459 9 634 7 2097 1
7459 1 7460 5
7460 2 7461 11 5259 19
7461 3 7462 3 7391 18 8040 5
7462 3 7463 -4 8585 4 903 17
7463 1 7464 6
7464 2 7465 6 2307 1
7465 3 7466 8 4171 17 7962 10
7466 2 7467 7 6824 13
7467 5 7468 11 7867 4 1794 -2 4207 19 2536 19
7468 5 7469 2 5374 5 3610 10 9405 9 9842 8
7469 2 7470 2 3327 12
7470 2 7471 1 6290 10
7471 6 7472 15 1161 20 7941 5 4753 16 8793 -1 8346 14
7472 3 7473 2 1348 10 6087 15
7473 3 7474 1 7863 15 6049 11
7474 3 7475 15 3786 4 7863 5
7475 3 7476 3 3051 12 340 1
7476 3 7477 8 1872 2 9540 1
7477 2 7478 11 3783 15
7478 2 7479 7 3903 12
7479 5 7480 8 8958 17 1310 18 3509 17 4366 14
7480 1 7481 5
7481 5 7482 2 3419 4 7498 20 1649 15 9002 1
7482 1 7483 1
7483 1 7484 9
7484 2 7485 1 8481 7
7485 1 7486 5
7486 3 7487 11 796 16 3557 19
7487 3 7488 8 4773 11 6987 9
7488 2 7489 15 5323 19
7489 2 7490 10 8927 1
7490 2 7491 -2 5052 8
7491 1 7492 6
7492 1 7493 12
7493 4 7494 10 226 4 8117 6 6543 8
7494 2 7495 -2 576 8
7495 3 7496 10 4374 15 592 8
7496 2 7497 4 6274 3
7497 5 7498 4 7220 16 4247 12 7466 18 866 10
7498 2 7499 8 1433 8
7499 3 7500 13 2020 10 1728 20
7500 2 7501 6 8553 8
7501 3 7502 3 9971 13 8565 3
7502 3 7503 7 5201 1 3471 19
7503 3 7504 2 4970 10 2411 19
7504 1 7505 8
7505 5 7506 3 2617 5 5133 -3 7261 16 113 18
7506 2 7507 8 7461 18
7507 2 7508 6 2042 8
7508 2 7509 4 761 8
7509 3 7510 1 378 8 663 10
7510 4 7511 11 4958 11 9719 -4 7235 7
7511 2 7512 8 1188 6
7512 1 7513 12
7513 2 7514 3 570 12
7514 2 7515 15 6295 -1
7515 3 7516 14 623 16 3121 12
7516 3 7517 13 9561 16 1567 16
7517 3 7518 2 9431 -3 1111 5
7518 1 7519 10
7519 3 7520 3 4298 5 4734 7
7520 2 7521 13 554 16
7521 3 7522 7 8126 9 2153 17
7522 2 7523 15 9362 4
7523 2 7524 3 1620 10
7524 3 7525 2 5925 15 3726 18
7525 3 7526 10 9329 3 3498 13
7526 5 7527 4 1352 -1 4123 14 6494 18 4970 19
7527 4 7528 6 6851 -4 3764 20 206 3
7528 3 7529 3 8118 18 2111 0
7529 3 7530 8 381 7 5412 10
7530 2 7531 5 2662 3
7531 3 7532 15 5526 2 1208 12
7532 2 7533 12 6575 8
7533 2 7534 15 9750 13
7534 2 7535 11 5663 13
7535 3 7536 6 6906 6 9112 3
7536 2 7537 15 7458 7
7537 2 7538 15 2944 11
7538 2 7539 12 2305 19
7539 6 7540 9 2049 14 8191 18 867 6 1974 1 292 12
7540 5 7541 3 6764 17 4780 10 4647 4 172 20
7541 8 7542 4 1125 8 4694 4 1266 13 2440 1 5023 6 734 9 2454 8
7542 2 7543 10 8314 5
7543 2 7544 0 9752 1
7544 2 7545 -2 2066 20
7545 2 7546 15 1688 1
7546 1 7547 11
7547 5 7548 9 496 1 2546 20 1332 4 1544 10
7548 1 7549 12
7549 2 7550 1 5257 14
7550 2 7551 6 3136 11
7551 2 7552 1 7885 7
7552 3 7553 2 4600 3 5924 15
7553 1 7554 5
7554 2 7555 1 2709 2
7555 1 7556 7
7556 1 7557 13
7557 2 7558 0 5493 4
7558 1 7559 3
7559 2 7560 12 123 12
7560 2 7561 11 209 20
7561 1 7562 8
7562 3 7563 -1 9447 20 5757 -3
7563 3 7564 -4 3286 12 680 12
7564 2 7565 10 366 8
7565 1 7566 4
7566 2 7567 10 5493 4
7567 3 7568 7 4886 6 4544 9
7568 3 7569 5 5637 18 1343 2
7569 3 7570 3 7610 4 2874 16
7570 3 7571 12 2460 12 8928 20
7571 1 7572 2
7572 1 7573 14
7573 2 7574 4 116 14
7574 2 7575 13 6325 15
7575 2 7576 3 798 0
7576 2 7577 4 5663 18
7577 3 7578 -3 4389 1 6014 12
7578 1 7579 13
7579 3 7580 5 9754 11 328 4
7580 1 7581 8
7581 4 7582 7 6157 7 7668 16 1882 6
7582 3 7583 11 3450 4 9621 10
7583 2 7584 3 9087 10
7584 3 7585 9 6347 16 7725 11
7585 1 7586 10
7586 1 7587 4
7587 2 7588 9 4368 5
7588 3 7589 11 144 14 1934 5
7589 2 7590 6 1572 11
7590 5 7591 13 8582 16 7164 8 9329 11 4183 12
7591 2 7592 5 1012 1
7592 2 7593 2 6725 7
7593 3 7594 3 6647 15 97 14
7594 5 7595 6 2075 18 8883 12 5541 10 2391 8
7595 2 7596 6 1228 13
7596 2 7597 4 19 7
7597 3 7598 5 4483 3 598 16
7598 1 7599 13
7599 3 7600 3 3726 15 1349 -1
7600 3 7601 6 3584 14 6041 16
7601 2 7602 10 2269 17
7602 2 7603 7 6602 6
7603 2 7604 -1 8290 3
7604 1 7605 2
7605 3 7606 7 3220 12 3922 19
7606 3 7607 10 145 1 6988 2
7607 2 7608 4 1599 11
7608 4 7609 3 7978 -4 2083 -4 5694 5
7609 1 7610 -2
7610 4 7611 2 2072 4 9477 10 3192 11
7611 3 7612 13 7421 18 9681 20
7612 5 7613 3 729 16 8266 18 983 5 5433 8
7613 4 7614 8 9343 5 5511 12 4570 2
7614 4 7615 12 3651 17 2020 8 8740 9
7615 2 7616 8 9393 -4
7616 1 7617 4
7617 2 7618 -3 9829 6
7618 2 7619 6 1513 16
7619 2 7620 6 7630 6
7620 3 7621 2 402 12 6580 16
7621 3 7622 1 1493 15 8507 13
7622 3 7623 12 4924 11 9020 3
7623 2 7624 5 772 4
7624 3 7625 7 9196 3 1158 5
7625 2 7626 2 8271 19
7626 2 7627 12 2125 6
7627 2 7628 14 1836 10
7628 3 7629 12 1201 10 3424 1
7629 3 7630 15 9909 15 9772 10
7630 3 7631 2 2606 4 384 7
7631 1 7632 5
7632 3 7633 7 7694 5 1383 13
7633 2 7634 2 8499 5
7634 1 7635 2
7635 2 7636 4 5991 -1
7636 2 7637 7 1765 1
7637 2 7638 4 4103 2
7638 3 7639 5 2557 19 37 18
7639 1 7640 4
7640 2 7641 6 3871 4
7641 4 7642 13 5339 13 7436 11 2422 14
7642 4 7643 14 5897 20 8696 9 3261 17
7643 2 7644 10 3698 16
7644 2 7645 6 8984 3
7645 2 7646 2 6775 18
7646 4 7647 7 8501 6 768 20 3947 11
7647 2 7648 6 9559 15
7648 2 7649 12 7479 7
7649 2 7650 1 1182 0
7650 4 7651 -3 4476 8 5979 7 3071 11
7651 1 7652 -3
7652 1 7653 12
7653 2 7654 12 7885 5
7654 3 7655 7 4468 11 7402 15
7655 5 7656 14 2651 17 2909 7 8683 17 382 16
7656 1 7657 0
7657 2 7658 15 2056 6
7658 2 7659 11 6908 0
7659 1 7660 3
7660 1 7661 11
7661 4 7662 1 4575 16 5499 12 8500 9
7662 2 7663 10 4450 10
7663 2 7664 5 3617 13
7664 3 7665 8 9245 -3 5049 19
7665 1 7666 2
7666 2 7667 6 999 12
7667 2 7668 1 9205 2
7668 4 7669 3 4872 4 566 15 8758 19
7669 1 7670 1
7670 2 7671 1 966 13
7671 2 7672 3 5811 17
7672 3 7673 10 7052 20 189 3
7673 3 7674 5 8625 10 7300 1
7674 5 7675 10 8064 2 6179 -3 9024 13 986 18
7675 1 7676 14
7676 3 7677 8 1983 4 7359 17
7677 1 7678 7
7678 1 7679 13
7679 2 7680 13 2601 7
7680 1 7681 8
7681 4 7682 2 4425 5 2849 4 6606 6
7682 3 7683 15 6199 3 3160 -4
7683 2 7684 7 1167 14
7684 2 7685 10 3432 9
7685 1 7686 7
7686 1 7687 -4
7687 1 7688 7
7688 5 7689 -2 8490 19 5015 5 89 14 4652 17
7689 1 7690 3
7690 3 7691 11 6920 17 5075 20
7691 1 7692 5
7692 1 7693 14
7693 3 7694 6 839 3 5790 16
7694 2 7695 9 1723 14
7695 1 7696 9
7696 4 7697 7 5299 16 1170 8 755 -4
7697 1 7698 15
7698 1 7699 10
7699 2 7700 15 5132 17
7700 2 7701 15 6400 20
7701 2 7702 7 5864 13
7702 4 7703 3 3594 1 2057 3 1416 3
7703 2 7704 8 1631 6
7704 2 7705 10 50 18
7705 2 7706 13 1514 10
7706 3 7707 4 3330 3 1729 5
7707 1 7708 4
7708 3 7709 13 7364 -2 9253 13
7709 3 7710 6 843 7 5115 14
7710 5 7711 7 3766 8 9818 16 3765 7 9672 5
7711 3 7712 5 61 5 1619 1
7712 4 7713 13 5639 16 838 16 9790 14
7713 2 7714 14 7600 -1
7714 2 7715 12 5000 -4
7715 2 7716 3 7563 9
7716 1 7717 8
7717 2 7718 8 9467 12
7718 1 7719 1
7719 2 7720 13 5249 13
7720 1 7721 15
7721 1 7722 6
7722 2 7723 4 3226 18
7723 3 7724 11 1771 13 2702 11
7724 3 7725 10 9238 15 1960 3
7725 1 7726 2
7726 2 7727 3 1320 8
7727 1 7728 4
7728 2 7729 12 8019 2
7729 1 7730 7
7730 1 7731 13
7731 5 7732 9 218 3 1377 20 3984 3 1330 9
7732 2 7733 6 2172 2
7733 3 7734 9 1567 -3 2696 5
7734 3 7735 8 9226 15 9161 -3
7735 5 7736 -1 9512 2 7568 5 2533 14 4690 11
7736 5 7737 1 1155 14 1030 5 9052 20 727 10
7737 5 7738 -2 3750 20 9803 20 6208 12 804 13
7738 3 7739 4 5953 19 5401 9
7739 2 7740 -3 6679 4
7740 1 7741 7
7741 2 7742 10 7623 12
7742 1 7743 3
7743 3 7744 4 4702 15 2373 13
7744 2 7745 -4 9709 17
7745 1 7746 8
7746 4 7747 12 4813 3 1588 9 3570 20
7747 1 7748 13
7748 2 7749 13 8792 3
7749 1 7750 2
7750 4 7751 3 4670 15 4667 4 6554 20
7751 3 7752 4 9127 7 4710 8
7752 1 7753 3
7753 2 7754 3 8472 10
7754 2 7755 5 9757 14
7755 1 7756 2
7756 1 7757 3
7757 1 7758 1
7758 2 7759 1 9941 17
7759 1 7760 9
7760 2 7761 14 2440 13
7761 5 7762 14 2753 6 814 17 1858 11 3313 19
7762 3 7763 5 578 9 3361 20
7763 3 7764 2 7420 6 9866 13
7764 2 7765 11 7840 9
7765 1 7766 3
7766 4 7767 4 8638 1 7327 6 1619 14
7767 2 7768 15 7683 10
7768 4 7769 14 7874 16 7017 10 3403 3
7769 4 7770 4 1606 6 345 3 6898 5
7770 3 7771 14 3043 7 308 -4
7771 2 7772 6 2808 19
7772 2 7773 15 988 13
7773 5 7774 10 1506 17 6388 11 3419 18 7444 15
7774 2 7775 6 6232 13
7775 3 7776 7 1693 9 1101 17
7776 4 7777 6 9660 18 7398 17 2784 7
7777 3 7778 3 6047 18 4865 5
7778 1 7779 1
7779 1 7780 3
7780 1 7781 3
7781 2 7782 11 4283 20
7782 1 7783 2
7783 2 7784 13 460 19
7784 2 7785 10 4739 20
7785 2 7786 6 5868 18
7786 4 7787 5 8183 2 5968 3 127 13
7787 3 7788 13 4685 17 4135 -3
7788 3 7789 9 3519 16 8981 1
7789 4 7790 1 2866 -3 2674 18 5713 7
7790 3 7791 5 7576 11 6568 9
7791 4 7792 5 6431 1 7069 12 415 13
7792 3 7793 3 5404 0 3853 -4
7793 6 7794 2 2480 4 2560 3 3484 9 9848 12 5851 18
7794 2 7795 12 4173 13
7795 3 7796 4 2643 1 1370 16
7796 4 7797 7 7558 6 8714 1 4226 14
7797 1 7798 8
7798 3 7799 10 797 1 1126 4
7799 2 7800 -2 6243 4
7800 2 7801 2 1596 10
7801 3 7802 13 430 1 6017 5
7802 2 7803 -4 3439 7
7803 3 7804 11 8153 -4 3950 -2
7804 4 7805 15 3374 -1 6969 5 560 8
7805 5 7806 8 9989 8 3544 18 3224 2 2326 19
7806 1 7807 11
7807 1 7808 1
7808 2 7809 13 3759 10
7809 2 7810 6 905 9
7810 2 7811 3 1053 15
7811 2 7812 15 5264 12
7812 2 7813 14 2653 19
7813 2 7814 9 661 2
7814 2 7815 15 4284 14
7815 2 7816 15 9946 16
7816 4 7817 10 120 7 3137 -1 1098 13
7817 2 7818 -4 4467 2
7818 2 7819 1 3481 4
7819 3 7820 14 4908 8 8350 -4
7820 5 7821 10 3643 12 1446 -3 4678 11 5553 1
7821 2 7822 2 9374 18
7822 1 7823 11
7823 4 7824 9 7240 -1 2028 20 9677 2
7824 2 7825 9 4157 16
7825 1 7826 12
7826 5 7827 4 6803 18 3882 -3 3966 14 4504 1
7827 2 7828 5 2178 -2
7828 4 7829 7 4989 8 5314 5 777 5
7829 1 7830 11
7830 1 7831 8
7831 2 7832 10 5116 11
7832 2 7833 1 6069 5
7833 3 7834 15 2230 20 1181 4
7834 4 7835 15 3464 17 5767 13 7349 5
7835 1 7836 3
7836 1 7837 11
7837 2 7838 1 458 6
7838 2 7839 15 9376 2
7839 2 7840 5 5594 6
7840 2 7841 0 1545 11
7841 4 7842 12 8295 7 5598 2 7704 9
7842 2 7843 10 1895 2
7843 2 7844 -2 1204 19
7844 3 7845 15 3591 8 1429 12
7845 2 7846 6 6244 9
7846 1 7847 -2
7847 3 7848 2 1805 8 5178 16
7848 3 7849 13 8004 0 408 19
7849 2 7850 13 3270 0
7850 1 7851 7
7851 3 7852 3 1810 1 8401 7
7852 4 7853 9 1024 8 2731 10 3552 10
7853 2 7854 1 6723 5
7854 1 7855 11
7855 1 7856 14
7856 2 7857 10 6616 13
7857 1 7858 -3
7858 4 7859 14 8911 0 2602 9 1822 -4
7859 5 7860 8 2866 16 9981 18 6024 19 434 7
7860 3 7861 14 8725 7 5571 14
7861 1 7862 13
7862 3 7863 -3 5597 7 9419 20
7863 1 7864 8
7864 2 7865 10 3338 9
7865 1 7866 10
7866 5 7867 10 3358 11 3326 0 8706 11 338 9
7867 2 7868 8 4527 3
7868 3 7869 6 909 16 5240 16
7869 1 7870 6
7870 1 7871 7
7871 2 7872 3 5262 8
7872 1 7873 5
7873 3 7874 9 5653 10 1716 11
7874 6 7875 5 1611 11 5305 4 1620 12 5664 3 8255 10
7875 3 7876 2 3103 15 9910 8
7876 1 7877 9
7877 3 7878 8 9158 5 9141 -3
7878 3 7879 7 2466 4 4686 2
7879 2 7880 5 672 4
7880 2 7881 5 4696 -1
7881 2 7882 6 2532 6
7882 2 7883 3 2652 12
7883 4 7884 14 1950 11 5377 17 1151 8
7884 1 7885 6
7885 2 7886 -2 3258 14
7886 1 7887 2
7887 2 7888 9 1177 2
7888 2 7889 8 1191 5
7889 1 7890 6
7890 2 7891 -4 4619 0
7891 1 7892 8
7892 1 7893 -1
7893 4 7894 6 1616 11 7971 15 2067 9
7894 2 7895 8 1470 19
7895 3 7896 3 2621 18 282 -2
7896 1 7897 9
7897 3 7898 10 9946 10 1705 4
7898 3 7899 3 795 3 524 16
7899 2 7900 13 2001 9
7900 3 7901 6 8129 17 408 5
7901 3 7902 5 1703 17 9315 19
7902 2 7903 12 8778 8
7903 1 7904 10
7904 2 7905 15 2392 5
7905 1 7906 7
7906 3 7907 11 7682 19 2922 13
7907 1 7908 0
7908 3 7909 10 8640 11 1925 17
7909 2 7910 1 76 16
7910 2 7911 4 2552 8
7911 4 7912 1 6936 5 4498 19 4434 6
7912 2 7913 8 5144 12
7913 3 7914 15 3586 -4 840 -4
7914 1 7915 1
7915 4 7916 1 2308 17 1139 14 437 6
7916 2 7917 5 4732 15
7917 2 7918 1 9346 -3
7918 2 7919 6 3572 15
7919 1 7920 8
7920 5 7921 4 9178 13 3750 6 2601 3 9639 19
7921 2 7922 9 986 11
7922 2 7923 4 7362 8
7923 4 7924 2 2249 16 4425 7 3194 10
7924 1 7925 14
7925 1 7926 11
7926 3 7927 5 483 10 9422 5
7927 3 7928 8 2374 -3 2761 20
7928 3 7929 10 1788 10 1796 6
7929 1 7930 12
7930 1 7931 14
7931 3 7932 14 8163 7 1639 10
7932 6 7933 3 1682 18 3517 14 8246 6 8507 11 5715 16
7933 3 7934 2 9774 14 2326 18
7934 5 7935 -2 7093 17 407 9 7773 17 560 10
7935 1 7936 2
7936 2 7937 11 1547 14
7937 2 7938 4 1348 17
7938 2 7939 5 3266 1
7939 3 7940 -2 9180 -3 7311 14
7940 6 7941 10 3017 14 824 16 1202 10 6813 5 5261 4
7941 6 7942 5 9861 10 579 7 4095 9 2247 12 5872 -1
7942 1 7943 12
7943 2 7944 15 3876 20
7944 2 7945 8 25 20
7945 2 7946 1 4849 13
7946 4 7947 15 3999 -1 3327 19 1930 14
7947 2 7948 8 1497 15
7948 2 7949 14 9845 13
7949 2 7950 9 6777 16
7950 3 7951 8 9393 2 9412 -2
7951 3 7952 2 4143 5 1122 7
7952 3 7953 5 5165 -3 7170 14
7953 2 7954 6 2876 18
7954 1 7955 0
7955 2 7956 6 3823 1
7956 1 7957 11
7957 1 7958 6
7958 2 7959 6 3692 6
7959 4 7960 14 3085 -2 8787 19 9705 5
7960 2 7961 11 6539 1
7961 2 7962 9 3104 4
7962 4 7963 3 6382 5 1271 3 8198 0
7963 1 7964 3
7964 1 7965 9
7965 4 7966 12 5840 15 1778 8 247 5
7966 3 7967 7 2087 -2 4324 -3
7967 1 7968 14
7968 3 7969 14 5233 16 6920 11
7969 3 7970 12 2830 15 8080 16
7970 1 7971 -2
7971 1 7972 4
7972 1 7973 14
7973 1 7974 5
7974 2 7975 5 24 11
7975 6 7976 2 4398 3 2106 12 4316 16 3410 -3 3272 -2
7976 1 7977 8
7977 2 7978 -1 6498 10
7978 3 7979 10 4695 9 2377 4
7979 2 7980 14 3837 10
7980 3 7981 2 886 17 9925 7
7981 2 7982 5 1128 10
7982 1 7983 -1
7983 2 7984 2 5673 10
7984 6 7985 11 997 5 3651 10 1962 6 2633 5 6007 9
7985 2 7986 6 7547 4
7986 3 7987 12 4177 20 8782 10
7987 2 7988 14 3326 11
7988 3 7989 4 7856 12 2076 15
7989 1 7990 4
7990 4 7991 4 8387 5 967 7 7267 14
7991 3 7992 4 9123 18 9440 18
7992 1 7993 10
7993 4 7994 15 8821 6 561 1 6037 16
7994 3 7995 9 354 13 5430 5
7995 3 7996 -2 5399 10 1467 10
7996 1 7997 -3
7997 3 7998 5 8538 -1 7500 1
7998 5 7999 7 2011 2 711 7 5684 13 9680 6
7999 2 8000 15 6002 7
8000 4 8001 12 5813 10 1246 12 857 12
8001 1 8002 8
8002 1 8003 3
8003 2 8004 7 7456 3
8004 2 8005 13 2174 5
8005 1 8006 7
8006 1 8007 15
8007 3 8008 9 1226 -3 1653 17
8008 3 8009 7 2948 4 9892 -3
8009 1 8010 5
8010 5 8011 3 9587 3 9165 4 4878 8 361 15
8011 2 8012 6 2 2
8012 3 8013 5 3750 12 51 8
8013 3 8014 2 366 1 5010 3
8014 5 8015 9 9567 17 5907 12 3766 15 2539 8
8015 2 8016 0 9026 14
8016 2 8017 12 5291 9
8017 1 8018 7
8018 3 8019 8 1581 12 5032 8
8019 2 8020 1 9054 1
8020 2 8021 11 9075 8
8021 3 8022 10 343 8 2438 3
8022 1 8023 8
8023 2 8024 9 860 3
8024 1 8025 2
8025 2 8026 8 4978 3
8026 4 8027 8 6848 -3 6731 2 5434 -3
8027 3 8028 1 1570 16 344 0
8028 1 8029 13
8029 2 8030 2 273 14
8030 3 8031 13 7586 17 6164 17
8031 3 8032 8 458 1 1577 16
8032 3 8033 1 9564 7 3003 16
8033 3 8034 7 9531 3 9164 -2
8034 4 8035 6 9486 20 9707 -3 1625 14
8035 3 8036 5 7511 8 1505 12
8036 1 8037 14
8037 4 8038 13 7631 1 4172 12 5370 2
8038 1 8039 12
8039 3 8040 10 8064 13 383 20
8040 3 8041 7 867 16 4522 11
8041 1 8042 7
8042 3 8043 6 6530 15 1211 13
8043 7 8044 7 827 12 1932 3 6483 12 8514 10 741 2 9553 10
8044 1 8045 5
8045 1 8046 13
8046 2 8047 2 303 18
8047 3 8048 5 2275 19 7001 8
8048 5 8049 12 8892 17 8717 17 8540 17 1852 10
8049 1 8050 7
8050 3 8051 13 6843 6 1577 3
8051 1 8052 12
8052 3 8053 4 4400 20 6986 -3
8053 2 8054 5 1498 16
8054 3 8055 12 4381 14 5314 7
8055 4 8056 13 8527 1 381 9 6780 17
8056 6 8057 0 9995 17 6653 13 5660 20 9028 12 2081 6
8057 2 8058 14 1919 17
8058 2 8059 15 9932 -2
8059 3 8060 7 3114 17 8700 2
8060 2 8061 2 9568 9
8061 2 8062 -1 6396 17
8062 4 8063 7 7379 1 6847 9 3926 3
8063 3 8064 3 379 2 983 17
8064 1 8065 15
8065 2 8066 6 9500 18
8066 2 8067 -1 4318 6
8067 1 8068 7
8068 3 8069 2 6483 11 1552 1
8069 2 8070 3 5890 4
8070 4 8071 4 154 1 8549 12 6834 12
8071 2 8072 5 3787 19
8072 2 8073 12 3915 4
8073 2 8074 13 7110 19
8074 1 8075 -2
8075 2 8076 1 4278 17
8076 2 8077 9 659 7
8077 2 8078 11 8513 -1
8078 2 8079 4 3796 19
8079 2 8080 15 2270 16
8080 1 8081 14
8081 1 8082 14
8082 3 8083 9 4804 4 339 14
8083 1 8084 14
8084 2 8085 0 446 1
8085 1 8086 1
8086 3 8087 9 1974 18 9607 14
8087 3 8088 12 3291 7 3840 11
8088 2 8089 9 5696 9
8089 1 8090 -1
8090 3 8091 4 4612 17 1541 7
8091 1 8092 15
8092 1 8093 9
8093 2 8094 12 2556 6
8094 3 8095 3 11 1 6077 1
8095 2 8096 1 5240 10
8096 3 8097 10 8404 0 9889 13
8097 2 8098 14 852 13
8098 1 8099 9
8099 2 8100 9 9810 -2
8100 1 8101 6
8101 2 8102 14 6832 20
8102 3 8103 3 8656 -4 569 0
8103 4 8104 14 1492 10 5633 15 498 10
8104 2 8105 8 783 20
8105 2 8106 2 6435 3
8106 5 8107 9 988 2 905 11 6308 4 7232 2
8107 3 8108 11 7759 -1 4713 18
8108 2 8109 11 5272 18
8109 1 8110 8
8110 2 8111 -3 7277 19
8111 2 8112 13 8167 9
8112 2 8113 12 2039 17
8113 4 8114 7 8765 5 6888 16 7841 19
8114 4 8115 2 1232 -2 7405 4 2850 10
8115 2 8116 4 330 2
8116 4 8117 2 6795 12 4498 7 4213 6
8117 4 8118 15 4223 3 780 18 5378 17
8118 2 8119 13 3108 17
8119 1 8120 3
8120 3 8121 4 6497 8 57 17
8121 2 8122 9 8209 12
8122 1 8123 11
8123 1 8124 9
8124 1 8125 2
8125 2 8126 8 3439 -1
8126 2 8127 4 1209 5
8127 1 8128 7
8128 1 8129 5
8129 2 8130 1 9312 16
8130 2 8131 7 1123 7
8131 1 8132 -1
8132 3 8133 3 1239 3 6828 7
8133 5 8134 15 9599 14 3925 4 7262 -3 6162 10
8134 2 8135 9 8946 15
8135 2 8136 12 2410 -2
8136 1 8137 9
8137 1 8138 8
8138 1 8139 8
8139 4 8140 13 1365 10 4814 3 3422 3
8140 3 8141 14 7246 3 251 10
8141 2 8142 14 1152 8
8142 3 8143 7 2686 18 9769 14
8143 6 8144 6 9049 14 26 -2 2365 17 9572 7 766 5
8144 2 8145 5 8235 6
8145 4 8146 1 8604 11 8051 12 6842 11
8146 2 8147 15 2109 7
8147 1 8148 12
8148 2 8149 10 7685 8
8149 4 8150 14 1014 16 6328 5 8367 19
8150 4 8151 4 4190 16 167 19 9385 18
8151 2 8152 9 9010 2
8152 4 8153 14 5791 3 3153 -3 5253 6
8153 2 8154 14 1627 15
8154 1 8155 14
8155 3 8156 11 8366 1 9850 7
8156 4 8157 1 4766 9 3755 13 8356 20
8157 1 8158 3
8158 1 8159 -2
8159 3 8160 0 5039 5 4664 3
8160 1 8161 12
8161 1 8162 12
8162 3 8163 9 9920 4 4689 20
8163 1 8164 13
8164 3 8165 15 7220 8 1693 9
8165 3 8166 2 8485 7 8821 5
8166 2 8167 6 4051 6
8167 1 8168 15
8168 2 8169 8 3127 19
8169 1 8170 12
8170 3 8171 15 8868 14 1055 9
8171 1 8172 5
8172 1 8173 -1
8173 2 8174 12 4961 19
8174 5 8175 14 1415 17 1454 11 3588 -2 6624 5
8175 1 8176 7
8176 3 8177 10 1856 9 7334 6
8177 2 8178 9 3616 19
8178 1 8179 2
8179 4 8180 11 6004 14 611 -3 8110 4
8180 2 8181 11 1826 9
8181 3 8182 8 851 6 3540 -4
8182 3 8183 4 8604 4 3089 0
8183 1 8184 3
8184 3 8185 -3 4957 6 121 13
8185 6 8186 13 4524 13 7092 1 5269 14 5700 7 9 3
8186 2 8187 10 3790 -4
8187 3 8188 12 2300 18 6349 10
8188 2 8189 10 9301 5
8189 1 8190 7
8190 4 8191 6 7825 11 5946 2 8068 18
8191 6 8192 1 2728 5 8462 7 535 16 4485 20 2529 3
8192 1 8193 2
8193 2 8194 12 7024 18
8194 1 8195 2
8195 1 8196 10
8196 3 8197 12 8444 20 4057 15
8197 4 8198 1 4128 3 5419 15 8339 5
8198 1 8199 5
8199 5 8200 9 80 15 6842 19 6284 16 4753 6
8200 5 8201 14 3083 19 2187 20 2337 4 2997 16
8201 1 8202 3
8202 3 8203 1 4585 -4 6877 12
8203 2 8204 3 8307 8
8204 1 8205 12
8205 3 8206 13 3950 11 1305 16
8206 2 8207 1 1781 10
8207 1 8208 9
8208 2 8209 3 2525 12
8209 2 8210 5 5025 6
8210 3 8211 9 1678 6 2014 3
8211 2 8212 -4 726 12
8212 1 8213 2
8213 3 8214 9 1699 1 6673 4
8214 4 8215 -1 9488 1 6435 9 7425 17
8215 3 8216 10 213 7 2510 11
8216 2 8217 -3 6877 4
8217 1 8218 4
8218 1 8219 4
8219 1 8220 0
8220 3 8221 -1 178 3 4865 12
8221 2 8222 3 871 14
8222 5 8223 -2 5335 16 1239 2 8984 15 9722 16
8223 3 8224 5 433 3 7906 17
8224 1 8225 15
8225 3 8226 -2 5356 -1 8668 5
8226 1 8227 15
8227 2 8228 11 2451 18
8228 3 8229 14 6404 8 9303 15
8229 1 8230 11
8230 2 8231 5 4800 17
8231 2 8232 13 1096 1
8232 2 8233 6 1634 3
8233 3 8234 12 7137 9 2121 12
8234 3 8235 9 3071 14 1971 20
8235 3 8236 12 1601 0 5875 -2
8236 2 8237 4 1054 20
8237 3 8238 -4 1092 16 4146 11
8238 1 8239 5
8239 1 8240 3
8240 1 8241 15
8241 2 8242 4 129 15
8242 4 8243 8 8661 10 8114 14 8998 14
8243 2 8244 -2 1075 17
8244 3 8245 -1 1545 7 278 10
8245 4 8246 14 9468 9 6627 11 7987 6
8246 2 8247 3 9221 2
8247 3 8248 -4 9772 14 3580 0
8248 1 8249 15
8249 1 8250 8
8250 2 8251 11 1998 7
8251 6 8252 0 3940 7 2485 15 6972 10 2004 9 9859 8
8252 5 8253 4 2080 6 252 19 1682 2 1014 1
8253 1 8254 15
8254 1 8255 5
8255 2 8256 -4 4728 -3
8256 3 8257 10 1711 16 5043 -1
8257 2 8258 7 1576 18
8258 2 8259 13 5346 13
8259 1 8260 10
8260 2 8261 11 6729 -1
8261 2 8262 9 6310 1
8262 2 8263 4 5156 4
8263 1 8264 -2
8264 1 8265 -3
8265 4 8266 1 9878 2 1531 3 1487 3
8266 2 8267 2 8525 18
8267 2 8268 5 9062 17
8268 2 8269 5 893 19
8269 3 8270 4 2493 -3 7467 7
8270 3 8271 4 4960 1 3395 12
8271 3 8272 9 983 18 4760 15
8272 4 8273 5 93 8 8782 15 5595 12
8273 2 8274 9 1480 13
8274 3 8275 6 2444 3 657 6
8275 3 8276 8 2477 1 5143 19
8276 2 8277 6 8324 7
8277 2 8278 14 1770 9
8278 3 8279 14 4364 19 858 7
8279 1 8280 7
8280 3 8281 6 8101 8 3862 10
8281 1 8282 1
8282 3 8283 10 4443 12 7350 6
8283 2 8284 13 1981 4
8284 4 8285 12 9768 18 8483 9 2779 8
8285 7 8286 12 4633 12 8203 5 603 7 7393 11 3351 10 6805 4
8286 3 8287 11 8080 20 8667 12
8287 3 8288 14 8309 8 1266 17
8288 1 8289 5
8289 3 8290 6 9410 4 8115 17
8290 2 8291 5 1153 12
8291 2 8292 4 1319 5
8292 1 8293 14
8293 3 8294 4 2732 6 3928 20
8294 2 8295 11 167 5
8295 2 8296 -3 5427 19
8296 2 8297 14 5580 7
8297 2 8298 6 8078 4
8298 2 8299 12 5319 9
8299 3 8300 5 2843 1 4800 15
8300 2 8301 5 5688 17
8301 2 8302 -4 6925 14
8302 2 8303 12 3565 13
8303 4 8304 14 7161 19 2098 15 548 14
8304 4 8305 4 9463 20 5790 5 8433 19
8305 3 8306 10 4820 12 7959 10
8306 4 8307 5 1561 0 2828 -2 3492 16
8307 2 8308 9 567 5
8308 1 8309 11
8309 6 8310 2 3900 14 7486 15 718 10 2694 6 5241 19
8310 5 8311 3 7857 3 3718 13 4290 18 1373 2
8311 3 8312 9 4628 18 2220 14
8312 1 8313 15
8313 2 8314 14 5342 12
8314 4 8315 7 7799 5 6743 14 2819 8
8315 2 8316 3 3128 13
8316 1 8317 4
8317 4 8318 3 3016 -1 9383 19 932 2
8318 3 8319 7 1039 12 2516 5
8319 1 8320 1
8320 2 8321 13 7765 7
8321 2 8322 2 9735 -4
8322 3 8323 6 5881 20 2215 13
8323 3 8324 2 6116 17 646 4
8324 1 8325 10
8325 2 8326 9 2195 0
8326 2 8327 7 9859 1
8327 3 8328 7 5063 18 3080 20
8328 6 8329 15 9931 5 1269 15 7652 0 2389 20 2980 8
8329 1 8330 12
8330 1 8331 9
8331 1 8332 5
8332 2 8333 13 3371 13
8333 4 8334 3 1401 3 1041 7 9876 8
8334 1 8335 3
8335 2 8336 15 5199 18
8336 3 8337 10 4816 9 9099 1
8337 3 8338 0 4360 14 2006 19
8338 2 8339 -3 2836 -2
8339 1 8340 11
8340 2 8341 10 7010 17
8341 3 8342 2 8032 10 5770 0
8342 4 8343 7 3555 4 4874 -3 9491 6
8343 2 8344 1 6772 6
8344 2 8345 15 4771 17
8345 3 8346 12 7918 18 1038 1
8346 4 8347 10 5646 9 9769 19 5480 8
8347 5 8348 5 1269 5 2096 19 1313 1 2215 5
8348 1 8349 14
8349 2 8350 12 7047 -4
8350 2 8351 6 415 13
8351 1 8352 6
8352 2 8353 15 9874 7
8353 2 8354 10 4742 14
8354 1 8355 12
8355 3 8356 12 9254 8 6048 4
8356 2 8357 8 6333 7
8357 2 8358 9 3524 13
8358 1 8359 1
8359 2 8360 15 8741 1
8360 4 8361 6 8285 16 5416 17 3689 1
8361 1 8362 5
8362 4 8363 2 583 19 607 9 1741 18
8363 3 8364 9 2845 7 5651 12
8364 3 8365 -2 4837 16 4356 3
8365 4 8366 3 7587 9 1762 10 2020 13
8366 2 8367 6 7452 8
8367 1 8368 1
8368 3 8369 15 4406 14 2198 17
8369 1 8370 12
8370 3 8371 7 4489 12 9286 12
8371 1 8372 5
8372 1 8373 5
8373 4 8374 7 475 7 6445 3 5186 5
8374 3 8375 10 8629 7 2944 16
8375 4 8376 13 5743 16 2911 18 6392 15
8376 3 8377 7 1364 19 5652 17
8377 3 8378 10 7137 -2 41 5
8378 4 8379 10 3438 16 7827 14 7997 8
8379 2 8380 11 9821 8
8380 2 8381 6 3293 10
8381 4 8382 15 8079 9 5719 3 9934 13
8382 3 8383 13 4817 11 6561 20
8383 1 8384 -3
8384 3 8385 14 2876 7 1800 6
8385 1 8386 9
8386 1 8387 2
8387 4 8388 9 6126 -4 7169 0 2709 1
8388 1 8389 1
8389 1 8390 4
8390 2 8391 15 5801 15
8391 4 8392 8 2117 15 1387 8 8972 7
8392 1 8393 8
8393 3 8394 4 9635 -2 1190 9
8394 3 8395 7 2864 4 5440 10
8395 3 8396 -3 2930 3 5735 12
8396 2 8397 11 5992 5
8397 2 8398 1 4750 19
8398 4 8399 7 1125 2 6230 11 9751 6
8399 2 8400 7 4704 7
8400 2 8401 5 2765 12
8401 1 8402 12
8402 1 8403 14
8403 2 8404 1 6884 18
8404 3 8405 3 6261 15 8830 13
8405 2 8406 2 5919 15
8406 2 8407 11 8203 4
8407 1 8408 8
8408 2 8409 12 256 14
8409 6 8410 -1 2084 19 1648 0 3850 10 2716 5 6181 -2
8410 4 8411 4 8420 12 8522 4 10 10
8411 1 8412 8
8412 1 8413 3
8413 1 8414 2
8414 3 8415 5 8535 18 1956 4
8415 1 8416 13
8416 3 8417 3 7132 17 8280 19
8417 1 8418 14
8418 6 8419 14 3980 16 9917 3 1227 16 5626 20 6611 13
8419 4 8420 -2 6474 19 5603 20 3368 8
8420 2 8421 12 9882 13
8421 2 8422 4 382 13
8422 4 8423 6 7387 5 4654 -4 8766 10
8423 3 8424 14 2455 7 1959 12
8424 1 8425 4
8425 1 8426 5
8426 2 8427 9 642 -1
8427 3 8428 4 2576 3 6147 10
8428 5 8429 5 4975 6 9793 15 1111 13 3708 13
8429 2 8430 5 2473 14
8430 1 8431 3
8431 3 8432 0 9702 5 4191 1
8432 2 8433 10 20 15
8433 1 8434 7
8434 3 8435 9 8505 19 668 11
8435 5 8436 2 6925 2 719 6 5658 16 2910 8
8436 3 8437 12 5919 -1 1268 2
8437 1 8438 6
8438 3 8439 12 7463 11 2765 19
8439 3 8440 1 1345 13 1837 7
8440 2 8441 15 841 3
8441 1 8442 2
8442 2 8443 12 7637 18
8443 3 8444 13 27 17 2642 16
8444 3 8445 14 3059 -2 7421 16
8445 3 8446 0 6906 9 5312 7
8446 2 8447 7 4941 4
8447 3 8448 14 2739 8 4716 18
8448 4 8449 4 2195 18 7573 3 7675 7
8449 1 8450 2
8450 3 8451 10 1484 13 5055 1
8451 4 8452 14 7723 13 9600 11 687 16
8452 2 8453 6 7458 6
8453 4 8454 0 923 6 8352 20 1983 -4
8454 3 8455 12 2428 0 5627 10
8455 2 8456 2 7887 19
8456 1 8457 5
8457 2 8458 2 2173 2
8458 2 8459 8 8737 16
8459 4 8460 14 5730 5 7879 -3 1753 6
8460 2 8461 2 9879 8
8461 4 8462 7 2924 4 5960 -4 2188 14
8462 1 8463 0
8463 1 8464 2
8464 1 8465 3
8465 5 8466 6 7649 12 7860 12 854 8 2459 14
8466 2 8467 15 8936 17
8467 2 8468 2 5083 8
8468 1 8469 6
8469 4 8470 14 508 6 2830 12 8728 18
8470 2 8471 7 6894 12
8471 3 8472 15 6131 4 9942 4
8472 2 8473 14 2061 12
8473 2 8474 11 493 14
8474 2 8475 5 1133 5
8475 5 8476 1 7957 -3 7431 10 2139 5 6746 14
8476 3 8477 4 9770 20 1828 2
8477 1 8478 4
8478 1 8479 7
8479 2 8480 1 4447 9
8480 3 8481 4 3605 13 7107 7
8481 5 8482 7 9730 10 7130 3 7950 19 4498 7
8482 1 8483 -2
8483 1 8484 3
8484 2 8485 6 1601 1
8485 2 8486 11 9974 11
8486 2 8487 4 4995 19
8487 3 8488 9 4569 11 8049 16
8488 2 8489 13 505 20
8489 2 8490 7 5062 2
8490 4 8491 11 5924 14 1098 17 5514 15
8491 1 8492 6
8492 3 8493 11 734 1 7514 2
8493 2 8494 8 2879 12
8494 3 8495 7 519 5 1977 18
8495 2 8496 13 8591 12
8496 2 8497 11 9729 6
8497 4 8498 12 2853 7 8976 19 3871 3
8498 5 8499 2 5089 20 1145 9 6519 19 2572 0
8499 1 8500 2
8500 3 8501 8 7962 5 4673 12
8501 1 8502 -3
8502 1 8503 1
8503 4 8504 4 1190 5 734 6 1679 10
8504 2 8505 4 747 1
8505 1 8506 4
8506 5 8507 2 4282 8 9942 18 3316 5 958 6
8507 2 8508 3 4603 13
8508 2 8509 14 262 2
8509 3 8510 11 5915 8 175 9
8510 2 8511 6 4128 -3
8511 1 8512 8
8512 2 8513 11 5969 13
8513 3 8514 8 1000 7 1848 6
8514 3 8515 8 6784 5 5724 7
8515 3 8516 14 3032 8 348 14
8516 1 8517 13
8517 3 8518 11 2996 0 7577 20
8518 4 8519 15 1571 -4 7023 4 5848 5
8519 5 8520 1 3523 -3 824 8 9470 11 1025 14
8520 1 8521 15
8521 3 8522 3 4678 9 8111 18
8522 2 8523 9 8516 20
8523 2 8524 1 877 8
8524 2 8525 12 763 3
8525 1 8526 8
8526 3 8527 2 6818 2 6109 11
8527 4 8528 15 8937 8 9145 7 9118 3
8528 3 8529 14 8922 11 5748 17
8529 1 8530 10
8530 4 8531 7 3169 -4 4729 20 3790 9
8531 4 8532 6 3631 15 9053 9 8337 11
8532 1 8533 3
8533 5 8534 9 7448 19 3326 15 5345 12 4279 7
8534 2 8535 15 2444 10
8535 1 8536 3
8536 3 8537 6 281 9 9370 18
8537 2 8538 3 6935 14
8538 2 8539 3 3377 13
8539 3 8540 11 1032 11 516 7
8540 2 8541 5 8294 13
8541 2 8542 9 5364 1
8542 4 8543 -3 1021 10 7738 2 6908 17
8543 4 8544 -2 4547 12 485 7 2929 6
8544 1 8545 5
8545 3 8546 1 8812 17 8621 9
8546 2 8547 12 4307 1
8547 4 8548 13 7152 1 3677 10 5568 0
8548 1 8549 5
8549 2 8550 9 4605 17
8550 1 8551 8
8551 2 8552 7 703 16
8552 3 8553 10 4474 -4 4777 8
8553 1 8554 15
8554 2 8555 14 1834 14
8555 4 8556 7 1990 2 984 4 3277 10
8556 3 8557 13 2196 1 6069 17
8557 1 8558 1
8558 2 8559 2 1112 4
8559 2 8560 12 1760 13
8560 3 8561 8 4056 18 3957 -1
8561 2 8562 10 5848 10
8562 2 8563 14 5 4
8563 1 8564 6
8564 5 8565 5 9559 19 7996 16 5816 10 3007 5
8565 2 8566 15 5831 2
8566 5 8567 11 3925 2 537 6 1040 -1 9182 9
8567 1 8568 9
8568 2 8569 3 5720 3
8569 2 8570 3 1603 20
8570 1 8571 2
8571 1 8572 11
8572 2 8573 5 2753 18
8573 1 8574 12
8574 2 8575 14 1692 1
8575 1 8576 3
8576 1 8577 14
8577 3 8578 14 9443 11 7765 13
8578 3 8579 9 2464 10 6677 3
8579 3 8580 15 8551 3 6291 5
8580 3 8581 4 4644 14 2276 16
8581 4 8582 4 3182 17 3333 11 3860 3
8582 3 8583 3 8867 12 3624 18
8583 1 8584 9
8584 1 8585 14
8585 3 8586 13 1360 14 543 -1
8586 1 8587 0
8587 1 8588 2
8588 1 8589 14
8589 2 8590 9 8380 5
8590 1 8591 8
8591 3 8592 11 7579 4 585 20
8592 4 8593 8 406 19 2668 11 2037 17
8593 3 8594 13 8854 15 4440 12
8594 2 8595 10 5715 -2
8595 2 8596 -1 977 18
8596 3 8597 8 2048 19 3128 12
8597 5 8598 -2 1056 1 4604 2 6814 4 9254 14
8598 6 8599 7 7555 20 2103 -4 7230 17 9080 10 5874 3
8599 3 8600 3 7771 1 840 -1
8600 3 8601 2 726 6 1081 13
8601 2 8602 1 7717 0
8602 1 8603 3
8603 1 8604 13
8604 2 8605 14 9807 -3
8605 1 8606 15
8606 2 8607 15 2303 2
8607 1 8608 15
8608 3 8609 11 8742 20 310 -4
8609 1 8610 3
8610 2 8611 2 4150 6
8611 2 8612 11 5307 20
8612 2 8613 3 5921 2
8613 2 8614 1 483 20
8614 4 8615 2 1232 3 7675 6 792 10
8615 2 8616 2 60 16
8616 3 8617 14 2213 20 283 9
8617 3 8618 14 5800 3 405 -1
8618 5 8619 9 5613 -1 6822 7 244 7 96 6
8619 3 8620 4 6210 3 2383 3
8620 2 8621 4 1144 4
8621 2 8622 2 6043 3
8622 1 8623 3
8623 2 8624 8 5504 3
8624 1 8625 7
8625 2 8626 1 5554 12
8626 2 8627 14 9975 9
8627 1 8628 15
8628 1 8629 5
8629 1 8630 8
8630 1 8631 11
8631 2 8632 11 7833 16
8632 1 8633 11
8633 2 8634 9 3954 4
8634 1 8635 3
8635 1 8636 9
8636 2 8637 -2 3807 4
8637 2 8638 2 8738 8
8638 3 8639 6 3993 12 854 1
8639 4 8640 6 9820 6 4134 12 3966 12
8640 2 8641 4 2530 13
8641 1 8642 7
8642 3 8643 9 4340 10 8669 7
8643 3 8644 15 3772 13 6305 11
8644 2 8645 4 1716 15
8645 2 8646 4 4777 19
8646 4 8647 6 2151 14 8091 10 5039 4
8647 2 8648 11 6741 15
8648 2 8649 -2 3224 12
8649 1 8650 10
8650 2 8651 14 1207 6
8651 2 8652 0 4850 1
8652 2 8653 5 8946 5
8653 2 8654 4 6817 17
8654 4 8655 1 1142 5 8909 11 6358 10
8655 3 8656 14 7217 3 1651 3
8656 1 8657 -2
8657 1 8658 6
8658 2 8659 13 1753 15
8659 3 8660 9 8822 15 5950 16
8660 3 8661 5 5482 4 3072 0
8661 4 8662 14 6161 12 5416 17 3107 -2
8662 1 8663 12
8663 2 8664 2 2667 11
8664 2 8665 10 267 4
8665 3 8666 13 1976 5 2630 6
8666 4 8667 12 3227 17 5511 -1 2434 17
8667 3 8668 4 1096 20 8090 18
8668 2 8669 3 940 9
8669 2 8670 7 5144 9
8670 2 8671 3 6208 6
8671 1 8672 5
8672 2 8673 15 7179 5
8673 3 8674 6 5807 9 5694 -2
8674 1 8675 8
8675 1 8676 13
8676 2 8677 3 9856 17
8677 1 8678 14
8678 1 8679 7
8679 4 8680 7 3804 3 6885 -2 9066 7
8680 2 8681 1 7494 18
8681 2 8682 5 3924 5
8682 3 8683 15 1751 7 7419 15
8683 3 8684 10 9031 14 2720 4
8684 1 8685 5
8685 3 8686 3 5008 3 4979 15
8686 2 8687 5 1075 10
8687 2 8688 3 5378 12
8688 5 8689 -2 3914 10 9825 13 532 15 7169 8
8689 2 8690 14 8288 12
8690 4 8691 6 947 6 5659 19 2880 19
8691 3 8692 4 3590 19 7955 4
8692 2 8693 14 8822 13
8693 1 8694 10
8694 3 8695 15 2139 5 7451 18
8695 3 8696 10 2550 10 6133 3
8696 2 8697 -4 814 5
8697 1 8698 9
8698 3 8699 3 1480 -4 7290 13
8699 5 8700 13 4781 3 887 16 2871 1 9649 -4
8700 3 8701 2 4253 3 7922 5
8701 3 8702 8 1338 10 2604 5
8702 3 8703 5 5977 10 8350 17
8703 5 8704 5 6094 6 9823 7 1954 10 1290 6
8704 3 8705 4 7002 15 1635 13
8705 4 8706 12 8214 15 3569 0 8201 20
8706 1 8707 6
8707 2 8708 4 2033 9
8708 1 8709 13
8709 3 8710 12 6927 17 2727 12
8710 3 8711 8 2892 11 4420 1
8711 3 8712 4 6697 2 4984 17
8712 1 8713 2
8713 3 8714 2 9362 2 9899 12
8714 2 8715 15 8883 2
8715 3 8716 12 5448 17 2595 10
8716 2 8717 14 9798 4
8717 4 8718 3 9079 7 8486 -3 1036 4
8718 4 8719 5 5426 15 441 6 9553 0
8719 1 8720 7
8720 1 8721 1
8721 3 8722 1 321 1 12 13
8722 3 8723 7 7176 5 5035 10
8723 4 8724 3 8417 6 6888 16 2482 4
8724 2 8725 13 8929 9
8725 1 8726 3
8726 1 8727 3
8727 3 8728 6 9798 8 5244 20
8728 4 8729 -4 9046 3 7227 13 5094 10
8729 2 8730 13 1704 6
8730 3 8731 14 2591 11 6873 12
8731 2 8732 13 4878 9
8732 1 8733 14
8733 3 8734 4 7449 -4 2603 5
8734 1 8735 5
8735 3 8736 6 5354 9 3583 17
8736 7 8737 15 9497 11 8366 10 7636 18 3737 17 3962 17 7572 5
8737 2 8738 5 4619 16
8738 3 8739 15 2952 14 2323 17
8739 4 8740 8 5137 17 6981 3 8685 18
8740 1 8741 1
8741 3 8742 10 1796 8 9418 14
8742 4 8743 12 2587 8 3195 18 2281 13
8743 5 8744 9 7394 7 7093 17 2751 17 797 18
8744 1 8745 13
8745 4 8746 12 6174 14 9812 20 7686 15
8746 4 8747 5 1286 8 2298 4 6926 -2
8747 2 8748 10 1232 12
8748 2 8749 13 4180 17
8749 2 8750 12 7380 11
8750 1 8751 5
8751 3 8752 6 6765 -3 2573 16
8752 2 8753 3 1599 7
8753 3 8754 15 4623 10 1915 5
8754 4 8755 1 5519 4 7679 14 6974 6
8755 1 8756 13
8756 1 8757 5
8757 3 8758 13 450 3 9663 2
8758 1 8759 14
8759 2 8760 -2 5405 13
8760 5 8761 8 7510 9 9617 14 2749 14 9323 9
8761 1 8762 11
8762 4 8763 12 1183 16 8879 13 3622 -4
8763 2 8764 10 2149 9
8764 3 8765 6 5908 13 2834 4
8765 5 8766 4 2628 12 9255 19 4733 3 5095 1
8766 2 8767 14 8194 10
8767 1 8768 9
8768 4 8769 8 433 18 2264 16 8015 1
8769 1 8770 4
8770 1 8771 7
8771 2 8772 3 736 11
8772 2 8773 15 8775 12
8773 5 8774 13 9106 4 5111 15 7826 12 1621 9
8774 1 8775 1
8775 4 8776 15 2787 11 4706 12 2262 4
8776 3 8777 7 2921 -3 7798 16
8777 2 8778 15 319 13
8778 2 8779 13 6968 -3
8779 3 8780 12 1032 20 4587 -1
8780 4 8781 13 9304 -3 5512 12 2204 10
8781 1 8782 14
8782 2 8783 4 7335 4
8783 1 8784 7
8784 1 8785 1
8785 1 8786 0
8786 2 8787 12 2311 5
8787 1 8788 2
8788 3 8789 5 1455 4 42 9
8789 1 8790 8
8790 2 8791 13 1473 6
8791 3 8792 2 3078 15 2931 6
8792 2 8793 2 1654 -1
8793 1 8794 4
8794 1 8795 1
8795 2 8796 4 668 15
8796 1 8797 9
8797 4 8798 -3 5255 19 2904 20 2558 1
8798 3 8799 8 8700 13 5591 5
8799 3 8800 6 2289 2 7308 5
8800 2 8801 4 6568 2
8801 2 8802 1 9134 1
8802 1 8803 8
8803 1 8804 6
8804 3 8805 14 8958 11 3234 1
8805 1 8806 5
8806 4 8807 9 9696 9 2549 9 1038 17
8807 4 8808 -3 1404 8 5860 12 1261 4
8808 3 8809 1 4309 20 4844 3
8809 5 8810 -1 8773 8 3189 11 3741 16 2480 7
8810 2 8811 13 2476 2
8811 2 8812 13 2844 18
8812 5 8813 6 3403 6 1702 9 4992 10 507 11
8813 4 8814 7 9865 19 5312 -2 2128 19
8814 2 8815 14 3436 20
8815 2 8816 10 7974 4
8816 2 8817 -3 9153 17
8817 2 8818 -2 2902 8
8818 1 8819 12
8819 2 8820 8 4105 18
8820 4 8821 -4 1985 2 435 -4 530 20
8821 1 8822 12
8822 3 8823 2 2781 16 1697 4
8823 3 8824 10 8961 17 9890 18
8824 4 8825 -4 7873 1 9695 10 8476 7
8825 5 8826 11 2623 10 4128 3 540 10 9428 4
8826 2 8827 7 1915 20
8827 4 8828 4 6831 12 2631 19 641 10
8828 2 8829 5 1648 11
8829 1 8830 5
8830 2 8831 0 9579 8
8831 1 8832 13
8832 3 8833 13 5682 8 6659 20
8833 1 8834 13
8834 4 8835 -1 2088 19 4564 12 8522 1
8835 4 8836 10 441 11 950 4 1371 0
8836 2 8837 8 4848 11
8837 3 8838 2 5887 16 7893 19
8838 3 8839 3 986 16 1132 -1
8839 3 8840 14 1204 18 210 14
8840 3 8841 6 7827 18 7322 16
8841 1 8842 -4
8842 1 8843 7
8843 2 8844 3 2644 18
8844 1 8845 15
8845 3 8846 13 3815 20 7996 4
8846 3 8847 6 2839 16 3426 18
8847 3 8848 1 7806 10 4333 14
8848 2 8849 13 8802 15
8849 2 8850 10 4312 4
8850 2 8851 8 7023 2
8851 2 8852 3 9560 11
8852 2 8853 6 3156 20
8853 5 8854 4 8768 8 9475 1 1940 6 2680 12
8854 6 8855 8 5892 5 1631 7 1737 19 162 3 1229 -2
8855 1 8856 -4
8856 3 8857 -1 2861 12 8258 10
8857 1 8858 6
8858 2 8859 14 4671 12
8859 3 8860 10 3014 20 8829 8
8860 1 8861 11
8861 1 8862 4
8862 1 8863 14
8863 4 8864 7 667 14 6420 7 898 18
8864 2 8865 10 2244 13
8865 3 8866 -3 7942 16 729 5
8866 3 8867 6 1435 20 8333 18
8867 4 8868 4 9859 11 9958 20 6417 0
8868 3 8869 8 5044 3 1399 2
8869 5 8870 12 4657 11 1898 14 3376 7 7771 1
8870 4 8871 3 442 -3 3945 18 2298 15
8871 3 8872 1 2636 17 3512 20
8872 3 8873 7 5310 4 8887 11
8873 2 8874 1 8174 7
8874 2 8875 14 6362 16
8875 3 8876 1 8744 2 8342 1
8876 2 8877 15 2568 20
8877 3 8878 7 9470 20 2227 14
8878 2 8879 10 2908 8
8879 1 8880 6
8880 3 8881 9 4380 8 7185 1
8881 1 8882 12
8882 2 8883 11 2327 4
8883 5 8884 12 6623 10 7961 13 5114 9 5013 1
8884 3 8885 1 1721 12 5360 9
8885 2 8886 2 2654 11
8886 2 8887 10 558 9
8887 2 8888 12 3151 12
8888 2 8889 11 7894 8
8889 2 8890 1 9472 5
8890 1 8891 11
8891 1 8892 2
8892 2 8893 9 757 17
8893 3 8894 14 5794 20 1546 14
8894 1 8895 2
8895 2 8896 14 840 19
8896 3 8897 15 8185 14 6838 8
8897 2 8898 8 1248 11
8898 6 8899 -1 2873 4 122 7 6591 1 2390 6 7415 20
8899 5 8900 12 105 13 1843 1 7656 16 2644 16
8900 3 8901 12 643 11 4182 7
8901 2 8902 9 2711 6
8902 4 8903 11 1029 1 960 7 1636 12
8903 5 8904 15 7113 16 3674 9 9696 14 2783 13
8904 2 8905 5 7529 1
8905 3 8906 13 663 8 1675 15
8906 1 8907 -3
8907 3 8908 3 4343 7 3514 13
8908 2 8909 5 9373 5
8909 1 8910 12
8910 1 8911 9
8911 1 8912 8
8912 3 8913 5 7237 3 5252 20
8913 3 8914 15 6114 13 6501 11
8914 2 8915 8 5778 3
8915 1 8916 2
8916 3 8917 13 7392 18 7217 10
8917 3 8918 13 309 7 221 1
8918 6 8919 9 4654 13 5249 11 3705 1 5777 -1 5831 10
8919 3 8920 13 8170 6 3653 4
8920 3 8921 -3 5048 19 9064 20
8921 1 8922 1
8922 2 8923 4 948 7
8923 1 8924 8
8924 1 8925 1
8925 4 8926 4 4721 0 6260 4 1879 12
8926 6 8927 4 3572 7 7258 19 2851 17 6633 6 1614 17
8927 4 8928 10 2538 14 8128 18 9249 15
8928 5 8929 14 2840 2 6295 5 1521 19 8119 17
8929 3 8930 -1 3454 7 805 12
8930 2 8931 3 5811 15
8931 2 8932 13 2953 1
8932 1 8933 6
8933 1 8934 13
8934 2 8935 2 8466 10
8935 2 8936 10 6815 10
8936 4 8937 11 300 13 7413 10 2147 13
8937 2 8938 3 8045 2
8938 5 8939 4 6484 3 323 19 4684 -3 3499 -2
8939 3 8940 9 927 19 3323 -1
8940 2 8941 0 865 7
8941 2 8942 6 5230 17
8942 2 8943 9 8770 9
8943 2 8944 15 6886 12
8944 1 8945 9
8945 2 8946 -4 7075 8
8946 3 8947 10 409 -2 5733 3
8947 2 8948 8 1687 16
8948 3 8949 8 9730 7 7006 11
8949 2 8950 1 3534 10
8950 2 8951 9 1916 9
8951 3 8952 3 7302 19 8376 2
8952 4 8953 15 4284 8 111 3 1174 15
8953 1 8954 10
8954 1 8955 4
8955 3 8956 12 3685 7 1192 18
8956 3 8957 13 3069 20 2345 18
8957 1 8958 11
8958 2 8959 15 3250 1
8959 4 8960 7 398 13 539 10 384 3
8960 1 8961 3
8961 1 8962 2
8962 1 8963 12
8963 2 8964 10 4135 19
8964 1 8965 13
8965 1 8966 8
8966 2 8967 2 2091 14
8967 2 8968 4 2785 12
8968 2 8969 3 3728 6
8969 4 8970 14 3172 10 881 6 1098 20
8970 1 8971 2
8971 3 8972 15 2046 7 8092 17
8972 2 8973 13 7715 5
8973 2 8974 13 6862 16
8974 3 8975 8 1059 17 7028 13
8975 4 8976 -3 1878 11 249 0 9197 10
8976 3 8977 11 5516 8 1550 17
8977 2 8978 5 7451 13
8978 2 8979 11 6618 20
8979 1 8980 4
8980 1 8981 11
8981 3 8982 6 9934 8 2031 2
8982 2 8983 3 8617 4
8983 3 8984 8 179 6 6851 18
8984 2 8985 14 1471 14
8985 2 8986 5 2964 7
8986 2 8987 10 2888 15
8987 2 8988 5 4157 9
8988 4 8989 14 995 11 7197 6 5991 -1
8989 2 8990 14 6142 3
8990 2 8991 3 1289 16
8991 3 8992 2 1183 5 8849 8
8992 5 8993 14 5066 7 9173 20 2580 5 6410 16
8993 2 8994 10 8527 12
8994 5 8995 -2 905 -3 6867 5 7212 2 4662 -1
8995 1 8996 8
8996 2 8997 5 1647 6
8997 2 8998 7 3785 -3
8998 3 8999 9 9275 5 7086 4
8999 2 9000 12 5362 9
9000 3 9001 3 660 18 6950 11
9001 2 9002 13 9449 16
9002 1 9003 2
9003 1 9004 5
9004 3 9005 -2 9318 7 4594 15
9005 3 9006 13 5271 16 7960 20
9006 2 9007 5 2295 1
9007 1 9008 0
9008 3 9009 5 7722 12 4546 12
9009 1 9010 0
9010 1 9011 14
9011 3 9012 9 167 12 229 -2
9012 3 9013 5 8949 8 7320 13
9013 2 9014 12 2571 12
9014 3 9015 5 7438 4 1587 11
9015 1 9016 5
9016 4 9017 15 6030 18 9498 17 9128 11
9017 1 9018 3
9018 4 9019 10 5584 19 7684 13 2157 11
9019 1 9020 1
9020 1 9021 5
9021 4 9022 15 6864 10 8407 6 2297 18
9022 3 9023 3 6773 12 3236 2
9023 2 9024 7 7828 -3
9024 2 9025 13 918 15
9025 4 9026 1 4146 13 9560 7 4109 19
9026 2 9027 12 2049 15
9027 5 9028 12 7647 14 275 9 4392 9 4854 6
9028 7 9029 -3 7911 6 8245 11 8515 18 4365 14 7688 18 1337 16
9029 2 9030 10 5046 15
9030 1 9031 12
9031 4 9032 0 1906 10 7872 10 754 11
9032 4 9033 5 8005 14 5766 18 9518 3
9033 2 9034 7 8743 1
9034 3 9035 6 8239 1 4139 1
9035 1 9036 -1
9036 2 9037 3 3937 5
9037 2 9038 -4 6231 12
9038 4 9039 3 8232 3 2976 7 5724 20
9039 3 9040 9 1024 1 4979 10
9040 4 9041 9 1313 11 3305 7 1496 6
9041 1 9042 5
9042 2 9043 13 7649 9
9043 2 9044 1 3422 10
9044 1 9045 7
9045 2 9046 14 444 17
9046 1 9047 5
9047 4 9048 11 9340 16 2018 11 2496 16
9048 1 9049 9
9049 3 9050 8 2015 6 10 1
9050 2 9051 11 8626 15
9051 2 9052 11 8817 1
9052 2 9053 -1 9958 16
9053 3 9054 3 8323 6 9887 17
9054 3 9055 2 9195 8 7476 20
9055 1 9056 4
9056 1 9057 4
9057 2 9058 15 546 11
9058 2 9059 13 2249 4
9059 5 9060 5 971 5 958 7 2201 15 9238 18
9060 1 9061 2
9061 2 9062 14 8720 15
9062 6 9063 -2 1164 0 8100 1 1138 19 3468 8 9788 15
9063 3 9064 1 6129 9 8437 20
9064 1 9065 -3
9065 2 9066 11 9890 6
9066 4 9067 10 922 -4 4054 17 1803 17
9067 2 9068 6 4367 12
9068 4 9069 10 356 6 5564 2 9492 19
9069 2 9070 13 4430 20
9070 1 9071 10
9071 2 9072 13 5303 18
9072 3 9073 14 9504 7 971 -2
9073 2 9074 4 2533 15
9074 3 9075 4 6606 1 2062 20
9075 2 9076 2 7399 9
9076 1 9077 12
9077 2 9078 -4 4463 20
9078 1 9079 8
9079 3 9080 14 3262 6 8145 5
9080 5 9081 5 1221 11 941 13 6000 18 4504 10
9081 3 9082 4 1244 17 1667 -4
9082 1 9083 -1
9083 2 9084 10 604 14
9084 1 9085 7
9085 1 9086 8
9086 1 9087 7
9087 4 9088 -1 7304 16 6414 19 6046 13
9088 2 9089 6 608 5
9089 3 9090 1 1439 -2 1132 -2
9090 1 9091 10
9091 1 9092 14
9092 4 9093 2 5915 4 5888 9 6579 12
9093 2 9094 1 4393 15
9094 3 9095 2 7127 20 5234 12
9095 1 9096 -4
9096 1 9097 -2
9097 3 9098 12 2102 1 3047 5
9098 3 9099 9 9952 1 7295 11
9099 1 9100 13
9100 2 9101 6 6794 6
9101 3 9102 2 2284 1 4880 12
9102 2 9103 3 1668 -2
9103 3 9104 -1 7120 7 3782 9
9104 2 9105 13 5954 14
9105 3 9106 8 366 19 7086 20
9106 2 9107 11 6027 19
9107 5 9108 7 5003 10 9765 11 6518 18 6163 15
9108 5 9109 -2 3207 18 8565 -2 4179 6 1574 19
9109 2 9110 7 1582 12
9110 2 9111 10 543 10
9111 3 9112 12 3672 16 9821 7
9112 2 9113 0 6750 14
9113 1 9114 15
9114 1 9115 12
9115 1 9116 14
9116 2 9117 1 2591 17
9117 1 9118 9
9118 1 9119 5
9119 2 9120 4 1612 19
9120 3 9121 14 2058 9 9905 -3
9121 3 9122 5 5883 14 7471 10
9122 4 9123 1 999 4 8633 19 9983 9
9123 1 9124 9
9124 3 9125 14 9034 18 5345 14
9125 1 9126 1
9126 2 9127 7 1138 20
9127 5 9128 13 1879 10 5190 12 7716 16 1084 10
9128 1 9129 5
9129 2 9130 4 6127 19
9130 1 9131 8
9131 4 9132 15 4839 9 3685 8 1410 8
9132 2 9133 14 5218 11
9133 1 9134 -3
9134 2 9135 -2 3902 9
9135 2 9136 10 4074 3
9136 2 9137 4 255 1
9137 1 9138 9
9138 4 9139 4 4764 20 9638 3 9422 13
9139 4 9140 11 8787 6 7607 7 2820 20
9140 1 9141 5
9141 3 9142 2 9167 9 8814 7
9142 2 9143 7 7115 20
9143 2 9144 4 7767 18
9144 1 9145 6
9145 2 9146 8 5355 13
9146 2 9147 10 4751 12
9147 1 9148 3
9148 9 9149 3 4985 20 2726 18 5177 1 8098 2 6731 16 4733 16 7894 17 501 11
9149 4 9150 6 4837 13 1405 -3 3276 17
9150 3 9151 12 4340 9 7807 7
9151 3 9152 6 1838 16 1556 12
9152 2 9153 3 7852 18
9153 3 9154 12 5871 15 6154 11
9154 4 9155 -2 1428 19 4817 17 8111 12
9155 2 9156 9 5324 2
9156 2 9157 11 8603 19
9157 3 9158 6 6964 15 7777 -3
9158 1 9159 9
9159 2 9160 12 5750 18
9160 5 9161 5 2280 3 5407 14 2075 2 5660 6
9161 2 9162 9 9735 18
9162 1 9163 1
9163 4 9164 5 2669 6 7113 1 7937 15
9164 1 9165 7
9165 2 9166 1 3868 14
9166 2 9167 12 3241 14
9167 3 9168 6 2668 -2 2653 15
9168 2 9169 7 8782 17
9169 3 9170 15 4498 9 6359 13
9170 3 9171 7 4670 11 7040 13
9171 3 9172 13 4013 13 7010 3
9172 2 9173 5 4100 12
9173 3 9174 8 9072 15 219 14
9174 1 9175 1
9175 5 9176 1 6319 11 3554 8 1950 8 2056 16
9176 3 9177 -3 4657 14 4388 -3
9177 3 9178 11 3989 -2 2522 3
9178 1 9179 6
9179 1 9180 6
9180 3 9181 3 1321 15 135 1
9181 2 9182 7 3347 1
9182 2 9183 13 5419 10
9183 2 9184 -2 2533 17
9184 2 9185 10 1591 -2
9185 1 9186 2
9186 4 9187 3 1929 17 6791 18 2285 15
9187 1 9188 14
9188 1 9189 2
9189 1 9190 14
9190 3 9191 3 9813 -1 6618 13
9191 2 9192 11 1010 8
9192 1 9193 4
9193 6 9194 4 2829 17 2470 3 6390 1 4341 14 9893 19
9194 2 9195 2 48 20
9195 2 9196 6 371 20
9196 2 9197 8 5787 12
9197 1 9198 4
9198 3 9199 14 6505 9 2651 10
9199 2 9200 1 3514 10
9200 1 9201 5
9201 2 9202 13 1984 6
9202 1 9203 7
9203 3 9204 3 3807 14 7569 8
9204 2 9205 2 1855 4
9205 5 9206 1 4307 14 1848 8 6756 11 4674 12
9206 4 9207 5 903 0 6800 16 9274 9
9207 3 9208 4 6864 16 6531 -4
9208 3 9209 7 5832 1 2190 10
9209 2 9210 7 4124 6
9210 2 9211 1 9954 10
9211 1 9212 -4
9212 2 9213 1 3066 5
9213 2 9214 12 4602 13
9214 4 9215 5 3035 20 9913 5 4831 2
9215 2 9216 13 3447 5
9216 1 9217 2
9217 2 9218 14 1203 19
9218 3 9219 1 2813 7 1898 1
9219 2 9220 13 46 12
9220 3 9221 5 2415 14 6839 6
9221 1 9222 5
9222 1 9223 13
9223 4 9224 8 4596 18 255 8 946 10
9224 1 9225 -4
9225 4 9226 8 8538 9 3381 9 9049 -3
9226 3 9227 12 8555 -1 1 6
9227 2 9228 4 1735 18
9228 1 9229 12
9229 3 9230 2 3335 1 5958 17
9230 2 9231 11 2184 -2
9231 2 9232 5 9790 4
9232 3 9233 1 9268 12 6345 12
9233 3 9234 7 1791 5 3784 5
9234 1 9235 12
9235 1 9236 9
9236 3 9237 14 7459 10 5985 2
9237 1 9238 -4
9238 2 9239 -3 3524 8
9239 2 9240 3 7409 -2
9240 2 9241 10 4409 6
9241 2 9242 4 3377 10
9242 2 9243 7 9655 16
9243 2 9244 14 132 20
9244 2 9245 4 3538 7
9245 2 9246 12 3975 9
9246 3 9247 1 64 3 9146 17
9247 1 9248 6
9248 3 9249 12 5692 -1 1607 16
9249 5 9250 10 1103 2 7596 20 4818 3 7390 18
9250 3 9251 9 4730 16 5552 12
9251 2 9252 1 3019 17
9252 2 9253 11 3595 4
9253 2 9254 6 7430 1
9254 3 9255 3 7233 11 3053 11
9255 1 9256 4
9256 1 9257 13
9257 1 9258 4
9258 1 9259 15
9259 2 9260 2 7397 9
9260 2 9261 14 1285 9
9261 1 9262 2
9262 3 9263 6 5745 12 5752 -2
9263 1 9264 9
9264 2 9265 6 8018 10
9265 2 9266 14 3546 12
9266 2 9267 6 4012 16
9267 2 9268 4 7154 4
9268 1 9269 9
9269 3 9270 0 7477 18 3908 7
9270 1 9271 1
9271 2 9272 0 9662 17
9272 1 9273 1
9273 1 9274 2
9274 3 9275 6 3615 18 9447 16
9275 3 9276 2 2334 13 1440 11
9276 4 9277 2 6361 16 5811 10 831 12
9277 3 9278 7 6144 8 6633 3
9278 3 9279 5 271 7 3892 1
9279 1 9280 5
9280 2 9281 1 1635 1
9281 4 9282 2 9261 18 3713 3 1751 15
9282 1 9283 15
9283 2 9284 1 280 -1
9284 1 9285 0
9285 3 9286 13 5474 2 3861 12
9286 2 9287 8 3307 2
9287 3 9288 7 9935 11 4386 11
9288 3 9289 0 333 10 9898 -4
9289 1 9290 10
9290 2 9291 4 502 5
9291 3 9292 8 5002 5 3706 2
9292 1 9293 7
9293 4 9294 6 1302 9 9694 0 951 10
9294 2 9295 8 5977 -1
9295 3 9296 14 9714 5 2171 17
9296 3 9297 10 564 6 1597 19
9297 2 9298 13 5383 14
9298 1 9299 2
9299 2 9300 4 6370 5
9300 4 9301 10 6626 3 8361 16 4760 15
9301 3 9302 14 9605 19 698 16
9302 2 9303 3 8934 12
9303 3 9304 7 2623 19 5104 16
9304 2 9305 9 1017 8
9305 1 9306 12
9306 2 9307 12 8330 18
9307 2 9308 5 8878 1
9308 4 9309 0 71 7 8150 4 3046 14
9309 1 9310 12
9310 1 9311 -3
9311 1 9312 4
9312 3 9313 3 6065 1 4391 15
9313 1 9314 -2
9314 2 9315 3 483 13
9315 1 9316 14
9316 3 9317 -3 6911 7 8502 12
9317 5 9318 5 4054 9 1628 5 1593 11 7688 5
9318 1 9319 9
9319 3 9320 9 1705 7 3107 3
9320 3 9321 -4 4449 12 4266 19
9321 2 9322 14 2555 15
9322 3 9323 9 4642 19 4428 -2
9323 4 9324 1 2136 19 281 15 9886 13
9324 2 9325 10 9641 6
9325 3 9326 9 5927 6 7988 1
9326 4 9327 -4 5297 14 915 17 8007 17
9327 1 9328 7
9328 2 9329 -1 2513 12
9329 1 9330 6
9330 3 9331 6 2232 3 39 19
9331 1 9332 13
9332 2 9333 -2 2249 14
9333 3 9334 6 2967 6 5475 7
9334 3 9335 13 1524 7 3251 13
9335 4 9336 9 651 14 2079 20 7305 15
9336 2 9337 15 4185 13
9337 2 9338 7 2415 12
9338 2 9339 8 7616 7
9339 1 9340 10
9340 4 9341 7 9922 5 2507 7 120 6
9341 4 9342 5 1282 8 999 3 6017 20
9342 4 9343 0 3559 13 5570 5 963 6
9343 3 9344 10 6657 10 1888 17
9344 1 9345 4
9345 4 9346 9 4259 6 8587 11 8541 6
9346 1 9347 8
9347 2 9348 1 5585 8
9348 3 9349 1 1423 20 76 18
9349 2 9350 12 4279 17
9350 3 9351 2 1724 16 1792 12
9351 2 9352 2 4583 6
9352 3 9353 9 805 18 9507 10
9353 3 9354 4 7383 -3 5536 9
9354 4 9355 12 3036 0 7969 7 6024 3
9355 2 9356 14 5855 8
9356 2 9357 8 7745 6
9357 2 9358 6 345 18
9358 4 9359 15 6490 12 2778 5 2815 17
9359 3 9360 10 397 4 7027 13
9360 1 9361 11
9361 3 9362 4 6414 16 1020 19
9362 3 9363 14 6961 15 3338 20
9363 2 9364 8 1862 6
9364 2 9365 3 4961 11
9365 3 9366 9 1177 5 6815 13
9366 4 9367 7 3198 3 2976 16 1511 -4
9367 1 9368 5
9368 1 9369 15
9369 1 9370 6
9370 2 9371 15 8653 10
9371 2 9372 8 1058 7
9372 4 9373 12 2957 19 6790 20 9230 -4
9373 5 9374 7 6262 -4 4601 18 5187 9 5150 9
9374 2 9375 10 9059 18
9375 2 9376 5 6129 -4
9376 2 9377 0 6377 -1
9377 2 9378 3 752 -2
9378 4 9379 15 5215 15 894 18 478 9
9379 3 9380 5 5064 5 552 -2
9380 2 9381 -4 9265 6
9381 2 9382 0 1288 16
9382 2 9383 8 585 13
9383 2 9384 -1 1913 2
9384 2 9385 2 5129 2
9385 4 9386 8 2292 8 9906 5 8061 2
9386 2 9387 3 9527 12
9387 2 9388 9 2074 10
9388 3 9389 5 9477 13 8462 7
9389 3 9390 3 2364 9 6215 5
9390 2 9391 13 7791 12
9391 2 9392 7 7992 14
9392 4 9393 12 1773 13 5743 -1 2663 4
9393 1 9394 12
9394 2 9395 4 8824 7
9395 1 9396 15
9396 3 9397 15 6403 17 1397 18
9397 2 9398 6 8592 17
9398 1 9399 -3
9399 2 9400 9 3847 1
9400 3 9401 15 3621 -3 1520 17
9401 1 9402 14
9402 1 9403 4
9403 3 9404 15 6123 10 156 4
9404 5 9405 -4 7018 6 2084 20 5232 7 9191 18
9405 3 9406 15 4327 11 7270 17
9406 1 9407 12
9407 1 9408 1
9408 1 9409 0
9409 4 9410 2 9090 11 8571 6 5505 18
9410 3 9411 2 6880 12 1465 17
9411 2 9412 7 3872 3
9412 1 9413 2
9413 2 9414 9 9480 8
9414 4 9415 2 7404 -2 3889 7 1396 3
9415 2 9416 3 1043 6
9416 2 9417 6 798 14
9417 1 9418 9
9418 3 9419 9 9531 -4 3484 13
9419 3 9420 13 4826 20 7131 14
9420 2 9421 4 6033 14
9421 3 9422 11 816 11 9921 8
9422 2 9423 8 9146 -2
9423 1 9424 10
9424 3 9425 12 5644 5 8247 9
9425 2 9426 9 3528 8
9426 1 9427 14
9427 5 9428 5 3707 1 8221 14 254 11 7002 6
9428 2 9429 2 1090 15
9429 2 9430 8 9708 13
9430 2 9431 6 3775 0
9431 1 9432 0
9432 2 9433 0 1224 10
9433 4 9434 9 4754 17 5343 8 703 5
9434 3 9435 15 6610 5 9396 5
9435 1 9436 1
9436 5 9437 5 5790 16 896 16 2211 8 2909 15
9437 1 9438 3
9438 2 9439 11 7173 19
9439 1 9440 -3
9440 3 9441 13 378 12 3463 16
9441 2 9442 12 917 6
9442 1 9443 6
9443 2 9444 5 3638 2
9444 1 9445 4
9445 4 9446 12 7011 4 9064 9 6756 -3
9446 2 9447 14 3854 3
9447 2 9448 13 4610 5
9448 6 9449 13 8924 6 1104 16 1036 15 4639 16 9569 18
9449 1 9450 3
9450 2 9451 14 1194 15
9451 1 9452 15
9452 3 9453 5 8479 16 589 16
9453 1 9454 13
9454 4 9455 12 2893 13 700 1 54 3
9455 2 9456 10 2184 20
9456 4 9457 8 2396 18 5641 -1 641 8
9457 5 9458 15 916 18 8875 -3 2361 3 8234 8
9458 2 9459 -4 3178 -2
9459 2 9460 12 9431 20
9460 1 9461 14
9461 2 9462 -3 3019 11
9462 3 9463 15 583 12 2391 4
9463 3 9464 4 8191 19 6056 16
9464 4 9465 0 1067 17 6061 3 7651 7
9465 2 9466 9 6209 4
9466 2 9467 7 8210 15
9467 3 9468 0 4067 20 4904 2
9468 4 9469 8 241 17 2125 16 3850 12
9469 1 9470 12
9470 2 9471 7 3320 17
9471 1 9472 4
9472 2 9473 6 5821 17
9473 3 9474 8 2063 20 9353 13
9474 2 9475 6 906 10
9475 1 9476 14
9476 3 9477 6 3810 18 2214 13
9477 1 9478 13
9478 3 9479 -4 5295 9 5026 16
9479 2 9480 4 5463 8
9480 3 9481 15 117 3 1433 12
9481 2 9482 9 1263 3
9482 4 9483 2 7461 3 3210 14 8113 13
9483 3 9484 2 6343 16 4550 5
9484 1 9485 7
9485 4 9486 6 1115 2 8623 20 1928 11
9486 1 9487 15
9487 1 9488 10
9488 2 9489 10 4706 -2
9489 4 9490 2 1014 15 4415 15 4969 5
9490 3 9491 13 9225 5 9049 7
9491 2 9492 13 1504 14
9492 4 9493 5 9103 17 2845 -4 2201 1
9493 2 9494 3 4069 -4
9494 2 9495 9 8023 17
9495 2 9496 1 1428 16
9496 1 9497 7
9497 2 9498 12 9980 2
9498 2 9499 -2 956 1
9499 1 9500 7
9500 2 9501 0 2911 4
9501 4 9502 -1 8762 13 9628 16 9192 13
9502 1 9503 14
9503 6 9504 11 9754 20 8761 15 8988 3 4910 4 8126 9
9504 3 9505 15 6292 20 1628 3
9505 3 9506 5 5518 17 1967 -1
9506 2 9507 5 9372 0
9507 2 9508 4 1252 17
9508 2 9509 1 6340 8
9509 3 9510 5 6406 13 7576 3
9510 4 9511 11 2707 7 7190 14 1462 17
9511 3 9512 5 9751 14 4828 9
9512 2 9513 2 2530 17
9513 3 9514 4 7335 13 3607 -1
9514 3 9515 2 5006 1 2027 1
9515 2 9516 14 2605 20
9516 2 9517 1 9033 14
9517 3 9518 13 2636 8 2759 17
9518 1 9519 5
9519 5 9520 1 3444 3 4362 9 9190 6 7759 1
9520 2 9521 2 3341 19
9521 2 9522 4 4010 14
9522 2 9523 6 2937 17
9523 1 9524 11
9524 3 9525 -3 9062 9 5288 18
9525 3 9526 1 1643 7 5281 1
9526 1 9527 14
9527 1 9528 8
9528 1 9529 15
9529 3 9530 13 3766 5 2496 11
9530 3 9531 10 2275 0 1117 14
9531 2 9532 3 4945 6
9532 2 9533 7 9132 12
9533 2 9534 -4 9689 20
9534 1 9535 5
9535 1 9536 9
9536 3 9537 12 5598 8 3960 15
9537 1 9538 2
9538 3 9539 1 1945 7 6257 3
9539 1 9540 8
9540 3 9541 0 3663 15 7845 6
9541 3 9542 12 7210 8 5753 19
9542 2 9543 5 452 19
9543 1 9544 14
9544 2 9545 6 6165 5
9545 2 9546 9 1613 19
9546 3 9547 -1 5907 7 2254 4
9547 2 9548 12 3620 20
9548 2 9549 5 132 1
9549 2 9550 9 9113 16
9550 2 9551 1 9940 14
9551 2 9552 15 7754 14
9552 1 9553 13
9553 6 9554 8 3928 4 3292 7 8626 10 547 2 7440 -4
9554 4 9555 11 3614 16 2018 11 5992 17
9555 5 9556 4 7906 1 203 1 6295 2 3091 8
9556 3 9557 10 6251 1 7638 6
9557 2 9558 14 3683 14
9558 2 9559 2 2275 15
9559 3 9560 14 1272 11 5986 13
9560 3 9561 4 6975 2 4068 18
9561 4 9562 13 7460 20 243 5 2890 8
9562 1 9563 4
9563 2 9564 6 5760 12
9564 5 9565 10 7817 2 5109 14 6014 15 1092 10
9565 2 9566 5 347 1
9566 1 9567 0
9567 3 9568 10 7118 -4 9276 10
9568 2 9569 12 8809 1
9569 6 9570 8 5868 -2 3016 14 2914 2 5387 14 126 3
9570 1 9571 10
9571 1 9572 10
9572 1 9573 5
9573 3 9574 5 5461 18 3046 9
9574 1 9575 4
9575 4 9576 3 5229 7 4150 9 835 5
9576 2 9577 13 94 -2
9577 1 9578 0
9578 2 9579 13 4918 18
9579 1 9580 5
9580 1 9581 9
9581 5 9582 12 2478 13 1725 -4 7488 11 745 1
9582 4 9583 7 3831 5 2555 -2 7648 14
9583 1 9584 5
9584 1 9585 4
9585 4 9586 5 4950 9 117 12 1009 14
9586 1 9587 5
9587 3 9588 14 8929 13 1289 2
9588 4 9589 14 1500 2 2896 19 1319 18
9589 3 9590 9 3904 12 1720 2
9590 2 9591 12 974 7
9591 2 9592 15 2327 11
9592 1 9593 11
9593 2 9594 -3 3452 17
9594 1 9595 12
9595 2 9596 15 7575 1
9596 2 9597 7 1559 12
9597 1 9598 13
9598 1 9599 4
9599 3 9600 13 6593 20 4381 4
9600 5 9601 12 6636 18 9611 -3 9617 0 3527 16
9601 4 9602 2 1665 11 8229 1 8178 20
9602 1 9603 15
9603 2 9604 15 658 7
9604 1 9605 15
9605 1 9606 12
9606 3 9607 14 5808 7 5083 7
9607 4 9608 12 7072 9 738 -4 2030 10
9608 3 9609 5 9760 12 1924 2
9609 3 9610 7 1495 16 7643 14
9610 1 9611 15
9611 4 9612 6 7302 11 8410 6 6592 20
9612 2 9613 -4 4069 1
9613 2 9614 15 1038 1
9614 2 9615 7 1887 4
9615 2 9616 14 2562 17
9616 2 9617 7 100 17
9617 2 9618 -1 6028 11
9618 1 9619 8
9619 4 9620 8 7133 4 7065 15 4108 -3
9620 2 9621 6 4482 11
9621 3 9622 7 211 3 9853 9
9622 3 9623 5 6498 20 4061 19
9623 2 9624 -1 6983 3
9624 2 9625 9 8727 11
9625 3 9626 6 8549 3 916 2
9626 4 9627 -1 1997 3 1850 13 8392 7
9627 2 9628 3 2195 13
9628 3 9629 10 9948 5 1613 12
9629 2 9630 -4 6320 13
9630 2 9631 11 4256 11
9631 3 9632 4 348 16 8739 17
9632 3 9633 11 2639 20 1014 6
9633 3 9634 12 7203 10 9158 4
9634 3 9635 12 5013 8 8109 14
9635 1 9636 15
9636 2 9637 15 2244 7
9637 1 9638 3
9638 1 9639 3
9639 2 9640 8 7630 9
9640 4 9641 6 731 7 8207 5 7341 -2
9641 1 9642 8
9642 2 9643 2 2046 14
9643 2 9644 4 9116 12
9644 2 9645 7 5136 11
9645 3 9646 6 8084 5 2774 9
9646 3 9647 -1 3449 -3 3601 13
9647 2 9648 7 9986 -3
9648 3 9649 10 2607 10 3630 2
9649 3 9650 10 9368 19 8645 -2
9650 3 9651 3 1552 -4 2394 15
9651 1 9652 -4
9652 1 9653 11
9653 2 9654 7 8136 19
9654 2 9655 2 6603 14
9655 6 9656 8 814 15 6973 14 1330 14 851 9 9587 13
9656 2 9657 7 3058 14
9657 1 9658 11
9658 2 9659 1 8684 7
9659 2 9660 1 3738 2
9660 1 9661 15
9661 4 9662 14 6323 17 9107 8 1596 13
9662 2 9663 12 2389 15
9663 6 9664 1 9259 11 5779 12 3017 12 2241 20 9498 7
9664 5 9665 2 7621 9 8565 8 8936 5 3806 13
9665 1 9666 2
9666 1 9667 13
9667 1 9668 15
9668 2 9669 15 4463 13
9669 4 9670 7 1030 15 7079 -3 1613 9
9670 2 9671 8 9749 0
9671 3 9672 4 9184 4 9177 10
9672 6 9673 0 393 18 6671 18 7758 2 174 -4 877 4
9673 1 9674 10
9674 2 9675 4 5350 1
9675 2 9676 9 747 13
9676 1 9677 2
9677 4 9678 9 8475 5 8195 13 3412 17
9678 1 9679 9
9679 3 9680 12 2481 18 4374 20
9680 3 9681 2 1291 10 3498 9
9681 1 9682 10
9682 2 9683 6 9489 13
9683 1 9684 7
9684 1 9685 6
9685 5 9686 8 5473 1 669 20 1870 -1 2307 13
9686 1 9687 0
9687 1 9688 5
9688 2 9689 2 4023 -4
9689 4 9690 11 4264 10 7250 13 5017 1
9690 2 9691 11 1280 3
9691 1 9692 12
9692 4 9693 13 435 13 1769 11 1749 15
9693 2 9694 6 2352 2
9694 1 9695 8
9695 3 9696 15 1072 10 1355 4
9696 2 9697 14 9565 11
9697 1 9698 3
9698 1 9699 7
9699 3 9700 4 3188 9 2578 5
9700 1 9701 7
9701 5 9702 -3 7415 2 1310 -2 5681 18 5146 4
9702 3 9703 12 5359 5 8488 4
9703 2 9704 3 3806 -1
9704 5 9705 6 514 19 6554 1 7542 12 7688 20
9705 2 9706 12 7025 6
9706 2 9707 9 5097 1
9707 2 9708 3 1436 2
9708 4 9709 9 8285 20 5648 17 8429 20
9709 4 9710 5 8081 18 5217 0 1202 18
9710 1 9711 10
9711 1 9712 15
9712 3 9713 10 2253 16 8029 2
9713 4 9714 13 4800 10 4486 19 138 17
9714 1 9715 15
9715 2 9716 7 8962 11
9716 3 9717 12 4236 20 9225 0
9717 3 9718 7 6255 14 9837 3
9718 1 9719 -4
9719 1 9720 -4
9720 3 9721 8 8550 14 5761 7
9721 3 9722 15 2733 16 2319 7
9722 4 9723 15 3427 5 2166 19 6671 3
9723 2 9724 2 3779 15
9724 3 9725 15 9480 16 4006 -2
9725 4 9726 14 7358 13 3301 -4 9219 5
9726 1 9727 3
9727 3 9728 14 100 -4 507 20
9728 4 9729 13 443 10 2666 17 1062 12
9729 4 9730 2 2198 3 4143 11 2178 9
9730 3 9731 9 1554 3 1177 6
9731 3 9732 15 2964 12 3673 10
9732 1 9733 1
9733 2 9734 9 345 10
9734 1 9735 6
9735 1 9736 9
9736 1 9737 13
9737 3 9738 6 1009 11 5337 5
9738 2 9739 4 5021 7
9739 2 9740 3 1856 13
9740 1 9741 3
9741 4 9742 10 6259 11 3561 10 1701 12
9742 2 9743 1 6223 13
9743 2 9744 6 3290 2
9744 1 9745 14
9745 1 9746 2
9746 1 9747 2
9747 4 9748 1 4601 17 9526 9 2093 9
9748 1 9749 10
9749 1 9750 10
9750 5 9751 13 8809 13 6150 14 8422 4 9116 4
9751 4 9752 12 5267 1 4974 1 1603 18
9752 3 9753 -1 5813 14 8686 1
9753 2 9754 6 3206 10
9754 3 9755 12 6980 8 7362 11
9755 3 9756 14 4162 16 4708 4
9756 2 9757 10 2664 2
9757 1 9758 1
9758 1 9759 14
9759 3 9760 13 2607 1 9579 1
9760 4 9761 10 4609 5 8551 2 4952 1
9761 1 9762 14
9762 1 9763 10
9763 5 9764 4 2309 19 3303 6 2589 15 2678 -3
9764 1 9765 11
9765 1 9766 11
9766 2 9767 8 5769 10
9767 2 9768 14 7129 16
9768 1 9769 14
9769 1 9770 7
9770 2 9771 8 583 13
9771 3 9772 6 6001 19 3185 12
9772 1 9773 4
9773 1 9774 5
9774 3 9775 1 3321 19 8613 -2
9775 2 9776 15 5826 16
9776 2 9777 13 1594 -1
9777 3 9778 4 1655 7 8505 5
9778 1 9779 0
9779 1 9780 4
9780 3 9781 11 8814 -1 4929 17
9781 3 9782 9 6764 12 8290 20
9782 4 9783 9 3010 9 8460 19 3685 -3
9783 5 9784 10 7515 9 2715 16 150 -3 1294 20
9784 1 9785 12
9785 1 9786 10
9786 1 9787 14
9787 3 9788 4 1036 11 822 6
9788 2 9789 4 6601 20
9789 3 9790 2 1311 5 2777 4
9790 3 9791 1 1245 2 9355 18
9791 3 9792 -1 5769 20 4232 2
9792 1 9793 7
9793 1 9794 11
9794 1 9795 3
9795 2 9796 7 2746 9
9796 2 9797 11 323 6
9797 2 9798 9 4452 13
9798 2 9799 4 9620 12
9799 3 9800 13 199 19 2675 4
9800 3 9801 10 6873 10 2466 13
9801 2 9802 4 414 4
9802 2 9803 8 1200 6
9803 3 9804 -1 6773 12 908 15
9804 3 9805 10 535 17 7627 17
9805 1 9806 15
9806 1 9807 3
9807 3 9808 7 8668 2 2420 9
9808 4 9809 15 5036 -4 1716 15 2936 -1
9809 2 9810 5 5725 20
9810 1 9811 5
9811 4 9812 11 3956 3 7446 3 4505 12
9812 2 9813 6 8711 13
9813 3 9814 8 5009 7 4713 12
9814 1 9815 10
9815 2 9816 13 8131 16
9816 4 9817 11 9871 4 9692 19 2941 4
9817 1 9818 7
9818 4 9819 -3 1618 8 281 6 804 13
9819 1 9820 1
9820 5 9821 11 8446 13 6432 13 6727 14 2011 16
9821 2 9822 2 1024 7
9822 3 9823 7 4704 3 3784 5
9823 1 9824 14
9824 2 9825 7 9064 20
9825 4 9826 11 9811 3 9963 20 772 1
9826 2 9827 0 576 17
9827 1 9828 -4
9828 3 9829 8 6874 20 4304 9
9829 3 9830 5 287 7 7437 8
9830 2 9831 1 843 19
9831 4 9832 12 7769 7 4236 -1 57 4
9832 1 9833 12
9833 3 9834 13 7247 10 5317 9
9834 2 9835 13 1390 10
9835 3 9836 14 2261 13 363 17
9836 1 9837 2
9837 1 9838 14
9838 3 9839 13 4607 13 571 7
9839 2 9840 4 9950 11
9840 2 9841 8 9797 10
9841 2 9842 7 116 13
9842 1 9843 -2
9843 3 9844 3 2885 -3 3370 11
9844 2 9845 10 6929 5
9845 3 9846 4 8395 10 6504 18
9846 1 9847 8
9847 5 9848 8 3020 -1 1174 13 6840 11 9627 9
9848 2 9849 6 2322 19
9849 3 9850 0 2555 15 273 7
9850 3 9851 6 531 20 717 16
9851 1 9852 4
9852 1 9853 -1
9853 2 9854 13 2006 1
9854 2 9855 2 9743 16
9855 2 9856 15 4964 0
9856 2 9857 3 3064 5
9857 1 9858 2
9858 3 9859 12 930 9 5204 20
9859 2 9860 6 1171 7
9860 1 9861 6
9861 2 9862 2 5061 9
9862 3 9863 4 5999 18 2223 -1
9863 5 9864 11 2612 -3 6032 10 1558 13 7685 5
9864 2 9865 2 165 17
9865 4 9866 6 7014 16 2420 5 7312 9
9866 2 9867 6 4840 17
9867 3 9868 9 7124 20 5515 12
9868 1 9869 15
9869 2 9870 2 1406 2
9870 1 9871 3
9871 2 9872 15 9281 17
9872 5 9873 8 818 1 2177 2 7664 11 7014 11
9873 3 9874 9 114 19 1774 13
9874 5 9875 11 8572 18 1685 13 2970 6 96 -4
9875 2 9876 15 1519 5
9876 2 9877 5 6854 0
9877 3 9878 2 417 3 7714 4
9878 6 9879 12 4067 13 6956 18 7569 12 8086 2 2514 3
9879 3 9880 7 2207 19 9318 19
9880 1 9881 11
9881 2 9882 12 3299 5
9882 1 9883 11
9883 2 9884 14 1467 19
9884 3 9885 11 4056 6 4747 5
9885 2 9886 6 290 13
9886 1 9887 7
9887 2 9888 -1 6655 1
9888 1 9889 8
9889 1 9890 -3
9890 1 9891 1
9891 3 9892 5 2329 2 3044 3
9892 2 9893 15 2253 2
9893 4 9894 15 5355 15 8850 16 3706 7
9894 2 9895 15 3462 3
9895 2 9896 1 7189 7
9896 4 9897 2 7754 18 8933 6 2065 15
9897 2 9898 4 1557 1
9898 2 9899 13 1576 16
9899 1 9900 13
9900 1 9901 9
9901 1 9902 6
9902 2 9903 -2 1053 20
9903 2 9904 7 8475 -3
9904 3 9905 1 9724 14 1708 16
9905 5 9906 11 3457 -4 4143 13 6022 3 3627 18
9906 2 9907 6 123 18
9907 2 9908 14 279 16
9908 4 9909 9 8487 -3 9761 6 2454 5
9909 1 9910 3
9910 1 9911 4
9911 3 9912 13 8706 15 5893 7
9912 1 9913 8
9913 3 9914 9 2563 10 5613 3
9914 4 9915 -1 4941 20 2629 3 6777 9
9915 2 9916 14 6671 20
9916 1 9917 14
9917 4 9918 13 375 8 2218 20 1410 0
9918 4 9919 3 4776 8 7081 19 3446 2
9919 3 9920 9 7139 -1 2600 19
9920 1 9921 -1
9921 1 9922 8
9922 2 9923 2 439 17
9923 1 9924 11
9924 3 9925 15 1676 17 5026 12
9925 2 9926 7 6854 7
9926 3 9927 13 3458 18 144 14
9927 3 9928 13 2071 7 195 9
9928 4 9929 -4 7235 12 6635 5 608 3
9929 4 9930 5 3398 9 3088 18 2836 11
9930 2 9931 3 6440 19
9931 2 9932 4 1040 11
9932 3 9933 13 5655 2 2241 17
9933 1 9934 14
9934 3 9935 6 4233 3 1177 3
9935 3 9936 15 8357 -1 4927 8
9936 1 9937 0
9937 1 9938 4
9938 2 9939 12 7858 7
9939 3 9940 3 7117 14 3020 2
9940 6 9941 10 1625 -2 3611 6 4329 13 5684 4 4871 13
9941 2 9942 13 1044 7
9942 2 9943 10 9199 7
9943 4 9944 2 161 5 7678 19 2409 2
9944 1 9945 15
9945 6 9946 7 5281 1 2039 5 8558 7 83 17 831 1
9946 4 9947 8 314 10 8424 1 9468 4
9947 2 9948 12 5548 17
9948 2 9949 10 5697 1
9949 2 9950 7 3549 5
9950 4 9951 7 1555 1 5052 10 8489 16
9951 3 9952 11 7166 4 4527 19
9952 1 9953 9
9953 1 9954 11
9954 2 9955 4 4031 7
9955 1 9956 12
9956 2 9957 13 1204 13
9957 4 9958 2 3555 9 8493 2 4816 -3
9958 5 9959 13 6678 -4 9452 5 1154 17 2562 15
9959 2 9960 1 6380 4
9960 2 9961 -2 4565 7
9961 4 9962 2 4017 14 9445 20 3804 16
9962 4 9963 15 5937 0 9726 18 3943 6
9963 2 9964 4 8966 6
9964 3 9965 6 7929 -1 6381 16
9965 2 9966 3 5428 7
9966 2 9967 14 8499 2
9967 3 9968 10 55 3 350 6
9968 2 9969 10 5459 16
9969 3 9970 5 1241 8 7260 15
9970 4 9971 5 6 10 5113 19 5617 17
9971 1 9972 11
9972 2 9973 8 2883 2
9973 2 9974 9 6337 12
9974 1 9975 14
9975 1 9976 -4
9976 4 9977 -3 2556 6 1393 16 1854 15
9977 1 9978 13
9978 3 9979 6 1545 12 7254 -3
9979 3 9980 6 9894 9 1841 0
9980 3 9981 10 2072 18 5580 11
9981 2 9982 14 9978 16
9982 4 9983 5 1087 11 7356 2 2767 4
9983 3 9984 10 6373 10 506 14
9984 1 9985 14
9985 2 9986 8 653 19
9986 1 9987 13
9987 2 9988 6 2860 7
9988 3 9989 9 8793 4 3772 9
9989 2 9990 7 5485 19
9990 2 9991 8 5807 9
9991 4 9992 9 8021 2 9362 19 6227 6
9992 3 9993 12 1947 9 7920 3
9993 4 9994 4 2381 8 8191 6 4020 11
9994 2 9995 2 5229 6
9995 3 9996 11 4100 1 192 -2
9996 1 9997 -4
9997 1 9998 12
9998 2 9999 14 9091 10
9999 2 2189 -4 484 14
SOURCE 0
