10000 20000
0 4 1 21 2384 15 7506 68 9999 24
1 5 0 21 2 20 4705 17 5760 95 7495 12
2 3 1 20 3 42 4271 69
3 3 2 42 4 8 6331 24
4 4 3 8 5 30 1265 51 5016 38
5 2 4 30 6 28
6 6 5 28 7 87 833 8 6184 93 7017 95 7670 58
7 4 6 87 8 31 3727 86 9254 19
8 6 7 31 9 32 3735 26 4221 56 4599 20 9809 9
9 2 8 32 10 98
10 6 9 98 11 73 3444 3 5707 84 9272 3 9541 49
11 2 10 73 12 1
12 4 11 1 13 5 4978 34 5599 59
13 2 12 5 14 72
14 3 13 72 15 27 6728 100
15 4 14 27 16 81 2516 56 6694 13
16 3 15 81 17 66 3540 47
17 4 16 66 18 36 972 6 2526 91
18 3 17 36 19 16 5128 19
19 5 18 16 20 83 1491 29 6326 7 9194 18
20 11 19 83 21 10 2216 85 2362 4 3400 13 4317 68 6274 69 7057 66 7479 63 8356 59 9887 41
21 7 20 10 22 58 1921 19 3038 81 7501 28 8867 33 9512 78
22 4 21 58 23 50 6419 33 7272 96
23 6 22 50 24 1 1203 5 8727 59 9037 74 9539 36
24 3 23 1 25 36 4043 53
25 3 24 36 26 37 8525 13
26 2 25 37 27 67
27 4 26 67 28 43 2586 33 3931 13
28 8 27 43 29 41 1146 52 4811 31 5639 73 7330 39 7725 76 7884 90
29 3 28 41 30 73 3172 25
30 5 29 73 31 26 1948 10 5186 88 9695 31
31 3 30 26 32 93 6389 3
32 2 31 93 33 78
33 5 32 78 34 30 1766 35 6397 6 8868 38
34 7 33 30 35 96 2606 34 4503 84 4907 27 5176 16 6637 72
35 2 34 96 36 28
36 5 35 28 37 33 2072 14 4357 26 8337 25
37 5 36 33 38 58 8946 68 9299 21 9711 100
38 2 37 58 39 23
39 6 38 23 40 37 811 92 2688 68 6613 73 7790 50
40 3 39 37 41 60 1168 82
41 5 40 60 42 72 5613 18 7481 48 8246 89
42 4 41 72 43 3 2169 74 8890 28
43 5 42 3 44 97 1939 29 2229 47 3239 11
44 3 43 97 45 83 1461 5
45 3 44 83 46 5 8566 91
46 4 45 5 47 75 4722 34 4876 14
47 5 46 75 48 32 7573 50 8056 78 8135 15
48 5 47 32 49 10 3310 21 6202 77 9695 84
49 2 48 10 50 90
50 4 49 90 51 84 1513 97 4969 55
51 3 50 84 52 78 9617 6
52 2 51 78 53 90
53 7 52 90 54 54 2084 38 2543 74 7769 28 9131 98 9209 53
54 2 53 54 55 13
55 5 54 13 56 50 2272 73 7062 56 7379 39
56 5 55 50 57 100 3287 15 4458 52 8851 63
57 3 56 100 58 48 820 65
58 5 57 48 59 49 5176 9 6663 44 9587 30
59 5 58 49 60 60 698 61 2519 56 7532 10
60 3 59 60 61 85 7986 21
61 2 60 85 62 83
62 4 61 83 63 53 2682 41 7499 44
63 2 62 53 64 50
64 2 63 50 65 61
65 4 64 61 66 87 5084 88 5525 14
66 7 65 87 67 77 2432 81 2492 69 2722 77 7241 34 9703 34
67 6 66 77 68 20 1028 32 1999 32 4537 20 5613 25
68 6 67 20 69 87 3300 79 3552 74 4096 37 8163 8
69 5 68 87 70 60 2779 74 3702 30 6673 65
70 6 69 60 71 37 1355 99 8422 75 9108 3 9919 22
71 5 70 37 72 60 4744 53 5500 86 8342 97
72 5 71 60 73 19 180 13 290 14 3334 26
73 3 72 19 74 61 7472 61
74 3 73 61 75 7 1925 15
75 3 74 7 76 96 7797 62
76 5 75 96 77 56 1533 7 4915 100 8951 96
77 7 76 56 78 79 1043 38 3652 48 3756 58 4703 25 7671 61
78 4 77 79 79 45 2169 46 8199 28
79 5 78 45 80 21 7925 49 8706 81 9353 18
80 3 79 21 81 58 1151 5
81 4 80 58 82 54 1367 60 2720 53
82 4 81 54 83 3 2113 45 3398 10
83 5 82 3 84 54 3182 20 6551 20 6652 31
84 4 83 54 85 2 1792 34 9144 84
85 3 84 2 86 40 94 16
86 5 85 40 87 96 1385 29 4840 9 7519 74
87 5 86 96 88 60 2154 77 6560 22 8544 67
88 3 87 60 89 21 6801 81
89 6 88 21 90 62 5649 14 6446 15 8053 14 9655 13
90 5 89 62 91 56 634 64 6833 45 7074 81
91 4 90 56 92 97 406 88 8551 18
92 4 91 97 93 74 352 79 9476 74
93 4 92 74 94 34 7206 76 8638 8
94 5 85 16 93 34 95 63 4853 42 8465 37
95 5 94 63 96 90 3391 46 5167 93 9511 57
96 2 95 90 97 61
97 4 96 61 98 54 5274 15 8255 99
98 2 97 54 99 93
99 2 98 93 100 25
100 2 99 25 101 77
101 7 100 77 102 18 322 34 2172 94 3761 14 4748 86 9973 51
102 4 101 18 103 1 1226 94 6167 76
103 3 102 1 104 91 5549 16
104 4 103 91 105 13 1080 47 8033 57
105 7 104 13 106 63 2193 79 6132 13 6342 100 6679 11 9998 65
106 2 105 63 107 78
107 6 106 78 108 75 1745 27 4782 70 5207 18 8446 51
108 3 107 75 109 61 6924 39
109 4 108 61 110 80 5463 28 9438 13
110 6 109 80 111 6 121 70 1019 62 8299 94 9412 95
111 2 110 6 112 85
112 4 111 85 113 80 2622 13 4547 91
113 4 112 80 114 52 3858 90 7154 2
114 4 113 52 115 61 4848 27 9338 58
115 6 114 61 116 32 2199 14 5211 87 7333 95 7526 24
116 6 115 32 117 36 1586 93 2289 12 6117 26 7131 63
117 7 116 36 118 13 2875 18 4033 9 4805 50 8550 37 9724 68
118 4 117 13 119 95 4263 6 9466 16
119 4 118 95 120 59 1731 70 6625 53
120 5 119 59 121 58 1109 48 1872 51 5468 74
121 5 110 70 120 58 122 62 2164 10 8920 13
122 3 121 62 123 33 1360 35
123 5 122 33 124 89 5415 77 8392 58 9196 24
124 6 123 89 125 84 224 95 988 40 2882 71 4373 1
125 3 124 84 126 100 8652 48
126 5 125 100 127 96 4754 70 4804 99 5353 23
127 4 126 96 128 11 5359 64 6883 83
128 3 127 11 129 76 5015 13
129 3 128 76 130 90 8559 50
130 4 129 90 131 85 4870 65 7055 66
131 3 130 85 132 62 7446 36
132 3 131 62 133 54 7730 20
133 3 132 54 134 59 1798 90
134 2 133 59 135 19
135 4 134 19 136 77 1251 93 5603 33
136 3 135 77 137 11 4322 99
137 4 136 11 138 77 4313 15 5829 42
138 2 137 77 139 48
139 3 138 48 140 85 1002 24
140 3 139 85 141 26 6328 80
141 5 140 26 142 85 1439 10 2717 49 5043 65
142 6 141 85 143 64 2072 62 7386 84 8616 23 9207 36
143 2 142 64 144 8
144 6 143 8 145 55 572 52 1402 21 7299 89 9235 22
145 5 144 55 146 17 3597 80 4495 59 8593 19
146 4 145 17 147 63 5675 10 7878 9
147 7 146 63 148 56 3843 63 8151 1 8632 99 9323 25 9478 38
148 5 147 56 149 91 546 54 5064 69 8775 64
149 3 148 91 150 89 780 57
150 3 149 89 151 68 6592 73
151 2 150 68 152 20
152 6 151 20 153 50 5537 35 5813 27 6351 16 7977 9
153 3 152 50 154 92 3437 80
154 2 153 92 155 93
155 6 154 93 156 83 1917 77 4638 84 8356 92 8509 28
156 3 155 83 157 94 8773 43
157 3 156 94 158 35 5065 78
158 3 157 35 159 14 2276 20
159 3 158 14 160 21 3593 14
160 4 159 21 161 96 3648 62 5153 6
161 5 160 96 162 10 7596 92 9169 51 9617 78
162 2 161 10 163 55
163 6 162 55 164 99 186 40 3291 12 4367 21 9605 84
164 5 163 99 165 54 488 76 3748 86 8848 69
165 4 164 54 166 23 6357 66 6829 36
166 2 165 23 167 85
167 3 166 85 168 74 3537 35
168 2 167 74 169 21
169 4 168 21 170 46 4118 67 7576 35
170 3 169 46 171 80 4648 43
171 3 170 80 172 13 3891 41
172 5 171 13 173 45 2007 51 5076 56 6120 99
173 4 172 45 174 59 1589 99 2595 99
174 3 173 59 175 20 8663 63
175 5 174 20 176 55 4978 58 7486 85 7497 80
176 3 175 55 177 67 8014 83
177 4 176 67 178 75 881 85 6031 73
178 3 177 75 179 69 4966 49
179 5 178 69 180 70 3786 47 4401 4 6081 73
180 5 72 13 179 70 181 92 2279 77 6133 18
181 5 180 92 182 36 2363 1 2393 17 3266 67
182 6 181 36 183 95 2144 61 3712 23 6041 49 8994 86
183 4 182 95 184 87 2677 2 4168 84
184 3 183 87 185 39 7100 93
185 5 184 39 186 91 2680 51 8530 17 9244 6
186 3 163 40 185 91 187 18
187 4 186 18 188 52 2938 37 6036 8
188 2 187 52 189 66
189 2 188 66 190 83
190 4 189 83 191 41 2876 42 4084 36
191 6 190 41 192 50 3164 54 4081 83 6188 57 8441 26
192 4 191 50 193 69 1116 16 5312 71
193 5 192 69 194 36 844 87 5122 38 5711 39
194 3 193 36 195 100 7961 3
195 5 194 100 196 44 5935 39 7180 56 9111 3
196 3 195 44 197 22 8121 59
197 3 196 22 198 76 260 44
198 2 197 76 199 29
199 3 198 29 200 2 4395 93
200 6 199 2 201 32 2188 85 4059 54 5404 67 9676 9
201 4 200 32 202 34 1798 68 3865 65
202 3 201 34 203 37 7670 54
203 5 202 37 204 99 5888 96 6728 10 7962 55
204 6 203 99 205 58 500 14 3110 51 3352 17 9711 32
205 5 204 58 206 80 5671 20 5767 7 7454 33
206 3 205 80 207 45 1025 5
207 4 206 45 208 10 7978 44 8621 57
208 4 207 10 209 38 2744 32 5670 20
209 4 208 38 210 85 6248 39 7177 36
210 5 209 85 211 22 1212 47 2674 99 7838 56
211 5 210 22 212 71 3877 67 4068 98 7470 80
212 2 211 71 213 100
213 5 212 100 214 1 3502 17 7784 34 7844 73
214 3 213 1 215 59 1004 58
215 3 214 59 216 79 4608 28
216 7 215 79 217 35 2700 75 2702 68 5028 48 6891 65 8519 83
217 4 216 35 218 22 1017 61 3532 14
218 5 217 22 219 84 6629 77 8114 69 9572 6
219 5 218 84 220 12 766 43 5830 21 6911 29
220 4 219 12 221 82 817 72 5847 100
221 5 220 82 222 65 661 63 2016 92 6475 47
222 4 221 65 223 75 1324 87 7767 32
223 6 222 75 224 89 5285 76 8001 90 8540 18 8798 44
224 3 124 95 223 89 225 63
225 5 224 63 226 100 1202 61 6452 71 8908 94
226 5 225 100 227 98 2888 10 6703 3 6980 85
227 3 226 98 228 83 4517 33
228 3 227 83 229 10 8296 34
229 3 228 10 230 63 5376 32
230 2 229 63 231 29
231 3 230 29 232 17 3202 90
232 5 231 17 233 97 3529 5 4329 100 9209 94
233 3 232 97 234 19 2417 30
234 3 233 19 235 6 1352 69
235 4 234 6 236 12 856 4 4927 55
236 5 235 12 237 83 1137 39 4450 60 5675 98
237 4 236 83 238 9 5631 23 9471 26
238 4 237 9 239 88 6176 73 7058 49
239 5 238 88 240 76 1530 25 2536 94 8532 31
240 4 239 76 241 64 1077 68 2045 7
241 4 240 64 242 11 5822 14 9860 73
242 3 241 11 243 24 9980 16
243 2 242 24 244 61
244 3 243 61 245 19 5890 70
245 4 244 19 246 14 6647 13 6685 98
246 4 245 14 247 57 2902 79 4616 22
247 5 246 57 248 64 351 78 1057 43 1321 22
248 2 247 64 249 54
249 4 248 54 250 1 4708 36 8973 23
250 3 249 1 251 55 4994 28
251 5 250 55 252 76 1943 95 5779 32 7297 84
252 6 251 76 253 23 2241 23 8419 18 8644 100 9142 67
253 4 252 23 254 98 917 76 7476 85
254 4 253 98 255 2 1405 34 3120 83
255 5 254 2 256 63 1748 82 4922 33 5920 93
256 3 255 63 257 5 655 98
257 5 256 5 258 93 1770 99 2530 52 3367 72
258 2 257 93 259 28
259 9 258 28 260 69 1685 46 1894 12 2703 5 3602 41 7518 46 9302 65 9736 91
260 4 197 44 259 69 261 22 9778 33
261 4 260 22 262 1 4523 34 6450 14
262 4 261 1 263 56 3785 77 9155 82
263 3 262 56 264 3 3580 65
264 2 263 3 265 3
265 3 264 3 266 92 2950 37
266 2 265 92 267 84
267 6 266 84 268 55 595 29 4137 32 6000 84 7831 19
268 6 267 55 269 92 1918 84 3607 67 7093 79 9549 94
269 6 268 92 270 85 4097 45 5864 95 6907 88 9982 52
270 2 269 85 271 79
271 5 270 79 272 70 747 25 4797 30 8812 42
272 4 271 70 273 99 1093 81 5391 64
273 4 272 99 274 51 3936 30 6335 93
274 2 273 51 275 81
275 5 274 81 276 61 6176 86 6332 13 6530 61
276 2 275 61 277 57
277 3 276 57 278 11 7933 17
278 4 277 11 279 19 3757 28 8071 9
279 4 278 19 280 9 1180 27 2276 18
280 3 279 9 281 95 3935 26
281 5 280 95 282 99 3641 73 7526 89 9224 26
282 2 281 99 283 30
283 3 282 30 284 19 5130 40
284 4 283 19 285 83 2257 95 7583 67
285 3 284 83 286 19 9148 43
286 4 285 19 287 100 1637 29 2160 84
287 3 286 100 288 97 4405 82
288 2 287 97 289 76
289 5 288 76 290 5 1234 78 5283 53 5952 22
290 4 72 14 289 5 291 92 4074 78
291 6 290 92 292 79 522 52 2594 29 6970 62 9729 42
292 6 291 79 293 25 1088 77 2327 81 7550 53 9270 67
293 8 292 25 294 94 3986 53 5307 23 6805 3 7500 66 9034 18 9487 89
294 4 293 94 295 98 1930 9 5456 27
295 2 294 98 296 36
296 2 295 36 297 79
297 4 296 79 298 84 3581 11 4758 70
298 4 297 84 299 98 1412 5 1626 86
299 5 298 98 300 87 2486 46 6966 58 8655 79
300 6 299 87 301 92 2537 79 6311 64 7538 13 9181 49
301 3 300 92 302 86 522 43
302 4 301 86 303 19 4048 49 9578 34
303 6 302 19 304 20 4645 88 4740 50 5450 98 8632 35
304 3 303 20 305 16 6740 91
305 3 304 16 306 81 1246 78
306 4 305 81 307 64 3181 57 4621 83
307 4 306 64 308 84 5252 32 5336 44
308 5 307 84 309 58 1084 83 6696 81 7357 33
309 4 308 58 310 7 1172 65 3650 77
310 5 309 7 311 96 6284 53 8204 33 8685 11
311 5 310 96 312 20 930 83 2190 62 4392 78
312 3 311 20 313 41 7529 72
313 5 312 41 314 8 2423 80 5335 3 9916 65
314 4 313 8 315 97 6527 99 8384 12
315 4 314 97 316 61 1735 7 2470 86
316 4 315 61 317 73 7395 69 8565 22
317 7 316 73 318 86 470 3 1895 85 5418 58 9461 21 9925 32
318 6 317 86 319 10 5046 70 6408 18 6518 56 9083 44
319 3 318 10 320 3 3154 86
320 3 319 3 321 68 6496 38
321 5 320 68 322 59 2492 30 8934 77 8956 28
322 6 101 34 321 59 323 87 4785 16 5629 5 5812 99
323 4 322 87 324 55 5821 67 8445 91
324 4 323 55 325 5 2361 20 4886 54
325 3 324 5 326 52 9458 50
326 7 325 52 327 38 2063 72 2955 60 5474 97 6248 87 6280 46
327 5 326 38 328 54 389 28 3975 66 4388 54
328 4 327 54 329 42 555 22 8440 13
329 5 328 42 330 5 914 69 3714 31 9231 68
330 5 329 5 331 25 8945 45 9845 19 9950 96
331 5 330 25 332 85 1453 66 2638 92 7169 21
332 2 331 85 333 45
333 2 332 45 334 54
334 5 333 54 335 94 788 52 3581 60 6576 6
335 4 334 94 336 70 1007 93 1450 40
336 3 335 70 337 48 1226 51
337 5 336 48 338 51 4966 19 5874 42 9931 67
338 4 337 51 339 80 1708 76 3136 74
339 4 338 80 340 98 4302 12 4771 25
340 6 339 98 341 80 3889 34 5881 98 6696 72 8430 19
341 6 340 80 342 64 2292 16 3857 41 6325 64 7875 28
342 4 341 64 343 41 766 52 8136 8
343 5 342 41 344 49 6204 89 6786 22 8673 57
344 3 343 49 345 52 4972 96
345 4 344 52 346 30 2816 89 7789 48
346 3 345 30 347 54 2729 23
347 3 346 54 348 40 7322 56
348 2 347 40 349 27
349 3 348 27 350 22 2039 56
350 5 349 22 351 48 673 93 2027 18 5920 59
351 7 247 78 350 48 352 66 1698 38 3476 30 4099 16 9488 82
352 3 92 79 351 66 353 98
353 4 352 98 354 21 5536 84 9289 42
354 3 353 21 355 35 7775 75
355 5 354 35 356 15 1355 51 2467 6 6649 55
356 2 355 15 357 9
357 4 356 9 358 44 489 29 8832 69
358 4 357 44 359 68 4068 64 8451 77
359 5 358 68 360 76 1557 4 2655 48 8638 34
360 6 359 76 361 43 1272 2 1691 3 3389 53 8408 57
361 5 360 43 362 56 2119 5 5332 8 9440 3
362 2 361 56 363 48
363 4 362 48 364 10 2134 67 7607 62
364 4 363 10 365 47 7939 6 9008 36
365 4 364 47 366 46 2110 72 9093 94
366 4 365 46 367 56 1760 38 7167 85
367 4 366 56 368 40 3774 2 9641 72
368 3 367 40 369 82 7409 13
369 5 368 82 370 36 3788 53 7283 25 8936 77
370 3 369 36 371 24 3450 27
371 4 370 24 372 40 8041 47 8782 1
372 3 371 40 373 67 7873 60
373 3 372 67 374 83 1404 81
374 6 373 83 375 11 6875 27 6927 82 9422 61 9908 36
375 3 374 11 376 47 2973 62
376 6 375 47 377 87 821 86 3166 64 8038 33 9088 84
377 7 376 87 378 34 1067 76 1657 11 4494 90 6089 61 9797 13
378 8 377 34 379 42 1566 19 2239 99 5482 71 8726 75 9820 32 9879 29
379 6 378 42 380 88 392 63 2565 87 4879 36 6500 86
380 2 379 88 381 20
381 4 380 20 382 46 505 16 7776 15
382 4 381 46 383 49 6204 78 7277 69
383 7 382 49 384 37 466 45 535 44 722 22 9785 100 9971 86
384 6 383 37 385 46 592 3 4326 58 7894 69 8034 32
385 2 384 46 386 49
386 4 385 49 387 5 4453 61 5930 91
387 6 386 5 388 53 2294 91 3307 41 5361 48 8962 30
388 4 387 53 389 47 9212 6 9537 94
389 5 327 28 388 47 390 46 6456 91 7683 29
390 3 389 46 391 87 498 12
391 6 390 87 392 59 631 31 2984 28 4107 82 8998 34
392 7 379 63 391 59 393 74 4137 35 8015 29 8858 27 9953 54
393 4 392 74 394 41 5048 91 8182 82
394 5 393 41 395 41 6275 10 7430 42 8853 60
395 2 394 41 396 17
396 2 395 17 397 68
397 4 396 68 398 95 2052 44 9114 25
398 5 397 95 399 57 4883 76 5560 96 6605 58
399 4 398 57 400 40 2910 50 3415 13
400 3 399 40 401 44 7768 16
401 6 400 44 402 83 3830 48 6433 42 7001 34 7507 12
402 4 401 83 403 50 1042 14 8518 85
403 3 402 50 404 74 6751 12
404 6 403 74 405 94 558 57 798 45 3606 2 6100 57
405 3 404 94 406 16 939 50
406 6 91 88 405 16 407 69 4298 27 6013 2 7149 10
407 4 406 69 408 69 3548 73 6358 67
408 3 407 69 409 69 7334 15
409 4 408 69 410 61 1913 84 3623 38
410 2 409 61 411 97
411 6 410 97 412 12 2928 43 4685 89 5035 59 5905 62
412 4 411 12 413 48 4034 1 5596 51
413 3 412 48 414 12 5995 8
414 5 413 12 415 79 1583 82 7547 20 7702 19
415 3 414 79 416 95 5012 74
416 4 415 95 417 27 4981 18 9306 49
417 3 416 27 418 8 3715 74
418 5 417 8 419 58 988 19 3456 86 7801 20
419 6 418 58 420 6 2577 44 3125 2 4753 38 5721 11
420 3 419 6 421 96 5203 77
421 7 420 96 422 97 618 36 696 32 3283 94 8881 45 9033 71
422 4 421 97 423 12 8113 93 9571 79
423 4 422 12 424 34 2424 46 9125 42
424 3 423 34 425 32 4128 8
425 3 424 32 426 93 2578 65
426 5 425 93 427 62 4052 85 7239 91 9511 43
427 3 426 62 428 71 2369 66
428 4 427 71 429 34 4146 10 7673 17
429 2 428 34 430 14
430 3 429 14 431 43 1025 52
431 6 430 43 432 42 713 88 2688 2 3013 82 5092 35
432 2 431 42 433 48
433 2 432 48 434 37
434 3 433 37 435 84 2649 60
435 2 434 84 436 89
436 4 435 89 437 90 6060 14 9755 42
437 2 436 90 438 25
438 3 437 25 439 43 3777 50
439 4 438 43 440 47 1173 99 7408 57
440 5 439 47 441 35 3731 89 5579 20 6211 25
441 4 440 35 442 26 2283 27 4681 20
442 4 441 26 443 46 444 17 5611 50
443 3 442 46 444 90 6623 87
444 5 442 17 443 90 445 30 3390 59 8236 4
445 4 444 30 446 62 5012 15 8171 93
446 2 445 62 447 11
447 5 446 11 448 41 4453 23 4930 44 6335 39
448 3 447 41 449 95 4090 30
449 4 448 95 450 71 6718 21 7111 46
450 6 449 71 451 11 1312 17 2685 71 2876 40 7380 60
451 7 450 11 452 40 3740 30 3809 71 5052 2 5224 89 9399 87
452 3 451 40 453 68 7001 36
453 3 452 68 454 66 1745 36
454 2 453 66 455 19
455 3 454 19 456 59 2272 20
456 3 455 59 457 12 9407 74
457 4 456 12 458 77 817 65 8745 79
458 4 457 77 459 30 2404 86 4081 100
459 4 458 30 460 35 686 63 7491 38
460 4 459 35 461 1 1574 65 5510 61
461 4 460 1 462 32 4536 54 8406 59
462 3 461 32 463 47 3802 20
463 3 462 47 464 12 1097 89
464 4 463 12 465 44 4820 14 5373 85
465 3 464 44 466 78 9286 85
466 6 383 45 465 78 467 97 2333 55 3267 70 9889 74
467 3 466 97 468 28 6181 72
468 6 467 28 469 72 5117 43 5422 36 6071 35 6561 58
469 3 468 72 470 64 8056 60
470 3 317 3 469 64 471 99
471 4 470 99 472 33 8125 82 9287 86
472 3 471 33 473 97 7878 80
473 3 472 97 474 53 6960 41
474 4 473 53 475 34 3652 78 6814 8
475 4 474 34 476 35 2236 70 5935 17
476 3 475 35 477 76 7376 69
477 3 476 76 478 12 3597 87
478 3 477 12 479 26 5255 21
479 6 478 26 480 66 2976 90 3555 8 7816 88 8526 36
480 4 479 66 481 78 3834 9 7921 5
481 3 480 78 482 72 497 79
482 4 481 72 483 32 1108 65 9056 5
483 4 482 32 484 74 6707 92 9921 69
484 5 483 74 485 91 1347 25 2721 17 8574 54
485 5 484 91 486 91 745 69 5457 46 7405 73
486 4 485 91 487 69 4375 27 7238 61
487 5 486 69 488 44 659 78 1424 11 5264 99
488 6 164 76 487 44 489 12 4098 50 4651 44 5851 4
489 8 357 29 488 12 490 59 967 33 1119 60 2079 48 6178 51 8673 91
490 2 489 59 491 98
491 4 490 98 492 42 7466 5 8597 100
492 3 491 42 493 68 6076 33
493 6 492 68 494 81 859 59 2596 67 8524 60 8943 15
494 6 493 81 495 10 1908 82 6168 11 6958 70 8618 60
495 3 494 10 496 1 5409 87
496 6 495 1 497 41 3530 35 3984 94 6753 98 9151 89
497 8 481 79 496 41 498 71 3270 72 3287 6 8845 6 8921 50 9105 42
498 6 390 12 497 71 499 84 3338 50 6191 4 8235 16
499 5 498 84 500 28 1264 29 2046 64 7860 76
500 4 204 14 499 28 501 81 7950 68
501 3 500 81 502 41 5221 99
502 7 501 41 503 84 5884 87 7220 84 8206 39 8589 14 9407 76
503 3 502 84 504 53 6185 33
504 6 503 53 505 47 4078 29 5800 23 8586 93 9035 31
505 10 381 16 504 47 506 12 1098 30 1929 44 3525 97 3951 70 4509 39 6060 30 9651 87
506 4 505 12 507 15 5937 16 7776 21
507 4 506 15 508 59 1449 54 6801 30
508 5 507 59 509 74 5604 7 5800 62 8259 17
509 4 508 74 510 88 3100 91 5908 83
510 2 509 88 511 35
511 4 510 35 512 47 806 26 4858 77
512 3 511 47 513 36 8167 39
513 3 512 36 514 92 9231 92
514 3 513 92 515 56 2931 90
515 2 514 56 516 90
516 2 515 90 517 13
517 4 516 13 518 16 3347 100 4592 89
518 4 517 16 519 87 1502 46 3307 98
519 3 518 87 520 1 8491 27
520 3 519 1 521 18 3698 16
521 3 520 18 522 18 7607 96
522 8 291 52 301 43 521 18 523 49 1409 20 8013 86 8197 87 8706 23
523 5 522 49 524 95 5803 69 7837 40 8642 19
524 5 523 95 525 100 3430 36 4030 19 6240 12
525 3 524 100 526 73 2088 92
526 2 525 73 527 86
527 4 526 86 528 31 2058 82 5985 53
528 2 527 31 529 61
529 2 528 61 530 18
530 5 529 18 531 3 3472 61 4676 54 7785 9
531 5 530 3 532 54 3356 82 6032 74 7154 70
532 3 531 54 533 51 7598 61
533 2 532 51 534 40
534 5 533 40 535 81 1442 69 2186 70 8476 53
535 6 383 44 534 81 536 30 3871 15 5883 56 8547 13
536 5 535 30 537 35 2728 39 3816 35 5751 16
537 7 536 35 538 40 4031 32 4643 78 4896 28 5742 15 6811 72
538 6 537 40 539 8 2042 37 3561 52 9030 16 9474 74
539 3 538 8 540 80 8552 33
540 5 539 80 541 4 4333 13 5798 51 7967 82
541 6 540 4 542 16 726 26 3830 32 4161 59 9333 28
542 4 541 16 543 77 812 98 8658 1
543 3 542 77 544 11 8834 7
544 3 543 11 545 87 7828 10
545 6 544 87 546 78 1480 34 2587 23 3203 37 7575 67
546 5 148 54 545 78 547 53 2420 3 6114 1
547 3 546 53 548 10 1146 74
548 4 547 10 549 48 3462 30 3481 5
549 4 548 48 550 36 927 10 5890 35
550 5 549 36 551 68 1989 32 5783 1 7239 96
551 3 550 68 552 15 1063 43
552 2 551 15 553 98
553 5 552 98 554 91 911 3 2908 45 4051 37
554 4 553 91 555 87 724 51 2757 18
555 5 328 22 554 87 556 9 2691 20 8255 50
556 6 555 9 557 6 5795 58 8042 37 9133 30 9991 87
557 2 556 6 558 33
558 4 404 57 557 33 559 13 7991 76
559 3 558 13 560 75 2011 5
560 5 559 75 561 45 1950 30 7591 38 9255 15
561 4 560 45 562 77 2196 35 3573 32
562 5 561 77 563 16 5798 51 7606 4 9429 24
563 2 562 16 564 64
564 8 563 64 565 59 796 55 4455 51 5415 14 6395 70 8611 76 8705 46
565 4 564 59 566 47 3428 22 5650 79
566 5 565 47 567 10 2521 30 7800 67 9546 22
567 4 566 10 568 6 3518 63 6092 4
568 3 567 6 569 26 3365 42
569 4 568 26 570 87 6856 8 8773 34
570 6 569 87 571 47 2605 84 4923 22 6897 25 9388 83
571 5 570 47 572 56 3518 51 3938 1 4761 72
572 3 144 52 571 56 573 82
573 3 572 82 574 9 2653 99
574 3 573 9 575 56 2524 40
575 3 574 56 576 59 6529 75
576 6 575 59 577 32 789 29 2804 24 8149 16 9164 42
577 6 576 32 578 41 2383 95 5069 98 7916 28 9570 26
578 3 577 41 579 37 3753 79
579 4 578 37 580 75 3850 50 8411 24
580 4 579 75 581 30 6694 40 8918 15
581 3 580 30 582 28 9435 11
582 3 581 28 583 75 1648 68
583 3 582 75 584 63 9143 50
584 4 583 63 585 84 6625 40 8195 66
585 5 584 84 586 58 3117 62 4892 51 6704 95
586 4 585 58 587 87 7370 9 8216 27
587 6 586 87 588 50 2991 75 5432 85 6404 6 7356 47
588 6 587 50 589 65 910 66 1654 16 3613 96 6128 84
589 3 588 65 590 81 7680 55
590 4 589 81 591 8 2323 94 5662 17
591 4 590 8 592 75 7273 66 8016 20
592 4 384 3 591 75 593 42 2628 11
593 3 592 42 594 29 6096 100
594 4 593 29 595 75 3609 18 4359 31
595 4 267 29 594 75 596 22 5887 32
596 5 595 22 597 2 1220 20 2406 97 3298 36
597 2 596 2 598 83
598 5 597 83 599 100 3865 41 8194 15 9765 2
599 6 598 100 600 30 5122 63 6197 80 6298 70 9860 49
600 3 599 30 601 51 4324 72
601 3 600 51 602 36 7340 68
602 3 601 36 603 17 4791 83
603 2 602 17 604 97
604 3 603 97 605 76 7499 88
605 3 604 76 606 67 9807 48
606 3 605 67 607 91 2983 48
607 6 606 91 608 63 2237 55 5769 34 6904 9 6966 95
608 5 607 63 609 95 610 95 5547 70 8867 54
609 7 608 95 610 100 2233 83 2841 69 3851 35 4699 4 6135 32
610 7 608 95 609 100 611 59 7018 37 7337 45 9289 68 9862 58
611 2 610 59 612 14
612 2 611 14 613 16
613 4 612 16 614 37 3282 14 5018 4
614 4 613 37 615 20 1597 92 8335 33
615 2 614 20 616 89
616 2 615 89 617 82
617 3 616 82 618 100 4744 76
618 4 421 36 617 100 619 43 4850 73
619 4 618 43 620 41 6767 29 7200 18
620 2 619 41 621 72
621 2 620 72 622 53
622 5 621 53 623 85 3208 37 5032 92 9284 61
623 7 622 85 624 27 2992 21 3567 45 3776 48 5084 91 7537 74
624 4 623 27 625 96 2103 68 9859 72
625 5 624 96 626 46 1171 23 2531 3 9274 42
626 5 625 46 627 95 3171 72 5451 46 7652 97
627 2 626 95 628 84
628 4 627 84 629 46 4388 23 9389 38
629 4 628 46 630 12 2675 63 3320 1
630 6 629 12 631 63 2085 48 2700 24 5837 34 7777 63
631 5 391 31 630 63 632 54 1841 37 2504 91
632 5 631 54 633 43 2668 37 2725 31 4098 66
633 3 632 43 634 90 4207 26
634 3 90 64 633 90 635 68
635 4 634 68 636 5 6346 35 6571 87
636 4 635 5 637 49 1306 76 9786 59
637 6 636 49 638 5 2164 57 7032 4 7729 7 9392 35
638 4 637 5 639 21 4951 71 6168 77
639 5 638 21 640 61 5688 14 6457 42 8743 7
640 6 639 61 641 40 1884 1 2321 49 5793 5 6853 9
641 3 640 40 642 86 1380 7
642 5 641 86 643 65 1561 7 3621 94 9220 18
643 4 642 65 644 60 6555 69 7914 52
644 4 643 60 645 60 2648 17 8603 44
645 3 644 60 646 94 6026 71
646 3 645 94 647 65 4344 72
647 5 646 65 648 51 866 54 2153 33 3801 1
648 4 647 51 649 22 4553 98 4733 43
649 3 648 22 650 47 4901 12
650 4 649 47 651 61 1245 76 4644 68
651 3 650 61 652 81 1609 96
652 3 651 81 653 34 5147 58
653 4 652 34 654 64 1265 69 4097 2
654 3 653 64 655 1 3697 69
655 5 256 98 654 1 656 46 1062 84 9702 82
656 2 655 46 657 78
657 3 656 78 658 18 4683 83
658 4 657 18 659 64 2405 78 8602 77
659 5 487 78 658 64 660 70 5453 41 9505 16
660 3 659 70 661 35 4580 87
661 4 221 63 660 35 662 65 4003 77
662 3 661 65 663 86 1755 61
663 7 662 86 664 52 2545 85 7652 62 8816 38 9272 25 9783 4
664 3 663 52 665 15 9767 10
665 2 664 15 666 53
666 4 665 53 667 61 2973 100 7848 69
667 8 666 61 668 86 1551 72 4655 40 4985 78 5783 96 5904 77 6757 9
668 5 667 86 669 70 1508 93 6845 19 9442 88
669 3 668 70 670 42 5634 23
670 6 669 42 671 3 4722 19 6377 43 7080 40 8377 84
671 5 670 3 672 29 6805 26 8959 74 9756 28
672 2 671 29 673 66
673 7 350 93 672 66 674 65 1080 93 1566 43 1865 52 6700 56
674 3 673 65 675 96 3017 14
675 5 674 96 676 14 1968 17 2298 8 4542 9
676 4 675 14 677 32 4066 64 9696 8
677 2 676 32 678 25
678 4 677 25 679 24 822 49 8636 34
679 3 678 24 680 12 4710 26
680 4 679 12 681 52 2921 79 9860 48
681 3 680 52 682 8 2742 10
682 5 681 8 683 68 5231 81 8314 97 9873 20
683 6 682 68 684 26 2395 64 5586 81 7336 73 8507 48
684 8 683 26 685 35 827 23 3366 68 3912 89 5801 62 6010 65 7858 72
685 4 684 35 686 20 2186 39 9365 30
686 6 459 63 685 20 687 6 1399 99 3266 73 6006 64
687 2 686 6 688 13
688 4 687 13 689 26 4438 32 8793 65
689 2 688 26 690 34
690 6 689 34 691 21 6028 86 7115 89 8672 87 9143 23
691 3 690 21 692 13 8429 32
692 3 691 13 693 11 4584 70
693 3 692 11 694 11 7395 70
694 3 693 11 695 62 4618 93
695 4 694 62 696 34 1671 75 9716 89
696 6 421 32 695 34 697 77 3868 91 4502 100 8704 84
697 3 696 77 698 4 1265 65
698 7 59 61 697 4 699 50 2607 100 5580 65 8082 14 8551 75
699 3 698 50 700 49 8133 9
700 4 699 49 701 64 3216 95 7960 8
701 3 700 64 702 90 8535 58
702 4 701 90 703 15 6068 95 6760 14
703 3 702 15 704 31 6462 50
704 4 703 31 705 74 5526 67 7896 38
705 3 704 74 706 75 5619 51
706 2 705 75 707 52
707 2 706 52 708 88
708 5 707 88 709 67 2247 43 3228 25 8945 65
709 4 708 67 710 37 2236 29 8944 50
710 5 709 37 711 24 1289 61 2269 95 9508 63
711 2 710 24 712 28
712 5 711 28 713 84 3919 51 4125 8 6242 66
713 6 431 88 712 84 714 43 3700 41 6536 91 7010 60
714 5 713 43 715 23 1226 27 1778 84 7641 89
715 7 714 23 716 22 1598 16 1662 52 4974 88 7567 20 7736 33
716 3 715 22 717 58 9515 21
717 2 716 58 718 58
718 5 717 58 719 79 876 92 1337 12 6831 35
719 4 718 79 720 90 3279 51 4678 4
720 4 719 90 721 12 1088 82 2953 61
721 2 720 12 722 60
722 4 383 22 721 60 723 29 4486 9
723 3 722 29 724 80 7725 90
724 3 554 51 723 80 725 86
725 4 724 86 726 41 1269 92 4104 16
726 3 541 26 725 41 727 16
727 4 726 16 728 33 1986 59 4313 86
728 5 727 33 729 98 2726 69 4489 90 9360 37
729 4 728 98 730 75 839 16 6713 42
730 3 729 75 731 81 887 74
731 4 730 81 732 88 1239 64 4734 18
732 5 731 88 733 44 8005 81 8537 24 8991 49
733 3 732 44 734 44 9723 88
734 4 733 44 735 54 4226 67 9181 79
735 3 734 54 736 38 7957 32
736 3 735 38 737 28 2595 96
737 4 736 28 738 74 7504 48 9694 90
738 4 737 74 739 72 7901 84 8275 54
739 6 738 72 740 19 4741 7 6063 15 7179 45 8931 51
740 5 739 19 741 5 1018 43 1760 3 7495 62
741 5 740 5 742 30 5452 1 6362 12 9884 21
742 2 741 30 743 23
743 7 742 23 744 28 3341 66 6086 52 6859 38 6884 23 7811 73
744 5 743 28 745 41 3941 46 7480 78 7566 49
745 3 485 69 744 41 746 36
746 5 745 36 747 97 3425 10 6347 76 6804 80
747 8 271 25 746 97 748 43 1434 24 2693 12 7878 6 8367 8 9393 20
748 3 747 43 749 26 8019 39
749 5 748 26 750 92 4153 9 4625 43 6625 84
750 3 749 92 751 74 1924 16
751 3 750 74 752 19 1900 43
752 4 751 19 753 71 7388 22 8752 23
753 3 752 71 754 59 6317 37
754 2 753 59 755 76
755 2 754 76 756 68
756 2 755 68 757 77
757 3 756 77 758 53 3739 83
758 4 757 53 759 74 5769 63 7196 3
759 7 758 74 760 63 3688 63 4519 10 6339 62 6458 20 8164 84
760 4 759 63 761 14 3093 85 8863 43
761 5 760 14 762 2 3299 70 9831 40 9837 62
762 3 761 2 763 21 7071 32
763 5 762 21 764 86 765 76 7020 100 7984 73
764 3 763 86 765 16 9657 47
765 4 763 76 764 16 766 46 4743 68
766 6 219 43 342 52 765 46 767 65 6785 90 8598 66
767 4 766 65 768 73 3585 70 9694 39
768 3 767 73 769 73 1404 70
769 3 768 73 770 59 1926 89
770 4 769 59 771 36 1945 58 7001 94
771 3 770 36 772 65 3947 5
772 3 771 65 773 38 9677 59
773 4 772 38 774 83 3050 40 5961 2
774 2 773 83 775 3
775 6 774 3 776 99 793 56 2637 93 5816 87 9981 60
776 4 775 99 777 70 913 50 4254 99
777 5 776 70 778 71 5641 18 6016 24 6788 99
778 3 777 71 779 75 7940 38
779 3 778 75 780 4 9548 33
780 7 149 57 779 4 781 12 2073 78 2734 89 4252 97 8926 8
781 3 780 12 782 18 4916 51
782 3 781 18 783 4 5268 18
783 4 782 4 784 66 2584 88 8569 63
784 2 783 66 785 35
785 4 784 35 786 77 5173 70 6241 13
786 6 785 77 787 60 1697 59 5246 75 6964 31 9341 50
787 5 786 60 788 10 5144 34 6068 100 9453 60
788 5 334 52 787 10 789 4 7234 75 9742 38
789 4 576 29 788 4 790 46 1765 98
790 2 789 46 791 50
791 6 790 50 792 33 1505 12 5404 67 6644 41 8745 76
792 4 791 33 793 58 6381 1 9351 52
793 6 775 56 792 58 794 60 877 35 7213 65 8621 84
794 3 793 60 795 58 3899 27
795 3 794 58 796 21 7296 10
796 5 564 55 795 21 797 30 6093 17 7711 15
797 6 796 30 798 37 844 87 2724 94 3456 53 7453 91
798 5 404 45 797 37 799 82 1227 27 2507 28
799 4 798 82 800 56 2272 70 2389 3
800 4 799 56 801 25 2652 59 3599 25
801 3 800 25 802 55 5910 4
802 5 801 55 803 62 3219 45 7126 13 9920 22
803 6 802 62 804 36 1036 17 1910 55 5939 73 7961 63
804 4 803 36 805 64 3405 11 9592 35
805 3 804 64 806 6 2219 37
806 3 511 26 805 6 807 43
807 4 806 43 808 97 4610 34 7435 55
808 5 807 97 809 42 3100 44 5113 30 7422 22
809 3 808 42 810 33 5743 28
810 2 809 33 811 19
811 4 39 92 810 19 812 83 5682 22
812 6 542 98 811 83 813 99 1628 12 6517 54 8374 71
813 2 812 99 814 2
814 4 813 2 815 53 2272 74 9603 5
815 4 814 53 816 16 3804 15 7588 95
816 4 815 16 817 7 8339 61 8380 68
817 6 220 72 457 65 816 7 818 55 2597 2 3971 40
818 3 817 55 819 10 3922 29
819 4 818 10 820 56 3275 87 6512 92
820 5 57 65 819 56 821 10 911 43 1549 31
821 9 376 86 820 10 822 60 3460 58 3997 9 6093 20 6939 82 6967 61 9430 31
822 3 678 49 821 60 823 21
823 2 822 21 824 55
824 4 823 55 825 38 3986 38 4135 60
825 2 824 38 826 29
826 4 825 29 827 63 7325 84 8954 1
827 6 684 23 826 63 828 15 2165 94 3590 52 5791 6
828 3 827 15 829 90 6308 29
829 3 828 90 830 48 5764 97
830 3 829 48 831 64 3863 44
831 2 830 64 832 90
832 3 831 90 833 30 5923 94
833 4 6 8 832 30 834 65 3283 55
834 3 833 65 835 44 7003 28
835 4 834 44 836 89 6081 10 8080 58
836 4 835 89 837 87 3303 5 7957 78
837 3 836 87 838 41 3520 87
838 5 837 41 839 84 854 5 8593 24 8669 76
839 5 729 16 838 84 840 18 8816 85 9405 17
840 6 839 18 841 50 1646 62 4498 61 5785 63 6253 11
841 5 840 50 842 74 2305 35 2622 67 8989 90
842 4 841 74 843 25 2343 21 2692 75
843 4 842 25 844 76 3189 91 3492 79
844 5 193 87 797 87 843 76 845 52 6370 31
845 4 844 52 846 52 3035 46 6974 2
846 3 845 52 847 31 1578 8
847 3 846 31 848 96 8946 44
848 3 847 96 849 20 8042 41
849 5 848 20 850 48 3628 22 7359 23 8741 66
850 4 849 48 851 47 4200 51 5368 66
851 2 850 47 852 99
852 4 851 99 853 50 3542 92 7048 38
853 5 852 50 854 9 4425 20 6889 90 7456 57
854 6 838 5 853 9 855 100 2278 9 5940 27 9786 61
855 2 854 100 856 10
856 4 235 4 855 10 857 76 5285 81
857 5 856 76 858 51 7159 28 7568 25 9061 41
858 4 857 51 859 90 2085 27 2393 40
859 4 493 59 858 90 860 100 8584 24
860 2 859 100 861 80
861 5 860 80 862 27 5616 80 8754 23 9147 81
862 2 861 27 863 41
863 4 862 41 864 79 2784 24 3409 48
864 4 863 79 865 50 2134 64 7680 16
865 4 864 50 866 93 7010 95 8779 42
866 5 647 54 865 93 867 81 6153 29 8921 16
867 4 866 81 868 9 1391 78 9017 79
868 4 867 9 869 90 9154 88 9739 96
869 4 868 90 870 17 4156 55 7772 54
870 3 869 17 871 17 1487 93
871 2 870 17 872 72
872 8 871 72 873 93 1212 55 1587 17 2295 15 3829 2 4886 90 5199 38
873 4 872 93 874 4 2113 52 8502 6
874 3 873 4 875 90 2883 6
875 4 874 90 876 20 1289 20 3885 60
876 4 718 92 875 20 877 47 6197 89
877 6 793 35 876 47 878 97 5715 78 6681 35 7609 35
878 4 877 97 879 33 2602 15 7954 25
879 3 878 33 880 13 7432 98
880 5 879 13 881 42 1224 6 3648 16 8814 12
881 4 177 85 880 42 882 95 7779 68
882 4 881 95 883 39 4490 85 8750 75
883 3 882 39 884 48 6722 82
884 5 883 48 885 93 6435 14 8344 95 9794 71
885 3 884 93 886 79 8965 96
886 3 885 79 887 60 6078 25
887 6 730 74 886 60 888 90 3124 4 5384 91 9546 75
888 5 887 90 889 43 2966 62 8524 16 8618 18
889 3 888 43 890 99 4498 50
890 2 889 99 891 35
891 3 890 35 892 55 2081 82
892 2 891 55 893 6
893 2 892 6 894 42
894 2 893 42 895 54
895 4 894 54 896 89 1964 61 1994 85
896 2 895 89 897 30
897 3 896 30 898 67 9357 63
898 2 897 67 899 81
899 5 898 81 900 65 1431 7 2491 81 4944 95
900 3 899 65 901 34 1167 89
901 4 900 34 902 92 1172 61 6724 58
902 3 901 92 903 19 9663 75
903 4 902 19 904 87 1064 22 2547 71
904 3 903 87 905 31 5181 89
905 2 904 31 906 62
906 3 905 62 907 63 4187 67
907 3 906 63 908 33 5474 85
908 4 907 33 909 92 8217 19 9299 16
909 3 908 92 910 47 1577 71
910 6 588 66 909 47 911 26 3228 29 6335 21 6544 70
911 6 553 3 820 43 910 26 912 67 3751 28 8405 97
912 3 911 67 913 41 5948 94
913 3 776 50 912 41 914 31
914 7 329 69 913 31 915 85 947 59 5596 32 6246 58 7095 6
915 3 914 85 916 75 3634 3
916 2 915 75 917 83
917 4 253 76 916 83 918 74 4954 83
918 3 917 74 919 48 7099 11
919 4 918 48 920 30 7250 52 7407 12
920 6 919 30 921 39 2747 71 3284 93 5859 12 6145 82
921 3 920 39 922 85 9377 47
922 4 921 85 923 66 5568 64 6503 1
923 4 922 66 924 84 4877 46 7236 19
924 6 923 84 925 66 1145 22 2096 58 2250 60 6025 70
925 3 924 66 926 9 8369 80
926 3 925 9 927 70 9910 92
927 5 549 10 926 70 928 97 5770 79 7247 83
928 3 927 97 929 72 1271 30
929 5 928 72 930 98 2659 57 9737 30 9854 94
930 3 311 83 929 98 931 86
931 4 930 86 932 57 4159 34 8326 88
932 4 931 57 933 60 1575 2 5871 63
933 3 932 60 934 6 7651 4
934 5 933 6 935 35 5813 2 6742 15 9846 94
935 4 934 35 936 92 4899 90 6326 77
936 3 935 92 937 8 1316 94
937 3 936 8 938 33 3363 50
938 4 937 33 939 100 4713 98 6883 35
939 5 405 50 938 100 940 33 4414 43 5849 56
940 4 939 33 941 13 2860 73 9727 44
941 4 940 13 942 56 1700 7 3584 39
942 6 941 56 943 42 3909 45 5762 63 6600 10 7789 99
943 3 942 42 944 33 9432 83
944 6 943 33 945 77 1331 13 3691 9 3693 59 6783 6
945 4 944 77 946 62 5123 17 8769 9
946 2 945 62 947 22
947 5 914 59 946 22 948 80 1615 79 6100 10
948 5 947 80 949 25 3480 81 5446 1 9708 20
949 3 948 25 950 61 6873 4
950 3 949 61 951 58 7747 36
951 3 950 58 952 85 8169 13
952 2 951 85 953 55
953 5 952 55 954 23 4152 49 6386 98 9677 76
954 3 953 23 955 35 6246 82
955 6 954 35 956 41 3688 29 7334 6 9110 47 9942 35
956 5 955 41 957 39 1310 28 1656 38 9869 9
957 3 956 39 958 15 9488 12
958 3 957 15 959 87 8481 75
959 2 958 87 960 43
960 4 959 43 961 47 2391 31 4217 50
961 4 960 47 962 67 3723 25 4679 28
962 2 961 67 963 44
963 4 962 44 964 54 1834 36 6897 58
964 4 963 54 965 79 2934 88 2989 2
965 5 964 79 966 64 2157 43 8095 99 8540 15
966 4 965 64 967 91 2775 28 4225 44
967 5 489 33 966 91 968 19 3735 71 7646 22
968 5 967 19 969 14 3371 11 7313 52 9674 40
969 5 968 14 970 78 3439 81 5517 64 7490 35
970 2 969 78 971 31
971 5 970 31 972 46 2079 94 4483 58 7458 67
972 5 17 6 971 46 973 14 4016 55 7891 33
973 6 972 14 974 100 2627 28 3729 52 4217 59 6619 56
974 5 973 100 975 14 5167 91 6852 39 7360 86
975 5 974 14 976 73 1108 35 7014 49 9937 45
976 3 975 73 977 92 9259 86
977 5 976 92 978 94 2323 5 5494 54 5750 6
978 3 977 94 979 98 6632 27
979 2 978 98 980 76
980 2 979 76 981 34
981 2 980 34 982 31
982 2 981 31 983 56
983 5 982 56 984 13 3848 99 5432 33 6018 52
984 4 983 13 985 15 3494 80 5157 58
985 2 984 15 986 56
986 6 985 56 987 13 2642 46 7505 8 7662 29 7881 11
987 4 986 13 988 61 2834 27 5348 78
988 5 124 40 418 19 987 61 989 7 7167 30
989 6 988 7 990 22 3419 100 3513 5 8552 23 9458 85
990 4 989 22 991 62 3339 26 9083 21
991 3 990 62 992 48 4520 99
992 4 991 48 993 42 2258 87 3206 96
993 7 992 42 994 76 3872 66 5434 38 5660 19 6474 4 8180 55
994 4 993 76 995 2 7307 66 8468 43
995 4 994 2 996 59 2366 27 2691 10
996 4 995 59 997 81 2564 30 6187 91
997 4 996 81 998 54 5989 89 7720 100
998 5 997 54 999 84 4614 75 7643 64 9832 1
999 4 998 84 1000 86 2312 16 2693 28
1000 3 999 86 1001 50 9063 9
1001 3 1000 50 1002 85 2602 36
1002 7 139 24 1001 85 1003 98 1083 34 1252 14 5318 31 7910 37
1003 5 1002 98 1004 62 4041 24 5681 29 7312 57
1004 5 214 58 1003 62 1005 5 4105 2 9131 28
1005 5 1004 5 1006 51 3959 31 7902 78 8012 80
1006 4 1005 51 1007 51 7661 5 8030 65
1007 5 335 93 1006 51 1008 6 3549 6 5141 87
1008 3 1007 6 1009 37 7649 21
1009 2 1008 37 1010 2
1010 2 1009 2 1011 77
1011 2 1010 77 1012 70
1012 5 1011 70 1013 23 3246 98 4854 39 7108 76
1013 2 1012 23 1014 40
1014 6 1013 40 1015 50 1439 40 3696 45 5070 95 8460 17
1015 3 1014 50 1016 20 8269 58
1016 3 1015 20 1017 12 2899 89
1017 7 217 61 1016 12 1018 22 1687 31 3326 98 7179 28 7846 8
1018 4 740 43 1017 22 1019 79 2029 49
1019 5 110 62 1018 79 1020 22 2321 18 5056 7
1020 4 1019 22 1021 39 9410 11 9813 20
1021 4 1020 39 1022 1 2060 61 2291 94
1022 3 1021 1 1023 63 8214 28
1023 3 1022 63 1024 47 9996 76
1024 5 1023 47 1025 37 2519 50 2560 82 9180 15
1025 8 206 5 430 52 1024 37 1026 78 2844 47 7743 52 9053 59 9290 68
1026 3 1025 78 1027 31 7246 48
1027 5 1026 31 1028 42 1847 97 6221 79 9259 35
1028 3 67 32 1027 42 1029 88
1029 3 1028 88 1030 31 7815 42
1030 6 1029 31 1031 51 1714 91 3325 71 4856 24 5198 73
1031 4 1030 51 1032 98 3762 90 4458 40
1032 3 1031 98 1033 62 1061 79
1033 4 1032 62 1034 45 4157 30 7706 16
1034 2 1033 45 1035 6
1035 8 1034 6 1036 22 1176 62 2700 34 3638 6 6584 12 8222 16 9433 59
1036 5 803 17 1035 22 1037 98 4565 4 9779 15
1037 4 1036 98 1038 94 1629 7 1749 33
1038 3 1037 94 1039 50 1565 62
1039 4 1038 50 1040 100 2638 44 4523 34
1040 3 1039 100 1041 30 6267 31
1041 2 1040 30 1042 66
1042 4 402 14 1041 66 1043 53 3725 12
1043 6 77 38 1042 53 1044 1 1665 36 1750 61 6231 83
1044 2 1043 1 1045 55
1045 7 1044 55 1046 53 5000 59 6739 20 6812 56 7591 77 9707 57
1046 3 1045 53 1047 55 7431 85
1047 3 1046 55 1048 14 4434 71
1048 2 1047 14 1049 90
1049 2 1048 90 1050 55
1050 5 1049 55 1051 11 7072 82 8400 72 9737 51
1051 6 1050 11 1052 63 2254 78 4888 76 5603 96 6683 60
1052 3 1051 63 1053 62 5707 60
1053 4 1052 62 1054 13 8342 81 9110 15
1054 2 1053 13 1055 23
1055 6 1054 23 1056 22 2778 92 3368 8 5237 68 7309 13
1056 8 1055 22 1057 59 1307 53 3436 2 4065 48 4816 24 5875 17 9515 88
1057 6 247 43 1056 59 1058 36 1174 15 4031 8 7729 18
1058 5 1057 36 1059 68 5604 47 6224 52 6261 54
1059 3 1058 68 1060 66 6318 13
1060 3 1059 66 1061 86 8535 82
1061 5 1032 79 1060 86 1062 79 1117 94 9024 74
1062 5 655 84 1061 79 1063 64 2702 7 9744 4
1063 5 551 43 1062 64 1064 19 2486 78 4177 44
1064 4 903 22 1063 19 1065 79 7152 88
1065 5 1064 79 1066 15 2106 6 2406 23 2642 75
1066 5 1065 15 1067 71 3774 95 8126 86 8983 26
1067 6 377 76 1066 71 1068 7 3209 13 5714 2 9001 61
1068 4 1067 7 1069 17 4226 98 7153 95
1069 3 1068 17 1070 18 3492 53
1070 6 1069 18 1071 93 2260 40 4975 24 9073 26 9148 56
1071 2 1070 93 1072 42
1072 5 1071 42 1073 78 1549 46 2027 3 6226 20
1073 3 1072 78 1074 39 1354 75
1074 4 1073 39 1075 64 3513 53 6079 100
1075 4 1074 64 1076 94 9408 21 9567 75
1076 5 1075 94 1077 57 6198 19 6751 64 8592 47
1077 6 240 68 1076 57 1078 89 1159 67 7603 83 9131 86
1078 2 1077 89 1079 21
1079 3 1078 21 1080 51 8691 44
1080 6 104 47 673 93 1079 51 1081 34 8325 47 9785 25
1081 2 1080 34 1082 53
1082 3 1081 53 1083 98 5412 8
1083 5 1002 34 1082 98 1084 88 8529 75 8890 27
1084 5 308 83 1083 88 1085 61 1293 62 1659 46
1085 6 1084 61 1086 69 1095 13 4324 58 5255 89 9858 78
1086 3 1085 69 1087 87 9957 18
1087 6 1086 87 1088 84 2009 64 3519 44 7970 16 9317 33
1088 4 292 77 720 82 1087 84 1089 93
1089 4 1088 93 1090 12 5821 49 6994 38
1090 3 1089 12 1091 48 4568 64
1091 5 1090 48 1092 90 3290 50 3822 85 5819 19
1092 2 1091 90 1093 53
1093 4 272 81 1092 53 1094 55 3820 70
1094 3 1093 55 1095 30 9302 64
1095 5 1085 13 1094 30 1096 52 4544 72 9479 12
1096 4 1095 52 1097 40 4117 82 9122 26
1097 6 463 89 1096 40 1098 36 4773 95 5766 74 9199 34
1098 5 505 30 1097 36 1099 91 5600 86 8639 19
1099 3 1098 91 1100 42 6979 17
1100 5 1099 42 1101 63 8916 87 8981 70 9232 12
1101 2 1100 63 1102 66
1102 6 1101 66 1103 1 4152 96 6655 5 7098 8 8860 24
1103 6 1102 1 1104 72 1525 4 5116 65 6270 46 7407 21
1104 3 1103 72 1105 78 6806 45
1105 6 1104 78 1106 4 5425 20 5921 74 6111 40 7601 73
1106 5 1105 4 1107 39 1598 51 4941 33 6492 88
1107 2 1106 39 1108 87
1108 5 482 65 975 35 1107 87 1109 31 7994 32
1109 4 120 48 1108 31 1110 14 8995 59
1110 2 1109 14 1111 42
1111 3 1110 42 1112 83 5381 18
1112 3 1111 83 1113 16 3158 75
1113 5 1112 16 1114 77 1147 32 4963 56 8095 33
1114 3 1113 77 1115 92 5002 55
1115 2 1114 92 1116 89
1116 6 192 16 1115 89 1117 88 1873 40 6892 86 8356 77
1117 5 1061 94 1116 88 1118 16 7540 76 8917 71
1118 4 1117 16 1119 92 5445 53 8539 26
1119 6 489 60 1118 92 1120 90 1426 14 3975 25 8520 78
1120 5 1119 90 1121 61 4080 83 4871 82 6678 93
1121 2 1120 61 1122 57
1122 3 1121 57 1123 16 8465 61
1123 3 1122 16 1124 36 6317 84
1124 4 1123 36 1125 62 1739 22 3526 15
1125 2 1124 62 1126 48
1126 3 1125 48 1127 93 2534 77
1127 5 1126 93 1128 99 4457 80 4695 19 8281 2
1128 3 1127 99 1129 51 5956 79
1129 7 1128 51 1130 38 2407 83 3246 36 3686 88 6359 15 7471 29
1130 6 1129 38 1131 28 1373 82 4370 23 5396 57 6103 23
1131 5 1130 28 1132 91 6545 70 6918 6 7224 91
1132 7 1131 91 1133 81 3932 27 4364 99 6028 66 7469 5 9523 28
1133 3 1132 81 1134 89 7117 67
1134 4 1133 89 1135 49 4621 31 5955 68
1135 3 1134 49 1136 44 7733 17
1136 2 1135 44 1137 51
1137 4 236 39 1136 51 1138 14 3332 100
1138 5 1137 14 1139 59 4911 83 8481 62 9915 81
1139 4 1138 59 1140 46 7343 59 9582 18
1140 2 1139 46 1141 76
1141 4 1140 76 1142 38 2197 42 4407 43
1142 3 1141 38 1143 46 6610 93
1143 4 1142 46 1144 16 2376 56 9511 34
1144 3 1143 16 1145 61 1367 25
1145 4 924 22 1144 61 1146 77 9663 23
1146 7 28 52 547 74 1145 77 1147 54 1419 90 3840 12 5111 66
1147 4 1113 32 1146 54 1148 94 5888 75
1148 4 1147 94 1149 10 3110 97 5170 38
1149 4 1148 10 1150 64 4842 90 7454 10
1150 3 1149 64 1151 37 7645 18
1151 4 80 5 1150 37 1152 18 8627 9
1152 3 1151 18 1153 3 2932 99
1153 2 1152 3 1154 10
1154 2 1153 10 1155 98
1155 4 1154 98 1156 97 1185 97 6522 68
1156 2 1155 97 1157 72
1157 2 1156 72 1158 34
1158 3 1157 34 1159 59 7142 19
1159 7 1077 67 1158 59 1160 66 4634 87 7259 13 9066 20 9877 77
1160 7 1159 66 1161 60 3203 86 3233 98 4734 97 5693 39 8380 65
1161 3 1160 60 1162 47 5765 72
1162 3 1161 47 1163 75 5846 5
1163 2 1162 75 1164 71
1164 4 1163 71 1165 52 5430 100 9735 96
1165 3 1164 52 1166 100 1774 48
1166 3 1165 100 1167 93 9887 5
1167 4 900 89 1166 93 1168 37 1641 57
1168 4 40 82 1167 37 1169 18 3158 39
1169 3 1168 18 1170 31 8077 88
1170 4 1169 31 1171 13 4547 30 6578 6
1171 4 625 23 1170 13 1172 12 8294 96
1172 5 309 65 901 61 1171 12 1173 98 9382 63
1173 5 439 99 1172 98 1174 38 6431 25 6474 14
1174 6 1057 15 1173 38 1175 59 1867 55 4919 60 8846 2
1175 2 1174 59 1176 54
1176 5 1035 62 1175 54 1177 79 3014 30 4282 74
1177 2 1176 79 1178 7
1178 3 1177 7 1179 97 3357 6
1179 4 1178 97 1180 19 2830 63 8127 10
1180 3 279 27 1179 19 1181 64
1181 2 1180 64 1182 55
1182 2 1181 55 1183 52
1183 4 1182 52 1184 49 1243 70 7251 50
1184 4 1183 49 1185 50 1602 19 6526 14
1185 4 1155 97 1184 50 1186 88 3875 58
1186 5 1185 88 1187 6 2206 74 6094 84 8030 34
1187 4 1186 6 1188 7 8739 65 9390 88
1188 3 1187 7 1189 59 9397 100
1189 6 1188 59 1190 35 3210 98 3599 96 3836 6 7577 8
1190 2 1189 35 1191 94
1191 4 1190 94 1192 44 1264 13 8384 43
1192 5 1191 44 1193 95 1886 34 2681 30 8031 12
1193 7 1192 95 1194 25 2639 38 5221 6 5325 34 7729 65 7987 66
1194 4 1193 25 1195 43 1734 3 4797 8
1195 2 1194 43 1196 85
1196 3 1195 85 1197 16 1752 78
1197 5 1196 16 1198 66 1773 25 5203 84 9906 12
1198 2 1197 66 1199 90
1199 3 1198 90 1200 52 8098 43
1200 3 1199 52 1201 90 8461 92
1201 2 1200 90 1202 5
1202 5 225 61 1201 5 1203 68 5164 14 7497 81
1203 4 23 5 1202 68 1204 7 5351 85
1204 3 1203 7 1205 59 8212 49
1205 2 1204 59 1206 84
1206 3 1205 84 1207 58 2138 7
1207 4 1206 58 1208 75 2460 76 6028 95
1208 2 1207 75 1209 13
1209 4 1208 13 1210 76 4296 53 4598 41
1210 6 1209 76 1211 22 2619 95 6349 57 9091 50 9978 55
1211 4 1210 22 1212 83 4252 81 8295 15
1212 5 210 47 872 55 1211 83 1213 100 2740 13
1213 4 1212 100 1214 58 6500 84 8101 14
1214 5 1213 58 1215 97 3757 10 9116 28 9604 32
1215 4 1214 97 1216 8 2198 8 5342 70
1216 5 1215 8 1217 34 3043 79 3705 43 9348 80
1217 4 1216 34 1218 78 2796 99 4688 67
1218 5 1217 78 1219 25 6812 51 8304 61 9547 79
1219 6 1218 25 1220 31 3077 41 6944 38 7767 60 8568 18
1220 6 596 20 1219 31 1221 55 2305 60 5160 14 7958 98
1221 4 1220 55 1222 42 1364 28 9766 81
1222 4 1221 42 1223 95 1615 27 3531 1
1223 4 1222 95 1224 45 5005 21 8828 80
1224 4 880 6 1223 45 1225 47 3823 42
1225 2 1224 47 1226 84
1226 7 102 94 336 51 714 27 1225 84 1227 15 2220 74 6590 29
1227 6 798 27 1226 15 1228 62 1230 60 5057 89 5329 23
1228 2 1227 62 1229 95
1229 2 1228 95 1230 62
1230 4 1227 60 1229 62 1231 60 6136 9
1231 3 1230 60 1232 27 3124 31
1232 5 1231 27 1233 26 1275 82 3802 69 5113 73
1233 3 1232 26 1234 75 8408 24
1234 6 289 78 1233 75 1235 94 1802 73 5705 66 6015 84
1235 3 1234 94 1236 18 9408 40
1236 4 1235 18 1237 98 1493 72 8802 39
1237 5 1236 98 1238 37 6831 79 7168 94 8381 59
1238 2 1237 37 1239 54
1239 5 731 64 1238 54 1240 85 6755 61 8840 14
1240 4 1239 85 1241 24 6512 67 8467 67
1241 3 1240 24 1242 40 5230 38
1242 4 1241 40 1243 6 1772 30 4966 99
1243 8 1183 70 1242 6 1244 26 2152 93 3257 78 6017 8 7206 47 8096 67
1244 4 1243 26 1245 3 8465 71 8666 74
1245 4 650 76 1244 3 1246 23 8061 28
1246 3 305 78 1245 23 1247 94
1247 5 1246 94 1248 66 2286 38 7658 94 8687 47
1248 3 1247 66 1249 38 5167 72
1249 5 1248 38 1250 50 4243 4 5668 24 8275 74
1250 3 1249 50 1251 58 8791 2
1251 6 135 93 1250 58 1252 3 2940 82 3455 28 3546 20
1252 4 1002 14 1251 3 1253 52 4763 70
1253 3 1252 52 1254 8 2089 95
1254 4 1253 8 1255 92 2093 97 4244 64
1255 2 1254 92 1256 21
1256 3 1255 21 1257 88 3071 17
1257 3 1256 88 1258 90 8950 46
1258 4 1257 90 1259 28 2368 25 2783 10
1259 5 1258 28 1260 50 2319 92 5473 96 9656 54
1260 6 1259 50 1261 75 7323 55 8510 17 9634 18 9776 91
1261 3 1260 75 1262 56 5576 1
1262 3 1261 56 1263 97 1900 100
1263 5 1262 97 1264 1 2239 13 4670 74 7861 83
1264 5 499 29 1191 13 1263 1 1265 99 7181 49
1265 6 4 51 653 69 697 65 1264 99 1266 28 2221 1
1266 3 1265 28 1267 11 3907 44
1267 2 1266 11 1268 76
1268 5 1267 76 1269 71 1972 58 2381 87 6363 97
1269 4 725 92 1268 71 1270 41 5991 71
1270 4 1269 41 1271 48 3970 83 9317 29
1271 7 928 30 1270 48 1272 80 4067 35 6497 23 8982 43 9272 30
1272 5 360 2 1271 80 1273 73 7874 34 8134 23
1273 4 1272 73 1274 12 6181 14 6967 16
1274 3 1273 12 1275 81 5142 78
1275 4 1232 82 1274 81 1276 62 8078 85
1276 4 1275 62 1277 53 5252 42 8273 33
1277 5 1276 53 1278 60 4978 6 6961 49 9642 59
1278 4 1277 60 1279 64 2976 34 8924 60
1279 2 1278 64 1280 3
1280 2 1279 3 1281 48
1281 5 1280 48 1282 33 2976 95 6769 34 8654 26
1282 4 1281 33 1283 2 1885 75 7026 30
1283 4 1282 2 1284 28 6002 1 6903 32
1284 2 1283 28 1285 39
1285 3 1284 39 1286 17 8281 5
1286 5 1285 17 1287 56 5252 57 5673 99 9069 75
1287 2 1286 56 1288 23
1288 3 1287 23 1289 53 9319 38
1289 9 710 61 875 20 1288 53 1290 4 6606 96 7069 19 8733 90 9324 54 9412 60
1290 4 1289 4 1291 44 2757 64 5887 68
1291 6 1290 44 1292 81 1586 76 2436 95 3746 39 4093 87
1292 2 1291 81 1293 36
1293 5 1084 62 1292 36 1294 9 2616 70 3432 65
1294 2 1293 9 1295 28
1295 5 1294 28 1296 4 2051 5 3064 55 3291 22
1296 4 1295 4 1297 46 2132 63 7789 71
1297 3 1296 46 1298 53 2759 55
1298 5 1297 53 1299 94 4354 35 5456 52 9705 12
1299 3 1298 94 1300 84 4892 21
1300 3 1299 84 1301 30 2449 58
1301 3 1300 30 1302 71 9748 6
1302 3 1301 71 1303 31 2831 36
1303 3 1302 31 1304 47 6091 43
1304 3 1303 47 1305 2 5295 76
1305 3 1304 2 1306 4 5033 96
1306 3 636 76 1305 4 1307 58
1307 5 1056 53 1306 58 1308 31 5000 27 5493 57
1308 2 1307 31 1309 74
1309 2 1308 74 1310 24
1310 5 956 28 1309 24 1311 63 8271 69 8807 41
1311 4 1310 63 1312 11 1854 10 8290 66
1312 3 450 17 1311 11 1313 62
1313 4 1312 62 1314 41 5763 66 6088 50
1314 4 1313 41 1315 79 7201 80 9021 69
1315 5 1314 79 1316 11 2397 60 6989 84 9364 10
1316 5 936 94 1315 11 1317 48 6646 82 7488 96
1317 3 1316 48 1318 52 4353 81
1318 4 1317 52 1319 92 4126 98 7312 83
1319 4 1318 92 1320 13 5562 82 7728 24
1320 2 1319 13 1321 72
1321 3 247 22 1320 72 1322 87
1322 2 1321 87 1323 59
1323 4 1322 59 1324 70 2572 39 3819 15
1324 4 222 87 1323 70 1325 24 8121 91
1325 4 1324 24 1326 60 7428 79 9657 16
1326 3 1325 60 1327 83 7217 54
1327 4 1326 83 1328 79 5753 11 6402 98
1328 3 1327 79 1329 57 5153 32
1329 3 1328 57 1330 85 1679 69
1330 5 1329 85 1331 1 1426 38 2105 70 9466 8
1331 5 944 13 1330 1 1332 42 3106 66 5443 67
1332 3 1331 42 1333 18 9101 84
1333 2 1332 18 1334 85
1334 3 1333 85 1335 35 5427 1
1335 4 1334 35 1336 10 1635 24 5370 63
1336 4 1335 10 1337 29 2913 68 7233 66
1337 6 718 12 1336 29 1338 57 2268 45 5099 23 8715 94
1338 5 1337 57 1339 6 2091 86 2745 35 9493 2
1339 2 1338 6 1340 11
1340 2 1339 11 1341 56
1341 4 1340 56 1342 75 1745 17 3446 87
1342 5 1341 75 1343 66 3333 40 4809 12 8165 56
1343 3 1342 66 1344 10 4055 85
1344 2 1343 10 1345 66
1345 3 1344 66 1346 66 2400 37
1346 3 1345 66 1347 88 8893 32
1347 3 484 25 1346 88 1348 2
1348 5 1347 2 1349 73 7675 98 7679 99 9082 29
1349 5 1348 73 1350 13 3483 80 7376 50 9891 92
1350 4 1349 13 1351 11 5854 25 7550 72
1351 4 1350 11 1352 40 3170 69 3658 93
1352 3 234 69 1351 40 1353 50
1353 3 1352 50 1354 71 7181 21
1354 3 1073 75 1353 71 1355 62
1355 5 70 99 355 51 1354 62 1356 86 9595 65
1356 3 1355 86 1357 71 3087 81
1357 3 1356 71 1358 42 9130 77
1358 4 1357 42 1359 70 2947 58 7479 5
1359 2 1358 70 1360 37
1360 4 122 35 1359 37 1361 5 5934 78
1361 3 1360 5 1362 83 4649 21
1362 5 1361 83 1363 54 1438 56 3566 12 5917 82
1363 2 1362 54 1364 43
1364 4 1221 28 1363 43 1365 68 6609 73
1365 6 1364 68 1366 52 2501 88 3819 41 4306 66 5400 49
1366 3 1365 52 1367 83 6123 94
1367 5 81 60 1144 25 1366 83 1368 62 5195 25
1368 4 1367 62 1369 72 1703 98 4375 81
1369 5 1368 72 1370 30 2878 75 4192 28 9431 10
1370 3 1369 30 1371 39 5732 94
1371 2 1370 39 1372 95
1372 4 1371 95 1373 95 4390 55 9505 51
1373 3 1130 82 1372 95 1374 82
1374 3 1373 82 1375 86 2187 68
1375 4 1374 86 1376 31 2561 5 6259 23
1376 2 1375 31 1377 16
1377 6 1376 16 1378 1 1685 55 4571 34 5978 81 6464 25
1378 2 1377 1 1379 34
1379 5 1378 34 1380 87 8949 58 9030 46 9654 49
1380 4 641 7 1379 87 1381 18 9969 57
1381 2 1380 18 1382 23
1382 4 1381 23 1383 47 1419 64 4361 51
1383 3 1382 47 1384 9 3164 24
1384 3 1383 9 1385 51 9020 54
1385 4 86 29 1384 51 1386 95 5705 6
1386 7 1385 95 1387 99 3929 33 6596 60 7666 72 7990 52 8295 2
1387 6 1386 99 1388 39 4074 57 7584 13 8540 16 9106 3
1388 3 1387 39 1389 37 9940 88
1389 2 1388 37 1390 53
1390 2 1389 53 1391 31
1391 4 867 78 1390 31 1392 72 4653 94
1392 7 1391 72 1393 80 2681 29 4704 39 7073 25 8013 33 8912 48
1393 5 1392 80 1394 56 2831 65 2888 68 7560 44
1394 6 1393 56 1395 98 4654 93 7173 34 7852 69 8797 9
1395 4 1394 98 1396 73 1863 50 7547 7
1396 4 1395 73 1397 80 6403 86 6459 80
1397 2 1396 80 1398 32
1398 3 1397 32 1399 58 8623 6
1399 4 686 99 1398 58 1400 82 2904 3
1400 3 1399 82 1401 100 1841 82
1401 4 1400 100 1402 45 1674 86 9147 34
1402 3 144 21 1401 45 1403 23
1403 2 1402 23 1404 60
1404 6 373 81 768 70 1403 60 1405 86 3556 70 5941 3
1405 4 254 34 1404 86 1406 77 8052 45
1406 6 1405 77 1407 5 3276 69 4514 97 5179 29 7744 79
1407 3 1406 5 1408 37 6118 27
1408 3 1407 37 1409 5 6157 5
1409 3 522 20 1408 5 1410 11
1410 2 1409 11 1411 37
1411 2 1410 37 1412 94
1412 4 298 5 1411 94 1413 61 8514 35
1413 3 1412 61 1414 12 6052 70
1414 5 1413 12 1415 45 3924 79 3979 30 7380 73
1415 5 1414 45 1416 6 8356 25 9323 23 9693 6
1416 5 1415 6 1417 61 4003 84 8305 85 9859 38
1417 5 1416 61 1418 98 5102 60 8134 23 8268 11
1418 3 1417 98 1419 16 4514 46
1419 5 1146 90 1382 64 1418 16 1420 90 5242 13
1420 5 1419 90 1421 10 5065 44 5116 28 9413 6
1421 3 1420 10 1422 93 2592 68
1422 4 1421 93 1423 31 4967 38 9684 42
1423 5 1422 31 1424 59 1956 92 5552 15 9336 12
1424 3 487 11 1423 59 1425 59
1425 2 1424 59 1426 43
1426 4 1119 14 1330 38 1425 43 1427 53
1427 5 1426 53 1428 75 2045 48 3111 17 9816 33
1428 2 1427 75 1429 23
1429 3 1428 23 1430 6 9800 50
1430 4 1429 6 1431 100 1621 85 4150 78
1431 7 899 7 1430 100 1432 95 4524 39 4797 53 5176 28 6194 43
1432 2 1431 95 1433 90
1433 3 1432 90 1434 78 7803 22
1434 6 747 24 1433 78 1435 27 1764 27 7273 51 8683 24
1435 3 1434 27 1436 94 8225 30
1436 3 1435 94 1437 52 6391 30
1437 4 1436 52 1438 28 6731 2 8497 1
1438 5 1362 56 1437 28 1439 95 4058 68 5265 36
1439 5 141 10 1014 40 1438 95 1440 32 3301 30
1440 4 1439 32 1441 99 5670 30 7255 94
1441 5 1440 99 1442 80 2379 26 3570 38 9555 92
1442 4 534 69 1441 80 1443 67 5667 37
1443 3 1442 67 1444 32 4395 54
1444 3 1443 32 1445 98 4959 87
1445 4 1444 98 1446 17 1900 47 8656 65
1446 5 1445 17 1447 31 1958 35 2612 54 3350 21
1447 3 1446 31 1448 2 7740 71
1448 5 1447 2 1449 74 6064 66 8788 61 9581 95
1449 3 507 54 1448 74 1450 39
1450 4 335 40 1449 39 1451 35 3631 99
1451 3 1450 35 1452 84 3641 3
1452 6 1451 84 1453 81 3669 28 7417 18 8616 65 9738 7
1453 3 331 66 1452 81 1454 6
1454 3 1453 6 1455 85 5962 61
1455 3 1454 85 1456 40 9063 38
1456 2 1455 40 1457 80
1457 5 1456 80 1458 13 1635 44 4690 100 9808 100
1458 2 1457 13 1459 26
1459 2 1458 26 1460 23
1460 4 1459 23 1461 28 2961 64 6472 59
1461 5 44 5 1460 28 1462 97 3560 81 4357 67
1462 5 1461 97 1463 41 4675 25 7385 30 8578 10
1463 5 1462 41 1464 38 1685 37 6450 23 7049 69
1464 5 1463 38 1465 82 6882 28 9388 29 9863 78
1465 5 1464 82 1466 71 2928 49 6219 19 7472 42
1466 5 1465 71 1467 76 2330 83 4406 98 4535 72
1467 8 1466 76 1468 9 2334 21 2874 26 4574 11 5792 55 6288 23 9230 1
1468 2 1467 9 1469 5
1469 6 1468 5 1470 14 3361 38 3628 22 7869 48 7888 39
1470 5 1469 14 1471 50 4532 93 5782 16 9964 44
1471 4 1470 50 1472 80 1901 38 8062 21
1472 3 1471 80 1473 92 5841 53
1473 3 1472 92 1474 10 2085 71
1474 3 1473 10 1475 26 2946 81
1475 5 1474 26 1476 7 2438 12 6108 3 8554 18
1476 5 1475 7 1477 6 2583 24 6156 4 8506 79
1477 4 1476 6 1478 86 2289 80 9340 58
1478 2 1477 86 1479 49
1479 2 1478 49 1480 72
1480 5 545 34 1479 72 1481 2 3569 89 4616 97
1481 2 1480 2 1482 57
1482 5 1481 57 1483 77 3493 83 3593 85 7840 6
1483 4 1482 77 1484 85 5330 45 8427 85
1484 2 1483 85 1485 67
1485 5 1484 67 1486 39 3629 43 3714 68 5113 85
1486 2 1485 39 1487 20
1487 6 870 93 1486 20 1488 26 6871 40 7363 99 8997 4
1488 4 1487 26 1489 7 3517 69 8428 31
1489 3 1488 7 1490 29 1533 2
1490 2 1489 29 1491 78
1491 3 19 29 1490 78 1492 54
1492 4 1491 54 1493 10 6750 71 8691 60
1493 3 1236 72 1492 10 1494 93
1494 3 1493 93 1495 68 4319 3
1495 3 1494 68 1496 82 9069 53
1496 5 1495 82 1497 52 1529 26 2931 83 4031 83
1497 5 1496 52 1498 43 4383 70 6300 84 7114 94
1498 4 1497 43 1499 70 4983 63 6502 25
1499 2 1498 70 1500 10
1500 6 1499 10 1501 49 4237 8 5082 47 6124 92 9150 42
1501 2 1500 49 1502 9
1502 5 518 46 1501 9 1503 12 2050 92 8479 34
1503 3 1502 12 1504 35 7691 61
1504 4 1503 35 1505 65 1727 17 8771 39
1505 3 791 12 1504 65 1506 58
1506 2 1505 58 1507 72
1507 2 1506 72 1508 56
1508 5 668 93 1507 56 1509 53 1823 12 8387 37
1509 5 1508 53 1510 57 4959 96 6656 67 8608 18
1510 4 1509 57 1511 93 7911 23 8772 25
1511 4 1510 93 1512 98 6031 75 9998 2
1512 5 1511 98 1513 64 3764 32 5801 57 7253 13
1513 5 50 97 1512 64 1514 12 4747 1 9852 75
1514 5 1513 12 1515 57 2492 59 8756 32 9767 95
1515 3 1514 57 1516 63 8009 33
1516 2 1515 63 1517 31
1517 3 1516 31 1518 93 2084 55
1518 4 1517 93 1519 95 2081 40 2779 3
1519 4 1518 95 1520 12 2151 76 4531 67
1520 2 1519 12 1521 30
1521 3 1520 30 1522 52 8114 50
1522 5 1521 52 1523 91 1997 22 2318 51 6665 32
1523 4 1522 91 1524 11 4032 95 9171 41
1524 4 1523 11 1525 1 5356 95 9494 76
1525 5 1103 4 1524 1 1526 88 3209 39 6312 79
1526 3 1525 88 1527 75 6327 2
1527 4 1526 75 1528 34 1704 65 2538 51
1528 3 1527 34 1529 18 7829 16
1529 4 1496 26 1528 18 1530 100 9380 47
1530 7 239 25 1529 100 1531 17 2854 63 4059 27 5862 63 7185 57
1531 3 1530 17 1532 22 8707 16
1532 3 1531 22 1533 76 7843 81
1533 6 76 7 1489 2 1532 76 1534 35 9315 78 9808 44
1534 7 1533 35 1535 32 2609 28 3488 3 3675 13 3887 99 8725 8
1535 4 1534 32 1536 40 4904 34 8551 44
1536 4 1535 40 1537 60 6092 25 9705 70
1537 5 1536 60 1538 40 8085 71 9809 2 9989 27
1538 3 1537 40 1539 16 9858 56
1539 3 1538 16 1540 55 8976 68
1540 3 1539 55 1541 53 2089 46
1541 4 1540 53 1542 61 1741 28 8080 46
1542 5 1541 61 1543 23 2910 80 7744 46 9398 7
1543 7 1542 23 1544 22 2085 7 2867 96 7704 50 8920 66 9502 99
1544 5 1543 22 1545 8 3420 77 6071 54 9925 4
1545 4 1544 8 1546 7 3027 78 5356 36
1546 5 1545 7 1547 84 2996 61 4003 72 8485 67
1547 4 1546 84 1548 39 4339 90 6377 44
1548 3 1547 39 1549 38 4133 93
1549 7 820 31 1072 46 1548 38 1550 30 3454 52 4431 81 6373 99
1550 3 1549 30 1551 56 2815 31
1551 5 667 72 1550 56 1552 11 8213 87 8611 68
1552 6 1551 11 1553 56 3730 94 4637 9 5312 3 7843 38
1553 4 1552 56 1554 72 2918 36 7258 8
1554 4 1553 72 1555 72 7641 89 9012 4
1555 5 1554 72 1556 2 2838 10 5267 47 7437 13
1556 5 1555 2 1557 6 3179 93 5248 59 8426 97
1557 5 359 4 1556 6 1558 78 3097 28 7249 4
1558 2 1557 78 1559 83
1559 6 1558 83 1560 5 2351 11 5169 67 7574 79 7945 1
1560 4 1559 5 1561 25 3028 16 7313 88
1561 6 642 7 1560 25 1562 98 4663 73 5400 21 6707 65
1562 3 1561 98 1563 24 7896 100
1563 4 1562 24 1564 38 2629 82 7973 49
1564 2 1563 38 1565 64
1565 3 1038 62 1564 64 1566 96
1566 6 378 19 673 43 1565 96 1567 12 4342 5 7994 75
1567 6 1566 12 1568 55 2397 95 4464 99 5607 76 6533 68
1568 4 1567 55 1569 11 2690 82 7052 96
1569 2 1568 11 1570 47
1570 2 1569 47 1571 5
1571 2 1570 5 1572 25
1572 2 1571 25 1573 30
1573 2 1572 30 1574 31
1574 9 460 65 1573 31 1575 50 3676 49 3894 41 5688 92 5981 49 7483 4 9535 80
1575 7 932 2 1574 50 1576 30 2401 40 6745 41 7896 5 9404 46
1576 2 1575 30 1577 61
1577 4 909 71 1576 61 1578 22 5504 76
1578 5 846 8 1577 22 1579 4 5281 29 9646 34
1579 4 1578 4 1580 19 5006 50 6872 44
1580 5 1579 19 1581 72 7186 60 7482 25 8855 48
1581 3 1580 72 1582 94 6429 97
1582 4 1581 94 1583 18 6781 15 9364 59
1583 4 414 82 1582 18 1584 61 4231 84
1584 3 1583 61 1585 75 5191 15
1585 4 1584 75 1586 74 6547 56 9121 67
1586 5 116 93 1291 76 1585 74 1587 8 8995 44
1587 5 872 17 1586 8 1588 20 2071 29 5733 20
1588 8 1587 20 1589 69 2973 93 5116 51 7188 44 7349 98 8510 83 9834 57
1589 4 173 99 1588 69 1590 97 2103 75
1590 4 1589 97 1591 48 2372 69 7499 8
1591 8 1590 48 1592 83 2433 84 2777 73 2818 27 4640 76 7249 31 7594 42
1592 3 1591 83 1593 69 1931 65
1593 3 1592 69 1594 30 7783 3
1594 3 1593 30 1595 86 4595 67
1595 5 1594 86 1596 76 5281 66 5721 38 7408 18
1596 6 1595 76 1597 36 1641 61 2120 85 4837 25 7523 70
1597 3 614 92 1596 36 1598 94
1598 5 715 16 1106 51 1597 94 1599 24 4743 79
1599 3 1598 24 1600 37 3596 18
1600 3 1599 37 1601 48 4627 59
1601 5 1600 48 1602 70 3489 97 6179 72 7655 27
1602 5 1184 19 1601 70 1603 43 8047 47 8325 8
1603 2 1602 43 1604 42
1604 2 1603 42 1605 36
1605 2 1604 36 1606 5
1606 6 1605 5 1607 59 4982 63 5949 59 6082 31 8651 66
1607 4 1606 59 1608 5 4010 84 9069 93
1608 5 1607 5 1609 4 2468 66 7104 78 8910 98
1609 6 651 96 1608 4 1610 90 4584 84 5487 15 9304 24
1610 3 1609 90 1611 74 6789 84
1611 2 1610 74 1612 16
1612 3 1611 16 1613 72 2421 70
1613 2 1612 72 1614 91
1614 4 1613 91 1615 75 6556 90 9842 52
1615 5 947 79 1222 27 1614 75 1616 66 2145 3
1616 5 1615 66 1617 87 3786 85 4173 92 4749 75
1617 3 1616 87 1618 59 9880 99
1618 3 1617 59 1619 97 7137 29
1619 4 1618 97 1620 73 2138 33 7926 56
1620 4 1619 73 1621 55 6145 41 6452 83
1621 4 1430 85 1620 55 1622 54 9659 60
1622 5 1621 54 1623 38 2105 78 2644 47 6351 25
1623 3 1622 38 1624 2 2387 21
1624 5 1623 2 1625 6 1981 88 6158 10 8132 47
1625 7 1624 6 1626 75 4450 2 5008 8 5528 3 8576 97 9316 69
1626 7 298 86 1625 75 1627 1 1768 53 2835 9 6178 7 6861 86
1627 5 1626 1 1628 86 3049 51 7098 95 8291 28
1628 3 812 12 1627 86 1629 83
1629 6 1037 7 1628 83 1630 55 4420 47 4913 97 9731 42
1630 4 1629 55 1631 89 1753 71 3730 2
1631 4 1630 89 1632 88 7215 90 8644 38
1632 3 1631 88 1633 92 7296 74
1633 5 1632 92 1634 75 1915 70 4833 75 7731 8
1634 3 1633 75 1635 42 9305 38
1635 5 1335 24 1457 44 1634 42 1636 86 9553 33
1636 2 1635 86 1637 47
1637 4 286 29 1636 47 1638 42 8425 95
1638 3 1637 42 1639 40 4434 79
1639 5 1638 40 1640 49 1984 95 7982 69 8707 66
1640 3 1639 49 1641 74 8886 93
1641 9 1167 57 1596 61 1640 74 1642 25 1909 29 2020 20 5069 52 5945 43 9951 41
1642 3 1641 25 1643 46 5522 33
1643 4 1642 46 1644 97 2500 67 3498 83
1644 4 1643 97 1645 66 3822 22 6246 78
1645 3 1644 66 1646 24 3875 22
1646 4 840 62 1645 24 1647 87 7823 99
1647 4 1646 87 1648 60 6584 43 6770 52
1648 6 582 68 1647 60 1649 22 4514 92 7026 8 7500 67
1649 2 1648 22 1650 55
1650 4 1649 55 1651 100 4780 20 6942 82
1651 4 1650 100 1652 65 7014 17 7279 68
1652 4 1651 65 1653 90 6084 58 9613 71
1653 4 1652 90 1654 63 5395 60 7920 66
1654 4 588 16 1653 63 1655 10 9695 12
1655 3 1654 10 1656 95 4739 9
1656 4 956 38 1655 95 1657 53 5142 4
1657 3 377 11 1656 53 1658 75
1658 3 1657 75 1659 54 2807 45
1659 4 1084 46 1658 54 1660 22 8288 30
1660 3 1659 22 1661 62 5266 44
1661 4 1660 62 1662 95 4399 79 4758 71
1662 5 715 52 1661 95 1663 13 1941 75 9613 62
1663 2 1662 13 1664 100
1664 3 1663 100 1665 31 7519 10
1665 4 1043 36 1664 31 1666 27 5560 68
1666 4 1665 27 1667 88 7714 21 9682 79
1667 3 1666 88 1668 38 3809 16
1668 3 1667 38 1669 24 7416 5
1669 5 1668 24 1670 54 2409 21 3294 11 9999 5
1670 3 1669 54 1671 40 2062 73
1671 4 695 75 1670 40 1672 10 9057 48
1672 4 1671 10 1673 91 2526 71 7030 84
1673 4 1672 91 1674 7 5382 60 8524 96
1674 7 1401 86 1673 7 1675 67 2016 30 8662 88 8674 69 8899 37
1675 3 1674 67 1676 58 7836 98
1676 3 1675 58 1677 54 5969 33
1677 4 1676 54 1678 46 4238 18 9775 64
1678 4 1677 46 1679 60 3400 3 9794 45
1679 6 1329 69 1678 60 1680 32 2892 53 4947 21 6422 47
1680 3 1679 32 1681 38 9057 20
1681 5 1680 38 1682 44 4525 48 6000 29 9983 7
1682 4 1681 44 1683 62 6506 68 8320 74
1683 4 1682 62 1684 20 3012 31 5775 42
1684 4 1683 20 1685 85 6172 24 9611 8
1685 6 259 46 1377 55 1463 37 1684 85 1686 66 4638 11
1686 4 1685 66 1687 14 6717 7 7061 25
1687 4 1017 31 1686 14 1688 66 7729 68
1688 3 1687 66 1689 35 2819 33
1689 2 1688 35 1690 3
1690 5 1689 3 1691 47 2642 85 4960 73 6781 51
1691 5 360 3 1690 47 1692 39 6507 82 7727 76
1692 2 1691 39 1693 31
1693 3 1692 31 1694 55 3064 87
1694 5 1693 55 1695 72 3450 89 5847 67 7247 15
1695 4 1694 72 1696 49 2340 45 7096 59
1696 3 1695 49 1697 39 2385 17
1697 4 786 59 1696 39 1698 93 5721 59
1698 6 351 38 1697 93 1699 46 3604 73 5507 82 5932 72
1699 4 1698 46 1700 14 5409 93 7105 14
1700 4 941 7 1699 14 1701 3 6163 68
1701 4 1700 3 1702 93 4602 39 9622 48
1702 3 1701 93 1703 60 3475 88
1703 4 1368 98 1702 60 1704 86 9653 10
1704 4 1527 65 1703 86 1705 31 9830 39
1705 3 1704 31 1706 81 7645 39
1706 3 1705 81 1707 13 4698 73
1707 4 1706 13 1708 97 2492 18 2968 92
1708 4 338 76 1707 97 1709 55 8552 9
1709 2 1708 55 1710 64
1710 6 1709 64 1711 49 2203 1 4269 19 4873 24 6770 41
1711 3 1710 49 1712 98 5378 23
1712 2 1711 98 1713 17
1713 2 1712 17 1714 48
1714 6 1030 91 1713 48 1715 89 4748 44 7415 17 7626 73
1715 4 1714 89 1716 43 6233 55 8145 78
1716 4 1715 43 1717 10 5720 11 6081 35
1717 2 1716 10 1718 87
1718 3 1717 87 1719 19 5260 42
1719 2 1718 19 1720 80
1720 4 1719 80 1721 87 5420 23 7106 10
1721 5 1720 87 1722 64 4036 68 5754 87 6887 76
1722 3 1721 64 1723 9 8780 36
1723 3 1722 9 1724 62 2657 68
1724 5 1723 62 1725 100 5370 64 8165 34 9491 31
1725 2 1724 100 1726 99
1726 2 1725 99 1727 31
1727 5 1504 17 1726 31 1728 4 4562 35 9010 78
1728 4 1727 4 1729 18 3370 1 7308 3
1729 6 1728 18 1730 75 2206 14 2294 37 2468 90 6408 49
1730 3 1729 75 1731 28 6100 43
1731 7 119 70 1730 28 1732 95 3475 57 4667 51 8740 83 9290 70
1732 3 1731 95 1733 77 6550 6
1733 5 1732 77 1734 58 2515 5 7498 91 9338 24
1734 6 1194 3 1733 58 1735 89 2999 4 3085 75 9971 47
1735 5 315 7 1734 89 1736 6 3916 89 7915 73
1736 4 1735 6 1737 77 6383 55 8959 17
1737 3 1736 77 1738 75 8670 69
1738 3 1737 75 1739 74 7478 80
1739 6 1124 22 1738 74 1740 14 7678 23 9614 65 9928 58
1740 3 1739 14 1741 56 8841 48
1741 5 1541 28 1740 56 1742 10 4084 62 4864 17
1742 3 1741 10 1743 1 5547 97
1743 4 1742 1 1744 52 6896 81 9280 41
1744 4 1743 52 1745 43 3913 39 7909 67
1745 7 107 27 453 36 1341 17 1744 43 1746 2 2692 9 6305 16
1746 3 1745 2 1747 83 3793 48
1747 2 1746 83 1748 12
1748 7 255 82 1747 12 1749 62 4225 84 4463 84 5157 2 7248 33
1749 4 1037 33 1748 62 1750 94 9588 49
1750 4 1043 61 1749 94 1751 7 4781 42
1751 5 1750 7 1752 42 2196 99 5935 63 6971 92
1752 4 1196 78 1751 42 1753 26 9592 85
1753 3 1630 71 1752 26 1754 24
1754 4 1753 24 1755 39 4754 40 9535 39
1755 7 662 61 1754 39 1756 12 4351 83 5021 64 5304 14 9753 31
1756 3 1755 12 1757 85 8049 74
1757 3 1756 85 1758 4 9153 94
1758 4 1757 4 1759 33 1932 61 9204 55
1759 4 1758 33 1760 21 4224 38 8150 92
1760 5 366 38 740 3 1759 21 1761 59 1912 44
1761 3 1760 59 1762 11 7941 42
1762 3 1761 11 1763 20 9650 20
1763 3 1762 20 1764 28 5455 32
1764 4 1434 27 1763 28 1765 77 4301 59
1765 4 789 98 1764 77 1766 80 7369 2
1766 7 33 35 1765 80 1767 48 2686 32 2688 41 4270 29 5265 90
1767 4 1766 48 1768 97 5643 14 6792 77
1768 3 1626 53 1767 97 1769 27
1769 2 1768 27 1770 66
1770 3 257 99 1769 66 1771 53
1771 3 1770 53 1772 79 2779 92
1772 7 1242 30 1771 79 1773 34 4581 45 7276 30 9057 42 9838 41
1773 5 1197 25 1772 34 1774 82 7599 14 8086 3
1774 3 1165 48 1773 82 1775 42
1775 2 1774 42 1776 48
1776 3 1775 48 1777 58 4533 71
1777 2 1776 58 1778 90
1778 3 714 84 1777 90 1779 38
1779 5 1778 38 1780 2 1914 74 4038 8 4468 20
1780 5 1779 2 1781 64 3612 78 7762 19 8351 30
1781 2 1780 64 1782 92
1782 8 1781 92 1783 24 3602 72 4471 88 4892 36 5215 83 6863 36 7606 10
1783 3 1782 24 1784 13 9232 17
1784 5 1783 13 1785 92 3366 98 6391 62 7836 49
1785 3 1784 92 1786 85 6307 12
1786 4 1785 85 1787 29 1887 27 5376 67
1787 3 1786 29 1788 88 8548 26
1788 4 1787 88 1789 99 7137 41 7905 61
1789 5 1788 99 1790 67 2934 50 3610 17 3900 17
1790 4 1789 67 1791 37 7964 65 9636 19
1791 3 1790 37 1792 95 5404 1
1792 7 84 34 1791 95 1793 73 2448 5 3748 25 5957 87 8588 15
1793 4 1792 73 1794 81 9171 30 9547 17
1794 2 1793 81 1795 44
1795 4 1794 44 1796 78 3981 31 7582 99
1796 3 1795 78 1797 67 5652 58
1797 4 1796 67 1798 68 6822 59 8055 41
1798 5 133 90 201 68 1797 68 1799 91 3956 83
1799 6 1798 91 1800 38 4333 42 5799 98 8073 49 9086 39
1800 6 1799 38 1801 3 2936 7 3062 4 5998 77 7373 49
1801 5 1800 3 1802 55 3753 68 4319 14 4834 90
1802 5 1234 73 1801 55 1803 90 7639 11 9124 20
1803 2 1802 90 1804 78
1804 3 1803 78 1805 42 6256 62
1805 2 1804 42 1806 89
1806 4 1805 89 1807 61 2470 76 9053 17
1807 5 1806 61 1808 66 4560 65 5087 87 8486 78
1808 2 1807 66 1809 89
1809 2 1808 89 1810 15
1810 2 1809 15 1811 16
1811 8 1810 16 1812 67 5035 28 6194 5 7853 89 7910 59 8536 42 9640 63
1812 2 1811 67 1813 29
1813 4 1812 29 1814 69 3218 99 6478 23
1814 3 1813 69 1815 94 8319 85
1815 3 1814 94 1816 63 7462 100
1816 2 1815 63 1817 36
1817 3 1816 36 1818 82 4983 45
1818 4 1817 82 1819 22 3082 23 5482 35
1819 5 1818 22 1820 66 3396 36 4353 87 5006 82
1820 2 1819 66 1821 98
1821 5 1820 98 1822 70 3417 86 5299 98 9398 46
1822 5 1821 70 1823 29 2758 100 2911 51 2970 30
1823 4 1508 12 1822 29 1824 25 6196 73
1824 4 1823 25 1825 9 4147 11 5561 99
1825 5 1824 9 1826 75 6426 90 7474 77 7501 66
1826 2 1825 75 1827 84
1827 4 1826 84 1828 27 2512 16 5237 79
1828 3 1827 27 1829 38 9572 32
1829 4 1828 38 1830 73 3823 28 4408 7
1830 4 1829 73 1831 29 4138 38 6356 52
1831 3 1830 29 1832 63 7795 37
1832 3 1831 63 1833 93 3948 28
1833 4 1832 93 1834 98 5154 36 6420 35
1834 4 963 36 1833 98 1835 42 4104 55
1835 3 1834 42 1836 72 9297 48
1836 3 1835 72 1837 79 7455 55
1837 5 1836 79 1838 54 4704 95 4942 23 5062 58
1838 5 1837 54 1839 77 2196 65 4589 21 8541 26
1839 3 1838 77 1840 19 9200 80
1840 5 1839 19 1841 15 5150 17 6633 28 9014 93
1841 8 631 37 1400 82 1840 15 1842 16 3939 63 8983 73 9139 84 9260 34
1842 6 1841 16 1843 66 4368 39 6637 20 7229 58 7286 47
1843 4 1842 66 1844 76 8665 13 9495 93
1844 4 1843 76 1845 68 6820 29 7838 7
1845 2 1844 68 1846 2
1846 3 1845 2 1847 12 8680 73
1847 6 1027 97 1846 12 1848 36 4071 82 8244 58 9560 62
1848 3 1847 36 1849 83 5890 61
1849 3 1848 83 1850 6 6056 49
1850 3 1849 6 1851 89 3025 52
1851 5 1850 89 1852 31 1926 42 5437 72 9029 71
1852 2 1851 31 1853 23
1853 2 1852 23 1854 66
1854 3 1311 10 1853 66 1855 71
1855 5 1854 71 1856 15 3175 19 6341 44 7087 21
1856 4 1855 15 1857 40 4159 91 8034 74
1857 5 1856 40 1858 80 5007 21 6540 85 9452 20
1858 4 1857 80 1859 84 4542 75 6294 31
1859 6 1858 84 1860 34 5586 26 6668 28 7387 27 9667 41
1860 3 1859 34 1861 64 3204 98
1861 5 1860 64 1862 88 2627 44 6495 49 7182 61
1862 5 1861 88 1863 92 2083 28 4074 67 8637 44
1863 3 1395 50 1862 92 1864 43
1864 2 1863 43 1865 69
1865 7 673 52 1864 69 1866 52 3871 25 6954 70 7510 28 9416 31
1866 4 1865 52 1867 18 2277 77 5709 61
1867 5 1174 55 1866 18 1868 11 4111 31 4620 53
1868 2 1867 11 1869 61
1869 4 1868 61 1870 57 3773 9 8260 51
1870 4 1869 57 1871 80 2902 44 7296 18
1871 2 1870 80 1872 7
1872 4 120 51 1871 7 1873 9 2373 66
1873 7 1116 40 1872 9 1874 9 2202 4 4743 49 6793 80 8037 25
1874 4 1873 9 1875 69 1887 68 4104 72
1875 4 1874 69 1876 42 4901 6 9085 41
1876 2 1875 42 1877 21
1877 4 1876 21 1878 12 2491 93 3470 67
1878 4 1877 12 1879 24 2174 18 5434 82
1879 4 1878 24 1880 50 8465 74 9899 90
1880 2 1879 50 1881 78
1881 3 1880 78 1882 64 8101 93
1882 4 1881 64 1883 57 5011 5 6833 83
1883 3 1882 57 1884 41 3640 55
1884 4 640 1 1883 41 1885 47 8319 65
1885 4 1282 75 1884 47 1886 55 4316 38
1886 4 1192 34 1885 55 1887 44 8584 68
1887 6 1786 27 1874 68 1886 44 1888 89 5067 93 8930 23
1888 3 1887 89 1889 11 6736 56
1889 2 1888 11 1890 2
1890 4 1889 2 1891 2 3703 14 9400 42
1891 4 1890 2 1892 66 2229 43 7201 2
1892 2 1891 66 1893 62
1893 5 1892 62 1894 74 2351 66 4873 28 6823 33
1894 6 259 12 1893 74 1895 31 3103 60 3898 12 4532 77
1895 5 317 85 1894 31 1896 20 3138 15 6083 87
1896 4 1895 20 1897 22 5798 79 8761 50
1897 5 1896 22 1898 35 3041 30 8893 58 9852 82
1898 4 1897 35 1899 22 6076 67 9353 9
1899 4 1898 22 1900 36 5791 10 7768 31
1900 6 751 43 1262 100 1445 47 1899 36 1901 15 5446 18
1901 4 1471 38 1900 15 1902 73 5884 66
1902 3 1901 73 1903 63 6362 90
1903 5 1902 63 1904 20 5257 36 5791 71 5996 75
1904 5 1903 20 1905 40 2823 40 7348 1 8853 76
1905 6 1904 40 1906 3 3142 77 3242 58 5089 38 9681 15
1906 2 1905 3 1907 25
1907 2 1906 25 1908 34
1908 3 494 82 1907 34 1909 60
1909 4 1641 29 1908 60 1910 96 9624 75
1910 4 803 55 1909 96 1911 69 6990 25
1911 2 1910 69 1912 91
1912 4 1760 44 1911 91 1913 80 5685 2
1913 8 409 84 1912 80 1914 78 2576 67 4648 44 6004 16 7722 17 7858 67
1914 5 1779 74 1913 78 1915 14 8758 8 9239 82
1915 5 1633 70 1914 14 1916 70 5627 94 6401 88
1916 2 1915 70 1917 2
1917 5 155 77 1916 2 1918 77 3990 6 4087 97
1918 4 268 84 1917 77 1919 30 8552 75
1919 4 1918 30 1920 4 2741 82 3623 34
1920 4 1919 4 1921 2 3805 19 4931 29
1921 4 21 19 1920 2 1922 89 7116 83
1922 2 1921 89 1923 6
1923 6 1922 6 1924 76 1965 80 2704 77 5521 12 8381 13
1924 5 750 16 1923 76 1925 4 4999 47 9677 56
1925 5 74 15 1924 4 1926 79 3808 72 6483 84
1926 4 769 89 1851 42 1925 79 1927 46
1927 2 1926 46 1928 70
1928 4 1927 70 1929 7 6468 52 9871 73
1929 3 505 44 1928 7 1930 71
1930 7 294 9 1929 71 1931 14 3481 49 4493 62 5374 32 9037 22
1931 4 1592 65 1930 14 1932 55 5099 92
1932 3 1758 61 1931 55 1933 93
1933 6 1932 93 1934 37 2973 86 4737 11 8713 85 8739 70
1934 3 1933 37 1935 5 3083 47
1935 6 1934 5 1936 47 4278 78 6682 65 7334 25 8316 45
1936 2 1935 47 1937 88
1937 4 1936 88 1938 57 2969 51 6143 69
1938 3 1937 57 1939 76 6403 91
1939 5 43 29 1938 76 1940 67 3637 21 7360 73
1940 5 1939 67 1941 56 6488 43 8099 59 9740 60
1941 5 1662 75 1940 56 1942 32 5548 57 7114 72
1942 3 1941 32 1943 57 6810 23
1943 5 251 95 1942 57 1944 49 3616 18 4278 49
1944 5 1943 49 1945 59 2243 15 5965 19 7252 61
1945 4 770 58 1944 59 1946 20 3514 51
1946 6 1945 20 1947 57 5673 20 6391 94 7090 22 8677 92
1947 3 1946 57 1948 56 4499 4
1948 3 30 10 1947 56 1949 64
1949 4 1948 64 1950 5 3316 72 7910 16
1950 4 560 30 1949 5 1951 40 3043 21
1951 3 1950 40 1952 72 6017 55
1952 3 1951 72 1953 20 5308 70
1953 5 1952 20 1954 91 6847 18 7248 54 9596 45
1954 6 1953 91 1955 71 4564 79 5020 5 5500 84 6578 34
1955 3 1954 71 1956 16 3269 38
1956 8 1423 92 1955 16 1957 48 2047 52 2821 72 6635 4 8655 67 9076 90
1957 6 1956 48 1958 10 3315 56 4028 4 6723 97 7257 31
1958 5 1446 35 1957 10 1959 74 2135 64 2653 71
1959 3 1958 74 1960 32 6501 56
1960 2 1959 32 1961 36
1961 2 1960 36 1962 32
1962 3 1961 32 1963 66 8412 53
1963 5 1962 66 1964 36 3593 27 5816 39 6701 57
1964 6 895 61 1963 36 1965 65 5051 96 6812 12 6983 18
1965 5 1923 80 1964 65 1966 78 4340 77 4752 54
1966 3 1965 78 1967 39 6286 73
1967 3 1966 39 1968 77 5025 43
1968 5 675 17 1967 77 1969 70 5980 41 6780 30
1969 4 1968 70 1970 65 4636 5 6039 24
1970 5 1969 65 1971 75 2887 85 5189 54 9534 95
1971 4 1970 75 1972 41 3322 67 6735 17
1972 5 1268 58 1971 41 1973 7 5877 64 8049 30
1973 2 1972 7 1974 10
1974 3 1973 10 1975 91 6415 13
1975 2 1974 91 1976 35
1976 3 1975 35 1977 7 4143 29
1977 4 1976 7 1978 70 4629 96 9924 65
1978 6 1977 70 1979 57 2180 98 3940 76 4674 95 6525 80
1979 3 1978 57 1980 7 6280 45
1980 2 1979 7 1981 16
1981 5 1624 88 1980 16 1982 81 6800 15 9648 55
1982 4 1981 81 1983 50 4703 35 4835 35
1983 4 1982 50 1984 100 5368 10 7518 9
1984 5 1639 95 1983 100 1985 92 3485 65 6786 30
1985 2 1984 92 1986 83
1986 4 727 59 1985 83 1987 41 9422 97
1987 6 1986 41 1988 64 5983 62 7449 67 8325 38 8652 83
1988 5 1987 64 1989 98 2660 5 3539 49 3552 94
1989 5 550 32 1988 98 1990 29 3889 69 4361 26
1990 3 1989 29 1991 59 4301 87
1991 2 1990 59 1992 55
1992 6 1991 55 1993 93 3479 83 3862 54 4531 62 7716 13
1993 2 1992 93 1994 58
1994 5 895 85 1993 58 1995 89 2496 97 8269 67
1995 3 1994 89 1996 42 3531 89
1996 2 1995 42 1997 56
1997 4 1522 22 1996 56 1998 31 4492 60
1998 2 1997 31 1999 83
1999 3 67 32 1998 83 2000 18
2000 4 1999 18 2001 17 3835 70 7351 85
2001 4 2000 17 2002 17 2868 15 9980 39
2002 3 2001 17 2003 43 3044 40
2003 2 2002 43 2004 15
2004 2 2003 15 2005 89
2005 3 2004 89 2006 44 8144 53
2006 4 2005 44 2007 92 4064 1 5042 56
2007 5 172 51 2006 92 2008 69 2217 13 3803 88
2008 4 2007 69 2009 77 4947 8 7425 9
2009 4 1087 64 2008 77 2010 26 3033 51
2010 3 2009 26 2011 1 5664 26
2011 3 559 5 2010 1 2012 34
2012 3 2011 34 2013 25 9986 97
2013 2 2012 25 2014 14
2014 6 2013 14 2015 94 2197 4 5078 60 6147 6 6175 69
2015 5 2014 94 2016 22 5571 40 6769 61 8311 19
2016 6 221 92 1674 30 2015 22 2017 7 6064 65 9438 2
2017 5 2016 7 2018 12 3922 32 4754 46 9901 64
2018 5 2017 12 2019 10 2600 57 4529 100 9950 55
2019 3 2018 10 2020 90 3265 62
2020 3 1641 20 2019 90 2021 13
2021 4 2020 13 2022 41 6056 27 7187 97
2022 2 2021 41 2023 78
2023 2 2022 78 2024 37
2024 4 2023 37 2025 90 3099 43 4398 38
2025 5 2024 90 2026 64 2503 27 6954 81 9463 13
2026 4 2025 64 2027 44 2653 82 4250 7
2027 5 350 18 1072 3 2026 44 2028 63 5395 21
2028 3 2027 63 2029 22 5406 89
2029 5 1018 49 2028 22 2030 78 3491 79 4108 25
2030 6 2029 78 2031 32 7140 18 7450 41 8888 50 9590 94
2031 3 2030 32 2032 9 2309 2
2032 4 2031 9 2033 98 4344 58 7523 19
2033 4 2032 98 2034 21 2209 42 5038 100
2034 3 2033 21 2035 2 2786 18
2035 3 2034 2 2036 38 3503 57
2036 4 2035 38 2037 79 8221 96 9698 97
2037 5 2036 79 2038 2 3647 4 6841 81 8003 36
2038 4 2037 2 2039 98 6149 83 6848 10
2039 4 349 56 2038 98 2040 8 8799 10
2040 4 2039 8 2041 85 2640 17 7019 75
2041 3 2040 85 2042 31 2054 9
2042 5 538 37 2041 31 2043 66 2649 40 6533 56
2043 3 2042 66 2044 2 9499 54
2044 4 2043 2 2045 78 2430 6 9647 48
2045 6 240 7 1427 48 2044 78 2046 99 4408 90 7642 20
2046 4 499 64 2045 99 2047 14 6383 7
2047 3 1956 52 2046 14 2048 45
2048 4 2047 45 2049 8 7054 93 9750 86
2049 3 2048 8 2050 52 5637 27
2050 3 1502 92 2049 52 2051 90
2051 5 1295 5 2050 90 2052 100 9075 76 9175 27
2052 3 397 44 2051 100 2053 6
2053 4 2052 6 2054 33 2424 33 6849 22
2054 4 2041 9 2053 33 2055 38 4523 58
2055 5 2054 38 2056 14 2675 43 3507 38 4217 54
2056 5 2055 14 2057 73 2171 27 3617 40 9781 35
2057 3 2056 73 2058 40 8303 4
2058 4 527 82 2057 40 2059 65 9367 3
2059 3 2058 65 2060 25 4926 40
2060 4 1021 61 2059 25 2061 55 7296 42
2061 2 2060 55 2062 59
2062 5 1670 73 2061 59 2063 19 7450 20 9251 13
2063 5 326 72 2062 19 2064 45 3495 27 8614 89
2064 6 2063 45 2065 21 4636 24 6132 84 7111 77 7393 5
2065 2 2064 21 2066 16
2066 4 2065 16 2067 47 5338 6 8611 21
2067 3 2066 47 2068 57 8679 28
2068 3 2067 57 2069 12 8497 29
2069 3 2068 12 2070 6 7257 44
2070 4 2069 6 2071 50 3515 31 4486 5
2071 3 1587 29 2070 50 2072 32
2072 6 36 14 142 62 2071 32 2073 14 4073 56 8984 24
2073 5 780 78 2072 14 2074 1 5805 27 7084 46
2074 5 2073 1 2075 79 3492 73 5265 99 9381 61
2075 4 2074 79 2076 62 3268 25 6111 49
2076 4 2075 62 2077 5 4411 8 9824 57
2077 3 2076 5 2078 5 4532 12
2078 2 2077 5 2079 30
2079 5 489 48 971 94 2078 30 2080 46 8146 90
2080 4 2079 46 2081 43 3594 68 5418 81
2081 5 891 82 1518 40 2080 43 2082 54 7746 25
2082 2 2081 54 2083 54
2083 7 1862 28 2082 54 2084 13 3326 44 3543 45 7643 8 7896 73
2084 6 53 38 1517 55 2083 13 2085 63 4849 98 5704 2
2085 7 630 48 858 27 1473 71 1543 7 2084 63 2086 66 9246 38
2086 4 2085 66 2087 86 4437 13 4982 12
2087 3 2086 86 2088 54 5323 41
2088 4 525 92 2087 54 2089 44 8753 92
2089 7 1253 95 1540 46 2088 44 2090 40 2931 34 8185 74 8572 99
2090 4 2089 40 2091 66 2109 92 7005 53
2091 5 1338 86 2090 66 2092 2 7141 26 8795 53
2092 4 2091 2 2093 66 2238 64 2243 33
2093 5 1254 97 2092 66 2094 44 5633 19 6928 70
2094 7 2093 44 2095 54 6156 62 6309 98 7095 3 7716 27 7895 97
2095 5 2094 54 2096 24 2603 70 7399 97 7675 40
2096 4 924 58 2095 24 2097 5 3728 65
2097 5 2096 5 2098 33 2409 78 3833 15 8016 12
2098 3 2097 33 2099 48 4286 51
2099 2 2098 48 2100 22
2100 6 2099 22 2101 74 3169 71 6839 67 7262 22 7711 62
2101 2 2100 74 2102 81
2102 2 2101 81 2103 62
2103 6 624 68 1589 75 2102 62 2104 73 3148 5 9093 30
2104 3 2103 73 2105 66 5534 86
2105 5 1330 70 1622 78 2104 66 2106 91 8002 83
2106 5 1065 6 2105 91 2107 82 5081 88 5775 66
2107 2 2106 82 2108 47
2108 3 2107 47 2109 46 4667 63
2109 4 2090 92 2108 46 2110 12 8797 4
2110 4 365 72 2109 12 2111 43 8443 10
2111 5 2110 43 2112 3 4341 18 7855 59 7901 76
2112 3 2111 3 2113 13 2806 63
2113 6 82 45 873 52 2112 13 2114 65 3621 78 4574 59
2114 3 2113 65 2115 66 3863 1
2115 6 2114 66 2116 94 4424 37 5468 75 5816 53 9956 87
2116 4 2115 94 2117 81 8356 45 9637 28
2117 4 2116 81 2118 62 5023 26 6958 46
2118 3 2117 62 2119 35 7630 88
2119 6 361 5 2118 35 2120 78 3083 63 5065 91 9435 65
2120 4 1596 85 2119 78 2121 26 9744 98
2121 4 2120 26 2122 10 2226 18 9569 74
2122 3 2121 10 2123 86 3779 45
2123 2 2122 86 2124 19
2124 4 2123 19 2125 63 2882 62 9191 24
2125 2 2124 63 2126 76
2126 5 2125 76 2127 61 6846 51 7936 41 8167 50
2127 6 2126 61 2128 99 3737 24 4830 87 5882 80 6968 10
2128 2 2127 99 2129 47
2129 2 2128 47 2130 60
2130 4 2129 60 2131 46 4658 48 7118 58
2131 6 2130 46 2132 38 2852 14 4022 66 5014 39 7807 24
2132 4 1296 63 2131 38 2133 69 7485 40
2133 3 2132 69 2134 86 3469 81
2134 5 363 67 864 64 2133 86 2135 73 9584 64
2135 4 1958 64 2134 73 2136 38 6460 11
2136 5 2135 38 2137 40 6183 93 7338 80 9797 17
2137 3 2136 40 2138 100 4793 15
2138 7 1206 7 1619 33 2137 100 2139 100 8056 30 8616 36 8968 78
2139 7 2138 100 2140 90 2626 43 4094 69 4331 45 7407 30 9043 64
2140 2 2139 90 2141 60
2141 8 2140 60 2142 65 4546 33 4697 82 5959 59 8420 69 9756 22 9816 28
2142 4 2141 65 2143 100 2146 59 9706 33
2143 2 2142 100 2144 3
2144 4 182 61 2143 3 2145 27 9764 99
2145 5 1615 3 2144 27 2146 73 4898 73 7029 74
2146 5 2142 59 2145 73 2147 6 3617 31 8125 85
2147 3 2146 6 2148 49 5833 83
2148 6 2147 49 2149 89 2989 11 3817 83 6755 79 7510 20
2149 5 2148 89 2150 35 3718 63 7137 73 8789 72
2150 4 2149 35 2151 48 6979 99 8698 43
2151 4 1519 76 2150 48 2152 30 9117 72
2152 5 1243 93 2151 30 2153 1 3233 5 8267 44
2153 6 647 33 2152 1 2154 80 4459 97 4464 67 6953 44
2154 5 87 77 2153 80 2155 53 6613 1 7752 39
2155 4 2154 53 2156 66 4302 35 7350 54
2156 2 2155 66 2157 70
2157 4 965 43 2156 70 2158 96 8854 26
2158 5 2157 96 2159 1 4173 89 7508 46 8415 82
2159 3 2158 1 2160 20 5919 42
2160 4 286 84 2159 20 2161 34 8336 19
2161 4 2160 34 2162 47 2243 74 7507 48
2162 6 2161 47 2163 47 7962 62 8208 97 9076 96 9466 93
2163 3 2162 47 2164 64 7505 48
2164 6 121 10 637 57 2163 64 2165 88 7298 95 7745 26
2165 5 827 94 2164 88 2166 4 3311 84 7738 46
2166 7 2165 4 2167 31 2547 68 5894 14 7221 3 7604 91 7656 15
2167 3 2166 31 2168 29 4072 47
2168 3 2167 29 2169 6 3330 74
2169 5 42 74 78 46 2168 6 2170 50 9253 33
2170 5 2169 50 2171 7 7075 45 7077 86 8538 65
2171 5 2056 27 2170 7 2172 42 8896 34 9267 23
2172 4 101 94 2171 42 2173 60 7420 79
2173 5 2172 60 2174 5 9007 54 9447 84 9668 54
2174 4 1878 18 2173 5 2175 21 9171 25
2175 4 2174 21 2176 44 2667 78 8207 93
2176 7 2175 44 2177 49 2741 10 5329 86 7153 99 8677 55 9218 66
2177 4 2176 49 2178 38 5147 70 7023 61
2178 2 2177 38 2179 16
2179 2 2178 16 2180 76
2180 5 1978 98 2179 76 2181 87 3085 59 5623 65
2181 3 2180 87 2182 49 7382 8
2182 2 2181 49 2183 46
2183 2 2182 46 2184 59
2184 5 2183 59 2185 63 4580 75 7558 89 7648 96
2185 4 2184 63 2186 36 3207 2 4864 89
2186 9 534 70 685 39 2185 36 2187 59 2235 59 2805 64 4884 14 5507 32 6745 35
2187 6 1374 68 2186 59 2188 74 3664 61 7445 91 7793 60
2188 4 200 85 2187 74 2189 75 3602 66
2189 2 2188 75 2190 7
2190 3 311 62 2189 7 2191 65
2191 5 2190 65 2192 36 6326 44 7652 13 9306 53
2192 5 2191 36 2193 32 4348 42 4821 90 9819 67
2193 5 105 79 2192 32 2194 73 6184 35 9023 77
2194 2 2193 73 2195 32
2195 5 2194 32 2196 56 6749 56 6754 50 8725 69
2196 6 561 35 1751 99 1838 65 2195 56 2197 82 2427 51
2197 4 1141 42 2014 4 2196 82 2198 83
2198 5 1215 8 2197 83 2199 25 7095 40 9821 27
2199 5 115 14 2198 25 2200 64 3966 81 4864 64
2200 4 2199 64 2201 39 6690 87 8489 38
2201 3 2200 39 2202 50 9912 19
2202 5 1873 4 2201 50 2203 69 6845 13 6888 99
2203 4 1710 1 2202 69 2204 79 2313 63
2204 5 2203 79 2205 70 2573 82 8896 70 9712 44
2205 4 2204 70 2206 85 7771 31 7894 75
2206 4 1186 74 1729 14 2205 85 2207 42
2207 4 2206 42 2208 49 4188 99 8215 81
2208 3 2207 49 2209 62 6583 22
2209 5 2033 42 2208 62 2210 48 4233 96 6380 1
2210 3 2209 48 2211 12 5949 8
2211 4 2210 12 2212 88 4204 70 7316 19
2212 3 2211 88 2213 70 6226 51
2213 2 2212 70 2214 33
2214 4 2213 33 2215 55 4502 63 9267 42
2215 4 2214 55 2216 33 2561 80 4608 48
2216 5 20 85 2215 33 2217 65 5323 2 7295 45
2217 4 2007 13 2216 65 2218 57 5697 63
2218 3 2217 57 2219 83 6795 29
2219 5 805 37 2218 83 2220 68 5025 26 6352 40
2220 4 1226 74 2219 68 2221 59 3663 89
2221 4 1265 1 2220 59 2222 54 5254 1
2222 5 2221 54 2223 30 3871 19 6277 64 9103 7
2223 6 2222 30 2224 50 2394 62 3079 25 6862 57 8591 69
2224 2 2223 50 2225 68
2225 2 2224 68 2226 7
2226 4 2121 18 2225 7 2227 27 8829 55
2227 3 2226 27 2228 13 4495 35
2228 3 2227 13 2229 33 8887 82
2229 5 43 47 1891 43 2228 33 2230 70 9530 82
2230 3 2229 70 2231 67 2584 72
2231 4 2230 67 2232 63 5251 42 8931 62
2232 3 2231 63 2233 43 4849 38
2233 4 609 83 2232 43 2234 17 7296 96
2234 4 2233 17 2235 100 6653 73 7883 33
2235 7 2186 59 2234 100 2236 56 7358 28 8046 72 9467 25 9830 91
2236 6 475 70 709 29 2235 56 2237 80 3575 93 9969 53
2237 4 607 55 2236 80 2238 32 6354 50
2238 5 2092 64 2237 32 2239 57 8188 20 9727 21
2239 4 378 99 1263 13 2238 57 2240 69
2240 4 2239 69 2241 54 6276 33 7803 71
2241 4 252 23 2240 54 2242 65 3386 59
2242 5 2241 65 2243 36 2872 2 7274 54 9385 4
2243 7 1944 15 2092 33 2161 74 2242 36 2244 62 4972 61 9898 78
2244 3 2243 62 2245 41 4446 5
2245 5 2244 41 2246 13 3133 61 4489 63 4726 21
2246 2 2245 13 2247 87
2247 3 708 43 2246 87 2248 82
2248 3 2247 82 2249 57 9852 46
2249 4 2248 57 2250 48 4565 90 9743 27
2250 4 924 60 2249 48 2251 69 9459 46
2251 2 2250 69 2252 66
2252 2 2251 66 2253 14
2253 2 2252 14 2254 84
2254 6 1051 78 2253 84 2255 67 4992 75 5606 75 6532 90
2255 4 2254 67 2256 69 4698 43 6028 15
2256 3 2255 69 2257 2 5948 48
2257 7 284 95 2256 2 2258 79 3771 16 4763 62 5265 30 7448 81
2258 4 992 87 2257 79 2259 45 4100 97
2259 2 2258 45 2260 95
2260 4 1070 40 2259 95 2261 22 4259 82
2261 2 2260 22 2262 71
2262 2 2261 71 2263 76
2263 3 2262 76 2264 5 7053 47
2264 4 2263 5 2265 13 4825 34 6356 40
2265 3 2264 13 2266 13 5773 77
2266 4 2265 13 2267 62 8132 43 8835 89
2267 3 2266 62 2268 98 9564 89
2268 5 1337 45 2267 98 2269 38 3424 64 7822 54
2269 5 710 95 2268 38 2270 30 3938 4 7918 54
2270 3 2269 30 2271 19 7573 55
2271 5 2270 19 2272 96 4857 93 5110 87 5134 95
2272 7 55 73 455 20 799 70 814 74 2271 96 2273 32 6130 90
2273 5 2272 32 2274 81 5970 97 5991 30 6825 96
2274 5 2273 81 2275 98 4828 48 6823 61 8789 11
2275 4 2274 98 2276 43 8695 96 9244 50
2276 9 158 20 279 18 2275 43 2277 52 3134 98 3952 38 6111 87 7424 42 8619 51
2277 4 1866 77 2276 52 2278 13 9023 35
2278 4 854 9 2277 13 2279 72 6712 30
2279 6 180 77 2278 72 2280 33 2943 59 6413 96 9614 55
2280 3 2279 33 2281 76 9293 32
2281 5 2280 76 2282 59 3018 78 3367 45 6100 11
2282 6 2281 59 2283 1 5247 65 5611 8 6225 37 9509 51
2283 4 441 27 2282 1 2284 78 9078 55
2284 2 2283 78 2285 21
2285 5 2284 21 2286 36 2706 28 7768 97 9978 55
2286 4 1247 38 2285 36 2287 22 3924 7
2287 4 2286 22 2288 33 6634 71 8091 34
2288 3 2287 33 2289 12 8161 69
2289 7 116 12 1477 80 2288 12 2290 21 5884 35 7707 7 8309 87
2290 3 2289 21 2291 26 3261 95
2291 8 1021 94 2290 26 2292 84 4455 34 5528 59 6528 78 7808 49 8547 7
2292 3 341 16 2291 84 2293 52
2293 3 2292 52 2294 97 9373 56
2294 4 387 91 1729 37 2293 97 2295 42
2295 6 872 15 2294 42 2296 84 3525 25 7959 56 9729 76
2296 3 2295 84 2297 60 5932 85
2297 3 2296 60 2298 33 4941 62
2298 4 675 8 2297 33 2299 13 4778 72
2299 4 2298 13 2300 46 7900 72 8416 8
2300 5 2299 46 2301 93 3982 44 5210 89 8352 7
2301 2 2300 93 2302 15
2302 2 2301 15 2303 1
2303 4 2302 1 2304 25 3918 20 7964 67
2304 4 2303 25 2305 51 4053 95 6149 90
2305 6 841 35 1220 60 2304 51 2306 42 8930 10 9040 90
2306 2 2305 42 2307 51
2307 4 2306 51 2308 17 4904 76 9864 41
2308 4 2307 17 2309 49 4963 60 5878 82
2309 3 2031 2 2308 49 2310 61
2310 4 2309 61 2311 6 3343 11 6549 3
2311 2 2310 6 2312 21
2312 4 999 16 2311 21 2313 83 9342 45
2313 4 2203 63 2312 83 2314 57 9691 70
2314 2 2313 57 2315 1
2315 5 2314 1 2316 45 2382 42 2841 38 4517 7
2316 3 2315 45 2317 82 4907 49
2317 3 2316 82 2318 80 2836 12
2318 5 1522 51 2317 80 2319 83 8606 30 8944 5
2319 3 1259 92 2318 83 2320 3
2320 2 2319 3 2321 83
2321 4 640 49 1019 18 2320 83 2322 91
2322 5 2321 91 2323 1 4815 70 8240 83 9950 82
2323 4 590 94 977 5 2322 1 2324 73
2324 3 2323 73 2325 57 2965 34
2325 4 2324 57 2326 61 3694 96 9403 30
2326 4 2325 61 2327 23 5502 18 6778 58
2327 4 292 81 2326 23 2328 51 2514 38
2328 3 2327 51 2329 89 5901 5
2329 6 2328 89 2330 86 2357 15 2807 61 4237 50 9036 21
2330 3 1466 83 2329 86 2331 61
2331 3 2330 61 2332 94 3691 28
2332 4 2331 94 2333 58 5015 88 9577 54
2333 4 466 55 2332 58 2334 14 3517 12
2334 6 1467 21 2333 14 2335 33 3768 31 7454 7 7711 27
2335 2 2334 33 2336 42
2336 3 2335 42 2337 84 7635 30
2337 4 2336 84 2338 57 7774 80 8079 64
2338 3 2337 57 2339 38 4207 56
2339 3 2338 38 2340 88 8842 42
2340 3 1695 45 2339 88 2341 85
2341 2 2340 85 2342 37
2342 4 2341 37 2343 82 2559 30 4386 82
2343 5 842 21 2342 82 2344 46 8276 46 9140 41
2344 4 2343 46 2345 50 3209 23 3650 11
2345 3 2344 50 2346 88 8453 14
2346 4 2345 88 2347 79 5682 73 8697 57
2347 4 2346 79 2348 72 2792 93 9546 61
2348 3 2347 72 2349 1 6256 5
2349 2 2348 1 2350 54
2350 2 2349 54 2351 49
2351 4 1559 11 1893 66 2350 49 2352 27
2352 3 2351 27 2353 51 8060 98
2353 5 2352 51 2354 83 4198 82 7144 55 7952 70
2354 3 2353 83 2355 47 5979 19
2355 3 2354 47 2356 20 8041 14
2356 2 2355 20 2357 99
2357 4 2329 15 2356 99 2358 17 3253 34
2358 6 2357 17 2359 84 2765 80 3083 88 3584 14 5755 100
2359 2 2358 84 2360 87
2360 6 2359 87 2361 97 5123 16 6829 45 8642 88 8650 25
2361 3 324 20 2360 97 2362 31
2362 5 20 4 2361 31 2363 97 3216 28 8179 84
2363 5 181 1 2362 97 2364 55 6355 54 8082 78
2364 2 2363 55 2365 33
2365 3 2364 33 2366 55 8510 98
2366 6 995 27 2365 55 2367 73 4394 42 4428 80 8003 93
2367 4 2366 73 2368 20 4280 55 7109 46
2368 4 1258 25 2367 20 2369 34 5576 96
2369 4 427 66 2368 34 2370 98 5709 66
2370 3 2369 98 2371 14 9144 38
2371 4 2370 14 2372 77 7865 31 7974 77
2372 4 1590 69 2371 77 2373 63 8343 81
2373 3 1872 66 2372 63 2374 90
2374 5 2373 90 2375 31 3115 15 7502 38 8389 19
2375 5 2374 31 2376 47 8493 37 8681 34 9935 28
2376 5 1143 56 2375 47 2377 71 5092 28 9917 55
2377 3 2376 71 2378 63 7313 93
2378 5 2377 63 2379 62 4014 83 4626 14 6442 51
2379 4 1441 26 2378 62 2380 65 5870 7
2380 4 2379 65 2381 56 5625 19 6967 18
2381 3 1268 87 2380 56 2382 79
2382 4 2315 42 2381 79 2383 51 2727 6
2383 4 577 95 2382 51 2384 32 4912 89
2384 8 0 15 2383 32 2385 41 6047 56 6104 1 7941 4 9205 3 9658 89
2385 5 1696 17 2384 41 2386 15 4264 64 9139 15
2386 3 2385 15 2387 83 9377 87
2387 3 1623 21 2386 83 2388 71
2388 2 2387 71 2389 6
2389 4 799 3 2388 6 2390 88 5303 4
2390 2 2389 88 2391 61
2391 6 960 31 2390 61 2392 76 3426 75 3637 43 8499 13
2392 3 2391 76 2393 95 7891 9
2393 5 181 17 858 40 2392 95 2394 74 8574 88
2394 4 2223 62 2393 74 2395 45 3848 35
2395 6 683 64 2394 45 2396 97 4886 76 5032 7 7015 64
2396 2 2395 97 2397 7
2397 5 1315 60 1567 95 2396 7 2398 33 9749 84
2398 4 2397 33 2399 64 2836 95 3298 89
2399 4 2398 64 2400 38 4389 95 7375 76
2400 4 1345 37 2399 38 2401 52 7954 13
2401 5 1575 40 2400 52 2402 25 5734 61 7205 22
2402 4 2401 25 2403 26 5390 72 8956 100
2403 2 2402 26 2404 25
2404 5 458 86 2403 25 2405 8 6005 11 7180 64
2405 3 658 78 2404 8 2406 89
2406 6 596 97 1065 23 2405 89 2407 56 3730 90 7923 87
2407 5 1129 83 2406 56 2408 42 6434 61 6914 30
2408 4 2407 42 2409 90 6328 98 8866 84
2409 5 1669 21 2097 78 2408 90 2410 79 6818 37
2410 2 2409 79 2411 53
2411 4 2410 53 2412 80 3368 71 5291 67
2412 4 2411 80 2413 41 3814 90 9853 23
2413 3 2412 41 2414 83 3422 58
2414 2 2413 83 2415 49
2415 4 2414 49 2416 29 8672 84 9528 18
2416 3 2415 29 2417 73 9169 64
2417 5 233 30 2416 73 2418 57 4382 17 7065 42
2418 5 2417 57 2419 68 5414 92 7369 26 9381 46
2419 2 2418 68 2420 93
2420 5 546 3 2419 93 2421 95 6734 77 8519 83
2421 3 1612 70 2420 95 2422 20
2422 5 2421 20 2423 8 5014 77 8063 83 9187 82
2423 3 313 80 2422 8 2424 27
2424 7 423 46 2053 33 2423 27 2425 60 3081 28 6207 58 9951 72
2425 2 2424 60 2426 21
2426 3 2425 21 2427 70 4754 67
2427 3 2196 51 2426 70 2428 5
2428 5 2427 5 2429 9 4655 80 5159 17 7922 57
2429 3 2428 9 2430 30 3123 4
2430 4 2044 6 2429 30 2431 17 9075 91
2431 2 2430 17 2432 3
2432 4 66 81 2431 3 2433 56 5408 49
2433 6 1591 84 2432 56 2434 100 4676 71 6951 10 7244 35
2434 3 2433 100 2435 74 4972 78
2435 6 2434 74 2436 12 4443 62 4795 100 5903 75 7249 17
2436 3 1291 95 2435 12 2437 21
2437 3 2436 21 2438 58 6846 15
2438 6 1475 12 2437 58 2439 63 4701 10 5846 49 6532 99
2439 6 2438 63 2440 30 3152 29 4749 37 5769 78 9742 99
2440 4 2439 30 2441 85 8165 99 8310 92
2441 4 2440 85 2442 47 7862 78 9873 97
2442 5 2441 47 2443 37 5555 60 7374 72 8622 63
2443 3 2442 37 2444 7 3867 51
2444 4 2443 7 2445 52 3791 23 6625 62
2445 3 2444 52 2446 7 5170 60
2446 4 2445 7 2447 81 7342 46 7807 88
2447 3 2446 81 2448 11 2575 53
2448 6 1792 5 2447 11 2449 72 3296 93 4662 18 9829 58
2449 7 1300 58 2448 72 2450 62 4544 76 5782 27 8526 86 8714 100
2450 3 2449 62 2451 96 7922 14
2451 3 2450 96 2452 82 5962 48
2452 2 2451 82 2453 22
2453 3 2452 22 2454 13 8810 94
2454 5 2453 13 2455 33 3040 8 3837 59 4971 16
2455 4 2454 33 2456 13 3828 79 4524 80
2456 2 2455 13 2457 18
2457 5 2456 18 2458 80 5789 17 8158 15 9948 93
2458 3 2457 80 2459 93 2979 7
2459 3 2458 93 2460 29 3125 46
2460 5 1207 76 2459 29 2461 1 4816 36 8349 24
2461 3 2460 1 2462 41 9560 12
2462 3 2461 41 2463 61 9056 39
2463 2 2462 61 2464 5
2464 2 2463 5 2465 48
2465 2 2464 48 2466 27
2466 4 2465 27 2467 48 5409 10 9964 14
2467 4 355 6 2466 48 2468 97 4663 63
2468 4 1608 66 1729 90 2467 97 2469 30
2469 3 2468 30 2470 36 3343 99
2470 5 315 86 1806 76 2469 36 2471 37 9993 51
2471 5 2470 37 2472 72 7215 60 7366 23 9204 71
2472 4 2471 72 2473 62 7566 19 7659 93
2473 2 2472 62 2474 7
2474 5 2473 7 2475 68 5513 68 8171 64 9994 9
2475 3 2474 68 2476 79 7722 78
2476 4 2475 79 2477 11 5600 65 6951 32
2477 3 2476 11 2478 38 5116 96
2478 3 2477 38 2479 67 8168 66
2479 5 2478 67 2480 90 3157 32 3877 33 9003 14
2480 3 2479 90 2481 41 9760 11
2481 3 2480 41 2482 3 5090 60
2482 5 2481 3 2483 15 2958 57 6027 30 8133 52
2483 4 2482 15 2484 7 4544 20 5348 14
2484 3 2483 7 2485 40 6695 56
2485 3 2484 40 2486 64 4975 57
2486 5 299 46 1063 78 2485 64 2487 92 5558 44
2487 3 2486 92 2488 4 7777 49
2488 2 2487 4 2489 74
2489 2 2488 74 2490 74
2490 2 2489 74 2491 56
2491 6 899 81 1877 93 2490 56 2492 92 7887 14 9001 6
2492 7 66 69 321 30 1514 59 1707 18 2491 92 2493 15 8466 70
2493 2 2492 15 2494 50
2494 4 2493 50 2495 91 4273 24 8407 50
2495 3 2494 91 2496 2 5541 90
2496 5 1994 97 2495 2 2497 7 5275 83 9206 40
2497 4 2496 7 2498 28 8780 36 8814 70
2498 2 2497 28 2499 94
2499 5 2498 94 2500 9 4363 86 4869 18 5291 32
2500 4 1643 67 2499 9 2501 14 8530 4
2501 4 1365 88 2500 14 2502 11 6472 29
2502 3 2501 11 2503 100 6194 16
2503 4 2025 27 2502 100 2504 9 3186 49
2504 5 631 91 2503 9 2505 96 3465 64 7057 61
2505 5 2504 96 2506 83 3450 68 7316 51 9687 74
2506 3 2505 83 2507 14 7509 97
2507 6 798 28 2506 14 2508 42 2639 62 5198 81 8253 69
2508 3 2507 42 2509 21 9444 73
2509 2 2508 21 2510 33
2510 3 2509 33 2511 56 6074 97
2511 4 2510 56 2512 61 2535 13 4186 72
2512 4 1827 16 2511 61 2513 69 7105 41
2513 5 2512 69 2514 23 5619 2 8200 25 8323 6
2514 6 2327 38 2513 23 2515 87 3937 4 6988 3 9744 43
2515 3 1733 5 2514 87 2516 80
2516 4 15 56 2515 80 2517 86 2909 84
2517 2 2516 86 2518 63
2518 2 2517 63 2519 93
2519 5 59 56 1024 50 2518 93 2520 43 3746 43
2520 2 2519 43 2521 95
2521 5 566 30 2520 95 2522 2 3313 27 9415 92
2522 2 2521 2 2523 88
2523 2 2522 88 2524 54
2524 3 574 40 2523 54 2525 76
2525 3 2524 76 2526 16 7014 14
2526 5 17 91 1672 71 2525 16 2527 52 3254 98
2527 3 2526 52 2528 7 3461 79
2528 3 2527 7 2529 3 9847 44
2529 2 2528 3 2530 86
2530 6 257 52 2529 86 2531 85 6943 7 8933 34 9347 57
2531 5 625 3 2530 85 2532 67 4509 52 7948 17
2532 4 2531 67 2533 61 3624 81 8603 16
2533 4 2532 61 2534 81 6502 17 9362 61
2534 4 1126 77 2533 81 2535 52 8931 17
2535 5 2511 13 2534 52 2536 23 3409 71 3796 82
2536 3 239 94 2535 23 2537 9
2537 4 300 79 2536 9 2538 4 4686 46
2538 6 1527 51 2537 4 2539 1 3641 96 3880 6 4974 95
2539 3 2538 1 2540 70 5925 58
2540 2 2539 70 2541 58
2541 2 2540 58 2542 82
2542 5 2541 82 2543 58 3839 35 4645 60 5831 2
2543 5 53 74 2542 58 2544 14 3395 79 6476 40
2544 3 2543 14 2545 38 9187 13
2545 3 663 85 2544 38 2546 19
2546 4 2545 19 2547 39 5919 91 7072 54
2547 6 903 71 2166 68 2546 39 2548 38 7718 24 9437 47
2548 3 2547 38 2549 21 4985 33
2549 3 2548 21 2550 25 9338 73
2550 3 2549 25 2551 97 9075 72
2551 6 2550 97 2552 57 3973 58 6452 59 8313 30 8935 91
2552 3 2551 57 2553 59 6154 16
2553 3 2552 59 2554 75 2743 3
2554 3 2553 75 2555 29 8633 53
2555 5 2554 29 2556 98 4671 23 8447 29 8930 62
2556 3 2555 98 2557 68 7445 49
2557 2 2556 68 2558 26
2558 3 2557 26 2559 69 6591 66
2559 4 2342 30 2558 69 2560 47 2566 4
2560 6 1024 82 2559 47 2561 73 6535 83 6937 92 7072 23
2561 6 1375 5 2215 80 2560 73 2562 16 4839 29 9467 35
2562 4 2561 16 2563 24 9106 55 9712 64
2563 3 2562 24 2564 65 8477 87
2564 5 996 30 2563 65 2565 82 3489 64 6891 18
2565 3 379 87 2564 82 2566 57
2566 5 2559 4 2565 57 2567 100 6701 86 7375 98
2567 4 2566 100 2568 19 4200 42 6035 90
2568 5 2567 19 2569 18 5868 22 5886 68 5975 14
2569 3 2568 18 2570 44 6049 75
2570 6 2569 44 2571 14 2772 14 5486 57 9478 49 9571 48
2571 2 2570 14 2572 39
2572 4 1323 39 2571 39 2573 57 7235 75
2573 4 2204 82 2572 57 2574 72 9200 89
2574 3 2573 72 2575 91 8092 87
2575 3 2447 53 2574 91 2576 20
2576 5 1913 67 2575 20 2577 60 7150 8 8217 26
2577 3 419 44 2576 60 2578 17
2578 5 425 65 2577 17 2579 8 9015 47 9851 2
2579 5 2578 8 2580 77 3921 83 7366 13 8242 7
2580 4 2579 77 2581 24 6682 20 8077 85
2581 3 2580 24 2582 20 7541 92
2582 4 2581 20 2583 64 5845 20 6745 24
2583 5 1476 24 2582 64 2584 56 3882 49 9125 64
2584 4 783 88 2230 72 2583 56 2585 69
2585 2 2584 69 2586 37
2586 4 27 33 2585 37 2587 3 5392 21
2587 6 545 23 2586 3 2588 93 5840 6 9837 17 9901 23
2588 5 2587 93 2589 88 6281 88 6634 3 9505 4
2589 2 2588 88 2590 77
2590 3 2589 77 2591 65 9715 99
2591 3 2590 65 2592 43 9841 18
2592 3 1421 68 2591 43 2593 60
2593 3 2592 60 2594 11 9850 4
2594 4 291 29 2593 11 2595 45 4957 68
2595 6 173 99 736 96 2594 45 2596 18 3237 61 6807 23
2596 3 493 67 2595 18 2597 71
2597 5 817 2 2596 71 2598 56 8839 31 8943 89
2598 4 2597 56 2599 40 4063 91 8589 25
2599 3 2598 40 2600 41 4062 75
2600 4 2018 57 2599 41 2601 70 5989 60
2601 4 2600 70 2602 20 6510 45 6700 8
2602 7 878 15 1001 36 2601 20 2603 100 3569 6 3906 48 4032 37
2603 3 2095 70 2602 100 2604 97
2604 2 2603 97 2605 29
2605 4 570 84 2604 29 2606 89 3882 84
2606 5 34 34 2605 89 2607 28 5089 52 7362 54
2607 3 698 100 2606 28 2608 79
2608 3 2607 79 2609 73 6282 49
2609 5 1534 28 2608 73 2610 67 7983 95 9845 30
2610 3 2609 67 2611 24 9747 89
2611 5 2610 24 2612 19 6370 95 9135 22 9650 27
2612 3 1446 54 2611 19 2613 41
2613 5 2612 41 2614 8 4855 17 4946 71 9355 51
2614 2 2613 8 2615 30
2615 6 2614 30 2616 40 3075 41 5428 48 5782 63 8283 21
2616 6 1293 70 2615 40 2617 5 3296 9 5256 37 6298 30
2617 3 2616 5 2618 45 3894 62
2618 2 2617 45 2619 92
2619 3 1210 95 2618 92 2620 64
2620 4 2619 64 2621 85 4150 36 8417 1
2621 4 2620 85 2622 5 5266 24 9637 62
2622 6 112 13 841 67 2621 5 2623 87 4988 99 6346 75
2623 4 2622 87 2624 69 5717 86 7162 63
2624 3 2623 69 2625 26 7564 38
2625 2 2624 26 2626 74
2626 4 2139 43 2625 74 2627 28 8093 47
2627 7 973 28 1861 44 2626 28 2628 18 5659 5 6017 20 8576 3
2628 4 592 11 2627 18 2629 80 5734 95
2629 5 1563 82 2628 80 2630 55 5208 9 8747 34
2630 3 2629 55 2631 50 3626 8
2631 2 2630 50 2632 74
2632 3 2631 74 2633 14 2716 19
2633 4 2632 14 2634 80 3076 23 5001 27
2634 3 2633 80 2635 42 7283 36
2635 4 2634 42 2636 53 3831 7 4624 28
2636 3 2635 53 2637 77 9824 80
2637 4 775 93 2636 77 2638 2 6270 21
2638 6 331 92 1039 44 2637 2 2639 82 2697 90 8889 60
2639 5 1193 38 2507 62 2638 82 2640 62 3713 35
2640 5 2040 17 2639 62 2641 37 3386 62 5507 42
2641 3 2640 37 2642 34 7085 44
2642 6 986 46 1065 75 1690 85 2641 34 2643 61 6736 65
2643 2 2642 61 2644 66
2644 5 1622 47 2643 66 2645 68 6619 52 8374 55
2645 4 2644 68 2646 86 6280 13 9521 62
2646 6 2645 86 2647 88 3401 52 3839 15 6841 13 7185 46
2647 3 2646 88 2648 36 3754 59
2648 4 644 17 2647 36 2649 19 4399 42
2649 4 434 60 2042 40 2648 19 2650 54
2650 4 2649 54 2651 90 5773 96 8701 46
2651 3 2650 90 2652 99 5751 68
2652 3 800 59 2651 99 2653 58
2653 5 573 99 1958 71 2026 82 2652 58 2654 15
2654 3 2653 15 2655 52 3380 75
2655 3 359 48 2654 52 2656 42
2656 3 2655 42 2657 48 9821 68
2657 4 1723 68 2656 48 2658 45 6170 23
2658 6 2657 45 2659 5 4900 8 5824 48 6358 21 7449 40
2659 5 929 57 2658 5 2660 87 3134 9 7679 54
2660 4 1988 5 2659 87 2661 95 8773 65
2661 2 2660 95 2662 68
2662 2 2661 68 2663 53
2663 3 2662 53 2664 92 4558 36
2664 4 2663 92 2665 93 5452 21 6487 3
2665 4 2664 93 2666 95 6539 27 8911 26
2666 2 2665 95 2667 21
2667 5 2175 78 2666 21 2668 11 6808 51 6959 28
2668 4 632 37 2667 11 2669 100 4735 61
2669 6 2668 100 2670 14 5205 87 6817 19 9470 56 9785 76
2670 5 2669 14 2671 59 2697 33 3193 35 5715 28
2671 4 2670 59 2672 57 6343 31 9583 73
2672 2 2671 57 2673 38
2673 3 2672 38 2674 57 6336 93
2674 5 210 99 2673 57 2675 6 4486 77 6200 85
2675 7 629 63 2055 43 2674 6 2676 36 6893 2 7220 70 8115 87
2676 3 2675 36 2677 75 7342 69
2677 4 183 2 2676 75 2678 11 5125 9
2678 4 2677 11 2679 67 6815 41 7404 12
2679 2 2678 67 2680 3
2680 7 185 51 2679 3 2681 62 3572 3 3724 61 4628 76 5191 95
2681 5 1192 30 1392 29 2680 62 2682 77 4316 40
2682 4 62 41 2681 77 2683 28 3377 13
2683 2 2682 28 2684 19
2684 3 2683 19 2685 77 3495 39
2685 4 450 71 2684 77 2686 11 5465 43
2686 8 1766 32 2685 11 2687 59 3146 71 4867 52 5058 78 9016 62 9354 88
2687 3 2686 59 2688 65 3026 79
2688 8 39 68 431 2 1766 41 2687 65 2689 70 5533 90 5573 64 9734 52
2689 2 2688 70 2690 34
2690 5 1568 82 2689 34 2691 40 7456 34 9461 83
2691 8 555 20 995 10 2690 40 2692 24 3975 43 5283 3 6303 70 9940 3
2692 5 842 75 1745 9 2691 24 2693 15 3448 16
2693 7 747 12 999 28 2692 15 2694 12 4072 32 9037 59 9343 48
2694 5 2693 12 2695 5 3452 38 7213 54 7872 35
2695 6 2694 5 2696 7 3724 100 4066 21 4067 28 9444 22
2696 3 2695 7 2697 85 8128 39
2697 5 2638 90 2670 33 2696 85 2698 65 3668 86
2698 2 2697 65 2699 9
2699 2 2698 9 2700 2
2700 7 216 75 630 24 1035 34 2699 2 2701 87 3992 69 9655 98
2701 7 2700 87 2702 81 3285 60 4398 42 6038 72 8189 76 8316 40
2702 5 216 68 1062 7 2701 81 2703 59 5267 55
2703 3 259 5 2702 59 2704 88
2704 6 1923 77 2703 88 2705 41 5890 59 7671 90 8385 36
2705 3 2704 41 2706 69 9495 83
2706 5 2285 28 2705 69 2707 83 2998 87 6274 39
2707 5 2706 83 2708 39 2992 84 5719 90 6139 88
2708 4 2707 39 2709 34 7606 73 8019 93
2709 3 2708 34 2710 14 9709 6
2710 3 2709 14 2711 12 8978 30
2711 4 2710 12 2712 24 6253 5 8925 54
2712 2 2711 24 2713 56
2713 3 2712 56 2714 54 9135 29
2714 2 2713 54 2715 80
2715 5 2714 80 2716 6 3888 90 5048 21 7190 6
2716 4 2632 19 2715 6 2717 98 5255 38
2717 4 141 49 2716 98 2718 60 4225 6
2718 3 2717 60 2719 94 3814 46
2719 2 2718 94 2720 61
2720 4 81 53 2719 61 2721 82 3868 58
2721 4 484 17 2720 82 2722 31 3492 34
2722 3 66 77 2721 31 2723 14
2723 3 2722 14 2724 90 9310 69
2724 10 797 94 2723 90 2725 68 6239 62 8208 81 8245 15 8720 52 9299 96 9992 37 9999 28
2725 3 632 31 2724 68 2726 28
2726 4 728 69 2725 28 2727 71 2920 28
2727 4 2382 6 2726 71 2728 47 6728 13
2728 5 536 39 2727 47 2729 12 6618 94 8594 31
2729 6 346 23 2728 12 2730 55 4287 68 8599 71 8783 41
2730 5 2729 55 2731 49 5818 98 6362 16 7608 25
2731 3 2730 49 2732 25 7342 88
2732 3 2731 25 2733 28 6248 8
2733 3 2732 28 2734 77 8066 23
2734 4 780 89 2733 77 2735 8 9383 92
2735 3 2734 8 2736 37 6156 93
2736 3 2735 37 2737 10 9556 7
2737 3 2736 10 2738 41 4647 4
2738 2 2737 41 2739 18
2739 3 2738 18 2740 94 3509 5
2740 3 1212 13 2739 94 2741 79
2741 6 1919 82 2176 10 2740 79 2742 93 3852 6 4711 43
2742 6 681 10 2741 93 2743 82 5382 8 6520 51 9429 18
2743 4 2553 3 2742 82 2744 31 9982 60
2744 6 208 32 2743 31 2745 56 3672 57 4838 61 6812 48
2745 5 1338 35 2744 56 2746 94 3885 68 4978 55
2746 8 2745 94 2747 13 6235 64 6706 8 6922 53 8299 30 8981 69 9769 73
2747 5 920 71 2746 13 2748 89 8723 89 9903 89
2748 2 2747 89 2749 40
2749 2 2748 40 2750 51
2750 3 2749 51 2751 46 9246 35
2751 2 2750 46 2752 59
2752 3 2751 59 2753 63 9978 71
2753 3 2752 63 2754 4 5139 77
2754 5 2753 4 2755 90 3391 67 8019 84 8267 4
2755 3 2754 90 2756 10 5323 2
2756 3 2755 10 2757 69 4004 14
2757 4 554 18 1290 64 2756 69 2758 33
2758 5 1822 100 2757 33 2759 51 3586 20 7829 56
2759 5 1297 55 2758 51 2760 35 5892 67 8018 81
2760 4 2759 35 2761 93 4524 49 8178 13
2761 4 2760 93 2762 90 5126 10 8253 50
2762 3 2761 90 2763 69 5494 39
2763 4 2762 69 2764 4 6901 37 9248 33
2764 3 2763 4 2765 77 5921 14
2765 4 2358 80 2764 77 2766 48 4263 46
2766 5 2765 48 2767 66 3570 76 6606 51 7008 38
2767 5 2766 66 2768 8 6097 60 6339 5 7161 72
2768 3 2767 8 2769 56 5432 2
2769 3 2768 56 2770 38 8778 88
2770 3 2769 38 2771 54 5482 33
2771 4 2770 54 2772 75 8692 13 9431 31
2772 3 2570 14 2771 75 2773 25
2773 3 2772 25 2774 65 4674 15
2774 4 2773 65 2775 8 6989 47 7285 42
2775 5 966 28 2774 8 2776 41 8263 77 9784 79
2776 2 2775 41 2777 67
2777 5 1591 73 2776 67 2778 74 2998 34 8728 65
2778 4 1055 92 2777 74 2779 42 7248 53
2779 7 69 74 1518 3 1771 92 2778 42 2780 21 9094 71 9583 64
2780 2 2779 21 2781 95
2781 3 2780 95 2782 28 9112 33
2782 3 2781 28 2783 45 3408 23
2783 6 1258 10 2782 45 2784 94 6903 50 8450 81 9842 66
2784 3 863 24 2783 94 2785 39
2785 3 2784 39 2786 27 9544 51
2786 6 2034 18 2785 27 2787 47 4040 62 7073 84 7376 19
2787 2 2786 47 2788 96
2788 4 2787 96 2789 24 2907 81 9301 86
2789 2 2788 24 2790 59
2790 5 2789 59 2791 61 5139 100 7276 64 8007 68
2791 6 2790 61 2792 16 4176 41 6032 62 6120 76 8892 63
2792 5 2347 93 2791 16 2793 50 4783 65 7132 93
2793 4 2792 50 2794 67 3857 24 5452 33
2794 3 2793 67 2795 58 8163 76
2795 2 2794 58 2796 91
2796 4 1217 99 2795 91 2797 77 7165 66
2797 3 2796 77 2798 58 6535 63
2798 4 2797 58 2799 96 3673 100 5070 58
2799 6 2798 96 2800 66 2829 83 4327 49 8065 23 8865 79
2800 4 2799 66 2801 48 4793 81 7949 73
2801 5 2800 48 2802 70 6039 37 6272 90 8019 65
2802 2 2801 70 2803 22
2803 4 2802 22 2804 34 7450 100 9987 53
2804 3 576 24 2803 34 2805 43
2805 5 2186 64 2804 43 2806 99 5352 23 7187 81
2806 5 2112 63 2805 99 2807 37 5438 85 7255 73
2807 5 1658 45 2329 61 2806 37 2808 17 6692 53
2808 2 2807 17 2809 81
2809 3 2808 81 2810 99 7282 4
2810 3 2809 99 2811 78 9091 36
2811 4 2810 78 2812 87 5377 90 8904 7
2812 2 2811 87 2813 85
2813 3 2812 85 2814 5 9430 80
2814 3 2813 5 2815 20 9132 65
2815 5 1550 31 2814 20 2816 95 7972 6 9201 54
2816 7 345 89 2815 95 2817 18 7587 29 8114 77 8847 31 9708 88
2817 4 2816 18 2818 82 4711 49 7783 25
2818 3 1591 27 2817 82 2819 61
2819 3 1688 33 2818 61 2820 21
2820 5 2819 21 2821 62 5324 31 5737 12 8863 44
2821 6 1956 72 2820 62 2822 57 4354 85 5248 25 5878 69
2822 3 2821 57 2823 26 3230 96
2823 4 1904 40 2822 26 2824 45 9999 18
2824 7 2823 45 2825 31 3732 64 4324 30 6268 19 7145 48 7678 62
2825 2 2824 31 2826 91
2826 3 2825 91 2827 1 6508 86
2827 3 2826 1 2828 25 7277 83
2828 4 2827 25 2829 42 3158 84 6674 61
2829 5 2799 83 2828 42 2830 74 4006 4 6643 58
2830 4 1179 63 2829 74 2831 11 7359 80
2831 7 1302 36 1393 65 2830 11 2832 64 4307 37 5912 30 6031 95
2832 4 2831 64 2833 76 5550 25 5657 72
2833 3 2832 76 2834 34 9506 85
2834 3 987 27 2833 34 2835 28
2835 5 1626 9 2834 28 2836 18 8602 29 9719 19
2836 5 2317 12 2398 95 2835 18 2837 94 8026 39
2837 4 2836 94 2838 62 3958 93 5498 44
2838 4 1555 10 2837 62 2839 79 2862 41
2839 6 2838 79 2840 13 4627 29 5784 2 7857 95 8837 28
2840 3 2839 13 2841 71 4605 7
2841 5 609 69 2315 38 2840 71 2842 68 4206 55
2842 2 2841 68 2843 70
2843 4 2842 70 2844 28 3814 71 7764 82
2844 4 1025 47 2843 28 2845 74 4048 16
2845 4 2844 74 2846 96 4808 14 6384 69
2846 7 2845 96 2847 45 6122 8 6189 5 7565 29 7723 65 9746 44
2847 4 2846 45 2848 46 4156 12 9297 67
2848 4 2847 46 2849 98 8379 97 8592 86
2849 3 2848 98 2850 72 7727 61
2850 4 2849 72 2851 26 5046 59 7973 65
2851 3 2850 26 2852 52 8466 44
2852 4 2131 14 2851 52 2853 75 7147 64
2853 4 2852 75 2854 47 6485 17 7802 30
2854 3 1530 63 2853 47 2855 6
2855 3 2854 6 2856 74 6980 54
2856 2 2855 74 2857 75
2857 3 2856 75 2858 51 7172 54
2858 3 2857 51 2859 47 5217 7
2859 5 2858 47 2860 41 5319 37 6928 3 7748 31
2860 6 940 73 2859 41 2861 39 3183 63 3275 12 5246 51
2861 2 2860 39 2862 31
2862 3 2838 41 2861 31 2863 58
2863 3 2862 58 2864 21 3049 73
2864 7 2863 21 2865 39 3747 36 3772 94 4962 80 5102 22 6306 52
2865 3 2864 39 2866 48 4951 64
2866 5 2865 48 2867 59 4272 59 8676 82 9492 95
2867 4 1543 96 2866 59 2868 15 3253 76
2868 3 2001 15 2867 15 2869 71
2869 2 2868 71 2870 55
2870 3 2869 55 2871 5 9663 68
2871 2 2870 5 2872 36
2872 4 2242 2 2871 36 2873 82 3165 73
2873 4 2872 82 2874 41 3337 90 4665 91
2874 4 1467 26 2873 41 2875 94 7078 10
2875 5 117 18 2874 94 2876 90 9418 96 9942 61
2876 4 190 42 450 40 2875 90 2877 6
2877 3 2876 6 2878 37 5959 67
2878 5 1369 75 2877 37 2879 24 3260 60 7817 65
2879 3 2878 24 2880 37 9617 63
2880 4 2879 37 2881 23 5107 81 7593 83
2881 3 2880 23 2882 2 8545 61
2882 6 124 71 2124 62 2881 2 2883 31 7844 12 9832 80
2883 5 874 6 2882 31 2884 50 7119 89 8322 36
2884 4 2883 50 2885 31 3492 63 6776 16
2885 5 2884 31 2886 12 3492 7 3955 67 8648 60
2886 4 2885 12 2887 65 4641 54 8197 86
2887 4 1970 85 2886 65 2888 92 9533 16
2888 9 226 10 1393 68 2887 92 2889 21 3624 38 4661 68 4879 27 7318 63 9373 30
2889 2 2888 21 2890 31
2890 3 2889 31 2891 34 8217 91
2891 3 2890 34 2892 76 3580 98
2892 4 1679 53 2891 76 2893 59 5719 85
2893 3 2892 59 2894 61 4069 86
2894 2 2893 61 2895 39
2895 4 2894 39 2896 66 8543 52 9718 21
2896 3 2895 66 2897 34 6855 41
2897 3 2896 34 2898 58 6485 50
2898 4 2897 58 2899 46 6119 33 6274 25
2899 3 1016 89 2898 46 2900 22
2900 3 2899 22 2901 23 6187 84
2901 4 2900 23 2902 57 8846 9 9719 80
2902 6 246 79 1870 44 2901 57 2903 31 8027 59 8079 59
2903 5 2902 31 2904 15 3503 90 6300 54 7572 16
2904 9 1399 3 2903 15 2905 82 4398 22 6169 12 6448 50 6791 70 7863 84 9336 48
2905 4 2904 82 2906 41 4723 50 6756 53
2906 5 2905 41 2907 15 4618 95 7576 75 7655 35
2907 5 2788 81 2906 15 2908 60 4593 2 5572 14
2908 3 553 45 2907 60 2909 73
2909 4 2516 84 2908 73 2910 84 3146 23
2910 4 399 50 1542 80 2909 84 2911 24
2911 4 1822 51 2910 24 2912 87 4888 72
2912 2 2911 87 2913 58
2913 7 1336 68 2912 58 2914 69 3021 23 3511 58 3823 18 9283 36
2914 5 2913 69 2915 20 6798 36 9281 34 9652 85
2915 4 2914 20 2916 85 6409 42 9409 60
2916 2 2915 85 2917 99
2917 3 2916 99 2918 75 7983 57
2918 5 1553 36 2917 75 2919 26 6183 19 9356 55
2919 8 2918 26 2920 25 4073 2 5349 32 5852 36 6981 32 8950 78 9324 1
2920 5 2726 28 2919 25 2921 47 4022 74 7344 26
2921 5 680 79 2920 47 2922 32 3998 69 5392 37
2922 3 2921 32 2923 52 4556 86
2923 2 2922 52 2924 15
2924 3 2923 15 2925 30 5163 40
2925 4 2924 30 2926 99 3219 13 9523 40
2926 2 2925 99 2927 60
2927 4 2926 60 2928 93 6156 39 6761 18
2928 7 411 43 1465 49 2927 93 2929 58 7090 91 7250 2 9363 75
2929 4 2928 58 2930 81 4060 24 6380 28
2930 5 2929 81 2931 81 4634 92 6675 85 6865 41
2931 6 514 90 1496 83 2089 34 2930 81 2932 61 5800 42
2932 5 1152 99 2931 61 2933 66 3161 70 3943 18
2933 4 2932 66 2934 87 6774 12 6864 83
2934 4 964 88 1789 50 2933 87 2935 100
2935 3 2934 100 2936 17 7291 75
2936 4 1800 7 2935 17 2937 34 4169 95
2937 4 2936 34 2938 11 6889 39 7536 39
2938 4 187 37 2937 11 2939 23 4583 17
2939 3 2938 23 2940 99 9019 38
2940 4 1251 82 2939 99 2941 47 5122 26
2941 4 2940 47 2942 8 6181 65 8775 22
2942 3 2941 8 2943 58 8481 5
2943 3 2279 59 2942 58 2944 59
2944 2 2943 59 2945 53
2945 2 2944 53 2946 92
2946 4 1474 81 2945 92 2947 94 7271 22
2947 6 1358 58 2946 94 2948 20 3137 66 7113 62 8240 96
2948 3 2947 20 2949 2 4510 44
2949 2 2948 2 2950 80
2950 3 265 37 2949 80 2951 25
2951 3 2950 25 2952 78 8321 29
2952 5 2951 78 2953 3 5309 98 7142 69 9511 91
2953 6 720 61 2952 3 2954 54 5579 32 6641 21 6799 29
2954 3 2953 54 2955 30 4472 71
2955 6 326 60 2954 30 2956 47 3314 10 4162 84 6016 94
2956 5 2955 47 2957 80 6486 46 7823 20 7920 97
2957 2 2956 80 2958 83
2958 3 2482 57 2957 83 2959 87
2959 4 2958 87 2960 77 3133 79 3362 42
2960 3 2959 77 2961 1 8939 96
2961 3 1460 64 2960 1 2962 86
2962 3 2961 86 2963 68 9511 2
2963 4 2962 68 2964 1 7582 64 9074 37
2964 3 2963 1 2965 57 3282 68
2965 4 2324 34 2964 57 2966 2 6976 13
2966 5 888 62 2965 2 2967 7 5438 87 7151 88
2967 4 2966 7 2968 32 8398 70 8419 23
2968 4 1707 92 2967 32 2969 50 7710 36
2969 5 1937 51 2968 50 2970 52 9198 27 9658 69
2970 5 1822 30 2969 52 2971 95 6618 71 7986 87
2971 5 2970 95 2972 78 5483 54 9224 46 9753 95
2972 7 2971 78 2973 44 3046 90 5249 68 7587 16 7883 42 9885 3
2973 7 375 62 666 100 1588 93 1933 86 2972 44 2974 24 9617 2
2974 3 2973 24 2975 82 6424 88
2975 2 2974 82 2976 97
2976 7 479 90 1278 34 1281 95 2975 97 2977 36 4278 99 5129 65
2977 3 2976 36 2978 50 9608 41
2978 4 2977 50 2979 50 6238 26 7155 16
2979 3 2458 7 2978 50 2980 89
2980 4 2979 89 2981 83 6642 95 7692 51
2981 3 2980 83 2982 50 9313 89
2982 3 2981 50 2983 32 9829 17
2983 3 606 48 2982 32 2984 19
2984 3 391 28 2983 19 2985 33
2985 3 2984 33 2986 96 3048 40
2986 2 2985 96 2987 47
2987 2 2986 47 2988 36
2988 4 2987 36 2989 47 4466 16 6937 98
2989 5 964 2 2148 11 2988 47 2990 74 9609 76
2990 4 2989 74 2991 56 5782 40 8668 6
2991 4 587 75 2990 56 2992 30 6964 43
2992 4 623 21 2707 84 2991 30 2993 44
2993 4 2992 44 2994 60 4785 53 6586 58
2994 3 2993 60 2995 28 3841 66
2995 3 2994 28 2996 93 4479 48
2996 4 1546 61 2995 93 2997 82 8734 20
2997 2 2996 82 2998 86
2998 8 2706 87 2777 34 2997 86 2999 8 3155 25 4383 58 4452 96 8814 37
2999 5 1734 4 2998 8 3000 70 6177 81 6201 34
3000 3 2999 70 3001 16 8070 7
3001 2 3000 16 3002 21
3002 4 3001 21 3003 29 6560 88 7959 34
3003 2 3002 29 3004 38
3004 2 3003 38 3005 92
3005 5 3004 92 3006 15 8246 11 8299 84 9816 16
3006 3 3005 15 3007 3 5709 10
3007 4 3006 3 3008 90 8795 26 9580 93
3008 2 3007 90 3009 30
3009 2 3008 30 3010 96
3010 3 3009 96 3011 27 3742 75
3011 2 3010 27 3012 67
3012 3 1683 31 3011 67 3013 12
3013 3 431 82 3012 12 3014 64
3014 7 1176 30 3013 64 3015 56 5752 28 7529 66 7816 52 9931 51
3015 4 3014 56 3016 5 3172 70 7224 52
3016 4 3015 5 3017 38 3402 35 4111 66
3017 5 674 14 3016 38 3018 78 4785 3 9629 25
3018 3 2281 78 3017 78 3019 53
3019 5 3018 53 3020 63 5580 79 5891 62 6158 7
3020 5 3019 63 3021 77 3882 100 4994 48 5680 65
3021 4 2913 23 3020 77 3022 1 3579 38
3022 6 3021 1 3023 25 3369 24 3788 54 5103 1 8871 54
3023 4 3022 25 3024 55 5440 40 8167 14
3024 4 3023 55 3025 59 7315 92 8459 3
3025 7 1850 52 3024 59 3026 94 4342 41 8122 82 8127 52 8601 87
3026 4 2687 79 3025 94 3027 10 8709 22
3027 3 1545 78 3026 10 3028 47
3028 3 1560 16 3027 47 3029 89
3029 3 3028 89 3030 32 7988 8
3030 2 3029 32 3031 17
3031 3 3030 17 3032 38 7057 5
3032 4 3031 38 3033 94 6689 74 9927 21
3033 3 2009 51 3032 94 3034 56
3034 3 3033 56 3035 78 7276 55
3035 4 845 46 3034 78 3036 34 7291 35
3036 2 3035 34 3037 34
3037 5 3036 34 3038 84 3535 23 5628 18 6537 75
3038 7 21 81 3037 84 3039 32 3521 15 7237 69 7462 51 8617 82
3039 3 3038 32 3040 70 8742 41
3040 5 2454 8 3039 70 3041 8 4968 57 7534 15
3041 3 1897 30 3040 8 3042 77
3042 2 3041 77 3043 74
3043 7 1216 79 1950 21 3042 74 3044 79 5597 6 7578 80 8800 78
3044 3 2002 40 3043 79 3045 15
3045 2 3044 15 3046 43
3046 4 2972 90 3045 43 3047 54 8105 94
3047 4 3046 54 3048 31 3913 80 4792 6
3048 3 2985 40 3047 31 3049 61
3049 5 1627 51 2863 73 3048 61 3050 61 4589 71
3050 5 773 40 3049 61 3051 76 8575 95 8949 43
3051 2 3050 76 3052 68
3052 4 3051 68 3053 84 3371 51 8397 37
3053 2 3052 84 3054 97
3054 3 3053 97 3055 65 5456 97
3055 4 3054 65 3056 3 7086 35 8407 10
3056 3 3055 3 3057 29 7939 81
3057 5 3056 29 3058 62 3691 87 5632 60 6067 18
3058 4 3057 62 3059 74 3590 5 4173 71
3059 3 3058 74 3060 29 9151 92
3060 2 3059 29 3061 36
3061 5 3060 36 3062 1 3980 72 4334 36 5499 47
3062 7 1800 4 3061 1 3063 72 3962 16 5162 69 7479 95 9235 78
3063 5 3062 72 3064 41 3791 14 7431 85 9250 80
3064 4 1295 55 1693 87 3063 41 3065 15
3065 5 3064 15 3066 91 6483 16 7614 5 8620 71
3066 3 3065 91 3067 40 6282 91
3067 2 3066 40 3068 65
3068 4 3067 65 3069 5 4747 72 8993 75
3069 4 3068 5 3070 67 5224 27 6155 16
3070 2 3069 67 3071 2
3071 4 1256 17 3070 2 3072 44 5633 28
3072 5 3071 44 3073 47 3516 16 5396 73 9536 7
3073 4 3072 47 3074 63 6386 94 8061 14
3074 6 3073 63 3075 2 3684 48 5905 78 8387 11 8712 26
3075 3 2615 41 3074 2 3076 48
3076 4 2633 23 3075 48 3077 83 3336 45
3077 3 1219 41 3076 83 3078 24
3078 2 3077 24 3079 59
3079 5 2223 25 3078 59 3080 37 5106 57 9625 40
3080 2 3079 37 3081 97
3081 5 2424 28 3080 97 3082 51 7613 55 8434 95
3082 7 1818 23 3081 51 3083 31 5440 21 8007 42 9107 94 9311 86
3083 5 1934 47 2119 63 2358 88 3082 31 3084 84
3084 4 3083 84 3085 6 3839 69 7953 59
3085 7 1734 75 2180 59 3084 6 3086 5 4863 31 6954 94 7005 91
3086 4 3085 5 3087 56 6589 14 9954 34
3087 7 1356 81 3086 56 3088 10 3546 40 5244 88 5674 96 6407 71
3088 3 3087 10 3089 26 5724 67
3089 3 3088 26 3090 99 8507 32
3090 2 3089 99 3091 74
3091 3 3090 74 3092 42 9248 82
3092 3 3091 42 3093 1 4242 21
3093 3 760 85 3092 1 3094 42
3094 7 3093 42 3095 38 3124 14 3449 89 4901 5 8074 11 8657 46
3095 4 3094 38 3096 46 5999 29 8467 18
3096 3 3095 46 3097 93 3547 43
3097 3 1557 28 3096 93 3098 33
3098 3 3097 33 3099 21 6683 8
3099 3 2024 43 3098 21 3100 85
3100 4 509 91 808 44 3099 85 3101 52
3101 3 3100 52 3102 11 9197 52
3102 6 3101 11 3103 92 3997 17 7012 48 7957 22 8107 17
3103 4 1894 60 3102 92 3104 55 5451 15
3104 3 3103 55 3105 91 5470 76
3105 5 3104 91 3106 39 4690 66 7385 25 9906 65
3106 5 1331 66 3105 39 3107 38 9776 6 9832 33
3107 4 3106 38 3108 28 3571 21 5274 71
3108 5 3107 28 3109 7 5319 75 6831 16 8464 62
3109 3 3108 7 3110 26 6352 92
3110 6 204 51 1148 97 3109 26 3111 66 5640 94 8658 27
3111 5 1427 17 3110 66 3112 62 5242 89 6944 23
3112 2 3111 62 3113 9
3113 3 3112 9 3114 61 9919 34
3114 3 3113 61 3115 37 7469 75
3115 5 2374 15 3114 37 3116 47 6130 84 9088 40
3116 5 3115 47 3117 46 5803 10 6541 92 7896 100
3117 3 585 62 3116 46 3118 94
3118 3 3117 94 3119 94 9236 5
3119 4 3118 94 3120 2 6529 32 7634 9
3120 4 254 83 3119 2 3121 77 7368 83
3121 4 3120 77 3122 97 7013 18 8094 95
3122 3 3121 97 3123 22 6916 41
3123 3 2429 4 3122 22 3124 49
3124 6 887 4 1231 31 3094 14 3123 49 3125 74 8536 93
3125 6 419 2 2459 46 3124 74 3126 47 4774 98 7978 26
3126 4 3125 47 3127 75 4444 24 4450 85
3127 3 3126 75 3128 24 6863 18
3128 3 3127 24 3129 78 7769 78
3129 4 3128 78 3130 100 3938 53 5426 13
3130 2 3129 100 3131 11
3131 4 3130 11 3132 64 6625 12 6696 94
3132 4 3131 64 3133 95 3235 84 8450 62
3133 7 2245 61 2959 79 3132 95 3134 82 3901 12 5358 19 9399 78
3134 4 2276 98 2659 9 3133 82 3135 88
3135 4 3134 88 3136 57 4849 12 8868 68
3136 5 338 74 3135 57 3137 37 3966 18 6256 29
3137 3 2947 66 3136 37 3138 70
3138 4 1895 15 3137 70 3139 98 6670 82
3139 4 3138 98 3140 52 6350 28 9634 62
3140 4 3139 52 3141 4 4613 95 8994 52
3141 4 3140 4 3142 61 8026 96 8478 95
3142 4 1905 77 3141 61 3143 53 4575 77
3143 2 3142 53 3144 61
3144 4 3143 61 3145 10 6027 6 6773 89
3145 2 3144 10 3146 40
3146 5 2686 71 2909 23 3145 40 3147 100 6174 68
3147 3 3146 100 3148 73 7038 57
3148 3 2103 5 3147 73 3149 66
3149 2 3148 66 3150 67
3150 3 3149 67 3151 87 7345 91
3151 3 3150 87 3152 67 8509 41
3152 8 2439 29 3151 67 3153 96 3616 17 3878 58 3939 17 4291 71 6062 87
3153 3 3152 96 3154 12 6835 66
3154 5 319 86 3153 12 3155 1 4006 87 5539 9
3155 6 2998 25 3154 1 3156 20 3184 50 7579 59 8203 93
3156 4 3155 20 3157 12 7599 77 9212 46
3157 5 2479 32 3156 12 3158 28 3872 2 5049 99
3158 6 1112 75 1168 39 2828 84 3157 28 3159 42 3681 12
3159 4 3158 42 3160 87 5756 60 8987 15
3160 4 3159 87 3161 81 5248 86 5398 95
3161 4 2932 70 3160 81 3162 65 6750 99
3162 3 3161 65 3163 46 3339 8
3163 3 3162 46 3164 17 8235 51
3164 7 191 54 1383 24 3163 17 3165 64 6703 97 6799 86 6888 2
3165 4 2872 73 3164 64 3166 52 9896 19
3166 6 376 64 3165 52 3167 49 4656 41 5424 16 8412 14
3167 2 3166 49 3168 65
3168 4 3167 65 3169 86 3425 98 7769 53
3169 4 2100 71 3168 86 3170 29 3327 97
3170 4 1351 69 3169 29 3171 32 7957 3
3171 5 626 72 3170 32 3172 76 8151 19 8357 3
3172 8 29 25 3015 70 3171 76 3173 10 4939 85 6206 18 7943 92 8533 66
3173 3 3172 10 3174 80 7322 73
3174 3 3173 80 3175 11 6434 77
3175 5 1855 19 3174 11 3176 40 4809 84 8734 12
3176 4 3175 40 3177 42 4261 30 9601 34
3177 2 3176 42 3178 77
3178 3 3177 77 3179 81 5144 48
3179 6 1556 93 3178 81 3180 84 4376 80 6742 57 9449 89
3180 2 3179 84 3181 78
3181 4 306 57 3180 78 3182 50 9966 68
3182 4 83 20 3181 50 3183 92 4760 75
3183 5 2860 63 3182 92 3184 26 3463 51 8879 8
3184 6 3155 50 3183 26 3185 80 3289 32 6914 48 9520 84
3185 5 3184 80 3186 10 3437 10 6441 92 7639 44
3186 3 2503 49 3185 10 3187 32
3187 3 3186 32 3188 22 3421 43
3188 2 3187 22 3189 55
3189 3 843 91 3188 55 3190 50
3190 4 3189 50 3191 93 3698 68 8547 65
3191 2 3190 93 3192 47
3192 5 3191 47 3193 56 4765 61 7399 3 8539 39
3193 6 2670 35 3192 56 3194 60 5055 62 5350 79 8910 28
3194 4 3193 60 3195 97 4733 100 7852 42
3195 4 3194 97 3196 76 5130 27 7775 51
3196 4 3195 76 3197 70 6666 80 7160 58
3197 4 3196 70 3198 75 5245 80 5759 33
3198 3 3197 75 3199 39 3864 81
3199 3 3198 39 3200 76 8484 8
3200 3 3199 76 3201 1 4696 30
3201 3 3200 1 3202 48 6977 77
3202 3 231 90 3201 48 3203 24
3203 6 545 37 1160 86 3202 24 3204 53 7964 60 9185 89
3204 4 1860 98 3203 53 3205 59 5229 30
3205 2 3204 59 3206 33
3206 4 992 96 3205 33 3207 2 9427 11
3207 4 2185 2 3206 2 3208 44 4661 20
3208 5 622 37 3207 44 3209 11 7507 37 9011 7
3209 5 1067 13 1525 39 2344 23 3208 11 3210 58
3210 4 1189 98 3209 58 3211 80 8898 96
3211 3 3210 80 3212 82 8483 66
3212 3 3211 82 3213 89 5030 77
3213 4 3212 89 3214 42 5005 18 8227 36
3214 2 3213 42 3215 56
3215 3 3214 56 3216 47 6890 66
3216 6 700 95 2362 28 3215 47 3217 57 4755 32 8791 22
3217 5 3216 57 3218 46 9091 69 9631 29 9705 48
3218 3 1813 99 3217 46 3219 99
3219 6 802 45 2925 13 3218 99 3220 78 5138 32 9143 56
3220 2 3219 78 3221 15
3221 2 3220 15 3222 86
3222 4 3221 86 3223 79 6143 8 6986 64
3223 3 3222 79 3224 43 8341 26
3224 4 3223 43 3225 75 4047 60 7350 39
3225 2 3224 75 3226 94
3226 3 3225 94 3227 34 8934 18
3227 3 3226 34 3228 57 7316 11
3228 6 708 25 910 29 3227 57 3229 83 7941 87 9152 18
3229 4 3228 83 3230 23 3846 75 4303 3
3230 3 2822 96 3229 23 3231 25
3231 2 3230 25 3232 12
3232 6 3231 12 3233 47 3544 37 5362 45 9063 3 9933 12
3233 5 1160 98 2152 5 3232 47 3234 67 9518 15
3234 3 3233 67 3235 94 9701 100
3235 5 3132 84 3234 94 3236 83 3502 86 6775 55
3236 2 3235 83 3237 95
3237 5 2595 61 3236 95 3238 83 7857 15 8799 25
3238 2 3237 83 3239 69
3239 4 43 11 3238 69 3240 75 7146 6
3240 5 3239 75 3241 7 4385 84 6990 46 8382 80
3241 2 3240 7 3242 46
3242 4 1905 58 3241 46 3243 96 8522 12
3243 2 3242 96 3244 68
3244 3 3243 68 3245 97 4455 1
3245 3 3244 97 3246 23 6810 76
3246 4 1012 98 1129 36 3245 23 3247 24
3247 5 3246 24 3248 47 4919 5 6931 45 7695 34
3248 5 3247 47 3249 57 5896 26 6747 60 8190 57
3249 4 3248 57 3250 19 4644 47 7219 47
3250 4 3249 19 3251 19 4797 31 6496 89
3251 2 3250 19 3252 61
3252 2 3251 61 3253 13
3253 5 2357 34 2867 76 3252 13 3254 40 3515 27
3254 6 2526 98 3253 40 3255 73 5120 61 6754 63 9489 22
3255 5 3254 73 3256 62 4908 84 5422 78 5756 55
3256 2 3255 62 3257 90
3257 4 1243 78 3256 90 3258 97 5965 95
3258 6 3257 97 3259 13 4119 22 6223 65 7013 77 8521 64
3259 3 3258 13 3260 45 6076 81
3260 5 2878 60 3259 45 3261 66 7368 41 7631 83
3261 4 2290 95 3260 66 3262 20 6287 62
3262 5 3261 20 3263 100 6242 7 7069 32 8744 76
3263 5 3262 100 3264 54 4767 48 5579 43 7867 62
3264 5 3263 54 3265 84 3983 6 6498 88 8289 3
3265 6 2019 62 3264 84 3266 28 3874 88 7596 72 7772 8
3266 4 181 67 686 73 3265 28 3267 19
3267 4 466 70 3266 19 3268 47 3525 59
3268 8 2075 25 3267 47 3269 22 3289 75 4046 100 4934 21 5032 53 5656 95
3269 3 1955 38 3268 22 3270 83
3270 4 497 72 3269 83 3271 26 8605 91
3271 3 3270 26 3272 49 6849 55
3272 3 3271 49 3273 21 7027 39
3273 2 3272 21 3274 25
3274 4 3273 25 3275 100 7455 24 7915 35
3275 4 819 87 2860 12 3274 100 3276 23
3276 4 1406 69 3275 23 3277 54 9195 16
3277 4 3276 54 3278 50 3501 19 9340 14
3278 2 3277 50 3279 27
3279 4 719 51 3278 27 3280 81 6681 68
3280 4 3279 81 3281 69 5814 66 7178 74
3281 3 3280 69 3282 79 4623 49
3282 4 613 14 2964 68 3281 79 3283 47
3283 6 421 94 833 55 3282 47 3284 30 3652 5 9444 16
3284 5 920 93 3283 30 3285 86 7249 33 8483 75
3285 5 2701 60 3284 86 3286 96 3771 41 9692 83
3286 3 3285 96 3287 87 8820 5
3287 4 56 15 497 6 3286 87 3288 13
3288 2 3287 13 3289 10
3289 7 3184 32 3268 75 3288 10 3290 56 4322 85 6776 96 7877 95
3290 5 1091 50 3289 56 3291 99 5452 52 6217 29
3291 8 163 12 1295 22 3290 99 3292 51 3736 4 3921 33 3940 67 4690 89
3292 2 3291 51 3293 2
3293 3 3292 2 3294 48 6225 1
3294 5 1669 11 3293 48 3295 43 3763 87 6050 91
3295 3 3294 43 3296 30 4772 33
3296 6 2448 93 2616 9 3295 30 3297 31 3978 61 4924 26
3297 2 3296 31 3298 86
3298 5 596 36 2398 89 3297 86 3299 41 7065 39
3299 7 761 70 3298 41 3300 12 4128 99 7292 10 7847 35 9413 20
3300 4 68 79 3299 12 3301 64 5007 68
3301 4 1439 30 3300 64 3302 56 4795 73
3302 4 3301 56 3303 44 8038 2 9656 57
3303 4 836 5 3302 44 3304 64 6304 45
3304 4 3303 64 3305 29 5563 3 6232 86
3305 3 3304 29 3306 27 8234 57
3306 4 3305 27 3307 14 5411 91 9646 5
3307 4 387 41 518 98 3306 14 3308 10
3308 2 3307 10 3309 63
3309 3 3308 63 3310 17 5163 9
3310 4 48 21 3309 17 3311 92 5559 82
3311 3 2165 84 3310 92 3312 79
3312 4 3311 79 3313 32 6183 43 9930 60
3313 5 2521 27 3312 32 3314 81 5037 16 6432 80
3314 3 2955 10 3313 81 3315 28
3315 4 1957 56 3314 28 3316 87 4471 72
3316 5 1949 72 3315 87 3317 14 6887 25 8600 83
3317 4 3316 14 3318 79 7516 16 7929 36
3318 7 3317 79 3319 37 7293 74 7979 14 8316 68 9125 76 9465 38
3319 2 3318 37 3320 40
3320 5 629 1 3319 40 3321 39 5333 10 9378 46
3321 3 3320 39 3322 30 5722 64
3322 3 1971 67 3321 30 3323 82
3323 4 3322 82 3324 1 9514 94 9959 77
3324 5 3323 1 3325 71 5379 8 6124 94 9262 38
3325 4 1030 71 3324 71 3326 28 9097 48
3326 5 1017 98 2083 44 3325 28 3327 41 5083 23
3327 3 3169 97 3326 41 3328 37
3328 3 3327 37 3329 69 9905 100
3329 6 3328 69 3330 44 3608 68 5013 41 7689 85 9034 77
3330 5 2168 74 3329 44 3331 34 6874 88 7304 35
3331 7 3330 34 3332 62 4045 66 4523 8 6112 87 7975 68 8655 53
3332 5 1137 100 3331 62 3333 39 4955 11 9671 22
3333 4 1342 40 3332 39 3334 22 6656 54
3334 6 72 26 3333 22 3335 40 6819 2 7666 20 7904 91
3335 2 3334 40 3336 9
3336 5 3076 45 3335 9 3337 77 4787 88 7551 86
3337 6 2873 90 3336 77 3338 72 5648 71 5757 35 6873 64
3338 5 498 50 3337 72 3339 63 5709 64 5965 70
3339 4 990 26 3162 8 3338 63 3340 38
3340 4 3339 38 3341 72 6180 23 7731 30
3341 5 743 66 3340 72 3342 1 4025 8 4800 64
3342 3 3341 1 3343 32 5498 8
3343 6 2310 11 2469 99 3342 32 3344 80 3394 44 9248 19
3344 4 3343 80 3345 4 5346 74 7859 60
3345 2 3344 4 3346 29
3346 2 3345 29 3347 91
3347 3 517 100 3346 91 3348 74
3348 3 3347 74 3349 55 9414 90
3349 3 3348 55 3350 69 7742 93
3350 3 1446 21 3349 69 3351 6
3351 3 3350 6 3352 69 5818 52
3352 5 204 17 3351 69 3353 64 6377 90 9949 38
3353 4 3352 64 3354 30 5271 21 8792 99
3354 6 3353 30 3355 41 3390 10 3722 64 6890 22 8278 18
3355 4 3354 41 3356 88 3566 26 8411 86
3356 3 531 82 3355 88 3357 65
3357 6 1178 6 3356 65 3358 91 3461 84 5671 93 8577 29
3358 3 3357 91 3359 37 3773 64
3359 3 3358 37 3360 29 9221 19
3360 2 3359 29 3361 85
3361 3 1469 38 3360 85 3362 81
3362 5 2959 42 3361 81 3363 57 4025 41 8759 77
3363 4 937 50 3362 57 3364 94 9712 32
3364 3 3363 94 3365 46 6533 15
3365 5 568 42 3364 46 3366 100 7252 44 8924 84
3366 6 684 68 1784 98 3365 100 3367 31 4298 24 7338 32
3367 7 257 72 2281 45 3366 31 3368 18 8975 46 9241 66 9807 94
3368 5 1055 8 2411 71 3367 18 3369 35 7137 9
3369 7 3022 24 3368 35 3370 81 3488 28 3861 16 4235 23 4560 58
3370 3 1728 1 3369 81 3371 30
3371 5 968 11 3052 51 3370 30 3372 85 4811 62
3372 3 3371 85 3373 74 5864 34
3373 5 3372 74 3374 79 3486 73 3490 8 6078 47
3374 3 3373 79 3375 57 8615 7
3375 3 3374 57 3376 99 7121 32
3376 4 3375 99 3377 11 6897 47 9491 29
3377 7 2682 13 3376 11 3378 83 5160 6 7957 66 8388 79 8632 76
3378 2 3377 83 3379 37
3379 4 3378 37 3380 54 6144 90 6618 84
3380 5 2654 75 3379 54 3381 59 7669 70 9449 65
3381 3 3380 59 3382 81 6936 8
3382 3 3381 81 3383 88 5092 60
3383 2 3382 88 3384 29
3384 2 3383 29 3385 60
3385 4 3384 60 3386 83 4019 23 6022 93
3386 9 2241 59 2640 62 3385 83 3387 40 4133 45 4490 65 4732 68 5784 79 7797 21
3387 4 3386 40 3388 51 6092 67 7994 28
3388 3 3387 51 3389 99 4867 89
3389 3 360 53 3388 99 3390 9
3390 7 444 59 3354 10 3389 9 3391 54 4318 59 8721 7 9114 68
3391 4 95 46 2754 67 3390 54 3392 24
3392 4 3391 24 3393 51 5632 40 6076 55
3393 2 3392 51 3394 89
3394 5 3343 44 3393 89 3395 48 6928 30 9328 38
3395 5 2543 79 3394 48 3396 59 6669 45 8182 11
3396 4 1819 36 3395 59 3397 68 4075 36
3397 2 3396 68 3398 58
3398 4 82 10 3397 58 3399 87 5871 83
3399 5 3398 87 3400 86 4070 1 4860 35 9070 54
3400 4 20 13 1678 3 3399 86 3401 92
3401 5 2646 52 3400 92 3402 46 4355 5 5552 66
3402 4 3016 35 3401 46 3403 13 8302 13
3403 2 3402 13 3404 3
3404 2 3403 3 3405 45
3405 5 804 11 3404 45 3406 68 4300 77 4915 74
3406 3 3405 68 3407 3 9784 97
3407 3 3406 3 3408 65 6931 57
3408 4 2782 23 3407 65 3409 35 4226 94
3409 6 863 48 2535 71 3408 35 3410 20 5182 35 8241 32
3410 4 3409 20 3411 85 7702 30 9715 13
3411 2 3410 85 3412 100
3412 4 3411 100 3413 1 4650 61 5625 1
3413 4 3412 1 3414 24 4591 96 5097 31
3414 2 3413 24 3415 36
3415 3 399 13 3414 36 3416 94
3416 5 3415 94 3417 80 5555 68 6531 28 6648 43
3417 5 1821 86 3416 80 3418 10 5691 37 9172 22
3418 5 3417 10 3419 48 6289 25 7864 84 9567 59
3419 4 989 100 3418 48 3420 38 8691 84
3420 5 1544 77 3419 38 3421 100 6219 30 9800 40
3421 4 3187 43 3420 100 3422 12 6998 41
3422 5 2413 58 3421 12 3423 51 4416 22 8247 34
3423 4 3422 51 3424 100 3620 5 5251 36
3424 4 2268 64 3423 100 3425 59 6733 4
3425 5 746 10 3168 98 3424 59 3426 45 8381 70
3426 4 2391 75 3425 45 3427 70 9574 66
3427 4 3426 70 3428 43 5994 73 6683 66
3428 4 565 22 3427 43 3429 69 4539 65
3429 2 3428 69 3430 12
3430 3 524 36 3429 12 3431 52
3431 2 3430 52 3432 77
3432 4 1293 65 3431 77 3433 34 5349 80
3433 5 3432 34 3434 98 4432 34 7772 16 8335 35
3434 3 3433 98 3435 81 9862 10
3435 5 3434 81 3436 5 5311 49 5444 96 9181 96
3436 4 1056 2 3435 5 3437 23 7976 86
3437 7 153 80 3185 10 3436 23 3438 29 3800 69 6152 90 6770 56
3438 2 3437 29 3439 87
3439 5 969 81 3438 87 3440 53 7593 4 8539 27
3440 4 3439 53 3441 87 4443 99 6203 11
3441 3 3440 87 3442 23 7958 80
3442 4 3441 23 3443 3 5025 14 6606 60
3443 3 3442 3 3444 100 5218 38
3444 4 10 3 3443 100 3445 68 8410 69
3445 2 3444 68 3446 12
3446 4 1341 87 3445 12 3447 98 9841 1
3447 5 3446 98 3448 31 5552 90 6121 54 8659 42
3448 5 2692 16 3447 31 3449 48 7524 42 7772 87
3449 6 3094 89 3448 48 3450 86 4211 5 6152 10 9192 16
3450 8 370 27 1694 89 2505 68 3449 86 3451 65 3892 50 7386 31 8855 78
3451 2 3450 65 3452 48
3452 4 2694 38 3451 48 3453 83 6469 57
3453 3 3452 83 3454 56 8214 27
3454 4 1549 52 3453 56 3455 81 7059 66
3455 7 1251 28 3454 81 3456 92 4979 65 6379 98 6428 30 9230 16
3456 5 418 86 797 53 3455 92 3457 58 8861 32
3457 5 3456 58 3458 74 5351 6 6779 39 9343 8
3458 4 3457 74 3459 3 4804 75 8235 30
3459 2 3458 3 3460 99
3460 4 821 58 3459 99 3461 54 5398 59
3461 6 2527 79 3357 84 3460 54 3462 16 4493 36 7071 49
3462 5 548 30 3461 16 3463 90 4905 77 6568 71
3463 4 3183 51 3462 90 3464 33 7622 84
3464 4 3463 33 3465 20 5594 70 9273 26
3465 3 2504 64 3464 20 3466 16
3466 3 3465 16 3467 9 9255 69
3467 4 3466 9 3468 88 7661 91 8315 66
3468 2 3467 88 3469 40
3469 3 2133 81 3468 40 3470 93
3470 5 1877 67 3469 93 3471 78 3912 11 4659 88
3471 3 3470 78 3472 4 8297 29
3472 3 530 61 3471 4 3473 20
3473 4 3472 20 3474 84 4332 91 9269 98
3474 3 3473 84 3475 32 8717 62
3475 6 1702 88 1731 57 3474 32 3476 81 5398 30 6779 12
3476 4 351 30 3475 81 3477 10 8188 76
3477 3 3476 10 3478 90 4887 90
3478 5 3477 90 3479 34 6352 47 6989 51 9281 28
3479 4 1992 83 3478 34 3480 45 9680 71
3480 4 948 81 3479 45 3481 95 6230 3
3481 7 548 5 1930 49 3480 95 3482 85 3959 72 5680 32 7613 60
3482 3 3481 85 3483 43 9430 78
3483 3 1349 80 3482 43 3484 14
3484 4 3483 14 3485 6 4742 80 6012 92
3485 4 1984 65 3484 6 3486 52 4897 92
3486 6 3373 73 3485 52 3487 31 7895 62 9393 23 9934 29
3487 3 3486 31 3488 80 6002 18
3488 5 1534 3 3369 28 3487 80 3489 52 6202 31
3489 7 1601 97 2564 64 3488 52 3490 29 5149 97 7621 59 8997 58
3490 3 3373 8 3489 29 3491 86
3491 4 2029 79 3490 86 3492 17 4328 93
3492 9 843 79 1069 53 2074 73 2721 34 2884 63 2885 7 3491 17 3493 18 5394 76
3493 5 1482 83 3492 18 3494 93 7334 8 7865 30
3494 4 984 80 3493 93 3495 60 7780 33
3495 5 2063 27 2684 39 3494 60 3496 23 7873 39
3496 5 3495 23 3497 34 4470 85 5598 55 6659 24
3497 3 3496 34 3498 98 5723 82
3498 3 1643 83 3497 98 3499 77
3499 4 3498 77 3500 41 6239 74 9005 44
3500 2 3499 41 3501 48
3501 4 3277 19 3500 48 3502 58 8640 44
3502 6 213 17 3235 86 3501 58 3503 84 6343 12 9370 65
3503 4 2035 57 2903 90 3502 84 3504 4
3504 2 3503 4 3505 61
3505 6 3504 61 3506 76 3763 4 5321 26 5385 73 5612 56
3506 5 3505 76 3507 45 4250 39 4620 8 7558 40
3507 5 2055 38 3506 45 3508 77 7283 11 9923 77
3508 4 3507 77 3509 61 4072 24 8511 94
3509 4 2739 5 3508 61 3510 9 7498 76
3510 3 3509 9 3511 5 4742 88
3511 5 2913 58 3510 5 3512 19 3747 23 9199 61
3512 3 3511 19 3513 25 8531 14
3513 4 989 5 1074 53 3512 25 3514 73
3514 6 1945 51 3513 73 3515 22 5087 2 5105 36 9004 82
3515 4 2070 31 3253 27 3514 22 3516 57
3516 4 3072 16 3515 57 3517 61 4827 89
3517 4 1488 69 2333 12 3516 61 3518 46
3518 6 567 63 571 51 3517 46 3519 25 4831 41 8265 77
3519 4 1087 44 3518 25 3520 11 5950 17
3520 6 837 87 3519 11 3521 57 4684 58 4816 1 6846 19
3521 3 3038 15 3520 57 3522 76
3522 2 3521 76 3523 61
3523 5 3522 61 3524 36 4816 79 7276 89 7376 86
3524 3 3523 36 3525 83 4854 67
3525 10 505 97 2295 25 3267 59 3524 83 3526 55 4886 44 5401 16 5464 79 7514 63 9681 36
3526 3 1124 15 3525 55 3527 41
3527 3 3526 41 3528 100 9222 78
3528 2 3527 100 3529 61
3529 5 232 5 3528 61 3530 95 3767 62 8196 55
3530 6 496 35 3529 95 3531 77 4108 67 7955 37 8137 18
3531 5 1222 1 1995 89 3530 77 3532 91 4027 42
3532 4 217 14 3531 91 3533 22 7337 50
3533 3 3532 22 3534 40 8997 83
3534 2 3533 40 3535 77
3535 4 3037 23 3534 77 3536 81 4986 14
3536 5 3535 81 3537 21 4430 77 7525 29 7684 7
3537 3 167 35 3536 21 3538 53
3538 4 3537 53 3539 6 6925 91 8902 40
3539 3 1988 49 3538 6 3540 75
3540 3 16 47 3539 75 3541 12
3541 2 3540 12 3542 40
3542 5 852 92 3541 40 3543 60 6781 11 8895 55
3543 3 2083 45 3542 60 3544 24
3544 5 3232 37 3543 24 3545 30 7731 65 7937 32
3545 3 3544 30 3546 44 9503 25
3546 5 1251 20 3087 40 3545 44 3547 72 4175 10
3547 3 3096 43 3546 72 3548 18
3548 3 407 73 3547 18 3549 2
3549 3 1007 6 3548 2 3550 56
3550 3 3549 56 3551 24 9432 7
3551 4 3550 24 3552 31 5859 52 6587 69
3552 4 68 74 1988 94 3551 31 3553 50
3553 3 3552 50 3554 26 4389 66
3554 3 3553 26 3555 49 3958 80
3555 5 479 8 3554 49 3556 55 5193 84 7774 56
3556 3 1404 70 3555 55 3557 25
3557 4 3556 25 3558 48 8874 29 9776 29
3558 4 3557 48 3559 78 6938 7 9825 95
3559 2 3558 78 3560 21
3560 5 1461 81 3559 21 3561 23 7581 47 7827 12
3561 3 538 52 3560 23 3562 60
3562 4 3561 60 3563 40 5444 97 6976 31
3563 6 3562 40 3564 15 5257 51 6682 25 7675 38 7983 28
3564 2 3563 15 3565 54
3565 4 3564 54 3566 43 6968 94 9303 92
3566 6 1362 12 3355 26 3565 43 3567 75 4763 20 6976 86
3567 5 623 45 3566 75 3568 88 7752 91 9780 40
3568 2 3567 88 3569 69
3569 4 1480 89 2602 6 3568 69 3570 30
3570 5 1441 38 2766 76 3569 30 3571 48 8570 50
3571 4 3107 21 3570 48 3572 7 9753 86
3572 3 2680 3 3571 7 3573 51
3573 3 561 32 3572 51 3574 38
3574 3 3573 38 3575 100 4812 73
3575 4 2236 93 3574 100 3576 70 5687 39
3576 2 3575 70 3577 49
3577 2 3576 49 3578 4
3578 2 3577 4 3579 81
3579 5 3021 38 3578 81 3580 62 4026 38 9698 36
3580 5 263 65 2891 98 3579 62 3581 53 9671 75
3581 4 297 11 334 60 3580 53 3582 37
3582 4 3581 37 3583 89 5462 7 6988 64
3583 3 3582 89 3584 88 9371 96
3584 4 941 39 2358 14 3583 88 3585 29
3585 4 767 70 3584 29 3586 33 6807 86
3586 5 2758 20 3585 33 3587 42 4489 74 8783 64
3587 3 3586 42 3588 66 6437 34
3588 5 3587 66 3589 12 7475 10 9258 57 9836 79
3589 3 3588 12 3590 1 5386 57
3590 7 827 52 3058 5 3589 1 3591 37 4730 19 5386 94 5766 5
3591 4 3590 37 3592 18 4799 35 8383 56
3592 2 3591 18 3593 39
3593 6 159 14 1482 85 1963 27 3592 39 3594 40 3729 38
3594 3 2080 68 3593 40 3595 46
3595 4 3594 46 3596 84 4405 70 5457 6
3596 4 1599 18 3595 84 3597 64 8572 70
3597 5 145 80 477 87 3596 64 3598 8 3648 59
3598 3 3597 8 3599 82 3713 1
3599 6 800 25 1189 96 3598 82 3600 85 3765 2 5580 91
3600 4 3599 85 3601 28 6611 81 7094 95
3601 2 3600 28 3602 37
3602 5 259 41 1782 72 2188 66 3601 37 3603 71
3603 3 3602 71 3604 16 5953 48
3604 4 1698 73 3603 16 3605 87 6081 86
3605 5 3604 87 3606 4 4151 79 4519 59 6885 32
3606 5 404 2 3605 4 3607 86 5268 16 6474 72
3607 3 268 67 3606 86 3608 89
3608 7 3329 68 3607 89 3609 35 7877 43 8460 6 8793 46 9373 3
3609 3 594 18 3608 35 3610 21
3610 4 1789 17 3609 21 3611 71 4111 70
3611 3 3610 71 3612 25 6158 24
3612 4 1780 78 3611 25 3613 22 3745 58
3613 5 588 96 3612 22 3614 81 6363 93 8931 3
3614 3 3613 81 3615 13 8608 54
3615 2 3614 13 3616 9
3616 5 1943 18 3152 17 3615 9 3617 42 7969 95
3617 5 2056 40 2146 31 3616 42 3618 65 9301 66
3618 3 3617 65 3619 49 6841 61
3619 2 3618 49 3620 11
3620 4 3423 5 3619 11 3621 37 7111 65
3621 6 642 94 2113 78 3620 37 3622 5 5506 35 7444 57
3622 4 3621 5 3623 51 5530 47 7609 35
3623 8 409 38 1919 34 3622 51 3624 100 6430 53 6880 21 7995 88 8681 33
3624 6 2532 81 2888 38 3623 100 3625 76 4307 27 8147 51
3625 5 3624 76 3626 38 4113 33 4331 52 6064 17
3626 5 2630 8 3625 38 3627 66 5157 73 5561 85
3627 5 3626 66 3628 93 4468 3 5828 31 7256 78
3628 7 849 22 1469 22 3627 93 3629 41 5164 98 5577 50 6914 49
3629 4 1485 43 3628 41 3630 14 9264 10
3630 4 3629 14 3631 88 3987 34 7422 96
3631 5 1450 99 3630 88 3632 24 8169 17 9960 56
3632 3 3631 24 3633 97 8835 6
3633 2 3632 97 3634 13
3634 5 915 3 3633 13 3635 75 4329 16 9835 99
3635 3 3634 75 3636 50 8513 51
3636 3 3635 50 3637 81 5726 49
3637 6 1939 21 2391 43 3636 81 3638 28 6695 95 8001 69
3638 3 1035 6 3637 28 3639 6
3639 5 3638 6 3640 55 7266 27 7677 56 8014 79
3640 5 1883 55 3639 55 3641 63 3929 17 8571 87
3641 5 281 73 1451 3 2538 96 3640 63 3642 44
3642 2 3641 44 3643 11
3643 3 3642 11 3644 44 5369 68
3644 3 3643 44 3645 67 3761 53
3645 2 3644 67 3646 45
3646 4 3645 45 3647 1 7242 57 9969 63
3647 4 2037 4 3646 1 3648 88 8509 76
3648 5 160 62 880 16 3597 59 3647 88 3649 82
3649 2 3648 82 3650 97
3650 4 309 77 2344 11 3649 97 3651 31
3651 3 3650 31 3652 45 6987 58
3652 6 77 48 474 78 3283 5 3651 45 3653 7 9531 57
3653 5 3652 7 3654 25 6667 26 7794 92 9675 98
3654 2 3653 25 3655 93
3655 2 3654 93 3656 45
3656 3 3655 45 3657 14 7696 75
3657 3 3656 14 3658 74 7381 71
3658 4 1351 93 3657 74 3659 76 7545 41
3659 2 3658 76 3660 58
3660 4 3659 58 3661 39 5666 58 8240 29
3661 3 3660 39 3662 45 5748 67
3662 5 3661 45 3663 21 5634 47 6746 97 8738 58
3663 6 2220 89 3662 21 3664 37 4630 26 7428 25 9879 25
3664 3 2187 61 3663 37 3665 95
3665 4 3664 95 3666 47 8060 29 9878 12
3666 3 3665 47 3667 98 4998 7
3667 2 3666 98 3668 9
3668 4 2697 86 3667 9 3669 43 6264 89
3669 3 1452 28 3668 43 3670 11
3670 5 3669 11 3671 27 3874 89 5331 76 5909 99
3671 3 3670 27 3672 46 6477 29
3672 4 2744 57 3671 46 3673 63 9372 3
3673 5 2798 100 3672 63 3674 28 7033 32 7916 55
3674 3 3673 28 3675 100 4655 87
3675 4 1534 13 3674 100 3676 34 8592 29
3676 4 1574 49 3675 34 3677 94 6038 51
3677 5 3676 94 3678 41 3812 70 4102 38 7404 64
3678 3 3677 41 3679 7 9920 52
3679 2 3678 7 3680 45
3680 2 3679 45 3681 3
3681 3 3158 12 3680 3 3682 45
3682 3 3681 45 3683 57 4998 52
3683 3 3682 57 3684 74 5254 100
3684 3 3074 48 3683 74 3685 73
3685 3 3684 73 3686 92 9487 36
3686 4 1129 88 3685 92 3687 90 9521 34
3687 3 3686 90 3688 27 5240 51
3688 7 759 63 955 29 3687 27 3689 48 3863 46 8087 5 9298 18
3689 2 3688 48 3690 83
3690 3 3689 83 3691 67 9197 96
3691 5 944 9 2331 28 3057 87 3690 67 3692 32
3692 5 3691 32 3693 49 5608 4 5714 18 6542 25
3693 3 944 59 3692 49 3694 92
3694 3 2325 96 3693 92 3695 41
3695 3 3694 41 3696 57 6209 15
3696 4 1014 45 3695 57 3697 66 5631 59
3697 4 654 69 3696 66 3698 49 9893 83
3698 7 520 16 3190 68 3697 49 3699 13 3833 59 8549 52 9633 76
3699 3 3698 13 3700 20 5283 2
3700 4 713 41 3699 20 3701 34 4465 5
3701 3 3700 34 3702 20 5090 15
3702 3 69 30 3701 20 3703 13
3703 4 1890 14 3702 13 3704 9 5613 40
3704 3 3703 9 3705 87 7177 50
3705 5 1216 43 3704 87 3706 78 4952 69 8848 65
3706 3 3705 78 3707 100 8214 4
3707 3 3706 100 3708 25 5372 67
3708 2 3707 25 3709 66
3709 2 3708 66 3710 58
3710 2 3709 58 3711 15
3711 4 3710 15 3712 27 4310 46 9145 81
3712 6 182 23 3711 27 3713 35 6770 40 7850 2 8677 72
3713 6 2639 35 3598 1 3712 35 3714 81 4298 84 5950 81
3714 5 329 31 1485 68 3713 81 3715 70 9713 69
3715 3 417 74 3714 70 3716 3
3716 2 3715 3 3717 82
3717 2 3716 82 3718 14
3718 6 2149 63 3717 14 3719 63 4079 47 6218 90 6782 38
3719 3 3718 63 3720 12 5309 15
3720 2 3719 12 3721 6
3721 3 3720 6 3722 20 5773 98
3722 5 3354 64 3721 20 3723 75 8268 37 8271 86
3723 5 961 25 3722 75 3724 24 8719 67 9438 80
3724 5 2680 61 2695 100 3723 24 3725 31 8110 21
3725 3 1042 12 3724 31 3726 77
3726 5 3725 77 3727 67 4176 56 6522 66 8994 84
3727 5 7 86 3726 67 3728 47 8690 32 9702 18
3728 5 2096 65 3727 47 3729 45 4260 23 9543 85
3729 7 973 52 3593 38 3728 45 3730 41 4032 73 7683 48 9030 61
3730 5 1552 94 1630 2 2406 90 3729 41 3731 18
3731 4 440 89 3730 18 3732 7 8478 61
3732 5 2824 64 3731 7 3733 95 5129 72 7898 92
3733 2 3732 95 3734 60
3734 3 3733 60 3735 28 8260 73
3735 7 8 26 967 71 3734 28 3736 48 5753 29 6245 29 8713 22
3736 3 3291 4 3735 48 3737 39
3737 3 2127 24 3736 39 3738 55
3738 4 3737 55 3739 2 5330 43 9218 85
3739 5 757 83 3738 2 3740 51 5534 82 7180 63
3740 4 451 30 3739 51 3741 62 5888 61
3741 2 3740 62 3742 72
3742 5 3010 75 3741 72 3743 29 3998 33 9625 83
3743 3 3742 29 3744 63 5561 19
3744 3 3743 63 3745 93 8826 94
3745 5 3612 58 3744 93 3746 67 5675 6 9851 16
3746 6 1291 39 2519 43 3745 67 3747 36 7585 94 8062 75
3747 4 2864 36 3511 23 3746 36 3748 56
3748 4 164 86 1792 25 3747 56 3749 86
3749 4 3748 86 3750 29 7037 49 9741 52
3750 3 3749 29 3751 10 5283 48
3751 5 911 28 3750 10 3752 28 7213 37 9683 93
3752 2 3751 28 3753 46
3753 6 578 79 1801 68 3752 46 3754 54 5285 20 9943 45
3754 4 2647 59 3753 54 3755 7 5642 6
3755 3 3754 7 3756 9 6981 46
3756 4 77 58 3755 9 3757 78 8108 24
3757 7 278 28 1214 10 3756 78 3758 45 4394 62 5083 54 9342 49
3758 3 3757 45 3759 76 9986 11
3759 3 3758 76 3760 24 4545 32
3760 5 3759 24 3761 80 3889 18 4614 95 6800 45
3761 4 101 14 3644 53 3760 80 3762 36
3762 5 1031 90 3761 36 3763 48 6083 95 7335 96
3763 8 3294 87 3505 4 3762 48 3764 42 5167 16 5971 31 6873 81 7712 4
3764 5 1512 32 3763 42 3765 91 4565 49 5638 41
3765 5 3599 2 3764 91 3766 37 4469 10 5934 28
3766 3 3765 37 3767 10 6507 87
3767 4 3529 62 3766 10 3768 15 5749 45
3768 5 2334 31 3767 15 3769 85 8197 79 9036 64
3769 2 3768 85 3770 83
3770 3 3769 83 3771 83 4222 47
3771 4 2257 16 3285 41 3770 83 3772 62
3772 4 2864 94 3771 62 3773 44 8646 8
3773 8 1869 9 3358 64 3772 44 3774 45 5333 16 5517 26 6978 64 7939 98
3774 5 367 2 1066 95 3773 45 3775 83 9483 72
3775 3 3774 83 3776 23 9750 39
3776 6 623 48 3775 23 3777 45 7494 1 7521 3 8597 91
3777 3 438 50 3776 45 3778 56
3778 4 3777 56 3779 21 6671 27 9823 1
3779 3 2122 45 3778 21 3780 71
3780 2 3779 71 3781 1
3781 3 3780 1 3782 90 7307 41
3782 2 3781 90 3783 87
3783 2 3782 87 3784 73
3784 2 3783 73 3785 27
3785 6 262 77 3784 27 3786 97 5101 35 5217 10 5651 95
3786 4 179 47 1616 85 3785 97 3787 34
3787 3 3786 34 3788 94 9933 24
3788 6 369 53 3022 54 3787 94 3789 32 7238 2 9481 100
3789 3 3788 32 3790 56 7210 43
3790 5 3789 56 3791 44 5452 86 8646 73 9656 3
3791 4 2444 23 3063 14 3790 44 3792 33
3792 5 3791 33 3793 13 5822 53 8750 62 9258 33
3793 4 1746 48 3792 13 3794 80 6655 59
3794 3 3793 80 3795 95 5522 76
3795 3 3794 95 3796 91 9680 48
3796 4 2535 82 3795 91 3797 70 7160 39
3797 2 3796 70 3798 1
3798 4 3797 1 3799 71 5645 10 7804 7
3799 4 3798 71 3800 42 5503 59 7338 75
3800 3 3437 69 3799 42 3801 80
3801 4 647 1 3800 80 3802 85 4729 69
3802 4 462 20 1232 69 3801 85 3803 84
3803 4 2007 88 3802 84 3804 34 7361 23
3804 7 815 15 3803 34 3805 99 5200 63 5287 45 6684 50 9096 81
3805 3 1920 19 3804 99 3806 26
3806 4 3805 26 3807 34 6316 18 8842 80
3807 2 3806 34 3808 58
3808 6 1925 72 3807 58 3809 30 6392 21 6644 84 7191 88
3809 4 451 71 1667 16 3808 30 3810 49
3810 3 3809 49 3811 50 4155 74
3811 2 3810 50 3812 96
3812 3 3677 70 3811 96 3813 9
3813 3 3812 9 3814 34 4295 96
3814 7 2412 90 2718 46 2843 71 3813 34 3815 37 3873 34 5863 13
3815 2 3814 37 3816 68
3816 4 536 35 3815 68 3817 22 7976 74
3817 7 2148 83 3816 22 3818 21 4624 20 5882 33 7282 91 9795 75
3818 3 3817 21 3819 29 8565 23
3819 7 1323 15 1365 41 3818 29 3820 11 6058 8 6978 23 9209 32
3820 4 1093 70 3819 11 3821 57 9135 10
3821 2 3820 57 3822 32
3822 7 1091 85 1644 22 3821 32 3823 5 5847 27 6195 19 7005 11
3823 6 1224 42 1829 28 2913 18 3822 5 3824 48 7750 78
3824 6 3823 48 3825 71 4732 72 5517 64 5626 84 8269 27
3825 2 3824 71 3826 55
3826 5 3825 55 3827 8 3966 78 7589 22 9158 95
3827 4 3826 8 3828 33 9879 81 9920 17
3828 4 2455 79 3827 33 3829 14 4513 1
3829 3 872 2 3828 14 3830 83
3830 5 401 48 541 32 3829 83 3831 16 6825 64
3831 7 2635 7 3830 16 3832 9 5868 92 6446 89 6803 65 9471 28
3832 2 3831 9 3833 69
3833 5 2097 15 3698 59 3832 69 3834 28 9619 34
3834 4 480 9 3833 28 3835 87 6931 86
3835 3 2000 70 3834 87 3836 71
3836 6 1189 6 3835 71 3837 26 3991 65 5082 60 8992 4
3837 4 2454 59 3836 26 3838 49 5974 67
3838 3 3837 49 3839 97 9010 19
3839 5 2542 35 2646 15 3084 69 3838 97 3840 36
3840 4 1146 12 3839 36 3841 40 9122 5
3841 4 2994 66 3840 40 3842 97 7117 63
3842 3 3841 97 3843 58 5393 4
3843 6 147 63 3842 58 3844 11 4266 49 8239 53 8597 81
3844 3 3843 11 3845 84 6860 37
3845 5 3844 84 3846 6 7757 3 9210 100 9483 72
3846 5 3229 75 3845 6 3847 13 6669 81 9155 66
3847 4 3846 13 3848 92 7809 12 9968 98
3848 4 983 99 2394 35 3847 92 3849 31
3849 5 3848 31 3850 35 4941 37 5394 76 6040 14
3850 3 579 50 3849 35 3851 79
3851 3 609 35 3850 79 3852 3
3852 3 2741 6 3851 3 3853 16
3853 2 3852 16 3854 6
3854 3 3853 6 3855 52 7935 41
3855 5 3854 52 3856 44 7263 32 9341 79 9933 90
3856 5 3855 44 3857 74 5138 83 5229 19 8589 60
3857 7 341 41 2793 24 3856 74 3858 78 4058 86 4594 99 8664 61
3858 4 113 90 3857 78 3859 2 3982 96
3859 4 3858 2 3860 41 6791 86 8161 17
3860 5 3859 41 3861 73 5154 92 9870 50 9893 67
3861 3 3369 16 3860 73 3862 84
3862 6 1992 54 3861 84 3863 23 6923 58 7794 88 9768 5
3863 6 830 44 2114 1 3688 46 3862 23 3864 87 5219 77
3864 3 3198 81 3863 87 3865 61
3865 8 201 65 598 41 3864 61 3866 60 5375 91 5880 60 7540 4 8269 60
3866 3 3865 60 3867 95 6616 62
3867 3 2443 51 3866 95 3868 99
3868 6 696 91 2720 58 3867 99 3869 81 4723 10 7146 39
3869 2 3868 81 3870 95
3870 3 3869 95 3871 88 7565 34
3871 6 535 15 1865 25 2222 19 3870 88 3872 57 8077 99
3872 6 993 66 3157 2 3871 57 3873 10 5914 51 6365 46
3873 4 3814 34 3872 10 3874 89 7959 9
3874 4 3265 88 3670 89 3873 89 3875 58
3875 7 1185 58 1645 22 3874 58 3876 4 6071 83 9051 96 9395 26
3876 3 3875 4 3877 29 8894 79
3877 4 211 67 2479 33 3876 29 3878 41
3878 4 3152 58 3877 41 3879 86 6386 21
3879 4 3878 86 3880 43 5704 95 8022 1
3880 4 2538 6 3879 43 3881 49 8450 76
3881 3 3880 49 3882 28 6435 7
3882 6 2583 49 2605 84 3020 100 3881 28 3883 17 6908 16
3883 3 3882 17 3884 54 7229 90
3884 2 3883 54 3885 42
3885 8 875 60 2745 68 3884 42 3886 34 5644 58 5928 71 6164 67 8140 67
3886 2 3885 34 3887 19
3887 3 1534 99 3886 19 3888 7
3888 4 2715 90 3887 7 3889 69 6063 66
3889 6 340 34 1989 69 3760 18 3888 69 3890 40 8777 79
3890 5 3889 40 3891 79 5026 40 8154 79 9362 56
3891 3 171 41 3890 79 3892 21
3892 3 3450 50 3891 21 3893 57
3893 3 3892 57 3894 3 7972 47
3894 6 1574 41 2617 62 3893 3 3895 100 6582 91 9197 16
3895 3 3894 100 3896 48 6508 55
3896 3 3895 48 3897 38 8726 96
3897 2 3896 38 3898 17
3898 6 1894 12 3897 17 3899 89 4825 87 5199 73 5961 52
3899 3 794 27 3898 89 3900 24
3900 3 1789 17 3899 24 3901 98
3901 7 3133 12 3900 98 3902 33 4693 8 5391 91 6827 11 9863 1
3902 2 3901 33 3903 15
3903 2 3902 15 3904 62
3904 2 3903 62 3905 7
3905 2 3904 7 3906 63
3906 3 2602 48 3905 63 3907 9
3907 3 1266 44 3906 9 3908 37
3908 2 3907 37 3909 27
3909 6 942 45 3908 27 3910 55 4603 33 5059 94 7078 74
3910 4 3909 55 3911 81 8777 88 9381 61
3911 3 3910 81 3912 30 5241 53
3912 4 684 89 3470 11 3911 30 3913 47
3913 7 1744 39 3047 80 3912 47 3914 90 4508 37 4563 40 9643 25
3914 3 3913 90 3915 6 7927 7
3915 2 3914 6 3916 92
3916 3 1735 89 3915 92 3917 13
3917 6 3916 13 3918 14 5785 65 6096 80 6836 80 8946 28
3918 5 2303 20 3917 14 3919 63 5951 98 9861 71
3919 4 712 51 3918 63 3920 40 9143 21
3920 3 3919 40 3921 36 9366 93
3921 5 2579 83 3291 33 3920 36 3922 71 3929 42
3922 6 818 29 2017 32 3921 71 3923 65 6796 77 6943 48
3923 3 3922 65 3924 18 9189 75
3924 6 1414 79 2286 7 3923 18 3925 57 6054 83 8144 67
3925 2 3924 57 3926 93
3926 2 3925 93 3927 76
3927 2 3926 76 3928 76
3928 3 3927 76 3929 77 4342 49
3929 5 1386 33 3640 17 3921 42 3928 77 3930 23
3930 2 3929 23 3931 62
3931 7 27 13 3930 62 3932 85 4742 90 6496 46 7167 50 9662 34
3932 3 1132 27 3931 85 3933 78
3933 4 3932 78 3934 18 7616 49 9484 4
3934 2 3933 18 3935 22
3935 4 280 26 3934 22 3936 57 8847 84
3936 3 273 30 3935 57 3937 71
3937 6 2514 4 3936 71 3938 38 7770 3 8875 77 8930 89
3938 6 571 1 2269 4 3129 53 3937 38 3939 53 9578 80
3939 5 1841 63 3152 17 3938 53 3940 61 5364 24
3940 6 1978 76 3291 67 3939 61 3941 83 7890 40 9826 16
3941 3 744 46 3940 83 3942 8
3942 3 3941 8 3943 69 8817 25
3943 3 2932 18 3942 69 3944 65
3944 4 3943 65 3945 42 4049 96 9937 69
3945 3 3944 42 3946 71 4768 12
3946 2 3945 71 3947 87
3947 4 771 5 3946 87 3948 12 7933 64
3948 4 1832 28 3947 12 3949 39 5329 100
3949 5 3948 39 3950 7 6176 62 8331 44 9208 85
3950 4 3949 7 3951 15 5532 97 5647 27
3951 4 505 70 3950 15 3952 41 9059 54
3952 4 2276 38 3951 41 3953 68 5525 15
3953 4 3952 68 3954 85 5112 70 8996 48
3954 3 3953 85 3955 91 6009 78
3955 4 2885 67 3954 91 3956 93 4364 43
3956 5 1798 83 3955 93 3957 9 4402 66 4454 36
3957 4 3956 9 3958 100 4767 69 8658 53
3958 4 2837 93 3554 80 3957 100 3959 97
3959 6 1005 31 3481 72 3958 97 3960 14 5097 5 6396 1
3960 3 3959 14 3961 15 7312 6
3961 4 3960 15 3962 2 6918 80 8974 34
3962 3 3062 16 3961 2 3963 51
3963 6 3962 51 3964 46 4592 93 7077 63 8335 72 9607 63
3964 3 3963 46 3965 88 4453 2
3965 4 3964 88 3966 66 6354 19 6529 7
3966 8 2199 81 3136 18 3826 78 3965 66 3967 77 5009 65 7968 29 9031 28
3967 2 3966 77 3968 23
3968 2 3967 23 3969 14
3969 3 3968 14 3970 14 8915 81
3970 7 1270 83 3969 14 3971 28 5100 49 7517 49 8147 39 9539 88
3971 3 817 40 3970 28 3972 18
3972 3 3971 18 3973 30 5855 61
3973 3 2551 58 3972 30 3974 84
3974 4 3973 84 3975 57 4377 51 5229 84
3975 5 327 66 1119 25 2691 43 3974 57 3976 29
3976 3 3975 29 3977 60 5244 66
3977 4 3976 60 3978 17 4656 49 7362 46
3978 5 3296 61 3977 17 3979 56 8228 54 9657 60
3979 3 1414 30 3978 56 3980 88
3980 3 3061 72 3979 88 3981 93
3981 5 1795 31 3980 93 3982 90 4370 87 4725 26
3982 4 2300 44 3858 96 3981 90 3983 20
3983 3 3264 6 3982 20 3984 70
3984 3 496 94 3983 70 3985 3
3985 5 3984 3 3986 69 7090 5 7236 97 7440 18
3986 4 293 53 824 38 3985 69 3987 42
3987 5 3630 34 3986 42 3988 42 6729 9 6952 38
3988 3 3987 42 3989 26 7131 47
3989 3 3988 26 3990 67 6406 77
3990 4 1917 6 3989 67 3991 91 5738 91
3991 6 3836 65 3990 91 3992 51 8100 54 8527 87 9771 25
3992 4 2700 69 3991 51 3993 34 4211 65
3993 2 3992 34 3994 37
3994 3 3993 37 3995 97 6103 63
3995 4 3994 97 3996 49 6699 3 6850 34
3996 4 3995 49 3997 77 6887 11 9918 15
3997 5 821 9 3102 17 3996 77 3998 47 8534 16
3998 7 2921 69 3742 33 3997 47 3999 14 6653 22 6840 47 9269 79
3999 3 3998 14 4000 34 7907 48
4000 5 3999 34 4001 62 8338 56 8516 32 9276 67
4001 2 4000 62 4002 85
4002 4 4001 85 4003 82 9340 32 9898 12
4003 6 661 77 1416 84 1546 72 4002 82 4004 35 5228 95
4004 4 2756 14 4003 35 4005 66 6111 50
4005 4 4004 66 4006 3 5307 63 6281 33
4006 6 2829 4 3154 87 4005 3 4007 51 6167 21 8926 58
4007 2 4006 51 4008 78
4008 3 4007 78 4009 81 7135 25
4009 5 4008 81 4010 27 6692 65 6983 25 8183 40
4010 6 1607 84 4009 27 4011 81 9098 59 9133 89 9325 22
4011 3 4010 81 4012 51 6406 95
4012 2 4011 51 4013 4
4013 3 4012 4 4014 89 5762 57
4014 6 2378 83 4013 89 4015 74 4290 6 7044 64 7049 85
4015 4 4014 74 4016 61 8107 39 8607 29
4016 4 972 55 4015 61 4017 11 5997 65
4017 2 4016 11 4018 68
4018 4 4017 68 4019 65 5192 83 7248 1
4019 5 3385 23 4018 65 4020 87 4946 70 6614 33
4020 3 4019 87 4021 33 5166 81
4021 4 4020 33 4022 30 4432 65 4975 70
4022 8 2131 66 2920 74 4021 30 4023 56 4656 74 5361 10 6701 54 8888 49
4023 2 4022 56 4024 97
4024 3 4023 97 4025 58 4379 45
4025 4 3341 8 3362 41 4024 58 4026 81
4026 3 3579 38 4025 81 4027 32
4027 3 3531 42 4026 32 4028 29
4028 6 1957 4 4027 29 4029 56 7392 85 7473 92 8157 60
4029 2 4028 56 4030 28
4030 4 524 19 4029 28 4031 9 9557 57
4031 5 537 32 1057 8 1496 83 4030 9 4032 40
4032 6 1523 95 2602 37 3729 73 4031 40 4033 81 7434 24
4033 4 117 9 4032 81 4034 38 9898 71
4034 5 412 1 4033 38 4035 83 4789 64 7078 41
4035 4 4034 83 4036 12 4908 29 9593 97
4036 3 1721 68 4035 12 4037 28
4037 3 4036 28 4038 6 7972 81
4038 4 1779 8 4037 6 4039 59 7168 80
4039 3 4038 59 4040 9 7359 26
4040 5 2786 62 4039 9 4041 87 6553 78 8256 91
4041 5 1003 24 4040 87 4042 97 8173 23 9440 79
4042 2 4041 97 4043 49
4043 5 24 53 4042 49 4044 98 4673 49 9638 100
4044 5 4043 98 4045 72 5173 94 7897 40 9863 63
4045 4 3331 66 4044 72 4046 72 5235 96
4046 3 3268 100 4045 72 4047 51
4047 3 3224 60 4046 51 4048 75
4048 4 302 49 2844 16 4047 75 4049 91
4049 5 3944 96 4048 91 4050 30 6700 46 9495 78
4050 3 4049 30 4051 62 4058 85
4051 4 553 37 4050 62 4052 7 8616 41
4052 3 426 85 4051 7 4053 26
4053 5 2304 95 4052 26 4054 58 5755 64 8175 48
4054 3 4053 58 4055 19 9924 97
4055 5 1343 85 4054 19 4056 80 4417 40 8093 1
4056 3 4055 80 4057 37 6045 40
4057 2 4056 37 4058 84
4058 6 1438 68 3857 86 4050 85 4057 84 4059 10 9782 58
4059 4 200 54 1530 27 4058 10 4060 96
4060 5 2929 24 4059 96 4061 92 4261 51 6336 18
4061 4 4060 92 4062 3 4856 75 7326 28
4062 5 2599 75 4061 3 4063 86 5711 9 5931 96
4063 4 2598 91 4062 86 4064 67 4258 92
4064 3 2006 1 4063 67 4065 56
4065 4 1056 48 4064 56 4066 67 4088 18
4066 4 676 64 2695 21 4065 67 4067 80
4067 4 1271 35 2695 28 4066 80 4068 25
4068 4 211 98 358 64 4067 25 4069 81
4069 3 2893 86 4068 81 4070 54
4070 5 3399 1 4069 54 4071 97 5221 90 8731 68
4071 6 1847 82 4070 97 4072 84 4731 38 8302 88 9237 51
4072 7 2167 47 2693 32 3508 24 4071 84 4073 41 5225 65 7662 10
4073 5 2072 56 2919 2 4072 41 4074 22 4799 90
4074 5 290 78 1387 57 1862 67 4073 22 4075 46
4075 5 3396 36 4074 46 4076 61 5569 47 7474 7
4076 3 4075 61 4077 93 8553 45
4077 3 4076 93 4078 49 4868 6
4078 3 504 29 4077 49 4079 98
4079 5 3718 47 4078 98 4080 2 7614 14 9042 31
4080 3 1120 83 4079 2 4081 9
4081 5 191 83 458 100 4080 9 4082 23 8525 77
4082 4 4081 23 4083 49 6012 85 9432 83
4083 5 4082 49 4084 83 4644 68 8099 99 9645 80
4084 4 190 36 1741 62 4083 83 4085 41
4085 3 4084 41 4086 4 8069 39
4086 4 4085 4 4087 85 7354 28 7398 84
4087 6 1917 97 4086 85 4088 95 5325 86 9099 23 9101 100
4088 4 4065 18 4087 95 4089 73 9456 9
4089 3 4088 73 4090 22 9772 12
4090 4 448 30 4089 22 4091 42 8359 73
4091 3 4090 42 4092 21 6907 83
4092 2 4091 21 4093 48
4093 4 1291 87 4092 48 4094 91 6136 100
4094 3 2139 69 4093 91 4095 3
4095 3 4094 3 4096 90 7168 60
4096 4 68 37 4095 90 4097 23 4558 62
4097 5 269 45 653 2 4096 23 4098 48 6270 29
4098 4 488 50 632 66 4097 48 4099 84
4099 4 351 16 4098 84 4100 68 4914 95
4100 3 2258 97 4099 68 4101 94
4101 3 4100 94 4102 49 6509 40
4102 4 3677 38 4101 49 4103 3 8347 65
4103 3 4102 3 4104 92 5146 46
4104 7 725 16 1834 55 1874 72 4103 92 4105 66 7139 74 7941 17
4105 3 1004 2 4104 66 4106 99
4106 2 4105 99 4107 99
4107 6 391 82 4106 99 4108 77 4272 93 5304 52 5658 42
4108 5 2029 25 3530 67 4107 77 4109 81 9065 7
4109 2 4108 81 4110 3
4110 2 4109 3 4111 17
4111 7 1867 31 3016 66 3610 70 4110 17 4112 6 6852 78 9145 57
4112 2 4111 6 4113 84
4113 3 3625 33 4112 84 4114 46
4114 3 4113 46 4115 3 4150 5
4115 3 4114 3 4116 25 5481 59
4116 6 4115 25 4117 74 5432 65 8445 33 8917 55 9505 16
4117 7 1096 82 4116 74 4118 51 5783 32 6837 81 7543 55 9428 4
4118 4 169 67 4117 51 4119 20 6333 10
4119 4 3258 22 4118 20 4120 49 4867 71
4120 3 4119 49 4121 25 8847 39
4121 2 4120 25 4122 24
4122 5 4121 24 4123 42 5921 40 7971 51 9631 26
4123 2 4122 42 4124 96
4124 4 4123 96 4125 12 4203 12 8806 63
4125 3 712 8 4124 12 4126 6
4126 4 1318 98 4125 6 4127 86 8495 72
4127 4 4126 86 4128 100 4640 98 5434 58
4128 6 424 8 3299 99 4127 100 4129 32 4312 36 6678 5
4129 2 4128 32 4130 42
4130 2 4129 42 4131 28
4131 3 4130 28 4132 21 8177 57
4132 2 4131 21 4133 21
4133 6 1548 93 3386 45 4132 21 4134 100 6305 91 7154 44
4134 3 4133 100 4135 15 7936 55
4135 3 824 60 4134 15 4136 18
4136 2 4135 18 4137 77
4137 4 267 32 392 35 4136 77 4138 98
4138 4 1830 38 4137 98 4139 8 9554 19
4139 3 4138 8 4140 45 4858 100
4140 3 4139 45 4141 17 6846 66
4141 3 4140 17 4142 3 5723 45
4142 2 4141 3 4143 49
4143 5 1976 29 4142 49 4144 5 4894 54 6103 43
4144 2 4143 5 4145 6
4145 3 4144 6 4146 52 9274 73
4146 5 428 10 4145 52 4147 71 4838 71 9235 51
4147 5 1824 11 4146 71 4148 42 7631 75 7639 59
4148 2 4147 42 4149 16
4149 3 4148 16 4150 4 5571 62
4150 5 1430 78 2620 36 4114 5 4149 4 4151 20
4151 4 3605 79 4150 20 4152 36 6721 8
4152 5 953 49 1102 96 4151 36 4153 63 6653 50
4153 6 749 9 4152 63 4154 10 7102 43 7177 1 9911 76
4154 2 4153 10 4155 74
4155 4 3810 74 4154 74 4156 8 5411 19
4156 4 869 55 2847 12 4155 8 4157 48
4157 4 1033 30 4156 48 4158 42 7994 19
4158 3 4157 42 4159 39 6813 72
4159 5 931 34 1856 91 4158 39 4160 54 8845 49
4160 3 4159 54 4161 20 4306 7
4161 6 541 59 4160 20 4162 17 8297 57 8714 2 9155 78
4162 5 2955 84 4161 17 4163 20 4479 14 6526 93
4163 3 4162 20 4164 72 8598 71
4164 3 4163 72 4165 16 8422 44
4165 4 4164 16 4166 9 6806 84 9674 29
4166 2 4165 9 4167 86
4167 3 4166 86 4168 39 8841 99
4168 5 183 84 4167 39 4169 39 6907 27 7286 42
4169 5 2936 95 4168 39 4170 52 5622 81 6845 91
4170 4 4169 52 4171 87 6385 76 6446 12
4171 2 4170 87 4172 50
4172 4 4171 50 4173 84 7412 87 8595 31
4173 5 1616 92 2158 89 3058 71 4172 84 4174 74
4174 2 4173 74 4175 71
4175 4 3546 10 4174 71 4176 33 6108 99
4176 5 2791 41 3726 56 4175 33 4177 90 5434 26
4177 4 1063 44 4176 90 4178 68 6301 89
4178 3 4177 68 4179 10 6922 33
4179 4 4178 10 4180 59 5257 30 6144 70
4180 3 4179 59 4181 71 8461 100
4181 5 4180 71 4182 48 5636 63 5769 1 9579 84
4182 3 4181 48 4183 20 7191 93
4183 2 4182 20 4184 23
4184 2 4183 23 4185 85
4185 2 4184 85 4186 81
4186 3 2511 72 4185 81 4187 44
4187 3 906 67 4186 44 4188 2
4188 3 2207 99 4187 2 4189 14
4189 3 4188 14 4190 24 8844 29
4190 2 4189 24 4191 87
4191 5 4190 87 4192 19 5557 28 7048 7 9518 35
4192 5 1369 28 4191 19 4193 1 6242 34 7799 49
4193 4 4192 1 4194 33 5161 51 9621 83
4194 5 4193 33 4195 95 8224 51 8691 7 9279 70
4195 2 4194 95 4196 60
4196 3 4195 60 4197 94 7849 71
4197 3 4196 94 4198 16 7481 23
4198 3 2353 82 4197 16 4199 37
4199 3 4198 37 4200 28 6086 2
4200 4 850 51 2567 42 4199 28 4201 17
4201 2 4200 17 4202 60
4202 2 4201 60 4203 50
4203 3 4124 12 4202 50 4204 63
4204 3 2211 70 4203 63 4205 62
4205 2 4204 62 4206 73
4206 4 2841 55 4205 73 4207 16 7090 40
4207 6 633 26 2338 56 4206 16 4208 49 5595 28 9927 68
4208 2 4207 49 4209 40
4209 5 4208 40 4210 75 4878 46 6292 67 6864 88
4210 3 4209 75 4211 78 7856 34
4211 4 3449 5 3992 65 4210 78 4212 20
4212 2 4211 20 4213 75
4213 5 4212 75 4214 64 8181 60 8492 47 9211 95
4214 5 4213 64 4215 73 5509 28 5754 29 7934 89
4215 3 4214 73 4216 79 6682 44
4216 2 4215 79 4217 16
4217 7 960 50 973 59 2055 54 4216 16 4218 64 5043 47 6355 23
4218 3 4217 64 4219 98 4551 7
4219 3 4218 98 4220 11 8827 59
4220 4 4219 11 4221 20 5340 79 7568 79
4221 3 8 56 4220 20 4222 80
4222 5 3770 47 4221 80 4223 31 6958 80 8523 34
4223 3 4222 31 4224 75 4469 73
4224 4 1759 38 4223 75 4225 73 8239 82
4225 9 966 44 1748 84 2717 6 4224 73 4226 65 7736 57 9005 45 9060 22 9757 75
4226 5 734 67 1068 98 3408 94 4225 65 4227 17
4227 2 4226 17 4228 99
4228 3 4227 99 4229 98 8368 75
4229 4 4228 98 4230 73 5979 16 8378 55
4230 3 4229 73 4231 67 6572 83
4231 5 1583 84 4230 67 4232 59 8262 85 8571 21
4232 2 4231 59 4233 22
4233 4 2209 96 4232 22 4234 2 4772 26
4234 4 4233 2 4235 36 4611 85 5946 9
4235 6 3369 23 4234 36 4236 74 8916 77 9167 90 9544 62
4236 3 4235 74 4237 51 9017 18
4237 5 1500 8 2329 50 4236 51 4238 90 8295 82
4238 4 1677 18 4237 90 4239 96 5958 35
4239 3 4238 96 4240 13 5884 68
4240 4 4239 13 4241 42 6098 70 7381 21
4241 2 4240 42 4242 16
4242 4 3092 21 4241 16 4243 42 5910 67
4243 4 1249 4 4242 42 4244 61 8704 15
4244 4 1254 64 4243 61 4245 37 4879 8
4245 2 4244 37 4246 97
4246 2 4245 97 4247 2
4247 2 4246 2 4248 95
4248 2 4247 95 4249 28
4249 3 4248 28 4250 56 6185 7
4250 4 2026 7 3506 39 4249 56 4251 19
4251 3 4250 19 4252 22 4507 93
4252 5 780 97 1211 81 4251 22 4253 68 6323 45
4253 3 4252 68 4254 16 9286 75
4254 4 776 99 4253 16 4255 10 8837 36
4255 3 4254 10 4256 78 9943 14
4256 2 4255 78 4257 30
4257 2 4256 30 4258 29
4258 3 4063 92 4257 29 4259 76
4259 4 2260 82 4258 76 4260 96 7299 61
4260 3 3728 23 4259 96 4261 75
4261 5 3176 30 4060 51 4260 75 4262 54 5009 79
4262 4 4261 54 4263 31 4430 89 8950 93
4263 6 118 6 2765 46 4262 31 4264 80 4402 17 5660 25
4264 4 2385 64 4263 80 4265 12 5446 2
4265 3 4264 12 4266 95 4565 41
4266 4 3843 49 4265 95 4267 29 6771 9
4267 3 4266 29 4268 18 7741 12
4268 3 4267 18 4269 83 4704 72
4269 4 1710 19 4268 83 4270 42 9968 100
4270 3 1766 29 4269 42 4271 60
4271 4 2 69 4270 60 4272 1 8090 37
4272 4 2866 59 4107 93 4271 1 4273 22
4273 4 2494 24 4272 22 4274 70 4715 86
4274 2 4273 70 4275 88
4275 3 4274 88 4276 59 7574 29
4276 4 4275 59 4277 1 4590 8 8900 17
4277 2 4276 1 4278 52
4278 5 1935 78 1943 49 2976 99 4277 52 4279 38
4279 3 4278 38 4280 84 9632 9
4280 4 2367 55 4279 84 4281 86 7555 44
4281 4 4280 86 4282 72 5810 99 7200 31
4282 5 1176 74 4281 72 4283 80 4443 94 7424 24
4283 4 4282 80 4284 13 5609 91 6624 59
4284 4 4283 13 4285 66 7550 82 8760 7
4285 4 4284 66 4286 81 6413 67 7437 27
4286 4 2098 51 4285 81 4287 78 8375 19
4287 4 2729 68 4286 78 4288 43 9263 78
4288 6 4287 43 4289 17 5508 56 6830 33 8036 1 8693 43
4289 3 4288 17 4290 6 6494 62
4290 4 4014 6 4289 6 4291 8 8638 73
4291 5 3152 71 4290 8 4292 9 4968 92 7620 9
4292 3 4291 9 4293 25 7435 85
4293 2 4292 25 4294 45
4294 3 4293 45 4295 14 7347 49
4295 3 3813 96 4294 14 4296 41
4296 3 1209 53 4295 41 4297 5
4297 5 4296 5 4298 77 4666 78 5162 17 8957 22
4298 6 406 27 3366 24 3713 84 4297 77 4299 93 8171 94
4299 2 4298 93 4300 54
4300 4 3405 77 4299 54 4301 46 8749 44
4301 4 1764 59 1990 87 4300 46 4302 85
4302 7 339 12 2155 35 4301 85 4303 5 4485 32 6636 44 9229 8
4303 5 3229 3 4302 5 4304 31 6292 17 9829 76
4304 3 4303 31 4305 59 6293 11
4305 4 4304 59 4306 49 6170 36 9758 12
4306 6 1365 66 4160 7 4305 49 4307 13 6676 3 7426 72
4307 7 2831 37 3624 27 4306 13 4308 84 5271 64 5277 53 9134 51
4308 2 4307 84 4309 81
4309 2 4308 81 4310 44
4310 4 3711 46 4309 44 4311 43 8081 66
4311 3 4310 43 4312 83 5403 73
4312 5 4128 36 4311 83 4313 64 7890 93 9720 94
4313 5 137 15 727 86 4312 64 4314 48 9850 97
4314 3 4313 48 4315 31 8935 71
4315 4 4314 31 4316 32 7501 41 7798 5
4316 6 1885 38 2681 40 4315 32 4317 53 5405 84 7314 74
4317 4 20 68 4316 53 4318 3 4576 80
4318 3 3390 59 4317 3 4319 3
4319 6 1494 3 1801 14 4318 3 4320 57 6849 33 8484 100
4320 4 4319 57 4321 46 7013 41 8719 75
4321 2 4320 46 4322 6
4322 5 136 99 3289 85 4321 6 4323 19 7793 29
4323 3 4322 19 4324 22 4686 82
4324 5 600 72 1085 58 2824 30 4323 22 4325 95
4325 2 4324 95 4326 73
4326 4 384 58 4325 73 4327 54 7646 69
4327 3 2799 49 4326 54 4328 76
4328 3 3491 93 4327 76 4329 60
4329 6 232 100 3634 16 4328 60 4330 97 7531 90 9207 50
4330 6 4329 97 4331 66 5879 28 6538 61 8128 56 9093 58
4331 4 2139 45 3625 52 4330 66 4332 44
4332 4 3473 91 4331 44 4333 26 8063 4
4333 5 540 13 1799 42 4332 26 4334 99 7759 7
4334 4 3061 36 4333 99 4335 93 7172 24
4335 2 4334 93 4336 36
4336 5 4335 36 4337 94 7631 3 8038 45 8626 12
4337 3 4336 94 4338 59 5224 88
4338 3 4337 59 4339 5 6965 41
4339 5 1547 90 4338 5 4340 25 5182 79 5864 21
4340 5 1965 77 4339 25 4341 98 7668 61 7703 27
4341 4 2111 18 4340 98 4342 93 8742 95
4342 6 1566 5 3025 41 3928 49 4341 93 4343 52 6947 24
4343 2 4342 52 4344 35
4344 4 646 72 2032 58 4343 35 4345 65
4345 4 4344 65 4346 22 7426 26 8627 92
4346 3 4345 22 4347 35 5282 69
4347 3 4346 35 4348 58 8411 76
4348 5 2192 42 4347 58 4349 71 7400 53 8810 88
4349 6 4348 71 4350 69 5126 44 5149 5 5869 67 7681 86
4350 3 4349 69 4351 49 6112 32
4351 3 1755 83 4350 49 4352 89
4352 3 4351 89 4353 42 8422 10
4353 4 1317 81 1819 87 4352 42 4354 91
4354 4 1298 35 2821 85 4353 91 4355 13
4355 3 3401 5 4354 13 4356 2
4356 3 4355 2 4357 58 7850 40
4357 6 36 26 1461 67 4356 58 4358 68 5134 50 7306 9
4358 5 4357 68 4359 7 6358 10 7067 44 9658 61
4359 4 594 31 4358 7 4360 90 5542 63
4360 2 4359 90 4361 20
4361 4 1382 51 1989 26 4360 20 4362 43
4362 2 4361 43 4363 14
4363 3 2499 86 4362 14 4364 61
4364 4 1132 99 3955 43 4363 61 4365 62
4365 5 4364 62 4366 94 5193 69 6027 81 9720 100
4366 2 4365 94 4367 58
4367 3 163 21 4366 58 4368 77
4368 5 1842 39 4367 77 4369 27 5439 100 8659 40
4369 4 4368 27 4370 49 4734 67 4812 62
4370 5 1130 23 3981 87 4369 49 4371 68 7821 56
4371 5 4370 68 4372 25 7061 38 7988 51 7997 35
4372 2 4371 25 4373 3
4373 3 124 1 4372 3 4374 92
4374 5 4373 92 4375 68 6639 7 6716 47 6996 28
4375 6 486 27 1368 81 4374 68 4376 89 6623 45 9806 71
4376 4 3179 80 4375 89 4377 28 4526 47
4377 6 3974 51 4376 28 4378 76 4782 88 7166 42 8252 52
4378 4 4377 76 4379 48 8762 71 9605 59
4379 5 4024 45 4378 48 4380 22 6629 11 8414 67
4380 4 4379 22 4381 12 7039 49 8393 23
4381 4 4380 12 4382 14 4565 54 6214 15
4382 4 2417 17 4381 14 4383 73 4674 14
4383 5 1497 70 2998 58 4382 73 4384 12 7987 39
4384 2 4383 12 4385 22
4385 4 3240 84 4384 22 4386 36 7849 13
4386 3 2342 82 4385 36 4387 95
4387 3 4386 95 4388 44 6062 75
4388 6 327 54 628 23 4387 44 4389 73 5510 46 9831 34
4389 4 2399 95 3553 66 4388 73 4390 5
4390 3 1372 55 4389 5 4391 84
4391 3 4390 84 4392 22 8155 18
4392 7 311 78 4391 22 4393 84 4411 25 7565 35 7577 41 7701 34
4393 2 4392 84 4394 25
4394 7 2366 42 3757 62 4393 25 4395 82 5141 60 6078 32 9113 33
4395 4 199 93 1443 54 4394 82 4396 44
4396 3 4395 44 4397 88 6559 63
4397 2 4396 88 4398 92
4398 6 2024 38 2701 42 2904 22 4397 92 4399 46 7691 52
4399 4 1661 79 2648 42 4398 46 4400 17
4400 2 4399 17 4401 86
4401 3 179 4 4400 86 4402 74
4402 5 3956 66 4263 17 4401 74 4403 100 7437 64
4403 4 4402 100 4404 30 4864 64 8318 47
4404 3 4403 30 4405 71 9612 27
4405 6 287 82 3595 70 4404 71 4406 37 6091 68 7698 63
4406 4 1466 98 4405 37 4407 6 9343 35
4407 3 1141 43 4406 6 4408 75
4408 5 1829 7 2045 90 4407 75 4409 69 4906 64
4409 3 4408 69 4410 7 4928 92
4410 4 4409 7 4411 40 4778 80 5385 4
4411 6 2076 8 4392 25 4410 40 4412 38 6438 48 7057 24
4412 4 4411 38 4413 78 4539 63 5792 64
4413 3 4412 78 4414 3 5756 24
4414 3 939 43 4413 3 4415 4
4415 3 4414 4 4416 60 5063 72
4416 4 3422 22 4415 60 4417 26 8738 60
4417 3 4055 40 4416 26 4418 24
4418 2 4417 24 4419 80
4419 3 4418 80 4420 3 5114 59
4420 3 1629 47 4419 3 4421 32
4421 3 4420 32 4422 36 8110 11
4422 3 4421 36 4423 64 9480 74
4423 5 4422 64 4424 72 5478 17 6455 1 9071 84
4424 4 2115 37 4423 72 4425 67 6453 18
4425 6 853 20 4424 67 4426 29 6377 35 6912 20 9211 41
4426 2 4425 29 4427 80
4427 5 4426 80 4428 49 6512 17 8653 30 9321 3
4428 4 2366 80 4427 49 4429 90 6096 31
4429 4 4428 90 4430 74 6093 62 6867 94
4430 5 3536 77 4262 89 4429 74 4431 28 8617 5
4431 5 1549 81 4430 28 4432 15 7945 5 8489 3
4432 7 3433 34 4021 65 4431 15 4433 36 6489 4 8724 4 9199 65
4433 2 4432 36 4434 17
4434 6 1047 71 1638 79 4433 17 4435 100 5184 23 9093 63
4435 3 4434 100 4436 78 4477 5
4436 2 4435 78 4437 33
4437 4 2086 13 4436 33 4438 22 5436 24
4438 4 688 32 4437 22 4439 1 9775 14
4439 4 4438 1 4440 43 4450 70 5836 37
4440 2 4439 43 4441 36
4441 3 4440 36 4442 40 6522 71
4442 4 4441 40 4443 73 6351 16 8262 99
4443 6 2435 62 3440 99 4282 94 4442 73 4444 8 9962 84
4444 3 3126 24 4443 8 4445 44
4445 5 4444 44 4446 26 4973 76 7765 32 8175 82
4446 4 2244 5 4445 26 4447 15 7726 47
4447 2 4446 15 4448 12
4448 3 4447 12 4449 2 5185 85
4449 3 4448 2 4450 97 5324 72
4450 8 236 60 1625 2 3126 85 4439 70 4449 97 4451 10 5946 5 8817 8
4451 4 4450 10 4452 36 7374 46 8836 3
4452 3 2998 96 4451 36 4453 10
4453 5 386 61 447 23 3964 2 4452 10 4454 14
4454 4 3956 36 4453 14 4455 1 6241 61
4455 9 564 51 2291 34 3244 1 4454 1 4456 59 5617 88 6268 22 6472 30 8903 43
4456 4 4455 59 4457 1 5618 66 6601 41
4457 6 1127 80 4456 1 4458 83 5109 30 6216 76 9002 33
4458 4 56 52 1031 40 4457 83 4459 46
4459 4 2153 97 4458 46 4460 93 8297 45
4460 4 4459 93 4461 86 4902 15 9058 30
4461 2 4460 86 4462 95
4462 3 4461 95 4463 72 4765 20
4463 3 1748 84 4462 72 4464 65
4464 5 1567 99 2153 67 4463 65 4465 13 9738 72
4465 3 3700 5 4464 13 4466 92
4466 5 2988 16 4465 92 4467 32 7506 43 9722 8
4467 3 4466 32 4468 24 8333 88
4468 4 1779 20 3627 3 4467 24 4469 95
4469 4 3765 10 4223 73 4468 95 4470 90
4470 4 3496 85 4469 90 4471 25 8766 70
4471 7 1782 88 3315 72 4470 25 4472 85 5812 48 7083 79 8590 8
4472 5 2954 71 4471 85 4473 72 4545 26 4884 58
4473 3 4472 72 4474 1 6986 73
4474 4 4473 1 4475 93 7425 21 9873 84
4475 4 4474 93 4476 38 9139 22 9900 8
4476 3 4475 38 4477 9 6441 76
4477 3 4435 5 4476 9 4478 90
4478 3 4477 90 4479 93 6099 84
4479 6 2995 48 4162 14 4478 93 4480 81 6579 3 9605 50
4480 2 4479 81 4481 94
4481 4 4480 94 4482 8 7192 20 9307 13
4482 7 4481 8 4483 16 7050 64 7365 26 7821 24 9248 67 9692 38
4483 4 971 58 4482 16 4484 51 6461 4
4484 5 4483 51 4485 51 6806 80 8224 30 9094 35
4485 6 4302 32 4484 51 4486 44 6510 94 7452 13 9596 6
4486 7 722 9 2070 5 2674 77 4485 44 4487 43 7544 23 9466 99
4487 3 4486 43 4488 20 8786 10
4488 2 4487 20 4489 71
4489 5 728 90 2245 63 3586 74 4488 71 4490 88
4490 4 882 85 3386 65 4489 88 4491 51
4491 2 4490 51 4492 86
4492 4 1997 60 4491 86 4493 27 8352 84
4493 5 1930 62 3461 36 4492 27 4494 37 8288 17
4494 3 377 90 4493 37 4495 91
4495 6 145 59 2227 35 4494 91 4496 96 8134 34 9313 89
4496 3 4495 96 4497 5 8385 3
4497 3 4496 5 4498 56 7048 57
4498 4 840 61 889 50 4497 56 4499 89
4499 4 1947 4 4498 89 4500 12 8208 99
4500 3 4499 12 4501 100 8453 76
4501 4 4500 100 4502 11 5817 93 8356 92
4502 5 696 100 2214 63 4501 11 4503 12 4716 7
4503 6 34 84 4502 12 4504 49 7099 24 7276 39 9373 3
4504 3 4503 49 4505 78 9574 20
4505 2 4504 78 4506 73
4506 3 4505 73 4507 62 7653 14
4507 3 4251 93 4506 62 4508 43
4508 5 3913 37 4507 43 4509 22 8537 14 9403 37
4509 5 505 39 2531 52 4508 22 4510 41 7710 100
4510 3 2948 44 4509 41 4511 73
4511 3 4510 73 4512 35 7688 61
4512 2 4511 35 4513 36
4513 4 3828 1 4512 36 4514 11 7192 37
4514 6 1406 97 1418 46 1648 92 4513 11 4515 31 6013 24
4515 4 4514 31 4516 72 7853 11 9048 99
4516 3 4515 72 4517 73 5712 27
4517 4 227 33 2315 7 4516 73 4518 80
4518 3 4517 80 4519 82 7130 83
4519 10 759 10 3605 59 4518 82 4520 90 5570 40 6261 63 7410 62 7580 92 9110 55 9429 85
4520 7 991 99 4519 90 4521 62 6410 28 6824 22 8689 99 9009 36
4521 2 4520 62 4522 96
4522 2 4521 96 4523 68
4523 7 261 34 1039 34 2054 58 3331 8 4522 68 4524 16 5317 66
4524 5 1431 39 2455 80 2760 49 4523 16 4525 15
4525 6 1681 48 4524 15 4526 100 5329 34 5701 33 9054 57
4526 3 4376 47 4525 100 4527 90
4527 3 4526 90 4528 42 6609 52
4528 3 4527 42 4529 56 7133 74
4529 4 2018 100 4528 56 4530 14 8479 39
4530 3 4529 14 4531 50 9385 85
4531 4 1519 67 1992 62 4530 50 4532 18
4532 8 1470 93 1894 77 2077 12 4531 18 4533 36 8775 73 9108 74 9173 5
4533 3 1776 71 4532 36 4534 47
4534 2 4533 47 4535 71
4535 5 1466 72 4534 71 4536 58 7575 73 9279 35
4536 5 461 54 4535 58 4537 78 5015 19 8639 16
4537 3 67 20 4536 78 4538 25
4538 5 4537 25 4539 46 5167 9 5646 43 7058 21
4539 5 3428 65 4412 63 4538 46 4540 35 6690 18
4540 2 4539 35 4541 66
4541 4 4540 66 4542 80 6870 23 9501 69
4542 5 675 9 1858 75 4541 80 4543 99 4681 91
4543 4 4542 99 4544 93 5343 83 7111 61
4544 5 1095 72 2449 76 2483 20 4543 93 4545 60
4545 4 3759 32 4472 26 4544 60 4546 87
4546 4 2141 33 4545 87 4547 82 7696 72
4547 5 112 91 1170 30 4546 82 4548 33 5147 76
4548 3 4547 33 4549 94 4570 96
4549 2 4548 94 4550 44
4550 3 4549 44 4551 55 8663 91
4551 7 4218 7 4550 55 4552 66 5946 35 5965 75 6709 6 7451 99
4552 2 4551 66 4553 25
4553 3 648 98 4552 25 4554 90
4554 2 4553 90 4555 17
4555 3 4554 17 4556 56 7642 59
4556 6 2922 86 4555 56 4557 30 4937 62 5012 26 9656 19
4557 4 4556 30 4558 72 7244 83 8946 15
4558 7 2663 36 4096 62 4557 72 4559 86 7303 10 8887 53 9923 80
4559 2 4558 86 4560 97
4560 6 1807 65 3369 58 4559 97 4561 7 5998 23 6720 18
4561 4 4560 7 4562 74 5468 4 8383 97
4562 3 1727 35 4561 74 4563 10
4563 4 3913 40 4562 10 4564 5 8400 50
4564 3 1954 79 4563 5 4565 2
4565 7 1036 4 2249 90 3764 49 4265 41 4381 54 4564 2 4566 9
4566 4 4565 9 4567 23 4699 63 5072 16
4567 5 4566 23 4568 44 9181 48 9186 45 9202 91
4568 7 1090 64 4567 44 4569 53 5650 75 5934 94 8834 50 9926 84
4569 3 4568 53 4570 87 6850 35
4570 4 4548 96 4569 87 4571 11 9589 43
4571 5 1377 34 4570 11 4572 49 5418 25 8719 89
4572 2 4571 49 4573 21
4573 2 4572 21 4574 79
4574 5 1467 11 2113 59 4573 79 4575 41 7339 44
4575 3 3142 77 4574 41 4576 66
4576 5 4317 80 4575 66 4577 50 6363 73 9847 100
4577 3 4576 50 4578 10 6510 22
4578 4 4577 10 4579 15 8715 30 8945 24
4579 2 4578 15 4580 93
4580 5 660 87 2184 75 4579 93 4581 8 7485 4
4581 3 1772 45 4580 8 4582 13
4582 3 4581 13 4583 25 5777 93
4583 5 2938 17 4582 25 4584 2 8832 42 9966 90
4584 5 692 70 1609 84 4583 2 4585 93 7631 15
4585 2 4584 93 4586 100
4586 4 4585 100 4587 37 5198 31 5835 92
4587 2 4586 37 4588 94
4588 3 4587 94 4589 50 6438 68
4589 5 1838 21 3049 71 4588 50 4590 51 4696 39
4590 4 4276 8 4589 51 4591 90 4845 79
4591 7 3413 96 4590 90 4592 6 4878 32 6372 6 7181 95 8611 48
4592 5 517 89 3963 93 4591 6 4593 85 7652 14
4593 3 2907 2 4592 85 4594 52
4594 3 3857 99 4593 52 4595 91
4595 5 1594 67 4594 91 4596 64 4688 40 5311 23
4596 3 4595 64 4597 75 5379 61
4597 2 4596 75 4598 28
4598 3 1209 41 4597 28 4599 33
4599 3 8 20 4598 33 4600 61
4600 3 4599 61 4601 93 6000 61
4601 3 4600 93 4602 36 6860 42
4602 3 1701 39 4601 36 4603 31
4603 4 3909 33 4602 31 4604 17 6362 54
4604 4 4603 17 4605 18 5144 26 6443 36
4605 6 2840 7 4604 18 4606 98 7042 93 8879 17 9723 80
4606 3 4605 98 4607 47 7303 7
4607 2 4606 47 4608 50
4608 5 215 28 2215 48 4607 50 4609 47 8367 98
4609 4 4608 47 4610 56 7590 83 8063 58
4610 5 807 34 4609 56 4611 86 5117 87 8214 5
4611 3 4234 85 4610 86 4612 82
4612 3 4611 82 4613 2 9222 7
4613 5 3140 95 4612 2 4614 6 5021 18 6318 83
4614 4 998 75 3760 95 4613 6 4615 13
4615 3 4614 13 4616 11 7159 93
4616 5 246 22 1480 97 4615 11 4617 51 5532 77
4617 4 4616 51 4618 87 5437 41 8995 81
4618 5 694 93 2906 95 4617 87 4619 2 8450 19
4619 3 4618 2 4620 1 7574 46
4620 5 1867 53 3506 8 4619 1 4621 37 9252 47
4621 4 306 83 1134 31 4620 37 4622 21
4622 4 4621 21 4623 34 6553 71 9730 76
4623 6 3281 49 4622 34 4624 57 5488 19 8353 14 8941 31
4624 6 2635 28 3817 20 4623 57 4625 92 7700 66 8719 15
4625 6 749 43 4624 92 4626 78 5167 78 7236 5 7265 88
4626 5 2378 14 4625 78 4627 80 5775 11 8361 14
4627 5 1600 59 2839 29 4626 80 4628 31 7382 9
4628 6 2680 76 4627 31 4629 62 7395 6 9380 77 9894 51
4629 4 1977 96 4628 62 4630 63 5963 33
4630 3 3663 26 4629 63 4631 29
4631 3 4630 29 4632 98 4743 46
4632 3 4631 98 4633 100 7463 26
4633 3 4632 100 4634 1 9331 28
4634 4 1159 87 2930 92 4633 1 4635 88
4635 3 4634 88 4636 20 8464 65
4636 4 1969 5 2064 24 4635 20 4637 21
4637 3 1552 9 4636 21 4638 27
4638 4 155 84 1685 11 4637 27 4639 59
4639 2 4638 59 4640 64
4640 6 1591 76 4127 98 4639 64 4641 9 7041 65 8890 87
4641 4 2886 54 4640 9 4642 68 7244 22
4642 4 4641 68 4643 33 8922 27 9948 36
4643 3 537 78 4642 33 4644 4
4644 5 650 68 3249 47 4083 68 4643 4 4645 29
4645 5 303 88 2542 60 4644 29 4646 51 5114 2
4646 2 4645 51 4647 91
4647 4 2737 4 4646 91 4648 100 9711 67
4648 6 170 43 1913 44 4647 100 4649 43 4870 81 8785 26
4649 3 1361 21 4648 43 4650 96
4650 3 3412 61 4649 96 4651 37
4651 4 488 44 4650 37 4652 7 4859 18
4652 3 4651 7 4653 2 8550 23
4653 4 1391 94 4652 2 4654 65 7702 29
4654 5 1394 93 4653 65 4655 32 6503 65 6873 20
4655 5 667 40 2428 80 3674 87 4654 32 4656 52
4656 7 3166 41 3977 49 4022 74 4655 52 4657 31 8263 14 8860 17
4657 2 4656 31 4658 45
4658 5 2130 48 4657 45 4659 9 6107 98 7391 9
4659 4 3470 88 4658 9 4660 8 5458 12
4660 4 4659 8 4661 11 7230 60 9907 58
4661 6 2888 68 3207 20 4660 11 4662 91 7905 45 9351 27
4662 4 2448 18 4661 91 4663 60 9690 5
4663 5 1561 73 2467 63 4662 60 4664 78 8857 38
4664 2 4663 78 4665 67
4665 3 2873 91 4664 67 4666 46
4666 5 4297 78 4665 46 4667 12 5767 33 7467 70
4667 4 1731 51 2108 63 4666 12 4668 9
4668 3 4667 9 4669 15 6895 6
4669 3 4668 15 4670 6 6276 33
4670 4 1263 74 4669 6 4671 50 8924 23
4671 5 2555 23 4670 50 4672 15 5416 91 9841 25
4672 2 4671 15 4673 29
4673 5 4043 49 4672 29 4674 16 7607 52 9153 28
4674 5 1978 95 2773 15 4382 14 4673 16 4675 42
4675 7 1462 25 4674 42 4676 38 7400 80 7630 67 8538 60 9944 22
4676 5 530 54 2433 71 4675 38 4677 30 8182 40
4677 2 4676 30 4678 7
4678 5 719 4 4677 7 4679 64 7471 5 8928 26
4679 3 961 28 4678 64 4680 94
4680 2 4679 94 4681 79
4681 4 441 20 4542 91 4680 79 4682 98
4682 3 4681 98 4683 69 5263 61
4683 4 657 83 4682 69 4684 36 7981 92
4684 4 3520 58 4683 36 4685 35 5126 33
4685 3 411 89 4684 35 4686 21
4686 4 2537 46 4323 82 4685 21 4687 58
4687 4 4686 58 4688 50 6050 37 9055 21
4688 5 1217 67 4595 40 4687 50 4689 9 6274 24
4689 3 4688 9 4690 98 6752 85
4690 9 1457 100 3105 66 3291 89 4689 98 4691 81 5378 64 6346 48 7537 9 8629 52
4691 3 4690 81 4692 12 6739 39
4692 2 4691 12 4693 14
4693 5 3901 8 4692 14 4694 15 5412 48 5656 47
4694 3 4693 15 4695 48 6986 69
4695 5 1127 19 4694 48 4696 60 5746 76 8724 71
4696 4 3200 30 4589 39 4695 60 4697 9
4697 7 2141 82 4696 9 4698 44 5782 44 7559 20 8119 34 9800 49
4698 5 1706 73 2255 43 4697 44 4699 67 6997 77
4699 4 609 4 4566 63 4698 67 4700 32
4700 2 4699 32 4701 15
4701 4 2438 10 4700 15 4702 99 9234 94
4702 3 4701 99 4703 50 9216 35
4703 5 77 25 1982 35 4702 50 4704 73 9663 78
4704 5 1392 39 1837 95 4268 72 4703 73 4705 1
4705 3 1 17 4704 1 4706 50
4706 2 4705 50 4707 13
4707 2 4706 13 4708 5
4708 4 249 36 4707 5 4709 8 7912 94
4709 2 4708 8 4710 100
4710 4 679 26 4709 100 4711 18 7055 65
4711 6 2741 43 2817 49 4710 18 4712 19 5371 4 9252 30
4712 3 4711 19 4713 13 5193 7
4713 4 938 98 4712 13 4714 96 6749 7
4714 3 4713 96 4715 91 5377 39
4715 3 4273 86 4714 91 4716 86
4716 3 4502 7 4715 86 4717 4
4717 2 4716 4 4718 33
4718 3 4717 33 4719 73 8946 98
4719 3 4718 73 4720 69 9377 39
4720 2 4719 69 4721 43
4721 5 4720 43 4722 20 6275 18 8113 3 9770 82
4722 7 46 34 670 19 4721 20 4723 11 6955 98 8895 86 9332 6
4723 5 2905 50 3868 10 4722 11 4724 34 5614 26
4724 4 4723 34 4725 93 5927 59 6287 89
4725 5 3981 26 4724 93 4726 24 5450 7 7822 57
4726 7 2245 21 4725 24 4727 45 5007 41 5115 57 5241 53 8185 53
4727 5 4726 45 4728 74 6582 22 9226 29 9853 71
4728 4 4727 74 4729 23 7905 82 9939 45
4729 5 3801 69 4728 23 4730 48 6006 99 7668 39
4730 4 3590 19 4729 48 4731 29 7477 50
4731 4 4071 38 4730 29 4732 56 8586 64
4732 5 3386 68 3824 72 4731 56 4733 95 5088 61
4733 5 648 43 3194 100 4732 95 4734 100 9459 88
4734 5 731 18 1160 97 4369 67 4733 100 4735 17
4735 4 2668 61 4734 17 4736 71 5248 13
4736 4 4735 71 4737 1 5027 58 6108 33
4737 4 1933 11 4736 1 4738 61 7529 66
4738 4 4737 61 4739 32 5540 20 6545 76
4739 4 1655 9 4738 32 4740 38 5455 73
4740 4 303 50 4739 38 4741 40 5619 35
4741 3 739 7 4740 40 4742 64
4742 5 3484 80 3510 88 3931 90 4741 64 4743 14
4743 6 765 68 1598 79 1873 49 4631 46 4742 14 4744 28
4744 5 71 53 617 76 4743 28 4745 40 6479 32
4745 3 4744 40 4746 24 8792 13
4746 3 4745 24 4747 52 7713 94
4747 6 1513 1 3068 72 4746 52 4748 1 6798 50 7625 82
4748 5 101 86 1714 44 4747 1 4749 12 6465 63
4749 4 1616 75 2439 37 4748 12 4750 9
4750 3 4749 9 4751 2 4816 50
4751 2 4750 2 4752 51
4752 3 1965 54 4751 51 4753 94
4753 5 419 38 4752 94 4754 69 5557 83 9015 14
4754 8 126 70 1754 40 2017 46 2426 67 4753 69 4755 59 7834 53 9875 92
4755 3 3216 32 4754 59 4756 21
4756 4 4755 21 4757 64 8409 23 9389 64
4757 6 4756 64 4758 90 5554 80 6093 7 7544 45 7931 19
4758 6 297 70 1661 71 4757 90 4759 63 8628 38 8661 13
4759 2 4758 63 4760 67
4760 6 3182 75 4759 67 4761 91 6036 53 6099 42 8672 45
4761 3 571 72 4760 91 4762 48
4762 4 4761 48 4763 87 5224 2 8033 2
4763 5 1252 70 2257 62 3566 20 4762 87 4764 58
4764 2 4763 58 4765 28
4765 4 3192 61 4462 20 4764 28 4766 14
4766 3 4765 14 4767 11 5403 57
4767 5 3263 48 3957 69 4766 11 4768 84 7095 45
4768 3 3945 12 4767 84 4769 33
4769 2 4768 33 4770 59
4770 2 4769 59 4771 69
4771 4 339 25 4770 69 4772 40 8192 7
4772 5 3295 33 4233 26 4771 40 4773 92 6921 79
4773 5 1097 95 4772 92 4774 9 6173 70 7526 82
4774 4 3125 98 4773 9 4775 51 7256 35
4775 2 4774 51 4776 6
4776 3 4775 6 4777 91 8615 41
4777 3 4776 91 4778 78 9056 69
4778 4 2298 72 4410 80 4777 78 4779 70
4779 4 4778 70 4780 43 5365 69 6702 13
4780 4 1650 20 4779 43 4781 21 8019 58
4781 4 1750 42 4780 21 4782 32 4974 45
4782 6 107 70 4377 88 4781 32 4783 21 7546 12 7836 75
4783 6 2792 65 4782 21 4784 15 5898 94 8663 95 9012 94
4784 4 4783 15 4785 64 7598 9 7794 79
4785 5 322 16 2993 53 3017 3 4784 64 4786 20
4786 2 4785 20 4787 15
4787 6 3336 88 4786 15 4788 14 5197 40 7813 26 9412 100
4788 2 4787 14 4789 63
4789 3 4034 64 4788 63 4790 86
4790 4 4789 86 4791 79 7995 63 8793 9
4791 3 602 83 4790 79 4792 12
4792 4 3047 6 4791 12 4793 19 5566 93
4793 4 2137 15 2800 81 4792 19 4794 41
4794 3 4793 41 4795 62 6225 3
4795 5 2435 100 3301 73 4794 62 4796 92 5405 47
4796 2 4795 92 4797 93
4797 7 271 30 1194 8 1431 53 3250 31 4796 93 4798 55 6679 96
4798 2 4797 55 4799 30
4799 4 3591 35 4073 90 4798 30 4800 79
4800 3 3341 64 4799 79 4801 100
4801 4 4800 100 4802 96 4834 18 6065 1
4802 2 4801 96 4803 47
4803 3 4802 47 4804 47 7896 11
4804 5 126 99 3458 75 4803 47 4805 68 5109 38
4805 3 117 50 4804 68 4806 85
4806 3 4805 85 4807 23 9971 94
4807 4 4806 23 4808 3 5912 16 9541 19
4808 6 2845 14 4807 3 4809 37 4919 48 6689 71 8768 65
4809 5 1342 12 3175 84 4808 37 4810 32 8572 72
4810 3 4809 32 4811 51 8404 64
4811 4 28 31 3371 62 4810 51 4812 40
4812 5 3574 73 4369 62 4811 40 4813 62 8392 91
4813 3 4812 62 4814 90 6880 36
4814 2 4813 90 4815 32
4815 3 2322 70 4814 32 4816 73
4816 9 1056 24 2460 36 3520 1 3523 79 4750 50 4815 73 4817 12 8430 4 9485 54
4817 4 4816 12 4818 98 5423 30 5692 29
4818 3 4817 98 4819 68 7482 71
4819 3 4818 68 4820 66 5717 47
4820 3 464 14 4819 66 4821 12
4821 3 2192 90 4820 12 4822 24
4822 4 4821 24 4823 38 5871 70 6881 97
4823 3 4822 38 4824 70 7902 78
4824 2 4823 70 4825 79
4825 7 2264 34 3898 87 4824 79 4826 45 6623 63 7076 31 7462 100
4826 4 4825 45 4827 67 5702 49 8365 25
4827 4 3516 89 4826 67 4828 33 7793 86
4828 7 2274 48 4827 33 4829 8 5433 88 6605 86 6819 100 7832 92
4829 3 4828 8 4830 51 8145 57
4830 4 2127 87 4829 51 4831 26 9627 7
4831 4 3518 41 4830 26 4832 90 5852 28
4832 2 4831 90 4833 98
4833 5 1633 75 4832 98 4834 11 4844 97 6468 40
4834 5 1801 90 4801 18 4833 11 4835 55 6328 51
4835 5 1982 35 4834 55 4836 7 4904 23 8762 100
4836 3 4835 7 4837 81 6975 72
4837 5 1596 25 4836 81 4838 1 5675 93 6234 74
4838 5 2744 61 4146 71 4837 1 4839 35 6694 67
4839 3 2561 29 4838 35 4840 46
4840 5 86 9 4839 46 4841 45 9782 18 9959 18
4841 4 4840 45 4842 40 5007 34 6735 49
4842 4 1149 90 4841 40 4843 52 5955 54
4843 2 4842 52 4844 29
4844 3 4833 97 4843 29 4845 4
4845 6 4590 79 4844 4 4846 92 5963 7 9277 100 9658 46
4846 2 4845 92 4847 85
4847 4 4846 85 4848 76 6328 76 8748 2
4848 5 114 27 4847 76 4849 36 7171 87 8101 41
4849 7 2084 98 2232 38 3135 12 4848 36 4850 28 8129 41 9227 18
4850 4 618 73 4849 28 4851 25 5373 100
4851 5 4850 25 4852 69 6319 34 7397 78 9495 61
4852 2 4851 69 4853 81
4853 3 94 42 4852 81 4854 23
4854 6 1012 39 3524 67 4853 23 4855 51 5619 92 6158 52
4855 4 2613 17 4854 51 4856 31 5238 89
4856 5 1030 24 4061 75 4855 31 4857 5 6691 78
4857 4 2271 93 4856 5 4858 41 5298 18
4858 6 511 77 4139 100 4857 41 4859 51 8023 93 9194 8
4859 3 4651 18 4858 51 4860 90
4860 4 3399 35 4859 90 4861 68 5461 58
4861 2 4860 68 4862 79
4862 3 4861 79 4863 70 8165 33
4863 3 3085 31 4862 70 4864 3
4864 7 1741 17 2185 89 2199 64 4403 64 4863 3 4865 12 7751 64
4865 3 4864 12 4866 77 7717 4
4866 2 4865 77 4867 49
4867 8 2686 52 3388 89 4119 71 4866 49 4868 93 5738 47 5990 39 8741 29
4868 4 4077 6 4867 93 4869 41 9056 2
4869 5 2499 18 4868 41 4870 95 5259 17 8402 5
4870 6 130 65 4648 81 4869 95 4871 86 6247 76 8519 43
4871 4 1120 82 4870 86 4872 66 5046 2
4872 4 4871 66 4873 4 5402 95 7398 83
4873 5 1710 24 1893 28 4872 4 4874 49 8959 94
4874 2 4873 49 4875 10
4875 3 4874 10 4876 63 7315 35
4876 3 46 14 4875 63 4877 51
4877 5 923 46 4876 51 4878 20 8353 68 8776 72
4878 4 4209 46 4591 32 4877 20 4879 100
4879 5 379 36 2888 27 4244 8 4878 100 4880 56
4880 3 4879 56 4881 89 9090 78
4881 2 4880 89 4882 63
4882 4 4881 63 4883 92 5621 76 7730 7
4883 4 398 76 4882 92 4884 72 8998 93
4884 5 2186 14 4472 58 4883 72 4885 89 6147 2
4885 4 4884 89 4886 20 6551 49 9600 45
4886 7 324 54 872 90 2395 76 3525 44 4885 20 4887 5 5728 47
4887 4 3477 90 4886 5 4888 95 6484 19
4888 4 1051 76 2911 72 4887 95 4889 65
4889 2 4888 65 4890 96
4890 4 4889 96 4891 41 8532 45 9647 1
4891 2 4890 41 4892 1
4892 6 585 51 1299 21 1782 36 4891 1 4893 87 9469 2
4893 3 4892 87 4894 24 9976 48
4894 4 4143 54 4893 24 4895 98 9030 51
4895 3 4894 98 4896 98 7391 81
4896 7 537 28 4895 98 4897 19 7017 12 7613 25 8983 24 9863 77
4897 5 3485 92 4896 19 4898 78 7728 44 9619 70
4898 3 2145 73 4897 78 4899 98
4899 3 935 90 4898 98 4900 77
4900 3 2658 8 4899 77 4901 9
4901 6 649 12 1875 6 3094 5 4900 9 4902 95 9112 48
4902 3 4460 15 4901 95 4903 41
4903 3 4902 41 4904 44 6664 2
4904 7 1535 34 2307 76 4835 23 4903 44 4905 19 5138 62 6816 58
4905 3 3462 77 4904 19 4906 93
4906 5 4408 64 4905 93 4907 95 6356 94 6630 82
4907 5 34 27 2316 49 4906 95 4908 6 8042 20
4908 6 3255 84 4035 29 4907 6 4909 83 6790 70 8159 21
4909 3 4908 83 4910 95 8717 1
4910 2 4909 95 4911 94
4911 4 1138 83 4910 94 4912 9 6191 61
4912 4 2383 89 4911 9 4913 98 6662 12
4913 3 1629 97 4912 98 4914 50
4914 6 4099 95 4913 50 4915 11 8153 78 9170 2 9470 46
4915 5 76 100 3405 74 4914 11 4916 3 8046 21
4916 3 781 51 4915 3 4917 64
4917 2 4916 64 4918 65
4918 4 4917 65 4919 47 5080 2 5409 48
4919 6 1174 60 3247 5 4808 48 4918 47 4920 56 7271 56
4920 2 4919 56 4921 89
4921 3 4920 89 4922 37 6221 44
4922 5 255 33 4921 37 4923 11 6018 87 8796 78
4923 6 570 22 4922 11 4924 41 6648 95 6739 27 9283 77
4924 4 3296 26 4923 41 4925 8 9594 93
4925 4 4924 8 4926 85 5192 20 8021 81
4926 5 2059 40 4925 85 4927 24 5812 52 8634 79
4927 4 235 55 4926 24 4928 81 5372 86
4928 6 4409 92 4927 81 4929 80 6144 4 6158 38 7342 94
4929 3 4928 80 4930 20 8180 2
4930 5 447 44 4929 20 4931 39 6376 75 9846 18
4931 5 1920 29 4930 39 4932 85 5710 48 9518 14
4932 3 4931 85 4933 82 5215 33
4933 3 4932 82 4934 53 5651 24
4934 4 3268 21 4933 53 4935 44 9956 54
4935 4 4934 44 4936 24 7212 49 9644 90
4936 3 4935 24 4937 89 4960 50
4937 3 4556 62 4936 89 4938 29
4938 2 4937 29 4939 86
4939 4 3172 85 4938 86 4940 99 6930 18
4940 3 4939 99 4941 95 5620 96
4941 5 1106 33 2297 62 3849 37 4940 95 4942 96
4942 3 1837 23 4941 96 4943 94
4943 5 4942 94 4944 14 7070 82 7641 47 9610 88
4944 4 899 95 4943 14 4945 66 9198 36
4945 4 4944 66 4946 32 6131 14 9539 84
4946 4 2613 71 4019 70 4945 32 4947 3
4947 5 1679 21 2008 8 4946 3 4948 26 6233 56
4948 2 4947 26 4949 21
4949 2 4948 21 4950 11
4950 3 4949 11 4951 77 6447 34
4951 4 638 71 2865 64 4950 77 4952 38
4952 3 3705 69 4951 38 4953 96
4953 3 4952 96 4954 54 9072 78
4954 4 917 83 4953 54 4955 67 9716 98
4955 4 3332 11 4954 67 4956 61 9927 5
4956 2 4955 61 4957 27
4957 5 2594 68 4956 27 4958 32 6763 60 7521 8
4958 3 4957 32 4959 96 9572 90
4959 7 1444 87 1509 96 4958 96 4960 35 5830 86 6665 70 9359 35
4960 5 1690 73 4936 50 4959 35 4961 32 6252 69
4961 4 4960 32 4962 52 7662 19 9434 12
4962 3 2864 80 4961 52 4963 64
4963 5 1113 56 2308 60 4962 64 4964 98 7050 1
4964 4 4963 98 4965 21 6010 30 9897 97
4965 5 4964 21 4966 89 8474 19 9144 54 9534 82
4966 6 178 49 337 19 1242 99 4965 89 4967 34 5600 77
4967 4 1422 38 4966 34 4968 50 6160 15
4968 4 3040 57 4291 92 4967 50 4969 99
4969 4 50 55 4968 99 4970 82 9983 11
4970 3 4969 82 4971 71 9670 64
4971 5 2454 16 4970 71 4972 87 5311 57 6918 33
4972 6 344 96 2243 61 2434 78 4971 87 4973 95 8439 84
4973 6 4445 76 4972 95 4974 29 6819 87 8555 20 9615 33
4974 7 715 88 2538 95 4781 45 4973 29 4975 94 7974 32 8392 50
4975 7 1070 24 2485 57 4021 70 4974 94 4976 37 6253 35 7031 61
4976 3 4975 37 4977 9 5844 33
4977 3 4976 9 4978 20 8790 44
4978 8 12 34 175 58 1277 6 2745 55 4977 20 4979 37 6278 98 8092 62
4979 5 3455 65 4978 37 4980 50 5106 22 9700 96
4980 4 4979 50 4981 90 8046 63 8845 4
4981 3 416 18 4980 90 4982 4
4982 5 1606 63 2086 12 4981 4 4983 44 7358 10
4983 4 1498 63 1817 45 4982 44 4984 7
4984 4 4983 7 4985 11 7504 20 9445 79
4985 5 667 78 2548 33 4984 11 4986 27 6262 52
4986 4 3535 14 4985 27 4987 51 5520 37
4987 3 4986 51 4988 77 8221 88
4988 4 2622 99 4987 77 4989 54 6695 63
4989 2 4988 54 4990 16
4990 3 4989 16 4991 89 9122 10
4991 2 4990 89 4992 44
4992 4 2254 75 4991 44 4993 40 6247 32
4993 3 4992 40 4994 4 9767 42
4994 4 250 28 3020 48 4993 4 4995 46
4995 3 4994 46 4996 85 9849 84
4996 3 4995 85 4997 85 7084 78
4997 3 4996 85 4998 74 7514 56
4998 7 3666 7 3682 52 4997 74 4999 55 5461 40 7163 80 8344 85
4999 3 1924 47 4998 55 5000 25
5000 5 1045 59 1307 27 4999 25 5001 11 5377 60
5001 3 2633 27 5000 11 5002 51
5002 5 1114 55 5001 51 5003 56 5322 47 6380 6
5003 4 5002 56 5004 100 5746 92 7241 58
5004 3 5003 100 5005 58 9024 54
5005 4 1223 21 3213 18 5004 58 5006 34
5006 5 1579 50 1819 82 5005 34 5007 90 6648 45
5007 7 1857 21 3300 68 4726 41 4841 34 5006 90 5008 70 9460 12
5008 4 1625 8 5007 70 5009 2 8406 63
5009 5 3966 65 4261 79 5008 2 5010 28 7490 88
5010 4 5009 28 5011 76 6291 47 9493 26
5011 3 1882 5 5010 76 5012 77
5012 7 415 74 445 15 4556 26 5011 77 5013 38 9392 80 9625 20
5013 3 3329 41 5012 38 5014 50
5014 5 2131 39 2422 77 5013 50 5015 26 7321 89
5015 8 128 13 2332 88 4536 19 5014 26 5016 43 5125 86 7667 46 8979 7
5016 4 4 38 5015 43 5017 72 9515 8
5017 2 5016 72 5018 94
5018 4 613 4 5017 94 5019 21 6996 73
5019 3 5018 21 5020 13 6819 76
5020 3 1954 5 5019 13 5021 72
5021 4 1755 64 4613 18 5020 72 5022 86
5022 2 5021 86 5023 19
5023 3 2117 26 5022 19 5024 48
5024 2 5023 48 5025 62
5025 7 1967 43 2219 26 3442 14 5024 62 5026 46 6976 60 8000 35
5026 4 3890 40 5025 46 5027 73 8933 43
5027 4 4736 58 5026 73 5028 5 8170 54
5028 3 216 48 5027 5 5029 26
5029 2 5028 26 5030 90
5030 3 3212 77 5029 90 5031 56
5031 5 5030 56 5032 48 5281 37 7282 65 7899 37
5032 6 622 92 2395 7 3268 53 5031 48 5033 26 8197 73
5033 3 1305 96 5032 26 5034 22
5034 2 5033 22 5035 17
5035 6 411 59 1811 28 5034 17 5036 28 7474 84 8913 7
5036 3 5035 28 5037 3 7201 69
5037 5 3313 16 5036 3 5038 82 6089 38 9938 41
5038 4 2033 100 5037 82 5039 58 6098 9
5039 2 5038 58 5040 100
5040 2 5039 100 5041 50
5041 3 5040 50 5042 42 7246 7
5042 4 2006 56 5041 42 5043 90 5229 18
5043 4 141 65 4217 47 5042 90 5044 67
5044 2 5043 67 5045 45
5045 2 5044 45 5046 99
5046 6 318 70 2850 59 4871 2 5045 99 5047 23 7717 98
5047 3 5046 23 5048 80 9169 77
5048 5 393 91 2715 21 5047 80 5049 39 9616 30
5049 3 3157 99 5048 39 5050 60
5050 3 5049 60 5051 13 7769 8
5051 3 1964 96 5050 13 5052 32
5052 3 451 2 5051 32 5053 48
5053 4 5052 48 5054 1 6393 60 8785 71
5054 2 5053 1 5055 44
5055 4 3193 62 5054 44 5056 100 6395 100
5056 4 1019 7 5055 100 5057 70 5976 86
5057 5 1227 89 5056 70 5058 12 5177 75 9672 57
5058 4 2686 78 5057 12 5059 2 9360 25
5059 3 3909 94 5058 2 5060 60
5060 2 5059 60 5061 3
5061 2 5060 3 5062 45
5062 5 1837 58 5061 45 5063 100 6679 37 8446 85
5063 4 4415 72 5062 100 5064 34 8584 71
5064 5 148 69 5063 34 5065 79 6121 74 8181 6
5065 5 157 78 1420 44 2119 91 5064 79 5066 80
5066 3 5065 80 5067 43 8127 53
5067 3 1887 93 5066 43 5068 51
5068 2 5067 51 5069 59
5069 5 577 98 1641 52 5068 59 5070 3 7228 54
5070 5 1014 95 2798 58 5069 3 5071 40 8703 73
5071 3 5070 40 5072 17 7487 73
5072 3 4566 16 5071 17 5073 95
5073 4 5072 95 5074 63 6004 1 8289 71
5074 3 5073 63 5075 43 8783 99
5075 6 5074 43 5076 41 6235 15 8338 23 9373 94 9616 83
5076 3 172 56 5075 41 5077 62
5077 3 5076 62 5078 90 7124 21
5078 4 2014 60 5077 90 5079 55 8198 35
5079 4 5078 55 5080 25 5589 28 9545 98
5080 4 4918 2 5079 25 5081 9 7118 75
5081 3 2106 88 5080 9 5082 71
5082 8 1500 47 3836 60 5081 71 5083 36 6943 17 8154 2 8326 19 9767 33
5083 5 3326 23 3757 54 5082 36 5084 46 6612 19
5084 6 65 88 623 91 5083 46 5085 91 9303 18 9363 88
5085 4 5084 91 5086 48 5430 83 8442 31
5086 3 5085 48 5087 7 8867 56
5087 5 1807 87 3514 2 5086 7 5088 86 9554 98
5088 4 4732 61 5087 86 5089 70 9685 62
5089 5 1905 38 2606 52 5088 70 5090 40 9846 26
5090 4 2481 60 3701 15 5089 40 5091 52
5091 5 5090 52 5092 58 7045 48 8478 48 9877 8
5092 7 431 35 2376 28 3382 60 5091 58 5093 89 7638 25 9841 98
5093 2 5092 89 5094 69
5094 2 5093 69 5095 62
5095 2 5094 62 5096 25
5096 2 5095 25 5097 99
5097 4 3413 31 3959 5 5096 99 5098 44
5098 4 5097 44 5099 16 8282 2 8546 39
5099 5 1337 23 1931 92 5098 16 5100 22 8465 86
5100 4 3970 49 5099 22 5101 57 7156 21
5101 4 3785 35 5100 57 5102 57 7179 83
5102 5 1417 60 2864 22 5101 57 5103 44 5313 83
5103 3 3022 1 5102 44 5104 80
5104 3 5103 80 5105 32 5942 38
5105 3 3514 36 5104 32 5106 22
5106 4 3079 57 4979 22 5105 22 5107 15
5107 4 2880 81 5106 15 5108 78 5977 66
5108 4 5107 78 5109 10 6156 9 8658 18
5109 4 4457 30 4804 38 5108 10 5110 98
5110 3 2271 87 5109 98 5111 30
5111 4 1146 66 5110 30 5112 62 6979 71
5112 3 3953 70 5111 62 5113 47
5113 6 808 30 1232 73 1485 85 5112 47 5114 84 6643 18
5114 6 4419 59 4645 2 5113 84 5115 68 6934 74 8319 91
5115 4 4726 57 5114 68 5116 55 7321 41
5116 8 1103 65 1420 28 1588 51 2477 96 5115 55 5117 66 8844 76 9324 17
5117 4 468 43 4610 87 5116 66 5118 44
5118 2 5117 44 5119 58
5119 3 5118 58 5120 11 8488 12
5120 3 3254 61 5119 11 5121 65
5121 2 5120 65 5122 69
5122 7 193 38 599 63 2940 26 5121 69 5123 26 6845 33 8807 33
5123 5 945 17 2360 16 5122 26 5124 48 6304 7
5124 5 5123 48 5125 80 5856 83 8851 60 9849 18
5125 4 2677 9 5015 86 5124 80 5126 94
5126 7 2761 10 4349 44 4684 33 5125 94 5127 56 5539 82 8746 61
5127 3 5126 56 5128 35 9463 45
5128 5 18 19 5127 35 5129 20 5194 56 7890 43
5129 5 2976 65 3732 72 5128 20 5130 70 9380 67
5130 5 283 40 3195 27 5129 70 5131 40 5176 74
5131 5 5130 40 5132 52 6609 9 7240 79 9562 30
5132 3 5131 52 5133 2 6755 70
5133 3 5132 2 5134 78 8386 47
5134 4 2271 95 4357 50 5133 78 5135 92
5135 2 5134 92 5136 71
5136 2 5135 71 5137 87
5137 5 5136 87 5138 90 8257 12 9174 73 9199 24
5138 5 3219 32 3856 83 4904 62 5137 90 5139 32
5139 5 2753 77 2790 100 5138 32 5140 96 7586 90
5140 3 5139 96 5141 13 7397 91
5141 5 1007 87 4394 60 5140 13 5142 29 7192 91
5142 4 1274 78 1656 4 5141 29 5143 38
5143 2 5142 38 5144 36
5144 5 787 34 3178 48 4604 26 5143 36 5145 93
5145 2 5144 93 5146 52
5146 4 4103 46 5145 52 5147 31 8665 87
5147 6 652 58 2177 70 4547 76 5146 31 5148 82 6131 51
5148 5 5147 82 5149 60 5847 72 8546 1 9741 91
5149 4 3489 97 4349 5 5148 60 5150 94
5150 4 1840 17 5149 94 5151 24 5742 57
5151 2 5150 24 5152 54
5152 3 5151 54 5153 89 7468 93
5153 5 160 6 1328 32 5152 89 5154 63 7119 77
5154 5 1833 36 3860 92 5153 63 5155 91 5404 21
5155 2 5154 91 5156 83
5156 2 5155 83 5157 74
5157 6 984 58 1748 2 3626 73 5156 74 5158 35 7602 23
5158 3 5157 35 5159 18 7048 47
5159 4 2428 17 5158 18 5160 67 5534 79
5160 5 1220 14 3377 6 5159 67 5161 31 8625 76
5161 4 4193 51 5160 31 5162 53 7112 8
5162 4 3062 69 4297 17 5161 53 5163 58
5163 5 2924 40 3309 9 5162 58 5164 21 6974 91
5164 4 1202 14 3628 98 5163 21 5165 96
5165 3 5164 96 5166 91 7176 8
5166 5 4020 81 5165 91 5167 72 5243 55 9516 79
5167 8 95 93 974 91 1248 72 3763 16 4538 9 4625 78 5166 72 5168 12
5168 3 5167 12 5169 98 9004 82
5169 3 1559 67 5168 98 5170 44
5170 4 1148 38 2445 60 5169 44 5171 26
5171 2 5170 26 5172 100
5172 4 5171 100 5173 75 7777 46 9961 22
5173 5 785 70 4044 94 5172 75 5174 64 5478 53
5174 3 5173 64 5175 78 6093 13
5175 3 5174 78 5176 34 8809 33
5176 7 34 16 58 9 1431 28 5130 74 5175 34 5177 23 5318 36
5177 5 5057 75 5176 23 5178 24 5976 33 8957 86
5178 4 5177 24 5179 63 7466 31 9052 94
5179 3 1406 29 5178 63 5180 92
5180 3 5179 92 5181 87 9099 73
5181 5 904 89 5180 87 5182 10 8682 49 9039 26
5182 5 3409 35 4339 79 5181 10 5183 62 7562 70
5183 2 5182 62 5184 14
5184 4 4434 23 5183 14 5185 26 8292 77
5185 4 4448 85 5184 26 5186 79 8955 100
5186 3 30 88 5185 79 5187 27
5187 4 5186 27 5188 83 6198 22 8253 90
5188 2 5187 83 5189 99
5189 4 1970 54 5188 99 5190 84 6904 26
5190 3 5189 84 5191 38 6661 34
5191 6 1584 15 2680 95 5190 38 5192 51 5806 90 8559 86
5192 4 4018 83 4925 20 5191 51 5193 99
5193 7 3555 84 4365 69 4712 7 5192 99 5194 26 7603 78 9196 64
5194 4 5128 56 5193 26 5195 30 9800 22
5195 5 1367 25 5194 30 5196 50 8116 4 8796 1
5196 3 5195 50 5197 74 8486 63
5197 3 4787 40 5196 74 5198 99
5198 5 1030 73 2507 81 4586 31 5197 99 5199 47
5199 4 872 38 3898 73 5198 47 5200 85
5200 4 3804 63 5199 85 5201 13 9480 100
5201 2 5200 13 5202 97
5202 2 5201 97 5203 80
5203 8 420 77 1197 84 5202 80 5204 46 5844 92 8122 4 8943 99 9301 42
5204 5 5203 46 5205 39 5320 8 5717 12 7178 41
5205 5 2669 87 5204 39 5206 2 7816 67 9051 70
5206 2 5205 2 5207 60
5207 4 107 18 5206 60 5208 83 8040 86
5208 3 2629 9 5207 83 5209 26
5209 2 5208 26 5210 27
5210 5 2300 89 5209 27 5211 55 6587 65 9689 26
5211 3 115 87 5210 55 5212 84
5212 4 5211 84 5213 72 7444 64 9882 34
5213 4 5212 72 5214 54 5303 15 9220 53
5214 3 5213 54 5215 60 8509 9
5215 4 1782 83 4932 33 5214 60 5216 94
5216 4 5215 94 5217 40 8301 26 9408 35
5217 6 2858 7 3785 10 5216 40 5218 38 5983 46 8631 32
5218 3 3443 38 5217 38 5219 44
5219 5 3863 77 5218 44 5220 21 5452 7 6920 29
5220 2 5219 21 5221 44
5221 6 501 99 1193 6 4070 90 5220 44 5222 60 6266 78
5222 3 5221 60 5223 32 5984 81
5223 2 5222 32 5224 23
5224 6 451 89 3069 27 4337 88 4762 2 5223 23 5225 9
5225 4 4072 65 5224 9 5226 1 9406 5
5226 2 5225 1 5227 53
5227 5 5226 53 5228 75 7539 87 8025 34 9053 73
5228 5 4003 95 5227 75 5229 37 5859 20 7788 39
5229 7 3204 30 3856 19 3974 84 5042 18 5228 37 5230 10 5769 64
5230 4 1241 38 5229 10 5231 64 7820 97
5231 6 682 81 5230 64 5232 79 7484 22 8115 3 9157 39
5232 3 5231 79 5233 43 5964 76
5233 2 5232 43 5234 92
5234 3 5233 92 5235 61 7751 51
5235 5 4045 96 5234 61 5236 99 6977 8 7709 33
5236 3 5235 99 5237 3 6581 15
5237 4 1055 68 1827 79 5236 3 5238 88
5238 5 4855 89 5237 88 5239 65 5578 65 5738 68
5239 3 5238 65 5240 75 6029 51
5240 3 3687 51 5239 75 5241 92
5241 4 3911 53 4726 53 5240 92 5242 79
5242 4 1419 13 3111 89 5241 79 5243 48
5243 6 5166 55 5242 48 5244 38 7136 46 8231 35 9076 86
5244 4 3087 88 3976 66 5243 38 5245 5
5245 5 3197 80 5244 5 5246 5 5690 76 9353 74
5246 5 786 75 2860 51 5245 5 5247 9 8921 79
5247 3 2282 65 5246 9 5248 56
5248 6 1556 59 2821 25 3160 86 4735 13 5247 56 5249 31
5249 3 2972 68 5248 31 5250 40
5250 4 5249 40 5251 75 7081 78 7364 53
5251 4 2231 42 3423 36 5250 75 5252 45
5252 5 307 32 1276 42 1286 57 5251 45 5253 80
5253 3 5252 80 5254 34 9918 4
5254 7 2221 1 3683 100 5253 34 5255 72 8780 86 9106 100 9502 73
5255 5 478 21 1085 89 2716 38 5254 72 5256 46
5256 6 2616 37 5255 46 5257 20 5988 35 8526 42 9763 7
5257 9 1903 36 3563 51 4179 30 5256 20 5258 23 5527 45 6564 10 6897 72 7195 53
5258 4 5257 23 5259 96 9573 78 9836 17
5259 3 4869 17 5258 96 5260 55
5260 3 1718 42 5259 55 5261 30
5261 2 5260 30 5262 23
5262 3 5261 23 5263 8 7974 12
5263 7 4682 61 5262 8 5264 5 7725 80 7803 52 8809 30 9988 31
5264 4 487 99 5263 5 5265 88 6181 61
5265 7 1438 36 1766 90 2074 99 2257 30 5264 88 5266 30 9090 4
5266 4 1660 44 2621 24 5265 30 5267 14
5267 4 1555 47 2702 55 5266 14 5268 14
5268 5 782 18 3606 16 5267 14 5269 96 5685 68
5269 3 5268 96 5270 80 6864 8
5270 3 5269 80 5271 49 8581 53
5271 4 3353 21 4307 64 5270 49 5272 44
5272 2 5271 44 5273 65
5273 3 5272 65 5274 18 6815 43
5274 8 97 15 3107 71 5273 18 5275 25 7488 7 8476 57 8721 87 9305 78
5275 4 2496 83 5274 25 5276 50 6083 53
5276 2 5275 50 5277 73
5277 7 4307 53 5276 73 5278 71 5368 68 6837 68 8357 49 9178 75
5278 5 5277 71 5279 74 8525 41 8816 82 9936 63
5279 2 5278 74 5280 99
5280 4 5279 99 5281 91 6828 61 7615 34
5281 5 1578 29 1595 66 5031 37 5280 91 5282 100
5282 3 4346 69 5281 100 5283 44
5283 8 289 53 2691 3 3699 2 3750 48 5282 44 5284 45 6702 54 7832 68
5284 2 5283 45 5285 56
5285 6 223 76 856 81 3753 20 5284 56 5286 39 8865 50
5286 4 5285 39 5287 10 6150 12 6889 99
5287 3 3804 45 5286 10 5288 48
5288 3 5287 48 5289 70 6500 13
5289 3 5288 70 5290 14 6273 13
5290 2 5289 14 5291 80
5291 5 2411 67 2499 32 5290 80 5292 20 8788 56
5292 4 5291 20 5293 36 9756 23 9943 2
5293 2 5292 36 5294 85
5294 2 5293 85 5295 55
5295 3 1304 76 5294 55 5296 31
5296 3 5295 31 5297 84 9850 21
5297 4 5296 84 5298 49 6028 64 6715 10
5298 4 4857 18 5297 49 5299 59 6091 31
5299 3 1821 98 5298 59 5300 6
5300 3 5299 6 5301 94 5638 74
5301 3 5300 94 5302 23 9790 63
5302 2 5301 23 5303 84
5303 4 2389 4 5213 15 5302 84 5304 17
5304 5 1755 14 4107 52 5303 17 5305 85 9043 70
5305 2 5304 85 5306 67
5306 3 5305 67 5307 5 7355 78
5307 4 293 23 4005 63 5306 5 5308 19
5308 3 1952 70 5307 19 5309 15
5309 5 2952 98 3719 15 5308 15 5310 55 5906 3
5310 4 5309 55 5311 32 6119 96 6455 70
5311 5 3435 49 4595 23 4971 57 5310 32 5312 68
5312 5 192 71 1552 3 5311 68 5313 92 9101 87
5313 4 5102 83 5312 92 5314 9 8587 23
5314 3 5313 9 5315 78 6187 38
5315 3 5314 78 5316 100 8353 72
5316 3 5315 100 5317 12 7130 17
5317 4 4523 66 5316 12 5318 3 6523 69
5318 6 1002 31 5176 36 5317 3 5319 36 5327 83 6909 42
5319 5 2859 37 3108 75 5318 36 5320 56 8057 99
5320 6 5204 8 5319 56 5321 81 7381 58 7678 98 7956 91
5321 5 3505 26 5320 81 5322 42 9541 43 9545 27
5322 4 5002 47 5321 42 5323 60 6605 7
5323 6 2087 41 2216 2 2755 2 5322 60 5324 62 8469 50
5324 5 2820 31 4449 72 5323 62 5325 29 7001 20
5325 4 1193 34 4087 86 5324 29 5326 88
5326 2 5325 88 5327 65
5327 4 5318 83 5326 65 5328 5 8987 93
5328 2 5327 5 5329 9
5329 7 1227 23 2176 86 3948 100 4525 34 5328 9 5330 57 7032 76
5330 5 1483 45 3738 43 5329 57 5331 60 8311 81
5331 5 3670 76 5330 60 5332 52 9069 87 9652 20
5332 3 361 8 5331 52 5333 67
5333 5 3320 10 3773 16 5332 67 5334 96 9936 53
5334 4 5333 96 5335 16 5379 42 9130 8
5335 4 313 3 5334 16 5336 12 9487 67
5336 3 307 44 5335 12 5337 33
5337 2 5336 33 5338 75
5338 3 2066 6 5337 75 5339 62
5339 2 5338 62 5340 98
5340 5 4220 79 5339 98 5341 92 9366 96 9870 80
5341 3 5340 92 5342 8 9312 24
5342 5 1215 70 5341 8 5343 53 6039 42 9707 65
5343 5 4543 83 5342 53 5344 71 8995 22 9114 33
5344 4 5343 71 5345 95 6768 22 6794 36
5345 3 5344 95 5346 2 7690 47
5346 4 3344 74 5345 2 5347 29 8401 96
5347 3 5346 29 5348 15 7964 80
5348 5 987 78 2483 14 5347 15 5349 13 7829 9
5349 6 2919 32 3432 80 5348 13 5350 54 6806 23 7819 44
5350 5 3193 79 5349 54 5351 27 8180 15 9494 54
5351 5 1203 85 3457 6 5350 27 5352 70 5479 90
5352 3 2805 23 5351 70 5353 31
5353 3 126 23 5352 31 5354 39
5354 4 5353 39 5355 38 6254 83 9148 88
5355 2 5354 38 5356 56
5356 4 1524 95 1545 36 5355 56 5357 49
5357 4 5356 49 5358 12 6163 78 9275 29
5358 3 3133 19 5357 12 5359 58
5359 5 127 64 5358 58 5360 67 7096 11 8536 42
5360 4 5359 67 5361 24 6077 97 6144 21
5361 8 387 48 4022 10 5360 24 5362 41 5588 36 9132 52 9689 75 9800 6
5362 3 3232 45 5361 41 5363 77
5363 2 5362 77 5364 66
5364 4 3939 24 5363 66 5365 52 6891 58
5365 3 4779 69 5364 52 5366 82
5366 2 5365 82 5367 95
5367 3 5366 95 5368 27 8086 42
5368 6 850 66 1983 10 5277 68 5367 27 5369 75 9326 20
5369 4 3643 68 5368 75 5370 98 9374 35
5370 4 1335 63 1724 64 5369 98 5371 67
5371 4 4711 4 5370 67 5372 41 9917 32
5372 4 3707 67 4927 86 5371 41 5373 30
5373 4 464 85 4850 100 5372 30 5374 70
5374 3 1930 32 5373 70 5375 59
5375 3 3865 91 5374 59 5376 71
5376 6 229 32 1786 67 5375 71 5377 87 6939 91 9285 52
5377 6 2811 90 4714 39 5000 60 5376 87 5378 54 5918 34
5378 5 1711 23 4690 64 5377 54 5379 16 6721 40
5379 5 3324 8 4596 61 5334 42 5378 16 5380 5
5380 3 5379 5 5381 100 5387 72
5381 5 1111 18 5380 100 5382 7 8483 13 8932 12
5382 5 1673 60 2742 8 5381 7 5383 8 8644 97
5383 2 5382 8 5384 76
5384 5 887 91 5383 76 5385 26 7873 33 8847 20
5385 4 3505 73 4410 4 5384 26 5386 23
5386 5 3589 57 3590 94 5385 23 5387 91 8999 36
5387 4 5380 72 5386 91 5388 85 7952 6
5388 2 5387 85 5389 76
5389 3 5388 76 5390 2 7908 56
5390 3 2402 72 5389 2 5391 80
5391 4 272 64 3901 91 5390 80 5392 27
5392 6 2586 21 2921 37 5391 27 5393 41 6147 14 7233 34
5393 4 3842 4 5392 41 5394 65 9747 71
5394 5 3492 76 3849 76 5393 65 5395 72 9178 31
5395 6 1653 60 2027 21 5394 72 5396 86 6530 55 8753 84
5396 4 1130 57 3072 73 5395 86 5397 8
5397 2 5396 8 5398 45
5398 8 3160 95 3460 59 3475 30 5397 45 5399 44 6125 29 6375 71 7661 8
5399 6 5398 44 5400 46 5845 30 7244 83 7809 5 8616 15
5400 5 1365 49 1561 21 5399 46 5401 67 7754 5
5401 4 3525 16 5400 67 5402 32 6871 29
5402 4 4872 95 5401 32 5403 40 9120 75
5403 4 4311 73 4766 57 5402 40 5404 47
5404 7 200 67 791 67 1791 1 5154 21 5403 47 5405 77 5862 63
5405 4 4316 84 4795 47 5404 77 5406 52
5406 4 2028 89 5405 52 5407 26 8019 8
5407 3 5406 26 5408 95 7627 7
5408 6 2432 49 5407 95 5409 56 5739 29 6642 47 6989 24
5409 6 495 87 1699 93 2466 10 4918 48 5408 56 5410 77
5410 5 5409 77 5411 21 6078 14 7105 15 8909 74
5411 7 3306 91 4155 19 5410 21 5412 73 7184 83 7318 2 9627 19
5412 5 1082 8 4693 48 5411 73 5413 77 7120 9
5413 5 5412 77 5414 77 9075 80 9831 98 9842 35
5414 5 2418 92 5413 77 5415 54 8567 40 9761 75
5415 6 123 77 564 14 5414 54 5416 71 7430 70 8221 35
5416 3 4671 91 5415 71 5417 98
5417 2 5416 98 5418 27
5418 6 317 58 2080 81 4571 25 5417 27 5419 58 8316 68
5419 6 5418 58 5420 13 5785 74 5866 45 8349 78 9906 32
5420 3 1720 23 5419 13 5421 44
5421 4 5420 44 5422 76 7310 57 9362 60
5422 4 468 36 3255 78 5421 76 5423 79
5423 4 4817 30 5422 79 5424 83 9775 65
5424 4 3166 16 5423 83 5425 9 8477 80
5425 3 1105 20 5424 9 5426 87
5426 6 3129 13 5425 87 5427 51 8474 70 8559 41 9596 26
5427 3 1334 1 5426 51 5428 94
5428 3 2615 48 5427 94 5429 52
5429 4 5428 52 5430 28 6690 59 9792 86
5430 5 1164 100 5085 83 5429 28 5431 22 5555 76
5431 3 5430 22 5432 34 8789 7
5432 7 587 85 983 33 2768 2 4116 65 5431 34 5433 45 6864 77
5433 3 4828 88 5432 45 5434 23
5434 6 993 38 1878 82 4127 58 4176 26 5433 23 5435 1
5435 4 5434 1 5436 68 5692 95 8235 95
5436 4 4437 24 5435 68 5437 11 8924 79
5437 5 1851 72 4617 41 5436 11 5438 35 6541 19
5438 6 2806 85 2966 87 5437 35 5439 6 6261 24 6896 81
5439 5 4368 100 5438 6 5440 34 7118 23 7173 55
5440 5 3023 40 3082 21 5439 34 5441 83 9328 95
5441 3 5440 83 5442 42 5496 57
5442 3 5441 42 5443 15 5730 91
5443 5 1331 67 5442 15 5444 4 7812 18 9271 1
5444 5 3435 96 3562 97 5443 4 5445 18 8662 33
5445 6 1118 53 5444 18 5446 86 8658 95 9256 84 9330 100
5446 7 948 1 1900 18 4264 2 5445 86 5447 2 6675 50 8576 39
5447 3 5446 2 5448 81 6235 16
5448 4 5447 81 5449 80 8228 6 9201 65
5449 3 5448 80 5450 45 9631 60
5450 5 303 98 4725 7 5449 45 5451 7 6667 52
5451 5 626 46 3103 15 5450 7 5452 50 9469 31
5452 9 741 1 2664 21 2793 33 3290 52 3790 86 5219 7 5451 50 5453 95 9422 77
5453 3 659 41 5452 95 5454 33
5454 3 5453 33 5455 19 8966 54
5455 5 1763 32 4739 73 5454 19 5456 9 9828 37
5456 5 294 27 1298 52 3054 97 5455 9 5457 13
5457 6 485 46 3595 6 5456 13 5458 54 6455 83 8306 84
5458 3 4659 12 5457 54 5459 55
5459 3 5458 55 5460 83 9623 61
5460 2 5459 83 5461 29
5461 4 4860 58 4998 40 5460 29 5462 82
5462 4 3582 7 5461 82 5463 79 6420 1
5463 4 109 28 5462 79 5464 7 8387 50
5464 4 3525 79 5463 7 5465 27 9761 75
5465 4 2685 43 5464 27 5466 40 6729 6
5466 2 5465 40 5467 10
5467 4 5466 10 5468 14 7561 20 9475 14
5468 6 120 74 2115 75 4561 4 5467 14 5469 94 6768 10
5469 2 5468 94 5470 88
5470 3 3104 76 5469 88 5471 52
5471 3 5470 52 5472 53 9893 1
5472 3 5471 53 5473 61 8590 76
5473 3 1259 96 5472 61 5474 98
5474 4 326 97 907 85 5473 98 5475 7
5475 3 5474 7 5476 60 9577 58
5476 3 5475 60 5477 2 7231 23
5477 4 5476 2 5478 94 6955 17 9630 44
5478 5 4423 17 5173 53 5477 94 5479 46 7519 43
5479 3 5351 90 5478 46 5480 81
5480 4 5479 81 5481 63 6883 60 8834 41
5481 4 4115 59 5480 63 5482 88 5807 70
5482 5 378 71 1818 35 2770 33 5481 88 5483 78
5483 3 2971 54 5482 78 5484 50
5484 4 5483 50 5485 94 7595 78 7828 44
5485 3 5484 94 5486 69 9754 87
5486 3 2570 57 5485 69 5487 75
5487 4 1609 15 5486 75 5488 58 9875 67
5488 3 4623 19 5487 58 5489 70
5489 2 5488 70 5490 82
5490 4 5489 82 5491 82 6268 64 9735 8
5491 5 5490 82 5492 100 6047 47 6332 55 8910 64
5492 2 5491 100 5493 5
5493 3 1307 57 5492 5 5494 79
5494 5 977 54 2762 39 5493 79 5495 27 8988 9
5495 3 5494 27 5496 91 9062 44
5496 4 5441 57 5495 91 5497 60 6151 53
5497 3 5496 60 5498 4 9211 45
5498 5 2837 44 3342 8 5497 4 5499 16 8185 50
5499 3 3061 47 5498 16 5500 44
5500 5 71 86 1954 84 5499 44 5501 64 6317 59
5501 4 5500 64 5502 39 6292 98 9425 33
5502 4 2326 18 5501 39 5503 85 9901 40
5503 4 3799 59 5502 85 5504 34 8945 92
5504 6 1577 76 5503 34 5505 10 8021 8 9572 64 9685 25
5505 2 5504 10 5506 59
5506 4 3621 35 5505 59 5507 21 9308 96
5507 5 1698 82 2186 32 2640 42 5506 21 5508 18
5508 4 4288 56 5507 18 5509 36 7194 67
5509 3 4214 28 5508 36 5510 69
5510 4 460 61 4388 46 5509 69 5511 80
5511 3 5510 80 5512 17 8850 39
5512 3 5511 17 5513 18 6563 22
5513 4 2474 68 5512 18 5514 36 6961 54
5514 3 5513 36 5515 94 8115 78
5515 2 5514 94 5516 22
5516 2 5515 22 5517 23
5517 6 969 64 3773 26 3824 64 5516 23 5518 96 6626 40
5518 2 5517 96 5519 6
5519 4 5518 6 5520 70 6612 27 6654 94
5520 4 4986 37 5519 70 5521 76 5627 36
5521 5 1923 12 5520 76 5522 25 8116 4 8171 85
5522 4 1642 33 3794 76 5521 25 5523 25
5523 3 5522 25 5524 23 6421 58
5524 2 5523 23 5525 61
5525 4 65 14 3952 15 5524 61 5526 67
5526 5 704 67 5525 67 5527 78 6465 49 9369 86
5527 3 5257 45 5526 78 5528 39
5528 4 1625 3 2291 59 5527 39 5529 86
5529 3 5528 86 5530 72 7026 15
5530 3 3622 47 5529 72 5531 27
5531 2 5530 27 5532 73
5532 5 3950 97 4616 77 5531 73 5533 87 5565 75
5533 3 2688 90 5532 87 5534 38
5534 6 2104 86 3739 82 5159 79 5533 38 5535 72 8931 56
5535 3 5534 72 5536 17 8959 51
5536 3 353 84 5535 17 5537 83
5537 3 152 35 5536 83 5538 25
5538 2 5537 25 5539 42
5539 5 3154 9 5126 82 5538 42 5540 78 5897 45
5540 3 4738 20 5539 78 5541 59
5541 3 2495 90 5540 59 5542 20
5542 3 4359 63 5541 20 5543 21
5543 2 5542 21 5544 85
5544 6 5543 85 5545 32 7220 70 8279 74 8646 61 8695 25
5545 3 5544 32 5546 95 5822 66
5546 3 5545 95 5547 100 5572 13
5547 4 608 70 1742 97 5546 100 5548 83
5548 6 1941 57 5547 83 5549 53 6327 86 6450 82 8371 90
5549 3 103 16 5548 53 5550 43
5550 3 2832 25 5549 43 5551 48
5551 2 5550 48 5552 87
5552 8 1423 15 3401 66 3447 90 5551 87 5553 5 9047 70 9860 85 9885 31
5553 5 5552 5 5554 82 6663 91 7774 85 7922 75
5554 4 4757 80 5553 82 5555 1 8579 63
5555 5 2442 60 3416 68 5430 76 5554 1 5556 12
5556 5 5555 12 5557 64 8778 42 9467 92 9567 99
5557 4 4191 28 4753 83 5556 64 5558 6
5558 4 2486 44 5557 6 5559 21 5652 59
5559 3 3310 82 5558 21 5560 98
5560 4 398 96 1665 68 5559 98 5561 29
5561 6 1824 99 3626 85 3743 19 5560 29 5562 36 8689 42
5562 3 1319 82 5561 36 5563 24
5563 4 3304 3 5562 24 5564 56 7561 92
5564 2 5563 56 5565 96
5565 4 5532 75 5564 96 5566 43 9692 2
5566 3 4792 93 5565 43 5567 56
5567 3 5566 56 5568 5 5598 57
5568 4 922 64 5567 5 5569 77 8446 34
5569 3 4075 47 5568 77 5570 16
5570 5 4519 40 5569 16 5571 40 8278 30 9532 82
5571 4 2015 40 4149 62 5570 40 5572 85
5572 5 2907 14 5546 13 5571 85 5573 78 7698 84
5573 3 2688 64 5572 78 5574 76
5574 2 5573 76 5575 41
5575 2 5574 41 5576 35
5576 5 1261 1 2368 96 5575 35 5577 18 7264 97
5577 3 3628 50 5576 18 5578 2
5578 7 5238 65 5577 2 5579 75 5624 53 7062 9 7451 65 9887 32
5579 6 440 20 2953 32 3263 43 5578 75 5580 42 7898 80
5580 5 698 65 3019 79 3599 91 5579 42 5581 31
5581 3 5580 31 5582 32 6421 66
5582 2 5581 32 5583 6
5583 2 5582 6 5584 75
5584 2 5583 75 5585 30
5585 2 5584 30 5586 17
5586 4 683 81 1859 26 5585 17 5587 38
5587 2 5586 38 5588 87
5588 3 5361 36 5587 87 5589 93
5589 3 5079 28 5588 93 5590 66
5590 4 5589 66 5591 77 8231 9 8893 15
5591 3 5590 77 5592 50 7436 62
5592 5 5591 50 5593 99 7208 73 8251 46 8955 77
5593 2 5592 99 5594 76
5594 5 3464 70 5593 76 5595 88 7052 59 7838 82
5595 5 4207 28 5594 88 5596 27 6021 39 6205 75
5596 4 412 51 914 32 5595 27 5597 76
5597 3 3043 6 5596 76 5598 86
5598 6 3496 55 5567 57 5597 86 5599 66 6279 7 8582 54
5599 3 12 59 5598 66 5600 1
5600 7 1098 86 2476 65 4966 77 5599 1 5601 90 7071 13 7129 54
5601 3 5600 90 5602 68 6059 89
5602 4 5601 68 5603 23 7328 98 7641 59
5603 6 135 33 1051 96 5602 23 5604 66 6010 77 6162 41
5604 5 508 7 1058 47 5603 66 5605 25 9893 84
5605 2 5604 25 5606 38
5606 3 2254 75 5605 38 5607 46
5607 6 1567 76 5606 46 5608 94 6724 96 7338 33 8843 18
5608 3 3692 4 5607 94 5609 3
5609 4 4283 91 5608 3 5610 21 7068 63
5610 2 5609 21 5611 16
5611 5 442 50 2282 8 5610 16 5612 87 8081 97
5612 3 3505 56 5611 87 5613 92
5613 5 41 18 67 25 3703 40 5612 92 5614 7
5614 4 4723 26 5613 7 5615 39 6083 35
5615 3 5614 39 5616 51 7804 59
5616 3 861 80 5615 51 5617 92
5617 4 4455 88 5616 92 5618 52 6002 5
5618 4 4456 66 5617 52 5619 43 7396 91
5619 6 705 51 2513 2 4740 35 4854 92 5618 43 5620 44
5620 3 4940 96 5619 44 5621 75
5621 5 4882 76 5620 75 5622 4 8365 91 9951 38
5622 4 4169 81 5621 4 5623 74 7594 1
5623 3 2180 65 5622 74 5624 17
5624 3 5578 53 5623 17 5625 23
5625 4 2380 19 3412 1 5624 23 5626 81
5626 4 3824 84 5625 81 5627 83 8105 26
5627 6 1915 94 5520 36 5626 83 5628 56 7880 5 9613 58
5628 3 3037 18 5627 56 5629 24
5629 3 322 5 5628 24 5630 15
5630 4 5629 15 5631 7 5916 12 5943 53
5631 5 237 23 3696 59 5630 7 5632 99 9461 11
5632 4 3057 60 3392 40 5631 99 5633 28
5633 5 2093 19 3071 28 5632 28 5634 26 9387 75
5634 4 669 23 3662 47 5633 26 5635 32
5635 2 5634 32 5636 84
5636 4 4181 63 5635 84 5637 22 8239 51
5637 4 2049 27 5636 22 5638 69 9442 51
5638 4 3764 41 5300 74 5637 69 5639 76
5639 4 28 73 5638 76 5640 14 9246 7
5640 4 3110 94 5639 14 5641 79 9166 59
5641 3 777 18 5640 79 5642 70
5642 3 3754 6 5641 70 5643 57
5643 3 1767 14 5642 57 5644 7
5644 3 3885 58 5643 7 5645 42
5645 5 3798 10 5644 42 5646 95 6030 9 9461 79
5646 4 4538 43 5645 95 5647 40 6927 17
5647 3 3950 27 5646 40 5648 28
5648 4 3337 71 5647 28 5649 93 9406 20
5649 4 89 14 5648 93 5650 32 5901 29
5650 5 565 79 4568 75 5649 32 5651 20 7972 44
5651 5 3785 95 4933 24 5650 20 5652 85 6209 16
5652 4 1796 58 5558 59 5651 85 5653 55
5653 3 5652 55 5654 43 9881 2
5654 3 5653 43 5655 36 7302 45
5655 4 5654 36 5656 68 7693 25 8547 81
5656 5 3268 95 4693 47 5655 68 5657 74 6263 70
5657 3 2832 72 5656 74 5658 63
5658 3 4107 42 5657 63 5659 17
5659 4 2627 5 5658 17 5660 2 6743 63
5660 4 993 19 4263 25 5659 2 5661 97
5661 2 5660 97 5662 33
5662 4 590 17 5661 33 5663 89 9781 19
5663 3 5662 89 5664 7 9681 45
5664 7 2010 26 5663 7 5665 41 5857 76 6209 93 8385 100 9908 67
5665 3 5664 41 5666 45 9444 72
5666 3 3660 58 5665 45 5667 98
5667 3 1442 37 5666 98 5668 22
5668 6 1249 24 5667 22 5669 50 7017 21 8095 3 8547 56
5669 4 5668 50 5670 38 6979 75 7574 26
5670 4 208 20 1440 30 5669 38 5671 23
5671 4 205 20 3357 93 5670 23 5672 5
5672 4 5671 5 5673 31 6477 69 6694 75
5673 4 1286 99 1946 20 5672 31 5674 84
5674 4 3087 96 5673 84 5675 44 7721 3
5675 6 146 10 236 98 3745 6 4837 93 5674 44 5676 74
5676 2 5675 74 5677 53
5677 3 5676 53 5678 87 6271 95
5678 2 5677 87 5679 58
5679 2 5678 58 5680 77
5680 6 3020 65 3481 32 5679 77 5681 73 7556 61 8403 81
5681 4 1003 29 5680 73 5682 60 9646 15
5682 6 811 22 2346 73 5681 60 5683 44 6738 77 9552 36
5683 5 5682 44 5684 47 6970 95 7233 52 9936 28
5684 2 5683 47 5685 32
5685 5 1912 2 5268 68 5684 32 5686 61 7857 80
5686 2 5685 61 5687 29
5687 4 3575 39 5686 29 5688 43 7825 93
5688 5 639 14 1574 92 5687 43 5689 94 7649 40
5689 2 5688 94 5690 57
5690 3 5245 76 5689 57 5691 64
5691 4 3417 37 5690 64 5692 34 6906 97
5692 5 4817 29 5435 95 5691 34 5693 98 5711 54
5693 6 1160 39 5692 98 5694 77 6821 54 7617 38 8728 84
5694 3 5693 77 5695 94 9250 56
5695 2 5694 94 5696 67
5696 2 5695 67 5697 13
5697 3 2217 63 5696 13 5698 43
5698 4 5697 43 5699 54 8490 41 9282 53
5699 3 5698 54 5700 45 7730 25
5700 6 5699 45 5701 84 6454 83 6878 77 8035 3 8497 18
5701 4 4525 33 5700 84 5702 23 7929 83
5702 3 4826 49 5701 23 5703 89
5703 2 5702 89 5704 9
5704 6 2084 2 3879 95 5703 9 5705 62 6451 84 8782 2
5705 5 1234 66 1385 6 5704 62 5706 21 6560 86
5706 3 5705 21 5707 30 9270 41
5707 5 10 84 1052 60 5706 30 5708 93 8367 77
5708 2 5707 93 5709 40
5709 8 1866 61 2369 66 3006 10 3338 64 5708 40 5710 100 7329 98 9551 62
5710 4 4931 48 5709 100 5711 97 6420 71
5711 7 193 39 4062 9 5692 54 5710 97 5712 75 7392 92 8740 16
5712 3 4516 27 5711 75 5713 69
5713 2 5712 69 5714 99
5714 5 1067 2 3692 18 5713 99 5715 2 7573 84
5715 5 877 78 2670 28 5714 2 5716 86 9955 4
5716 2 5715 86 5717 56
5717 6 2623 86 4819 47 5204 12 5716 56 5718 8 9236 46
5718 2 5717 8 5719 31
5719 4 2707 90 2892 85 5718 31 5720 96
5720 3 1716 11 5719 96 5721 29
5721 7 419 11 1595 38 1697 59 5720 29 5722 61 7832 42 7841 36
5722 5 3321 64 5721 61 5723 83 7225 39 7655 45
5723 5 3497 82 4141 45 5722 83 5724 20 9570 66
5724 3 3088 67 5723 20 5725 9
5725 2 5724 9 5726 5
5726 4 3636 49 5725 5 5727 71 7645 16
5727 3 5726 71 5728 38 6332 77
5728 4 4886 47 5727 38 5729 87 7225 19
5729 6 5728 87 5730 50 8590 25 8699 35 8963 56 9988 5
5730 5 5442 91 5729 50 5731 77 8178 55 8436 60
5731 3 5730 77 5732 69 8734 54
5732 4 1370 94 5731 69 5733 44 9755 70
5733 3 1587 20 5732 44 5734 1
5734 5 2401 61 2628 95 5733 1 5735 26 9957 2
5735 2 5734 26 5736 78
5736 2 5735 78 5737 69
5737 3 2820 12 5736 69 5738 92
5738 9 3990 91 4867 47 5238 68 5737 92 5739 56 6768 3 7801 13 8560 56 9772 79
5739 3 5408 29 5738 56 5740 92
5740 4 5739 92 5741 91 6592 23 7543 77
5741 3 5740 91 5742 77 9094 57
5742 5 537 15 5150 57 5741 77 5743 73 6035 79
5743 5 809 28 5742 73 5744 49 6417 34 7865 14
5744 3 5743 49 5745 63 9691 19
5745 3 5744 63 5746 49 6912 87
5746 4 4695 76 5003 92 5745 49 5747 71
5747 2 5746 71 5748 56
5748 4 3661 67 5747 56 5749 59 6441 26
5749 5 3767 45 5748 59 5750 42 6240 87 7931 41
5750 3 977 6 5749 42 5751 69
5751 6 536 16 2651 68 5750 69 5752 60 7079 34 9350 61
5752 3 3014 28 5751 60 5753 62
5753 4 1327 11 3735 29 5752 62 5754 65
5754 5 1721 87 4214 29 5753 65 5755 85 6087 71
5755 4 2358 100 4053 64 5754 85 5756 6
5756 5 3159 60 3255 55 4413 24 5755 6 5757 71
5757 4 3337 35 5756 71 5758 72 6718 31
5758 6 5757 72 5759 3 6553 60 7767 83 7970 26 8664 2
5759 4 3197 33 5758 3 5760 96 9025 19
5760 3 1 95 5759 96 5761 9
5761 4 5760 9 5762 61 6235 59 7368 78
5762 4 942 63 4013 57 5761 61 5763 89
5763 4 1313 66 5762 89 5764 57 7850 45
5764 3 829 97 5763 57 5765 31
5765 3 1161 72 5764 31 5766 100
5766 5 1097 74 3590 5 5765 100 5767 67 9369 7
5767 6 205 7 4666 33 5766 67 5768 10 6888 84 8512 2
5768 4 5767 10 5769 11 8627 89 8663 25
5769 7 607 34 758 63 2439 78 4181 1 5229 64 5768 11 5770 19
5770 5 927 79 5769 19 5771 37 6525 35 9736 71
5771 2 5770 37 5772 25
5772 2 5771 25 5773 35
5773 5 2265 77 2650 96 3721 98 5772 35 5774 40
5774 5 5773 40 5775 31 6706 49 6725 81 7596 95
5775 8 1683 42 2106 66 4626 11 5774 31 5776 28 5904 52 8390 45 9993 48
5776 3 5775 28 5777 20 7868 3
5777 3 4582 93 5776 20 5778 98
5778 2 5777 98 5779 100
5779 4 251 32 5778 100 5780 34 7949 66
5780 3 5779 34 5781 13 7239 17
5781 2 5780 13 5782 14
5782 8 1470 16 2449 27 2615 63 2990 40 4697 44 5781 14 5783 12 7911 84
5783 5 550 1 667 96 4117 32 5782 12 5784 71
5784 4 2839 2 3386 79 5783 71 5785 97
5785 6 840 63 3917 65 5419 74 5784 97 5786 57 8486 2
5786 3 5785 57 5787 48 8965 8
5787 2 5786 48 5788 37
5788 2 5787 37 5789 64
5789 3 2457 17 5788 64 5790 39
5790 3 5789 39 5791 75 7284 41
5791 6 827 6 1899 10 1903 71 5790 75 5792 48 7476 63
5792 6 1467 55 4412 64 5791 48 5793 62 7191 3 7995 26
5793 4 640 5 5792 62 5794 8 9192 96
5794 2 5793 8 5795 56
5795 4 556 58 5794 56 5796 62 7501 85
5796 3 5795 62 5797 85 7635 5
5797 3 5796 85 5798 51 5866 11
5798 6 540 51 562 51 1896 79 5797 51 5799 1 6813 30
5799 6 1799 98 5798 1 5800 72 6361 82 8369 44 9914 8
5800 7 504 23 508 62 2931 42 5799 72 5801 62 6809 70 7704 41
5801 4 684 62 1512 57 5800 62 5802 55
5802 2 5801 55 5803 25
5803 5 523 69 3116 10 5802 25 5804 34 8850 20
5804 5 5803 34 5805 58 6259 38 7458 89 8962 26
5805 3 2073 27 5804 58 5806 43
5806 3 5191 90 5805 43 5807 76
5807 3 5481 70 5806 76 5808 93
5808 2 5807 93 5809 30
5809 2 5808 30 5810 12
5810 3 4281 99 5809 12 5811 21
5811 3 5810 21 5812 94 6035 38
5812 5 322 99 4471 48 4926 52 5811 94 5813 18
5813 4 152 27 934 2 5812 18 5814 21
5814 4 3280 66 5813 21 5815 25 7877 71
5815 3 5814 25 5816 45 6627 3
5816 7 775 87 1963 39 2115 53 5815 45 5817 21 8671 55 8908 69
5817 4 4501 93 5816 21 5818 58 6949 90
5818 5 2730 98 3351 52 5817 58 5819 83 6895 92
5819 4 1091 19 5818 83 5820 58 6959 59
5820 2 5819 58 5821 11
5821 5 323 67 1089 49 5820 11 5822 12 6668 49
5822 5 241 14 3792 53 5545 66 5821 12 5823 5
5823 2 5822 5 5824 9
5824 4 2658 48 5823 9 5825 91 8060 11
5825 4 5824 91 5826 3 6113 85 9012 71
5826 3 5825 3 5827 74 8490 4
5827 3 5826 74 5828 34 8019 13
5828 4 3627 31 5827 34 5829 59 9520 45
5829 4 137 42 5828 59 5830 25 8768 26
5830 6 219 21 4959 86 5829 25 5831 79 8658 22 9908 32
5831 3 2542 2 5830 79 5832 94
5832 2 5831 94 5833 2
5833 5 2147 83 5832 2 5834 28 7036 83 8787 95
5834 2 5833 28 5835 42
5835 3 4586 92 5834 42 5836 41
5836 3 4439 37 5835 41 5837 67
5837 3 630 34 5836 67 5838 52
5838 3 5837 52 5839 66 7757 28
5839 3 5838 66 5840 63 6989 10
5840 4 2587 6 5839 63 5841 30 7205 37
5841 3 1472 53 5840 30 5842 48
5842 2 5841 48 5843 32
5843 2 5842 32 5844 38
5844 5 4976 33 5203 92 5843 38 5845 62 8232 13
5845 4 2582 20 5399 30 5844 62 5846 60
5846 8 1162 5 2438 49 5845 60 5847 15 6273 22 8523 97 9311 83 9679 9
5847 7 220 100 1694 67 3822 27 5148 72 5846 15 5848 9 6439 60
5848 2 5847 9 5849 11
5849 3 939 56 5848 11 5850 68
5850 3 5849 68 5851 97 6801 74
5851 3 488 4 5850 97 5852 78
5852 5 2919 36 4831 28 5851 78 5853 26 9721 86
5853 2 5852 26 5854 65
5854 5 1350 25 5853 65 5855 57 7315 33 8280 7
5855 5 3972 61 5854 57 5856 54 6859 19 8004 72
5856 3 5124 83 5855 54 5857 66
5857 5 5664 76 5856 66 5858 18 7153 35 7256 34
5858 2 5857 18 5859 78
5859 5 920 12 3551 52 5228 20 5858 78 5860 16
5860 2 5859 16 5861 50
5861 3 5860 50 5862 61 7732 9
5862 6 1530 63 5404 63 5861 61 5863 92 6292 77 8422 6
5863 4 3814 13 5862 92 5864 86 6445 43
5864 5 269 95 3372 34 4339 21 5863 86 5865 14
5865 4 5864 14 5866 45 8545 13 8855 39
5866 4 5419 45 5797 11 5865 45 5867 79
5867 3 5866 79 5868 68 9186 99
5868 5 2568 22 3831 92 5867 68 5869 26 8441 5
5869 5 4349 67 5868 26 5870 31 6089 80 8038 76
5870 3 2379 7 5869 31 5871 36
5871 7 932 63 3398 83 4822 70 5870 36 5872 7 7607 72 9011 59
5872 3 5871 7 5873 56 5949 25
5873 3 5872 56 5874 91 5917 78
5874 5 337 42 5873 91 5875 85 7819 37 8199 28
5875 4 1056 17 5874 85 5876 27 6282 4
5876 2 5875 27 5877 72
5877 3 1972 64 5876 72 5878 84
5878 5 2308 82 2821 69 5877 84 5879 13 6017 40
5879 4 4330 28 5878 13 5880 92 5969 85
5880 5 3865 60 5879 92 5881 57 7329 21 9000 22
5881 4 340 98 5880 57 5882 92 9042 2
5882 4 2127 80 3817 33 5881 92 5883 20
5883 3 535 56 5882 20 5884 89
5884 7 502 87 1901 66 2289 35 4239 68 5883 89 5885 92 7848 94
5885 3 5884 92 5886 93 8635 84
5886 3 2568 68 5885 93 5887 67
5887 6 595 32 1290 68 5886 67 5888 16 6933 30 6939 47
5888 6 203 96 1147 75 3740 61 5887 16 5889 89 9162 9
5889 2 5888 89 5890 38
5890 6 244 70 549 35 1848 61 2704 59 5889 38 5891 80
5891 4 3019 62 5890 80 5892 59 7223 98
5892 5 2759 67 5891 59 5893 84 9601 56 9964 24
5893 2 5892 84 5894 90
5894 5 2166 14 5893 90 5895 53 8453 55 9126 55
5895 3 5894 53 5896 27 9288 70
5896 6 3248 26 5895 27 5897 9 7086 71 8438 35 9858 1
5897 3 5539 45 5896 9 5898 42
5898 3 4783 94 5897 42 5899 25
5899 2 5898 25 5900 39
5900 3 5899 39 5901 23 6827 41
5901 4 2328 5 5649 29 5900 23 5902 81
5902 2 5901 81 5903 2
5903 3 2435 75 5902 2 5904 27
5904 4 667 77 5775 52 5903 27 5905 1
5905 4 411 62 3074 78 5904 1 5906 50
5906 3 5309 3 5905 50 5907 64
5907 3 5906 64 5908 67 6563 13
5908 4 509 83 5907 67 5909 76 8515 72
5909 4 3670 99 5908 76 5910 55 9501 37
5910 7 801 4 4242 67 5909 55 5911 39 6308 8 8207 91 8442 7
5911 2 5910 39 5912 24
5912 5 2831 30 4807 16 5911 24 5913 68 9469 33
5913 6 5912 68 5914 100 5949 49 7254 16 7345 57 9283 59
5914 3 3872 51 5913 100 5915 86
5915 2 5914 86 5916 16
5916 4 5630 12 5915 16 5917 45 8786 93
5917 5 1362 82 5873 78 5916 45 5918 12 9132 40
5918 5 5377 34 5917 12 5919 35 8181 85 8654 66
5919 6 2159 42 2546 91 5918 35 5920 61 7201 26 8982 10
5920 4 255 93 350 59 5919 61 5921 43
5921 8 1105 74 2764 14 4122 40 5920 43 5922 39 8164 97 8897 10 9216 88
5922 2 5921 39 5923 99
5923 4 832 94 5922 99 5924 42 8188 50
5924 3 5923 42 5925 25 7474 29
5925 4 2539 58 5924 25 5926 4 7139 49
5926 2 5925 4 5927 99
5927 5 4724 59 5926 99 5928 40 6748 46 9483 74
5928 5 3885 71 5927 40 5929 7 8282 92 8707 99
5929 4 5928 7 5930 78 9481 11 9697 93
5930 3 386 91 5929 78 5931 57
5931 4 4062 96 5930 57 5932 16 8111 17
5932 6 1698 72 2296 85 5931 16 5933 88 6370 20 9667 99
5933 2 5932 88 5934 73
5934 6 1360 78 3765 28 4568 94 5933 73 5935 16 8773 28
5935 6 195 39 475 17 1751 63 5934 16 5936 99 9042 28
5936 3 5935 99 5937 82 6531 37
5937 3 506 16 5936 82 5938 16
5938 3 5937 16 5939 20 7053 86
5939 3 803 73 5938 20 5940 96
5940 4 854 27 5939 96 5941 44 7027 57
5941 6 1404 3 5940 44 5942 79 6967 95 8556 96 9787 75
5942 3 5104 38 5941 79 5943 72
5943 3 5630 53 5942 72 5944 81
5944 5 5943 81 5945 58 7546 57 7646 31 8475 52
5945 4 1641 43 5944 58 5946 21 7441 42
5946 5 4234 9 4450 5 4551 35 5945 21 5947 31
5947 4 5946 31 5948 82 6027 90 8643 55
5948 4 912 94 2256 48 5947 82 5949 53
5949 7 1606 59 2210 8 5872 25 5913 49 5948 53 5950 29 8163 7
5950 4 3519 17 3713 81 5949 29 5951 38
5951 4 3918 98 5950 38 5952 55 8281 8
5952 3 289 22 5951 55 5953 62
5953 3 3603 48 5952 62 5954 81
5954 5 5953 81 5955 4 7335 13 7693 99 8655 88
5955 4 1134 68 4842 54 5954 4 5956 64
5956 3 1128 79 5955 64 5957 55
5957 5 1792 87 5956 55 5958 93 7380 48 8057 87
5958 6 4238 35 5957 93 5959 93 6662 60 7664 91 8093 26
5959 4 2141 59 2877 67 5958 93 5960 78
5960 2 5959 78 5961 93
5961 4 773 2 3898 52 5960 93 5962 30
5962 4 1454 61 2451 48 5961 30 5963 26
5963 5 4629 33 4845 7 5962 26 5964 38 9218 60
5964 3 5232 76 5963 38 5965 74
5965 7 1944 19 3257 95 3338 70 4551 75 5964 74 5966 100 7235 37
5966 4 5965 100 5967 41 7140 1 8974 44
5967 3 5966 41 5968 9 9701 84
5968 3 5967 9 5969 30 8873 99
5969 4 1676 33 5879 85 5968 30 5970 98
5970 4 2273 97 5969 98 5971 93 8653 17
5971 5 3763 31 5970 93 5972 17 6871 70 7778 96
5972 2 5971 17 5973 60
5973 4 5972 60 5974 8 8148 26 9502 25
5974 3 3837 67 5973 8 5975 68
5975 3 2568 14 5974 68 5976 24
5976 4 5056 86 5177 33 5975 24 5977 81
5977 3 5107 66 5976 81 5978 52
5978 3 1377 81 5977 52 5979 56
5979 5 2354 19 4229 16 5978 56 5980 60 6836 16
5980 5 1968 41 5979 60 5981 1 6520 14 9336 54
5981 3 1574 49 5980 1 5982 33
5982 4 5981 33 5983 60 7011 63 7784 60
5983 4 1987 62 5217 46 5982 60 5984 16
5984 5 5222 81 5983 16 5985 93 7670 35 9376 93
5985 3 527 53 5984 93 5986 17
5986 3 5985 17 5987 71 9037 33
5987 3 5986 71 5988 63 8533 61
5988 3 5256 35 5987 63 5989 62
5989 5 997 89 2600 60 5988 62 5990 31 7529 53
5990 4 4867 39 5989 31 5991 5 9548 47
5991 5 1269 71 2273 30 5990 5 5992 81 9006 1
5992 3 5991 81 5993 56 8309 42
5993 2 5992 56 5994 62
5994 4 3427 73 5993 62 5995 99 6860 34
5995 5 413 8 5994 99 5996 21 6735 55 8812 43
5996 4 1903 75 5995 21 5997 41 8563 4
5997 3 4016 65 5996 41 5998 28
5998 4 1800 77 4560 23 5997 28 5999 13
5999 5 3095 29 5998 13 6000 98 7273 10 7306 84
6000 8 267 84 1681 29 4600 61 5999 98 6001 14 6422 75 6859 89 7341 38
6001 4 6000 14 6002 96 9947 81 9973 31
6002 5 1283 1 3487 18 5617 5 6001 96 6003 72
6003 3 6002 72 6004 14 6229 39
6004 4 1913 16 5073 1 6003 14 6005 73
6005 4 2404 11 6004 73 6006 10 9342 33
6006 4 686 64 4729 99 6005 10 6007 26
6007 2 6006 26 6008 49
6008 2 6007 49 6009 7
6009 3 3954 78 6008 7 6010 31
6010 6 684 65 4964 30 5603 77 6009 31 6011 67 8069 69
6011 3 6010 67 6012 64 7656 29
6012 4 3484 92 4082 85 6011 64 6013 57
6013 4 406 2 4514 24 6012 57 6014 87
6014 3 6013 87 6015 50 7271 85
6015 3 1234 84 6014 50 6016 51
6016 5 777 24 2955 94 6015 51 6017 45 6908 85
6017 8 1243 8 1951 55 2627 20 5878 40 6016 45 6018 98 8382 77 9500 64
6018 4 983 52 4922 87 6017 98 6019 92
6019 4 6018 92 6020 87 6111 44 9732 94
6020 2 6019 87 6021 68
6021 3 5595 39 6020 68 6022 77
6022 3 3385 93 6021 77 6023 35
6023 3 6022 35 6024 23 6389 94
6024 2 6023 23 6025 71
6025 3 924 70 6024 71 6026 65
6026 6 645 71 6025 65 6027 85 8995 97 9383 3 9386 28
6027 6 2482 30 3144 6 4365 81 5947 90 6026 85 6028 19
6028 10 690 86 1132 66 1207 95 2255 15 5297 64 6027 19 6029 15 7231 46 7602 39 7666 70
6029 3 5239 51 6028 15 6030 79
6030 3 5645 9 6029 79 6031 59
6031 7 177 73 1511 75 2831 95 6030 59 6032 93 9172 100 9544 90
6032 4 531 74 2791 62 6031 93 6033 18
6033 2 6032 18 6034 90
6034 3 6033 90 6035 95 7143 70
6035 5 2567 90 5742 79 5811 38 6034 95 6036 3
6036 6 187 8 4760 53 6035 3 6037 14 8040 25 8354 4
6037 3 6036 14 6038 20 9301 23
6038 6 2701 72 3676 51 6037 20 6039 52 7725 79 9113 33
6039 5 1969 24 2801 37 5342 42 6038 52 6040 84
6040 4 3849 14 6039 84 6041 2 6522 96
6041 3 182 49 6040 2 6042 68
6042 2 6041 68 6043 27
6043 3 6042 27 6044 96 9221 12
6044 2 6043 96 6045 67
6045 6 4056 40 6044 67 6046 4 6638 41 6807 39 9436 25
6046 2 6045 4 6047 38
6047 7 2384 56 5491 47 6046 38 6048 5 6185 37 6229 47 8629 42
6048 4 6047 5 6049 13 9245 76 9575 60
6049 3 2569 75 6048 13 6050 72
6050 5 3294 91 4687 37 6049 72 6051 29 9617 98
6051 3 6050 29 6052 24 6524 79
6052 5 1413 70 6051 24 6053 74 7149 51 8469 92
6053 2 6052 74 6054 2
6054 3 3924 83 6053 2 6055 73
6055 2 6054 73 6056 2
6056 5 1849 49 2021 27 6055 2 6057 24 9185 91
6057 4 6056 24 6058 73 6222 22 9606 53
6058 4 3819 8 6057 73 6059 59 8640 16
6059 3 5601 89 6058 59 6060 99
6060 4 436 14 505 30 6059 99 6061 79
6061 4 6060 79 6062 41 7353 60 8629 67
6062 5 3152 87 4387 75 6061 41 6063 76 9477 80
6063 5 739 15 3888 66 6062 76 6064 43 7860 99
6064 5 1448 66 2016 65 3625 17 6063 43 6065 9
6065 3 4801 1 6064 9 6066 57
6066 3 6065 57 6067 95 9381 60
6067 3 3057 18 6066 95 6068 42
6068 4 702 95 787 100 6067 42 6069 43
6069 2 6068 43 6070 9
6070 2 6069 9 6071 6
6071 7 468 35 1544 54 3875 83 6070 6 6072 2 6595 63 7206 6
6072 3 6071 2 6073 32 9095 89
6073 2 6072 32 6074 75
6074 4 2510 97 6073 75 6075 67 7992 10
6075 3 6074 67 6076 34 9140 39
6076 7 492 33 1898 67 3259 81 3392 55 6075 34 6077 18 8546 12
6077 3 5360 97 6076 18 6078 100
6078 7 886 25 3373 47 4394 32 5410 14 6077 100 6079 91 9921 62
6079 6 1074 100 6078 91 6080 55 7265 47 8767 18 9496 4
6080 2 6079 55 6081 37
6081 6 179 73 835 10 1716 35 3604 86 6080 37 6082 57
6082 3 1606 31 6081 57 6083 67
6083 7 1895 87 3762 95 5275 53 5614 35 6082 67 6084 86 7444 80
6084 3 1652 58 6083 86 6085 37
6085 3 6084 37 6086 62 8609 80
6086 4 743 52 4199 2 6085 62 6087 8
6087 4 5754 71 6086 8 6088 75 7628 74
6088 3 1313 50 6087 75 6089 93
6089 6 377 61 5037 38 5869 80 6088 93 6090 6 6233 16
6090 3 6089 6 6091 57 8098 49
6091 5 1303 43 4405 68 5298 31 6090 57 6092 5
6092 6 567 4 1536 25 3387 67 6091 5 6093 67 6283 12
6093 7 796 17 821 20 4429 62 4757 7 5174 13 6092 67 6094 33
6094 4 1186 84 6093 33 6095 93 6245 26
6095 4 6094 93 6096 22 6394 68 8096 59
6096 5 593 100 3917 80 4428 31 6095 22 6097 87
6097 3 2767 60 6096 87 6098 66
6098 6 4240 70 5038 9 6097 66 6099 92 8312 21 9977 96
6099 5 4478 84 4760 42 6098 92 6100 70 8486 72
6100 6 404 57 947 10 1730 43 2281 11 6099 70 6101 7
6101 2 6100 7 6102 68
6102 2 6101 68 6103 15
6103 5 1130 23 3994 63 4143 43 6102 15 6104 19
6104 3 2384 1 6103 19 6105 5
6105 2 6104 5 6106 82
6106 2 6105 82 6107 13
6107 5 4658 98 6106 13 6108 23 6616 55 9637 64
6108 5 1475 3 4175 99 4736 33 6107 23 6109 46
6109 3 6108 46 6110 27 6496 34
6110 2 6109 27 6111 93
6111 8 1105 40 2075 49 2276 87 4004 50 6019 44 6110 93 6112 67 9183 20
6112 4 3331 87 4350 32 6111 67 6113 72
6113 5 5825 85 6112 72 6114 26 7562 98 9039 10
6114 5 546 1 6113 26 6115 29 7909 73 9103 56
6115 2 6114 29 6116 7
6116 4 6115 7 6117 77 8060 72 8853 73
6117 3 116 26 6116 77 6118 72
6118 3 1407 27 6117 72 6119 14
6119 5 2898 33 5310 96 6118 14 6120 24 7160 1
6120 4 172 99 2791 76 6119 24 6121 87
6121 6 3447 54 5064 74 6120 87 6122 1 7348 88 9889 20
6122 4 2846 8 6121 1 6123 95 7531 71
6123 3 1366 94 6122 95 6124 57
6124 5 1500 92 3324 94 6123 57 6125 63 8159 59
6125 6 5398 29 6124 63 6126 87 7389 6 8222 65 9956 25
6126 3 6125 87 6127 78 9172 11
6127 3 6126 78 6128 42 9994 60
6128 4 588 84 6127 42 6129 24 7362 86
6129 2 6128 24 6130 8
6130 4 2272 90 3115 84 6129 8 6131 59
6131 6 4945 14 5147 51 6130 59 6132 99 7984 3 8017 21
6132 5 105 13 2064 84 6131 99 6133 97 6329 68
6133 6 180 18 6132 97 6134 55 7312 42 7355 49 8954 57
6134 2 6133 55 6135 72
6135 3 609 32 6134 72 6136 82
6136 4 1230 9 4093 100 6135 82 6137 18
6137 3 6136 18 6138 3 8662 56
6138 3 6137 3 6139 19 8276 15
6139 4 2707 88 6138 19 6140 14 9814 97
6140 2 6139 14 6141 46
6141 5 6140 46 6142 65 7036 12 8199 59 9904 8
6142 2 6141 65 6143 16
6143 4 1937 69 3222 8 6142 16 6144 53
6144 6 3379 90 4179 70 4928 4 5360 21 6143 53 6145 30
6145 4 920 82 1620 41 6144 30 6146 90
6146 3 6145 90 6147 63 6202 42
6147 6 2014 6 4884 2 5392 14 6146 63 6148 37 8090 57
6148 2 6147 37 6149 47
6149 4 2038 83 2304 90 6148 47 6150 86
6150 5 5286 12 6149 86 6151 40 7834 76 9236 67
6151 4 5496 53 6150 40 6152 17 9205 24
6152 5 3437 90 3449 10 6151 17 6153 68 8759 44
6153 3 866 29 6152 68 6154 55
6154 3 2552 16 6153 55 6155 2
6155 3 3069 16 6154 2 6156 92
6156 9 1476 4 2094 62 2735 93 2927 39 5108 9 6155 92 6157 17 6454 51 7449 96
6157 4 1408 5 6156 17 6158 7 8506 29
6158 8 1624 10 3019 7 3611 24 4854 52 4928 38 6157 7 6159 54 7519 27
6159 3 6158 54 6160 49 9829 75
6160 3 4967 15 6159 49 6161 80
6161 4 6160 80 6162 37 7756 70 9504 59
6162 5 5603 41 6161 37 6163 9 7807 54 8148 66
6163 6 1700 68 5357 78 6162 9 6164 5 8102 21 8112 4
6164 4 3885 67 6163 5 6165 55 7493 48
6165 3 6164 55 6166 5 8193 65
6166 2 6165 5 6167 34
6167 4 102 76 4006 21 6166 34 6168 80
6168 4 494 11 638 77 6167 80 6169 100
6169 3 2904 12 6168 100 6170 58
6170 5 2657 23 4305 36 6169 58 6171 59 9129 20
6171 2 6170 59 6172 1
6172 4 1684 24 6171 1 6173 42 9278 16
6173 5 4773 70 6172 42 6174 38 7621 37 9813 66
6174 3 3146 68 6173 38 6175 77
6175 3 2014 69 6174 77 6176 32
6176 7 238 73 275 86 3949 62 6175 32 6177 97 7279 91 9187 67
6177 5 2999 81 6176 97 6178 11 6312 64 8335 88
6178 6 489 51 1626 7 6177 11 6179 59 9263 33 9548 65
6179 4 1601 72 6178 59 6180 75 8246 79
6180 3 3340 23 6179 75 6181 4
6181 6 467 72 1273 14 2941 65 5264 61 6180 4 6182 28
6182 5 6181 28 6183 54 6640 14 7156 32 9071 74
6183 5 2136 93 2918 19 3312 43 6182 54 6184 67
6184 5 6 93 2193 35 6183 67 6185 17 8649 73
6185 5 503 33 4249 7 6047 37 6184 17 6186 58
6186 3 6185 58 6187 89 6202 1
6187 6 996 91 2900 84 5314 38 6186 89 6188 18 8441 41
6188 3 191 57 6187 18 6189 26
6189 4 2846 5 6188 26 6190 53 8055 81
6190 3 6189 53 6191 64 6507 73
6191 4 498 4 4911 61 6190 64 6192 94
6192 3 6191 94 6193 6 8501 49
6193 3 6192 6 6194 75 6630 68
6194 5 1431 43 1811 5 2502 16 6193 75 6195 46
6195 4 3822 19 6194 46 6196 33 7868 6
6196 6 1823 73 6195 33 6197 26 7699 58 7991 60 8521 18
6197 6 599 80 876 89 6196 26 6198 18 6621 5 7672 63
6198 4 1076 19 5187 22 6197 18 6199 87
6199 2 6198 87 6200 42
6200 3 2674 85 6199 42 6201 59
6201 5 2999 34 6200 59 6202 55 6604 85 9176 25
6202 6 48 77 3488 31 6146 42 6186 1 6201 55 6203 74
6203 4 3440 11 6202 74 6204 19 9061 58
6204 5 343 89 382 78 6203 19 6205 59 8512 99
6205 3 5595 75 6204 59 6206 17
6206 3 3172 18 6205 17 6207 100
6207 3 2424 58 6206 100 6208 3
6208 2 6207 3 6209 62
6209 5 3695 15 5651 16 5664 93 6208 62 6210 22
6210 4 6209 22 6211 3 7762 31 8037 59
6211 5 440 25 6210 3 6212 80 6686 77 7072 33
6212 4 6211 80 6213 29 7246 79 7652 73
6213 4 6212 29 6214 66 9354 9 9968 74
6214 4 4381 15 6213 66 6215 95 7376 8
6215 3 6214 95 6216 19 7506 47
6216 4 4457 76 6215 19 6217 70 7891 70
6217 3 3290 29 6216 70 6218 55
6218 3 3718 90 6217 55 6219 59
6219 4 1465 19 3420 30 6218 59 6220 6
6220 4 6219 6 6221 81 6328 61 9250 18
6221 7 1027 79 4921 44 6220 81 6222 84 7314 87 7972 36 9620 95
6222 4 6057 22 6221 84 6223 28 6501 12
6223 3 3258 65 6222 28 6224 7
6224 6 1058 52 6223 7 6225 36 7130 58 8122 73 8160 84
6225 5 2282 37 3293 1 4794 3 6224 36 6226 74
6226 5 1072 20 2212 51 6225 74 6227 64 7286 30
6227 2 6226 64 6228 95
6228 3 6227 95 6229 60 9797 75
6229 6 6003 39 6047 47 6228 60 6230 30 7499 45 9962 80
6230 4 3480 3 6229 30 6231 85 7245 50
6231 5 1043 83 6230 85 6232 28 7344 84 7765 48
6232 4 3304 86 6231 28 6233 37 7601 97
6233 5 1715 55 4947 56 6089 16 6232 37 6234 98
6234 3 4837 74 6233 98 6235 69
6235 6 2746 64 5075 15 5447 16 5761 59 6234 69 6236 37
6236 3 6235 37 6237 84 7605 37
6237 2 6236 84 6238 99
6238 4 2978 26 6237 99 6239 82 7960 4
6239 4 2724 62 3499 74 6238 82 6240 89
6240 7 524 12 5749 87 6239 89 6241 90 7883 53 9253 85 9634 46
6241 5 785 13 4454 61 6240 90 6242 94 8820 91
6242 6 712 66 3262 7 4192 34 6241 94 6243 59 7834 15
6243 2 6242 59 6244 58
6244 2 6243 58 6245 46
6245 6 3735 29 6094 26 6244 46 6246 36 8937 56 9553 100
6246 5 914 58 954 82 1644 78 6245 36 6247 49
6247 4 4870 76 4992 32 6246 49 6248 11
6248 7 209 39 326 87 2732 8 6247 11 6249 56 7846 11 8568 10
6249 3 6248 56 6250 43 9412 81
6250 3 6249 43 6251 60 8307 90
6251 2 6250 60 6252 51
6252 3 4960 69 6251 51 6253 93
6253 6 840 11 2711 5 4975 35 6252 93 6254 38 7463 73
6254 5 5354 83 6253 38 6255 65 8559 38 9382 28
6255 2 6254 65 6256 91
6256 5 1804 62 2348 5 3136 29 6255 91 6257 70
6257 3 6256 70 6258 2 8561 3
6258 3 6257 2 6259 90 6581 3
6259 4 1375 23 5804 38 6258 90 6260 99
6260 3 6259 99 6261 35 8438 23
6261 5 1058 54 4519 63 5438 24 6260 35 6262 52
6262 3 4985 52 6261 52 6263 71
6263 3 5656 70 6262 71 6264 90
6264 6 3668 89 6263 90 6265 64 7018 91 7674 92 9858 93
6265 4 6264 64 6266 25 8457 25 9877 23
6266 3 5221 78 6265 25 6267 72
6267 3 1040 31 6266 72 6268 83
6268 7 2824 19 4455 22 5490 64 6267 83 6269 97 6344 95 8849 19
6269 3 6268 97 6270 1 6364 63
6270 6 1103 46 2637 21 4097 29 6269 1 6271 74 9211 38
6271 3 5677 95 6270 74 6272 99
6272 4 2801 90 6271 99 6273 77 7594 84
6273 5 5289 13 5846 22 6272 77 6274 50 9840 19
6274 8 20 69 2706 39 2898 25 4688 24 6273 50 6275 47 9313 50 9419 9
6275 6 394 10 4721 18 6274 47 6276 9 7033 34 9037 82
6276 5 2240 33 4669 33 6275 9 6277 62 9021 38
6277 3 2222 64 6276 62 6278 10
6278 3 4978 98 6277 10 6279 41
6279 3 5598 7 6278 41 6280 42
6280 5 326 46 1979 45 2645 13 6279 42 6281 43
6281 4 2588 88 4005 33 6280 43 6282 5
6282 5 2608 49 3066 91 5875 4 6281 5 6283 12
6283 5 6092 12 6282 12 6284 33 7269 77 7769 94
6284 3 310 53 6283 33 6285 89
6285 2 6284 89 6286 37
6286 3 1966 73 6285 37 6287 84
6287 4 3261 62 4724 89 6286 84 6288 10
6288 4 1467 23 6287 10 6289 19 9767 4
6289 3 3418 25 6288 19 6290 11
6290 2 6289 11 6291 24
6291 3 5010 47 6290 24 6292 32
6292 7 4209 67 4303 17 5501 98 5862 77 6291 32 6293 8 7536 83
6293 4 4304 11 6292 8 6294 51 6847 67
6294 3 1858 31 6293 51 6295 45
6295 2 6294 45 6296 16
6296 2 6295 16 6297 5
6297 3 6296 5 6298 40 8903 80
6298 5 599 70 2616 30 6297 40 6299 21 8515 14
6299 2 6298 21 6300 15
6300 4 1497 84 2903 54 6299 15 6301 92
6301 3 4177 89 6300 92 6302 61
6302 3 6301 61 6303 21 8739 16
6303 4 2691 70 6302 21 6304 59 7801 53
6304 4 3303 45 5123 7 6303 59 6305 77
6305 6 1745 16 4133 91 6304 77 6306 23 6915 22 9068 89
6306 3 2864 52 6305 23 6307 79
6307 3 1785 12 6306 79 6308 66
6308 5 828 29 5910 8 6307 66 6309 15 8939 69
6309 3 2094 98 6308 15 6310 72
6310 2 6309 72 6311 27
6311 3 300 64 6310 27 6312 18
6312 4 1525 79 6177 64 6311 18 6313 62
6313 2 6312 62 6314 97
6314 2 6313 97 6315 61
6315 2 6314 61 6316 12
6316 3 3806 18 6315 12 6317 61
6317 5 753 37 1123 84 5500 59 6316 61 6318 46
6318 4 1059 13 4613 83 6317 46 6319 19
6319 4 4851 34 6318 19 6320 47 9449 69
6320 3 6319 47 6321 20 7279 6
6321 2 6320 20 6322 85
6322 3 6321 85 6323 7 7147 27
6323 4 4252 45 6322 7 6324 82 6372 84
6324 6 6323 82 6325 41 6737 74 7129 91 7769 99 9864 98
6325 4 341 64 6324 41 6326 91 8801 1
6326 5 19 7 935 77 2191 44 6325 91 6327 57
6327 5 1526 2 5548 86 6326 57 6328 1 8923 66
6328 9 140 80 2408 98 4834 51 4847 76 6220 61 6327 1 6329 54 8114 94 8961 58
6329 3 6132 68 6328 54 6330 33
6330 4 6329 33 6331 7 8340 70 8380 25
6331 3 3 24 6330 7 6332 81
6332 5 275 13 5491 55 5727 77 6331 81 6333 44
6333 3 4118 10 6332 44 6334 19
6334 4 6333 19 6335 43 8157 63 9281 98
6335 6 273 93 447 39 910 21 6334 43 6336 52 9833 59
6336 5 2673 93 4060 18 6335 52 6337 47 6796 18
6337 3 6336 47 6338 27 7780 72
6338 3 6337 27 6339 15 8122 15
6339 4 759 62 2767 5 6338 15 6340 52
6340 5 6339 52 6341 22 6930 57 7388 62 8761 47
6341 3 1855 44 6340 22 6342 47
6342 4 105 100 6341 47 6343 23 9361 58
6343 5 2671 31 3502 12 6342 23 6344 59 8829 88
6344 5 6268 95 6343 59 6345 15 7113 60 9574 2
6345 2 6344 15 6346 91
6346 6 635 35 2622 75 4690 48 6345 91 6347 80 6842 92
6347 3 746 76 6346 80 6348 36
6348 3 6347 36 6349 65 9823 7
6349 4 1210 57 6348 65 6350 3 9931 56
6350 3 3139 28 6349 3 6351 92
6351 6 152 16 1622 25 4442 16 6350 92 6352 98 8101 84
6352 5 2219 40 3109 92 3478 47 6351 98 6353 76
6353 2 6352 76 6354 38
6354 5 2237 50 3965 19 6353 38 6355 72 9186 19
6355 5 2363 54 4217 23 6354 72 6356 31 9396 2
6356 5 1830 52 2264 40 4906 94 6355 31 6357 76
6357 3 165 66 6356 76 6358 31
6358 6 407 67 2658 21 4358 10 6357 31 6359 52 7201 100
6359 3 1129 15 6358 52 6360 48
6360 3 6359 48 6361 13 8190 4
6361 4 5799 82 6360 13 6362 18 6385 83
6362 7 741 12 1902 90 2730 16 4603 54 6361 18 6363 84 9519 90
6363 5 1268 97 3613 93 4576 73 6362 84 6364 71
6364 5 6269 63 6363 71 6365 86 8109 29 9457 23
6365 4 3872 46 6364 86 6366 38 9027 30
6366 2 6365 38 6367 44
6367 2 6366 44 6368 96
6368 3 6367 96 6369 36 9466 64
6369 2 6368 36 6370 10
6370 5 844 31 2611 95 5932 20 6369 10 6371 18
6371 3 6370 18 6372 61 6779 15
6372 4 4591 6 6323 84 6371 61 6373 25
6373 3 1549 99 6372 25 6374 19
6374 2 6373 19 6375 61
6375 3 5398 71 6374 61 6376 57
6376 3 4930 75 6375 57 6377 18
6377 6 670 43 1547 44 3352 90 4425 35 6376 18 6378 4
6378 3 6377 4 6379 11 7252 67
6379 3 3455 98 6378 11 6380 62
6380 6 2209 1 2929 28 5002 6 6379 62 6381 73 9208 14
6381 4 792 1 6380 73 6382 100 9534 79
6382 2 6381 100 6383 53
6383 5 1736 55 2046 7 6382 53 6384 66 7524 26
6384 4 2845 69 6383 66 6385 95 7871 67
6385 4 4170 76 6361 83 6384 95 6386 92
6386 5 953 98 3073 94 3878 21 6385 92 6387 79
6387 3 6386 79 6388 30 8759 71
6388 4 6387 30 6389 36 7338 8 7685 57
6389 5 31 3 6023 94 6388 36 6390 30 8788 1
6390 3 6389 30 6391 33 6664 100
6391 6 1436 30 1784 62 1946 94 6390 33 6392 71 9220 81
6392 3 3808 21 6391 71 6393 35
6393 5 5053 60 6392 35 6394 45 9095 70 9343 6
6394 3 6095 68 6393 45 6395 65
6395 5 564 70 5055 100 6394 65 6396 55 7341 5
6396 6 3959 1 6395 55 6397 61 6529 83 9232 50 9464 38
6397 3 33 6 6396 61 6398 14
6398 3 6397 14 6399 11 8741 97
6399 2 6398 11 6400 36
6400 3 6399 36 6401 59 9804 23
6401 5 1915 88 6400 59 6402 13 7623 10 9401 73
6402 3 1327 98 6401 13 6403 33
6403 5 1396 86 1938 91 6402 33 6404 93 8698 2
6404 5 587 6 6403 93 6405 47 6861 12 7588 80
6405 3 6404 47 6406 3 9330 93
6406 4 3989 77 4011 95 6405 3 6407 81
6407 4 3087 71 6406 81 6408 86 6879 100
6408 5 318 18 1729 49 6407 86 6409 1 8417 11
6409 3 2915 42 6408 1 6410 31
6410 3 4520 28 6409 31 6411 13
6411 4 6410 13 6412 75 6750 59 8831 64
6412 4 6411 75 6413 28 7922 26 8570 37
6413 4 2279 96 4285 67 6412 28 6414 27
6414 4 6413 27 6415 15 7572 81 8093 70
6415 4 1974 13 6414 15 6416 33 8342 31
6416 3 6415 33 6417 49 8136 76
6417 5 5743 34 6416 49 6418 83 6935 98 9558 41
6418 2 6417 83 6419 93
6419 3 22 33 6418 93 6420 80
6420 5 1833 35 5462 1 5710 71 6419 80 6421 72
6421 4 5523 58 5581 66 6420 72 6422 88
6422 4 1679 47 6000 75 6421 88 6423 47
6423 4 6422 47 6424 7 8959 28 9624 26
6424 4 2974 88 6423 7 6425 30 7641 47
6425 3 6424 30 6426 53 9998 89
6426 3 1825 90 6425 53 6427 51
6427 4 6426 51 6428 80 8540 56 9437 4
6428 3 3455 30 6427 80 6429 22
6429 4 1581 97 6428 22 6430 87 9890 90
6430 3 3623 53 6429 87 6431 19
6431 3 1173 25 6430 19 6432 5
6432 3 3313 80 6431 5 6433 54
6433 5 401 42 6432 54 6434 41 6913 70 9875 89
6434 4 2407 61 3174 77 6433 41 6435 90
6435 5 884 14 3881 7 6434 90 6436 15 9207 72
6436 3 6435 15 6437 52 8524 58
6437 3 3587 34 6436 52 6438 73
6438 4 4411 48 4588 68 6437 73 6439 11
6439 4 5847 60 6438 11 6440 93 9006 86
6440 3 6439 93 6441 98 9480 38
6441 5 3185 92 4476 76 5748 26 6440 98 6442 17
6442 3 2378 51 6441 17 6443 86
6443 4 4604 36 6442 86 6444 35 9513 29
6444 3 6443 35 6445 28 7044 93
6445 3 5863 43 6444 28 6446 20
6446 7 89 15 3831 89 4170 12 6445 20 6447 15 9369 82 9524 58
6447 3 4950 34 6446 15 6448 71
6448 3 2904 50 6447 71 6449 97
6449 3 6448 97 6450 84 9749 81
6450 7 261 14 1463 23 5548 82 6449 84 6451 21 7132 27 8536 40
6451 3 5704 84 6450 21 6452 24
6452 6 225 71 1620 83 2551 59 6451 24 6453 64 8582 99
6453 3 4424 18 6452 64 6454 80
6454 6 5700 83 6156 51 6453 80 6455 49 7120 15 8762 93
6455 6 4423 1 5310 70 5457 83 6454 49 6456 54 7510 7
6456 3 389 91 6455 54 6457 84
6457 3 639 42 6456 84 6458 75
6458 3 759 20 6457 75 6459 39
6459 3 1396 80 6458 39 6460 72
6460 3 2135 11 6459 72 6461 26
6461 5 4483 4 6460 26 6462 22 6501 66 9826 8
6462 4 703 50 6461 22 6463 2 8525 49
6463 2 6462 2 6464 27
6464 5 1377 25 6463 27 6465 43 6578 86 7011 22
6465 4 4748 63 5526 49 6464 43 6466 78
6466 3 6465 78 6467 48 7553 78
6467 2 6466 48 6468 48
6468 4 1928 52 4833 40 6467 48 6469 15
6469 3 3452 57 6468 15 6470 77
6470 4 6469 77 6471 73 9474 99 9758 77
6471 2 6470 73 6472 48
6472 5 1460 59 2501 29 4455 30 6471 48 6473 15
6473 3 6472 15 6474 100 8501 2
6474 5 993 4 1173 14 3606 72 6473 100 6475 40
6475 6 221 47 6474 40 6476 38 6661 66 7578 55 8067 26
6476 3 2543 40 6475 38 6477 94
6477 4 3671 29 5672 69 6476 94 6478 85
6478 4 1813 23 6477 85 6479 6 8601 98
6479 4 4744 32 6478 6 6480 1 8646 92
6480 3 6479 1 6481 34 9127 7
6481 4 6480 34 6482 31 7787 3 9007 89
6482 3 6481 31 6483 47 7526 3
6483 5 1925 84 3065 16 6482 47 6484 93 7250 96
6484 4 4887 19 6483 93 6485 45 9123 5
6485 5 2853 17 2897 50 6484 45 6486 89 7431 73
6486 3 2956 46 6485 89 6487 88
6487 5 2664 3 6486 88 6488 78 9461 91 9746 96
6488 3 1940 43 6487 78 6489 83
6489 4 4432 4 6488 83 6490 69 8417 42
6490 3 6489 69 6491 42 7865 77
6491 2 6490 42 6492 13
6492 5 1106 88 6491 13 6493 72 7680 92 7971 32
6493 3 6492 72 6494 72 7087 32
6494 4 4289 62 6493 72 6495 27 8903 28
6495 3 1861 49 6494 27 6496 71
6496 6 320 38 3250 89 3931 46 6109 34 6495 71 6497 88
6497 3 1271 23 6496 88 6498 48
6498 3 3264 88 6497 48 6499 81
6499 2 6498 81 6500 65
6500 6 379 86 1213 84 5288 13 6499 65 6501 18 8362 86
6501 6 1959 56 6222 12 6461 66 6500 18 6502 56 6606 6
6502 6 1498 25 2533 17 6501 56 6503 9 7520 90 8987 22
6503 5 922 1 4654 65 6502 9 6504 93 8305 39
6504 3 6503 93 6505 91 8485 58
6505 3 6504 91 6506 80 9099 81
6506 3 1682 68 6505 80 6507 73
6507 5 1691 82 3766 87 6190 73 6506 73 6508 7
6508 5 2826 86 3895 55 6507 7 6509 9 6722 38
6509 3 4101 40 6508 9 6510 17
6510 5 2601 45 4485 94 4577 22 6509 17 6511 38
6511 2 6510 38 6512 88
6512 5 819 92 1240 67 4427 17 6511 88 6513 31
6513 3 6512 31 6514 83 6948 85
6514 2 6513 83 6515 10
6515 3 6514 10 6516 34 9979 99
6516 3 6515 34 6517 49 8373 38
6517 3 812 54 6516 49 6518 1
6518 3 318 56 6517 1 6519 49
6519 2 6518 49 6520 92
6520 4 2742 51 5980 14 6519 92 6521 29
6521 3 6520 29 6522 99 9853 1
6522 6 1155 68 3726 66 4441 71 6040 96 6521 99 6523 45
6523 3 5317 69 6522 45 6524 65
6524 3 6051 79 6523 65 6525 20
6525 5 1978 80 5770 35 6524 20 6526 86 9427 45
6526 4 1184 14 4162 93 6525 86 6527 17
6527 3 314 99 6526 17 6528 28
6528 3 2291 78 6527 28 6529 81
6529 7 575 75 3119 32 3965 7 6396 83 6528 81 6530 8 8140 92
6530 5 275 61 5395 55 6529 8 6531 79 8795 30
6531 4 3416 28 5936 37 6530 79 6532 17
6532 7 2254 90 2438 99 6531 17 6533 96 6911 84 7031 74 8487 16
6533 9 1567 68 2042 56 3364 15 6532 96 6534 29 6910 65 7963 4 9582 79 9876 17
6534 2 6533 29 6535 6
6535 4 2560 83 2797 63 6534 6 6536 79
6536 4 713 91 6535 79 6537 69 8904 57
6537 3 3037 75 6536 69 6538 5
6538 6 4330 61 6537 5 6539 60 6877 12 8885 28 9245 64
6539 3 2665 27 6538 60 6540 12
6540 5 1857 85 6539 12 6541 32 7764 94 8421 65
6541 6 3116 92 5437 19 6540 32 6542 45 8307 80 8505 16
6542 3 3692 25 6541 45 6543 7
6543 2 6542 7 6544 67
6544 3 910 70 6543 67 6545 11
6545 4 1131 70 4738 76 6544 11 6546 86
6546 3 6545 86 6547 12 8451 1
6547 5 1585 56 6546 12 6548 92 7317 39 8384 47
6548 5 6547 92 6549 50 6847 12 6878 68 7619 43
6549 3 2310 3 6548 50 6550 26
6550 5 1732 6 6549 26 6551 37 9896 40 9910 21
6551 6 83 20 4885 49 6550 37 6552 63 8056 96 8946 89
6552 2 6551 63 6553 71
6553 6 4040 78 4622 71 5758 60 6552 71 6554 72 6769 1
6554 3 6553 72 6555 45 8504 88
6555 3 643 69 6554 45 6556 45
6556 4 1614 90 6555 45 6557 74 7520 8
6557 2 6556 74 6558 25
6558 2 6557 25 6559 32
6559 4 4396 63 6558 32 6560 85 8427 1
6560 6 87 22 3002 88 5705 86 6559 85 6561 82 8173 10
6561 3 468 58 6560 82 6562 64
6562 2 6561 64 6563 16
6563 5 5512 22 5907 13 6562 16 6564 94 9329 84
6564 3 5257 10 6563 94 6565 83
6565 2 6564 83 6566 77
6566 2 6565 77 6567 44
6567 3 6566 44 6568 13 9793 56
6568 4 3462 71 6567 13 6569 61 8678 60
6569 3 6568 61 6570 65 9331 17
6570 3 6569 65 6571 89 8791 3
6571 4 635 87 6570 89 6572 22 7100 67
6572 4 4230 83 6571 22 6573 50 8460 65
6573 3 6572 50 6574 100 7702 21
6574 4 6573 100 6575 62 6938 14 7772 38
6575 4 6574 62 6576 85 8118 96 9896 33
6576 3 334 6 6575 85 6577 60
6577 2 6576 60 6578 41
6578 5 1170 6 1954 34 6464 86 6577 41 6579 65
6579 3 4479 3 6578 65 6580 48
6580 2 6579 48 6581 49
6581 5 5236 15 6258 3 6580 49 6582 8 7679 71
6582 6 3894 91 4727 22 6581 8 6583 78 7230 62 8246 15
6583 3 2208 22 6582 78 6584 35
6584 4 1035 12 1647 43 6583 35 6585 81
6585 2 6584 81 6586 2
6586 4 2993 58 6585 2 6587 38 9377 4
6587 5 3551 69 5210 65 6586 38 6588 32 9309 60
6588 3 6587 32 6589 92 7339 29
6589 4 3086 14 6588 92 6590 79 7922 56
6590 6 1226 29 6589 79 6591 60 9157 14 9280 94 9932 73
6591 5 2558 66 6590 60 6592 66 7177 26 9690 79
6592 4 150 73 5740 23 6591 66 6593 86
6593 2 6592 86 6594 85
6594 3 6593 85 6595 46 9116 20
6595 3 6071 63 6594 46 6596 90
6596 3 1386 60 6595 90 6597 90
6597 2 6596 90 6598 4
6598 3 6597 4 6599 77 8079 84
6599 3 6598 77 6600 30 7055 48
6600 4 942 10 6599 30 6601 58 8372 93
6601 3 4456 41 6600 58 6602 50
6602 4 6601 50 6603 4 6741 90 7251 79
6603 2 6602 4 6604 51
6604 3 6201 85 6603 51 6605 3
6605 6 398 58 4828 86 5322 7 6604 3 6606 39 9259 69
6606 6 1289 96 2766 51 3442 60 6501 6 6605 39 6607 29
6607 4 6606 29 6608 74 6788 81 8311 51
6608 2 6607 74 6609 29
6609 5 1364 73 4527 52 5131 9 6608 29 6610 74
6610 4 1142 93 6609 74 6611 42 8673 74
6611 4 3600 81 6610 42 6612 35 9542 42
6612 4 5083 19 5519 27 6611 35 6613 81
6613 4 39 73 2154 1 6612 81 6614 87
6614 4 4019 33 6613 87 6615 19 9899 97
6615 3 6614 19 6616 34 8312 84
6616 5 3866 62 6107 55 6615 34 6617 97 7907 13
6617 2 6616 97 6618 31
6618 5 2728 94 2970 71 3379 84 6617 31 6619 58
6619 4 973 56 2644 52 6618 58 6620 99
6620 4 6619 99 6621 29 7372 85 7810 40
6621 3 6197 5 6620 29 6622 77
6622 2 6621 77 6623 56
6623 6 443 87 4375 45 4825 63 6622 56 6624 45 7613 76
6624 5 4283 59 6623 45 6625 88 8499 61 9421 93
6625 9 119 53 584 40 749 84 2444 62 3131 12 6624 88 6626 18 7284 77 7995 94
6626 3 5517 40 6625 18 6627 39
6627 3 5815 3 6626 39 6628 21
6628 3 6627 21 6629 74 7907 47
6629 6 218 77 4379 11 6628 74 6630 83 7166 40 7583 90
6630 4 4906 82 6193 68 6629 83 6631 21
6631 2 6630 21 6632 83
6632 3 978 27 6631 83 6633 11
6633 3 1840 28 6632 11 6634 12
6634 4 2287 71 2588 3 6633 12 6635 53
6635 3 1956 4 6634 53 6636 17
6636 3 4302 44 6635 17 6637 96
6637 5 34 72 1842 20 6636 96 6638 62 6987 13
6638 4 6045 41 6637 62 6639 25 9216 81
6639 3 4374 7 6638 25 6640 4
6640 4 6182 14 6639 4 6641 99 7103 39
6641 3 2953 21 6640 99 6642 16
6642 5 2980 95 5408 47 6641 16 6643 71 9768 59
6643 4 2829 58 5113 18 6642 71 6644 87
6644 4 791 41 3808 84 6643 87 6645 83
6645 2 6644 83 6646 24
6646 3 1316 82 6645 24 6647 32
6647 4 245 13 6646 32 6648 74 8936 14
6648 5 3416 43 4923 95 5006 45 6647 74 6649 91
6649 3 355 55 6648 91 6650 22
6650 3 6649 22 6651 50 7809 44
6651 4 6650 50 6652 60 7786 79 9206 68
6652 3 83 31 6651 60 6653 77
6653 7 2234 73 3998 22 4152 50 6652 77 6654 39 6841 67 9093 85
6654 3 5519 94 6653 39 6655 9
6655 4 1102 5 3793 59 6654 9 6656 54
6656 5 1509 67 3333 54 6655 54 6657 1 6812 37
6657 2 6656 1 6658 75
6658 2 6657 75 6659 45
6659 4 3496 24 6658 45 6660 8 8267 64
6660 3 6659 8 6661 65 9836 99
6661 6 5190 34 6475 66 6660 65 6662 73 8111 15 9120 48
6662 4 4912 12 5958 60 6661 73 6663 7
6663 4 58 44 5553 91 6662 7 6664 39
6664 5 4903 2 6390 100 6663 39 6665 38 9330 57
6665 5 1522 32 4959 70 6664 38 6666 49 7995 44
6666 3 3196 80 6665 49 6667 31
6667 4 3653 26 5450 52 6666 31 6668 70
6668 4 1859 28 5821 49 6667 70 6669 100
6669 5 3395 45 3846 81 6668 100 6670 96 7880 7
6670 3 3138 82 6669 96 6671 59
6671 5 3778 27 6670 59 6672 42 8562 58 8565 46
6672 2 6671 42 6673 20
6673 3 69 65 6672 20 6674 52
6674 5 2828 61 6673 52 6675 24 8558 52 9206 40
6675 5 2930 85 5446 50 6674 24 6676 51 7530 63
6676 3 4306 3 6675 51 6677 53
6677 4 6676 53 6678 62 7494 19 7839 98
6678 4 1120 93 4128 5 6677 62 6679 49
6679 6 105 11 4797 96 5062 37 6678 49 6680 82 9796 78
6680 2 6679 82 6681 16
6681 4 877 35 3279 68 6680 16 6682 1
6682 6 1935 65 2580 20 3563 25 4215 44 6681 1 6683 24
6683 6 1051 60 3098 8 3427 66 6682 24 6684 30 7271 78
6684 4 3804 50 6683 30 6685 51 6983 71
6685 3 245 98 6684 51 6686 79
6686 4 6211 77 6685 79 6687 84 7290 74
6687 2 6686 84 6688 62
6688 2 6687 62 6689 51
6689 5 3032 74 4808 71 6688 51 6690 50 8993 47
6690 5 2200 87 4539 18 5429 59 6689 50 6691 69
6691 3 4856 78 6690 69 6692 92
6692 6 2807 53 4009 65 6691 92 6693 10 7928 48 9566 61
6693 3 6692 10 6694 70 6761 28
6694 6 15 13 580 40 4838 67 5672 75 6693 70 6695 18
6695 5 2484 56 3637 95 4988 63 6694 18 6696 1
6696 7 308 81 340 72 3131 94 6695 1 6697 18 9215 55 9978 76
6697 2 6696 18 6698 41
6698 3 6697 41 6699 61 7621 54
6699 4 3995 3 6698 61 6700 76 9475 41
6700 6 673 56 2601 8 4049 46 6699 76 6701 80 8995 4
6701 7 1963 57 2566 86 4022 54 6700 80 6702 95 6887 33 9554 83
6702 5 4779 13 5283 54 6701 95 6703 63 8936 4
6703 4 226 3 3164 97 6702 63 6704 84
6704 3 585 95 6703 84 6705 99
6705 2 6704 99 6706 72
6706 4 2746 8 5774 49 6705 72 6707 37
6707 5 483 92 1561 65 6706 37 6708 23 7915 59
6708 2 6707 23 6709 15
6709 5 4551 6 6708 15 6710 46 8967 41 9459 23
6710 2 6709 46 6711 51
6711 3 6710 51 6712 8 7733 24
6712 4 2278 30 6711 8 6713 43 7554 19
6713 4 729 42 6712 43 6714 59 7670 38
6714 2 6713 59 6715 30
6715 5 5297 10 6714 30 6716 73 7926 35 8339 72
6716 5 4374 47 6715 73 6717 53 7973 72 8407 11
6717 4 1686 7 6716 53 6718 66 9414 13
6718 4 449 21 5757 31 6717 66 6719 81
6719 4 6718 81 6720 69 9259 22 9922 83
6720 3 4560 18 6719 69 6721 11
6721 5 4151 8 5378 40 6720 11 6722 74 8218 32
6722 5 883 82 6508 38 6721 74 6723 50 8877 15
6723 4 1957 97 6722 50 6724 52 8487 1
6724 5 901 58 5607 96 6723 52 6725 75 7082 5
6725 3 5774 81 6724 75 6726 21
6726 2 6725 21 6727 43
6727 3 6726 43 6728 84 9632 62
6728 5 14 100 203 10 2727 13 6727 84 6729 55
6729 4 3987 9 5465 6 6728 55 6730 76
6730 5 6729 76 6731 35 6933 6 8468 87 9172 74
6731 3 1437 2 6730 35 6732 67
6732 2 6731 67 6733 38
6733 4 3424 4 6732 38 6734 19 9146 39
6734 3 2420 77 6733 19 6735 68
6735 8 1971 17 4841 49 5995 55 6734 68 6736 65 7023 54 7202 73 9941 58
6736 6 1888 56 2642 65 6735 65 6737 56 8848 27 9674 23
6737 3 6324 74 6736 56 6738 58
6738 6 5682 77 6737 58 6739 97 8054 63 8446 37 9882 48
6739 7 1045 20 4691 39 4923 27 6738 97 6740 86 6769 59 9974 39
6740 3 304 91 6739 86 6741 2
6741 4 6602 90 6740 2 6742 60 9515 90
6742 6 934 15 3179 57 6741 60 6743 15 9158 23 9827 99
6743 3 5659 63 6742 15 6744 91
6744 2 6743 91 6745 80
6745 6 1575 41 2186 35 2582 24 6744 80 6746 88 8634 87
6746 5 3662 97 6745 88 6747 24 7205 77 9238 15
6747 3 3248 60 6746 24 6748 3
6748 5 5927 46 6747 3 6749 60 7821 1 8720 61
6749 4 2195 56 4713 7 6748 60 6750 99
6750 5 1492 71 3161 99 6411 59 6749 99 6751 56
6751 5 403 12 1076 64 6750 56 6752 15 8506 16
6752 3 4689 85 6751 15 6753 89
6753 3 496 98 6752 89 6754 14
6754 4 2195 50 3254 63 6753 14 6755 63
6755 5 1239 61 2148 79 5132 70 6754 63 6756 95
6756 3 2905 53 6755 95 6757 50
6757 4 667 9 6756 50 6758 11 8314 87
6758 2 6757 11 6759 14
6759 3 6758 14 6760 58 8481 39
6760 5 702 14 6759 58 6761 85 7387 94 9044 20
6761 4 2927 18 6693 28 6760 85 6762 16
6762 3 6761 16 6763 23 9022 26
6763 4 4957 60 6762 23 6764 86 8066 10
6764 3 6763 86 6765 66 7570 43
6765 2 6764 66 6766 56
6766 2 6765 56 6767 83
6767 3 619 29 6766 83 6768 77
6768 7 5344 22 5468 10 5738 3 6767 77 6769 24 7861 59 8775 16
6769 6 1281 34 2015 61 6553 1 6739 59 6768 24 6770 47
6770 7 1647 52 1710 41 3437 56 3712 40 6769 47 6771 89 7479 46
6771 3 4266 9 6770 89 6772 28
6772 2 6771 28 6773 47
6773 4 3144 89 6772 47 6774 48 7386 30
6774 3 2933 12 6773 48 6775 90
6775 5 3235 55 6774 90 6776 18 6974 97 8262 83
6776 5 2884 16 3289 96 6775 18 6777 69 7206 17
6777 2 6776 69 6778 6
6778 4 2326 58 6777 6 6779 50 9939 5
6779 7 3457 39 3475 12 6371 15 6778 50 6780 34 9768 41 9806 87
6780 4 1968 30 6779 34 6781 73 8317 65
6781 6 1582 15 1690 51 3542 11 6780 73 6782 58 9932 18
6782 3 3718 38 6781 58 6783 77
6783 3 944 6 6782 77 6784 92
6784 2 6783 92 6785 27
6785 3 766 90 6784 27 6786 4
6786 5 343 22 1984 30 6785 4 6787 71 9322 25
6787 2 6786 71 6788 63
6788 5 777 99 6607 81 6787 63 6789 91 7961 86
6789 3 1610 84 6788 91 6790 40
6790 4 4908 70 6789 40 6791 99 7639 24
6791 6 2904 70 3859 86 6790 99 6792 27 7035 41 7980 93
6792 3 1767 77 6791 27 6793 45
6793 4 1873 80 6792 45 6794 16 8710 30
6794 3 5344 36 6793 16 6795 5
6795 3 2218 29 6794 5 6796 29
6796 5 3922 77 6336 18 6795 29 6797 86 8176 79
6797 2 6796 86 6798 94
6798 4 2914 36 4747 50 6797 94 6799 38
6799 5 2953 29 3164 86 6798 38 6800 13 7269 3
6800 4 1981 15 3760 45 6799 13 6801 38
6801 5 88 81 507 30 5850 74 6800 38 6802 40
6802 4 6801 40 6803 71 7492 25 9723 59
6803 3 3831 65 6802 71 6804 3
6804 3 746 80 6803 3 6805 45
6805 4 293 3 671 26 6804 45 6806 34
6806 7 1104 45 4165 84 4484 80 5349 23 6805 34 6807 84 7972 81
6807 6 2595 23 3585 86 6045 39 6806 84 6808 18 9374 66
6808 3 2667 51 6807 18 6809 3
6809 3 5800 70 6808 3 6810 16
6810 4 1942 23 3245 76 6809 16 6811 58
6811 5 537 72 6810 58 6812 14 8039 70 9167 9
6812 7 1045 56 1218 51 1964 12 2744 48 6656 37 6811 14 6813 76
6813 4 4158 72 5798 30 6812 76 6814 5
6814 3 474 8 6813 5 6815 98
6815 4 2678 41 5273 43 6814 98 6816 65
6816 5 4904 58 6815 65 6817 41 8026 12 9786 71
6817 3 2669 19 6816 41 6818 12
6818 4 2409 37 6817 12 6819 51 7473 98
6819 6 3334 2 4828 100 4973 87 5019 76 6818 51 6820 13
6820 3 1844 29 6819 13 6821 100
6821 3 5693 54 6820 100 6822 6
6822 3 1797 59 6821 6 6823 17
6823 6 1893 33 2274 61 6822 17 6824 83 8595 70 8606 100
6824 3 4520 22 6823 83 6825 51
6825 5 2273 96 3830 64 6824 51 6826 28 9607 60
6826 2 6825 28 6827 94
6827 4 3901 11 5900 41 6826 94 6828 82
6828 3 5280 61 6827 82 6829 26
6829 4 165 36 2360 45 6828 26 6830 69
6830 3 4288 33 6829 69 6831 34
6831 6 718 35 1237 79 3108 16 6830 34 6832 45 8192 91
6832 2 6831 45 6833 34
6833 6 90 45 1882 83 6832 34 6834 69 7188 34 9697 35
6834 2 6833 69 6835 85
6835 3 3153 66 6834 85 6836 37
6836 4 3917 80 5979 16 6835 37 6837 26
6837 5 4117 81 5277 68 6836 26 6838 27 7880 44
6838 2 6837 27 6839 97
6839 4 2100 67 6838 97 6840 27 7683 51
6840 3 3998 47 6839 27 6841 84
6841 6 2037 81 2646 13 3618 61 6653 67 6840 84 6842 98
6842 4 6346 92 6841 98 6843 60 9431 20
6843 3 6842 60 6844 79 8497 40
6844 3 6843 79 6845 70 6877 39
6845 6 668 19 2202 13 4169 91 5122 33 6844 70 6846 34
6846 6 2126 51 2437 15 3520 19 4140 66 6845 34 6847 8
6847 5 1953 18 6293 67 6548 12 6846 8 6848 34
6848 4 2038 10 6847 34 6849 25 8759 42
6849 6 2053 22 3271 55 4319 33 6848 25 6850 67 7207 67
6850 5 3995 34 4569 35 6849 67 6851 29 7263 44
6851 2 6850 29 6852 26
6852 5 974 39 4111 78 6851 26 6853 3 9729 35
6853 4 640 9 6852 3 6854 21 8986 3
6854 4 6853 21 6855 11 8341 88 8578 16
6855 3 2896 41 6854 11 6856 13
6856 3 569 8 6855 13 6857 40
6857 2 6856 40 6858 78
6858 2 6857 78 6859 29
6859 5 743 38 5855 19 6000 89 6858 29 6860 52
6860 6 3844 37 4601 42 5994 34 6859 52 6861 51 9807 72
6861 4 1626 86 6404 12 6860 51 6862 28
6862 5 2223 57 6861 28 6863 76 8020 91 9068 67
6863 4 1782 36 3127 18 6862 76 6864 29
6864 7 2933 83 4209 88 5269 8 5432 77 6863 29 6865 42 9028 39
6865 4 2930 41 6864 42 6866 88 8537 35
6866 5 6865 88 6867 83 7024 94 9639 74 9760 30
6867 5 4429 94 6866 83 6868 36 7205 57 9859 58
6868 4 6867 36 6869 39 8458 24 8927 60
6869 4 6868 39 6870 49 7342 99 7729 42
6870 5 4541 23 6869 49 6871 95 8781 1 9384 63
6871 5 1487 40 5401 29 5971 70 6870 95 6872 94
6872 4 1579 44 6871 94 6873 94 8569 70
6873 6 949 4 3337 64 3763 81 4654 20 6872 94 6874 63
6874 4 3330 88 6873 63 6875 81 7094 45
6875 3 374 27 6874 81 6876 83
6876 5 6875 83 6877 46 6975 53 7428 65 7520 44
6877 4 6538 12 6844 39 6876 46 6878 83
6878 7 5700 77 6548 68 6877 83 6879 62 7035 8 8489 71 9914 44
6879 4 6407 100 6878 62 6880 88 7764 90
6880 5 3623 21 4813 36 6879 88 6881 42 7687 33
6881 3 4822 97 6880 42 6882 48
6882 3 1464 28 6881 48 6883 70
6883 6 127 83 938 35 5480 60 6882 70 6884 36 8449 35
6884 5 743 23 6883 36 6885 25 9633 92 9664 26
6885 4 3605 32 6884 25 6886 78 9446 92
6886 3 6885 78 6887 85 9852 83
6887 8 1721 76 3316 25 3996 11 6701 33 6886 85 6888 18 9359 42 9704 41
6888 5 2202 99 3164 2 5767 84 6887 18 6889 98
6889 5 853 90 2937 39 5286 99 6888 98 6890 2
6890 4 3215 66 3354 22 6889 2 6891 62
6891 5 216 65 2564 18 5364 58 6890 62 6892 56
6892 4 1116 86 6891 56 6893 63 9634 17
6893 3 2675 2 6892 63 6894 70
6894 2 6893 70 6895 50
6895 4 4668 6 5818 92 6894 50 6896 32
6896 5 1743 81 5438 81 6895 32 6897 76 8774 77
6897 6 570 25 963 58 3376 47 5257 72 6896 76 6898 5
6898 4 6897 5 6899 61 7576 80 9307 25
6899 2 6898 61 6900 92
6900 2 6899 92 6901 82
6901 5 2763 37 6900 82 6902 54 7616 58 9373 38
6902 3 6901 54 6903 2 9215 85
6903 7 1283 32 2783 50 6902 2 6904 35 9383 81 9430 28 9907 32
6904 4 607 9 5189 26 6903 35 6905 82
6905 3 6904 82 6906 5 9991 67
6906 4 5691 97 6905 5 6907 13 7296 50
6907 6 269 88 4091 83 4168 27 6906 13 6908 15 7861 68
6908 7 3882 16 6016 85 6907 15 6909 16 6962 8 8047 53 9816 9
6909 3 5318 42 6908 16 6910 26
6910 3 6533 65 6909 26 6911 84
6911 6 219 29 6532 84 6910 84 6912 84 7891 51 9311 72
6912 4 4425 20 5745 87 6911 84 6913 66
6913 4 6433 70 6912 66 6914 32 8365 44
6914 6 2407 30 3184 48 3628 49 6913 32 6915 94 9468 37
6915 4 6305 22 6914 94 6916 4 8180 47
6916 3 3122 41 6915 4 6917 34
6917 3 6916 34 6918 8 7381 88
6918 5 1131 6 3961 80 4971 33 6917 8 6919 21
6919 3 6918 21 6920 74 7294 79
6920 3 5219 29 6919 74 6921 92
6921 3 4772 79 6920 92 6922 64
6922 4 2746 53 4178 33 6921 64 6923 4
6923 6 3862 58 6922 4 6924 47 6997 4 7136 32 8911 93
6924 5 108 39 6923 47 6925 8 6934 67 8874 74
6925 5 3538 91 6924 8 6926 20 8646 95 9716 44
6926 2 6925 20 6927 5
6927 5 374 82 5646 17 6926 5 6928 67 8502 26
6928 5 2093 70 2859 3 3394 30 6927 67 6929 3
6929 2 6928 3 6930 7
6930 4 4939 18 6340 57 6929 7 6931 72
6931 5 3247 45 3407 57 3834 86 6930 72 6932 98
6932 2 6931 98 6933 46
6933 5 5887 30 6730 6 6932 46 6934 91 7729 36
6934 6 5114 74 6924 67 6933 91 6935 95 7413 54 8264 53
6935 4 6417 98 6934 95 6936 1 8318 38
6936 4 3381 8 6935 1 6937 18 8623 36
6937 5 2560 92 2988 98 6936 18 6938 52 8497 9
6938 5 3558 7 6574 14 6937 52 6939 45 8525 75
6939 5 821 82 5376 91 5887 47 6938 45 6940 16
6940 5 6939 16 6941 48 7063 26 7860 39 8759 61
6941 2 6940 48 6942 18
6942 3 1650 82 6941 18 6943 38
6943 5 2530 7 3922 48 5082 17 6942 38 6944 46
6944 4 1219 38 3111 23 6943 46 6945 54
6945 3 6944 54 6946 48 8450 19
6946 2 6945 48 6947 75
6947 5 4342 24 6946 75 6948 4 8216 83 8670 100
6948 5 6513 85 6947 4 6949 1 7593 96 8559 9
6949 4 5817 90 6948 1 6950 62 9765 67
6950 2 6949 62 6951 12
6951 4 2433 10 2476 32 6950 12 6952 47
6952 3 3987 38 6951 47 6953 47
6953 3 2153 44 6952 47 6954 80
6954 5 1865 70 2025 81 3085 94 6953 80 6955 18
6955 4 4722 98 5477 17 6954 18 6956 43
6956 2 6955 43 6957 58
6957 4 6956 58 6958 87 8323 85 9625 86
6958 5 494 70 2117 46 4222 80 6957 87 6959 39
6959 6 2667 28 5819 59 6958 39 6960 29 7578 58 7971 39
6960 3 473 41 6959 29 6961 89
6961 5 1277 49 5513 54 6960 89 6962 50 8367 93
6962 5 6908 8 6961 50 6963 96 9125 70 9498 11
6963 3 6962 96 6964 98 9433 85
6964 4 786 31 2991 43 6963 98 6965 96
6965 4 4338 41 6964 96 6966 52 7541 13
6966 4 299 58 607 95 6965 52 6967 34
6967 6 821 61 1273 16 2380 18 5941 95 6966 34 6968 32
6968 5 2127 10 3565 94 6967 32 6969 41 9458 39
6969 3 6968 41 6970 67 8763 47
6970 5 291 62 5683 95 6969 67 6971 51 9647 6
6971 4 1751 92 6970 51 6972 8 8801 20
6972 3 6971 8 6973 39 9431 28
6973 4 6972 39 6974 87 7522 89 9560 17
6974 6 845 2 5163 91 6775 97 6973 87 6975 98 9195 75
6975 5 4836 72 6876 53 6974 98 6976 38 7339 46
6976 6 2965 13 3562 31 3566 86 5025 60 6975 38 6977 33
6977 4 3201 77 5235 8 6976 33 6978 82
6978 4 3773 64 3819 23 6977 82 6979 33
6979 8 1099 17 2150 99 5111 71 5669 75 6978 33 6980 59 7832 90 9813 98
6980 6 226 85 2855 54 6979 59 6981 83 8895 38 9271 29
6981 4 2919 32 3755 46 6980 83 6982 98
6982 2 6981 98 6983 18
6983 6 1964 18 4009 25 6684 71 6982 18 6984 52 7361 19
6984 4 6983 52 6985 53 9504 85 9991 81
6985 5 6984 53 6986 57 8113 26 9745 63 9889 66
6986 6 3222 64 4473 73 4694 69 6985 57 6987 65 7305 4
6987 4 3651 58 6637 13 6986 65 6988 79
6988 5 2514 3 3582 64 6987 79 6989 72 8705 96
6989 7 1315 84 2774 47 3478 51 5408 24 5839 10 6988 72 6990 15
6990 5 1910 25 3240 46 6989 15 6991 85 7156 56
6991 2 6990 85 6992 70
6992 2 6991 70 6993 28
6993 2 6992 28 6994 62
6994 3 1089 38 6993 62 6995 19
6995 2 6994 19 6996 89
6996 4 4374 28 5018 73 6995 89 6997 75
6997 4 4698 77 6923 4 6996 75 6998 30
6998 4 3421 41 6997 30 6999 36 7553 1
6999 3 6998 36 7000 27 8726 87
7000 2 6999 27 7001 16
7001 6 401 34 452 36 770 94 5324 20 7000 16 7002 16
7002 2 7001 16 7003 17
7003 3 834 28 7002 17 7004 9
7004 2 7003 9 7005 18
7005 5 2090 53 3085 91 3822 11 7004 18 7006 31
7006 3 7005 31 7007 28 8159 74
7007 2 7006 28 7008 56
7008 3 2766 38 7007 56 7009 20
7009 2 7008 20 7010 48
7010 4 713 60 865 95 7009 48 7011 7
7011 5 5982 63 6464 22 7010 7 7012 56 8652 28
7012 4 3102 48 7011 56 7013 59 9255 94
7013 5 3121 18 3258 77 4320 41 7012 59 7014 46
7014 6 975 49 1651 17 2525 14 7013 46 7015 61 8205 41
7015 4 2395 64 7014 61 7016 38 9997 43
7016 2 7015 38 7017 31
7017 5 6 95 4896 12 5668 21 7016 31 7018 41
7018 4 610 37 6264 91 7017 41 7019 35
7019 3 2040 75 7018 35 7020 33
7020 3 763 100 7019 33 7021 21
7021 2 7020 21 7022 53
7022 2 7021 53 7023 17
7023 5 2177 61 6735 54 7022 17 7024 84 7177 37
7024 5 6866 94 7023 84 7025 42 9398 77 9490 24
7025 2 7024 42 7026 44
7026 5 1282 30 1648 8 5529 15 7025 44 7027 78
7027 4 3272 39 5940 57 7026 78 7028 53
7028 2 7027 53 7029 23
7029 3 2145 74 7028 23 7030 53
7030 6 1672 84 7029 53 7031 82 7174 83 9447 62 9494 17
7031 5 4975 61 6532 74 7030 82 7032 33 8178 2
7032 6 637 4 5329 76 7031 33 7033 69 8710 57 9460 47
7033 4 3673 32 6275 34 7032 69 7034 96
7034 3 7033 96 7035 82 8571 5
7035 6 6791 41 6878 8 7034 82 7036 65 8590 68 8592 35
7036 4 5833 83 6141 12 7035 65 7037 61
7037 4 3749 49 7036 61 7038 72 7851 6
7038 3 3147 57 7037 72 7039 90
7039 3 4380 49 7038 90 7040 86
7040 3 7039 86 7041 90 9728 49
7041 3 4640 65 7040 90 7042 48
7042 3 4605 93 7041 48 7043 40
7043 3 7042 40 7044 74 9946 60
7044 4 4014 64 6444 93 7043 74 7045 55
7045 5 5091 48 7044 55 7046 66 8022 75 8350 35
7046 2 7045 66 7047 27
7047 3 7046 27 7048 32 8160 9
7048 7 852 38 4191 7 4497 57 5158 47 7047 32 7049 70 9402 96
7049 4 1463 69 4014 85 7048 70 7050 43
7050 5 4482 64 4963 1 7049 43 7051 62 9896 74
7051 2 7050 62 7052 10
7052 4 1568 96 5594 59 7051 10 7053 14
7053 5 2263 47 5938 86 7052 14 7054 67 9830 37
7054 3 2048 93 7053 67 7055 14
7055 7 130 66 4710 65 6599 48 7054 14 7056 95 7146 78 9705 81
7056 3 7055 95 7057 95 7666 11
7057 6 20 66 2504 61 3031 5 4411 24 7056 95 7058 32
7058 7 238 49 4538 21 7057 32 7059 67 7957 20 9407 44 9786 14
7059 7 3454 66 7058 67 7060 67 7467 81 7800 40 8047 25 8629 22
7060 2 7059 67 7061 66
7061 4 1686 25 4371 38 7060 66 7062 45
7062 4 55 56 5578 9 7061 45 7063 86
7063 3 6940 26 7062 86 7064 15
7064 4 7063 15 7065 93 9286 89 9369 87
7065 6 2417 42 3298 39 7064 93 7066 23 8249 42 9125 60
7066 2 7065 23 7067 27
7067 4 4358 44 7066 27 7068 10 7116 53
7068 3 5609 63 7067 10 7069 54
7069 5 1289 19 3262 32 7068 54 7070 23 7686 29
7070 3 4943 82 7069 23 7071 25
7071 6 762 32 3461 49 5600 13 7070 25 7072 87 7751 44
7072 7 1050 82 2546 54 2560 23 6211 33 7071 87 7073 71 7636 94
7073 4 1392 25 2786 84 7072 71 7074 69
7074 6 90 81 7073 69 7075 88 7778 73 8658 59 9183 73
7075 5 2170 45 7074 88 7076 60 7224 31 9758 89
7076 3 4825 31 7075 60 7077 100
7077 5 2170 86 3963 63 7076 100 7078 94 7156 2
7078 6 2874 10 3909 74 4034 41 7077 94 7079 100 8920 15
7079 4 5751 34 7078 100 7080 87 9326 24
7080 3 670 40 7079 87 7081 67
7081 4 5250 78 7080 67 7082 25 9491 53
7082 5 6724 5 7081 25 7083 2 9077 42 9565 26
7083 3 4471 79 7082 2 7084 3
7084 5 2073 46 4996 78 7083 3 7085 92 7144 15
7085 3 2641 44 7084 92 7086 99
7086 7 3055 35 5896 71 7085 99 7087 70 7241 44 7417 66 8046 72
7087 5 1855 21 6493 32 7086 70 7088 27 9639 14
7088 4 7087 27 7089 99 8878 45 9880 36
7089 3 7088 99 7090 72 8718 32
7090 6 1946 22 2928 91 3985 5 4206 40 7089 72 7091 41
7091 4 7090 41 7092 50 7766 82 9833 22
7092 3 7091 50 7093 46 9222 56
7093 3 268 79 7092 46 7094 82
7094 4 3600 95 6874 45 7093 82 7095 58
7095 6 914 6 2094 3 2198 40 4767 45 7094 58 7096 88
7096 4 1695 59 5359 11 7095 88 7097 13
7097 3 7096 13 7098 36 7198 83
7098 5 1102 8 1627 95 7097 36 7099 72 8550 4
7099 4 918 11 4503 24 7098 72 7100 83
7100 6 184 93 6571 67 7099 83 7101 5 7655 94 8003 8
7101 2 7100 5 7102 12
7102 4 4153 43 7101 12 7103 55 9310 70
7103 5 6640 39 7102 55 7104 76 7317 73 9293 2
7104 3 1608 78 7103 76 7105 91
7105 5 1699 14 2512 41 5410 15 7104 91 7106 33
7106 3 1720 10 7105 33 7107 22
7107 2 7106 22 7108 20
7108 3 1012 76 7107 20 7109 70
7109 3 2367 46 7108 70 7110 6
7110 2 7109 6 7111 39
7111 7 449 46 2064 77 3620 65 4543 61 7110 39 7112 100 9315 92
7112 3 5161 8 7111 100 7113 42
7113 6 2947 62 6344 60 7112 42 7114 29 9086 5 9834 51
7114 4 1497 94 1941 72 7113 29 7115 6
7115 3 690 89 7114 6 7116 77
7116 5 1921 83 7067 53 7115 77 7117 76 9193 75
7117 4 1133 67 3841 63 7116 76 7118 32
7118 5 2130 58 5080 75 5439 23 7117 32 7119 9
7119 4 2883 89 5153 77 7118 9 7120 59
7120 4 5412 9 6454 15 7119 59 7121 44
7121 3 3375 32 7120 44 7122 49
7122 5 7121 49 7123 66 7479 85 7880 35 9967 44
7123 3 7122 66 7124 58 8844 14
7124 3 5077 21 7123 58 7125 93
7125 4 7124 93 7126 83 7869 72 9467 42
7126 3 802 13 7125 83 7127 66
7127 2 7126 66 7128 66
7128 3 7127 66 7129 74 8992 73
7129 4 5600 54 6324 91 7128 74 7130 82
7130 7 4518 83 5316 17 6224 58 7129 82 7131 39 8218 90 9151 41
7131 6 116 63 3988 47 7130 39 7132 11 8631 14 9809 74
7132 4 2792 93 6450 27 7131 11 7133 97
7133 3 4528 74 7132 97 7134 77
7134 3 7133 77 7135 76 9508 40
7135 3 4008 25 7134 76 7136 89
7136 4 5243 46 6923 32 7135 89 7137 63
7137 8 1618 29 1788 41 2149 73 3368 9 7136 63 7138 55 7166 89 7890 51
7138 3 7137 55 7139 72 8586 13
7139 5 4104 74 5925 49 7138 72 7140 83 9513 68
7140 4 2030 18 5966 1 7139 83 7141 82
7141 3 2091 26 7140 82 7142 76
7142 5 1158 19 2952 69 7141 76 7143 17 9858 41
7143 5 6034 70 7142 17 7144 38 8660 18 8728 88
7144 4 2353 55 7084 15 7143 38 7145 34
7145 4 2824 48 7144 34 7146 40 8130 45
7146 6 3239 6 3868 39 7055 78 7145 40 7147 100 8954 94
7147 4 2852 64 6322 27 7146 100 7148 38
7148 3 7147 38 7149 27 7435 27
7149 5 406 10 6052 51 7148 27 7150 77 9140 95
7150 3 2576 8 7149 77 7151 21
7151 5 2966 88 7150 21 7152 29 9095 75 9270 50
7152 3 1064 88 7151 29 7153 92
7153 5 1068 95 2176 99 5857 35 7152 92 7154 73
7154 5 113 2 531 70 4133 44 7153 73 7155 60
7155 3 2978 16 7154 60 7156 36
7156 6 5100 21 6182 32 6990 56 7077 2 7155 36 7157 6
7157 4 7156 6 7158 40 8562 24 8588 15
7158 4 7157 40 7159 39 7295 92 9220 5
7159 4 857 28 4615 93 7158 39 7160 19
7160 7 3196 58 3796 39 6119 1 7159 19 7161 3 7271 39 9382 43
7161 4 2767 72 7160 3 7162 14 9949 41
7162 5 2623 63 7161 14 7163 22 7224 51 8385 74
7163 4 4998 80 7162 22 7164 29 9150 61
7164 3 7163 29 7165 46 8865 58
7165 3 2796 66 7164 46 7166 14
7166 5 4377 42 6629 40 7137 89 7165 14 7167 49
7167 6 366 85 988 30 3931 50 7166 49 7168 26 9617 92
7168 5 1237 94 4038 80 4095 60 7167 26 7169 47
7169 3 331 21 7168 47 7170 64
7170 3 7169 64 7171 27 9349 91
7171 3 4848 87 7170 27 7172 91
7172 6 2857 54 4334 24 7171 91 7173 95 7178 27 7187 75
7173 5 1394 34 5439 55 7172 95 7174 63 9946 56
7174 3 7030 83 7173 63 7175 8
7175 2 7174 8 7176 39
7176 4 5165 8 7175 39 7177 76 9830 53
7177 7 209 36 3704 50 4153 1 6591 26 7023 37 7176 76 7178 43
7178 5 3280 74 5204 41 7172 27 7177 43 7179 69
7179 5 739 45 1017 28 5101 83 7178 69 7180 53
7180 6 195 56 2404 64 3739 63 7179 53 7181 45 8941 59
7181 5 1264 49 1353 21 4591 95 7180 45 7182 38
7182 4 1861 61 7181 38 7183 93 7750 59
7183 2 7182 93 7184 34
7184 4 5411 83 7183 34 7185 30 8899 43
7185 5 1530 57 2646 46 7184 30 7186 11 9749 88
7186 3 1580 60 7185 11 7187 91
7187 5 2021 97 2805 81 7172 75 7186 91 7188 21
7188 4 1588 44 6833 34 7187 21 7189 68
7189 3 7188 68 7190 30 9227 10
7190 4 2715 6 7189 30 7191 32 7838 88
7191 7 3808 88 4182 93 5792 3 7190 32 7192 24 7870 100 9892 34
7192 5 4481 20 4513 37 5141 91 7191 24 7193 61
7193 2 7192 61 7194 13
7194 4 5508 67 7193 13 7195 49 7814 40
7195 4 5257 53 7194 49 7196 98 8254 31
7196 3 758 3 7195 98 7197 90
7197 2 7196 90 7198 15
7198 3 7097 83 7197 15 7199 16
7199 2 7198 16 7200 3
7200 4 619 18 4281 31 7199 3 7201 54
7201 7 1314 80 1891 2 5036 69 5919 26 6358 100 7200 54 7202 97
7202 4 6735 73 7201 97 7203 37 9856 74
7203 2 7202 37 7204 73
7204 2 7203 73 7205 51
7205 7 2401 22 5840 37 6746 77 6867 57 7204 51 7206 65 7969 56
7206 7 93 76 1243 47 6071 6 6776 17 7205 65 7207 92 9641 96
7207 4 6849 67 7206 92 7208 49 9589 63
7208 5 5592 73 7207 49 7209 99 7544 82 8566 90
7209 3 7208 99 7210 44 9873 95
7210 4 3789 43 7209 44 7211 28 7496 8
7211 2 7210 28 7212 67
7212 6 4935 49 7211 67 7213 81 7398 88 7455 39 9735 23
7213 6 793 65 2694 54 3751 37 7212 81 7214 22 8427 19
7214 3 7213 22 7215 54 9720 10
7215 5 1631 90 2471 60 7214 54 7216 32 7594 30
7216 3 7215 32 7217 63 8503 8
7217 5 1326 54 7216 63 7218 88 8707 26 9411 22
7218 2 7217 88 7219 52
7219 3 3249 47 7218 52 7220 32
7220 6 502 84 2675 70 5544 70 7219 32 7221 62 8429 45
7221 3 2166 3 7220 62 7222 37
7222 3 7221 37 7223 62 8694 51
7223 3 5891 98 7222 62 7224 55
7224 6 1131 91 3015 52 7075 31 7162 51 7223 55 7225 79
7225 4 5722 39 5728 19 7224 79 7226 7
7226 2 7225 7 7227 11
7227 2 7226 11 7228 38
7228 3 5069 54 7227 38 7229 75
7229 4 1842 58 3883 90 7228 75 7230 3
7230 4 4660 60 6582 62 7229 3 7231 98
7231 4 5476 23 6028 46 7230 98 7232 85
7232 3 7231 85 7233 27 8722 4
7233 6 1336 66 5392 34 5683 52 7232 27 7234 56 7784 44
7234 3 788 75 7233 56 7235 99
7235 5 2572 75 5965 37 7234 99 7236 74 9188 95
7236 7 923 19 3985 97 4625 5 7235 74 7237 27 8811 8 9450 59
7237 3 3038 69 7236 27 7238 31
7238 4 486 61 3788 2 7237 31 7239 27
7239 5 426 91 550 96 5780 17 7238 27 7240 88
7240 3 5131 79 7239 88 7241 36
7241 6 66 34 5003 58 7086 44 7240 36 7242 98 9994 17
7242 3 3646 57 7241 98 7243 94
7243 3 7242 94 7244 96 9699 40
7244 6 2433 35 4557 83 4641 22 5399 83 7243 96 7245 83
7245 3 6230 50 7244 83 7246 85
7246 5 1026 48 5041 7 6212 79 7245 85 7247 10
7247 4 927 83 1694 15 7246 10 7248 76
7248 6 1748 33 1953 54 2778 53 4018 1 7247 76 7249 81
7249 6 1557 4 1591 31 2435 17 3284 33 7248 81 7250 67
7250 5 919 52 2928 2 6483 96 7249 67 7251 41
7251 4 1183 50 6602 79 7250 41 7252 4
7252 5 1944 61 3365 44 6378 67 7251 4 7253 93
7253 3 1512 13 7252 93 7254 23
7254 5 5913 16 7253 23 7255 45 8363 58 9857 60
7255 6 1440 94 2806 73 7254 45 7256 70 8097 53 8486 61
7256 6 3627 78 4774 35 5857 34 7255 70 7257 54 9332 27
7257 5 1957 31 2069 44 7256 54 7258 83 9117 1
7258 3 1553 8 7257 83 7259 17
7259 3 1159 13 7258 17 7260 15
7260 3 7259 15 7261 95 8723 6
7261 2 7260 95 7262 87
7262 3 2100 22 7261 87 7263 63
7263 4 3855 32 6850 44 7262 63 7264 74
7264 4 5576 97 7263 74 7265 48 7836 100
7265 5 4625 88 6079 47 7264 48 7266 90 7743 13
7266 4 3639 27 7265 90 7267 98 8693 76
7267 2 7266 98 7268 41
7268 2 7267 41 7269 52
7269 4 6283 77 6799 3 7268 52 7270 83
7270 2 7269 83 7271 75
7271 7 2946 22 4919 56 6014 85 6683 78 7160 39 7270 75 7272 63
7272 5 22 96 7271 63 7273 78 7422 4 8987 60
7273 5 591 66 1434 51 5999 10 7272 78 7274 39
7274 4 2242 54 7273 39 7275 51 8411 95
7275 2 7274 51 7276 13
7276 7 1772 30 2790 64 3034 55 3523 89 4503 39 7275 13 7277 26
7277 4 382 69 2827 83 7276 26 7278 38
7278 3 7277 38 7279 45 9862 66
7279 6 1651 68 6176 91 6320 6 7278 45 7280 98 8827 74
7280 3 7279 98 7281 53 9014 25
7281 2 7280 53 7282 44
7282 5 2809 4 3817 91 5031 65 7281 44 7283 75
7283 6 369 25 2634 36 3507 11 7282 75 7284 10 9480 56
7284 4 5790 41 6625 77 7283 10 7285 85
7285 3 2774 42 7284 85 7286 74
7286 5 1842 47 4168 42 6226 30 7285 74 7287 54
7287 3 7286 54 7288 9 9969 3
7288 3 7287 9 7289 85 7990 77
7289 2 7288 85 7290 45
7290 4 6686 74 7289 45 7291 93 9519 97
7291 4 2935 75 3035 35 7290 93 7292 47
7292 5 3299 10 7291 47 7293 98 7808 77 8983 100
7293 3 3318 74 7292 98 7294 72
7294 3 6919 79 7293 72 7295 44
7295 5 2216 45 7158 92 7294 44 7296 23 8415 81
7296 8 795 10 1632 74 1870 18 2060 42 2233 96 6906 50 7295 23 7297 53
7297 3 251 84 7296 53 7298 3
7298 4 2164 95 7297 3 7299 81 7451 11
7299 5 144 89 4259 61 7298 81 7300 57 9372 88
7300 2 7299 57 7301 81
7301 2 7300 81 7302 95
7302 3 5654 45 7301 95 7303 42
7303 4 4558 10 4606 7 7302 42 7304 45
7304 3 3330 35 7303 45 7305 92
7305 4 6986 4 7304 92 7306 99 9812 73
7306 5 4357 9 5999 84 7305 99 7307 87 7378 94
7307 4 994 66 3781 41 7306 87 7308 40
7308 3 1728 3 7307 40 7309 18
7309 4 1055 13 7308 18 7310 13 9913 72
7310 3 5421 57 7309 13 7311 41
7311 2 7310 41 7312 9
7312 8 1003 57 1318 83 3960 6 6133 42 7311 9 7313 72 7993 77 9204 61
7313 6 968 52 1560 88 2377 93 7312 72 7314 78 8099 87
7314 4 4316 74 6221 87 7313 78 7315 1
7315 5 3024 92 4875 35 5854 33 7314 1 7316 88
7316 5 2211 19 2505 51 3227 11 7315 88 7317 26
7317 4 6547 39 7103 73 7316 26 7318 36
7318 5 2888 63 5411 2 7317 36 7319 75 9302 73
7319 2 7318 75 7320 84
7320 3 7319 84 7321 81 7529 2
7321 6 5014 89 5115 41 7320 81 7322 95 7883 71 8997 58
7322 4 347 56 3173 73 7321 95 7323 28
7323 3 1260 55 7322 28 7324 23
7324 3 7323 23 7325 54 8941 70
7325 4 826 84 7324 54 7326 4 8954 93
7326 3 4061 28 7325 4 7327 36
7327 2 7326 36 7328 93
7328 3 5602 98 7327 93 7329 13
7329 4 5709 98 5880 21 7328 13 7330 50
7330 3 28 39 7329 50 7331 20
7331 2 7330 20 7332 3
7332 2 7331 3 7333 97
7333 3 115 95 7332 97 7334 66
7334 6 408 15 955 6 1935 25 3493 8 7333 66 7335 47
7335 4 3762 96 5954 13 7334 47 7336 23
7336 3 683 73 7335 23 7337 99
7337 5 610 45 3532 50 7336 99 7338 48 7645 64
7338 7 2136 80 3366 32 3799 75 5607 33 6388 8 7337 48 7339 51
7339 5 4574 44 6588 29 6975 46 7338 51 7340 36
7340 3 601 68 7339 36 7341 28
7341 4 6000 38 6395 5 7340 28 7342 60
7342 8 2446 46 2676 69 2731 88 4928 94 6869 99 7341 60 7343 22 9093 28
7343 3 1139 59 7342 22 7344 4
7344 5 2920 26 6231 84 7343 4 7345 100 9898 75
7345 5 3150 91 5913 57 7344 100 7346 13 7725 59
7346 2 7345 13 7347 18
7347 3 4294 49 7346 18 7348 5
7348 5 1904 1 6121 88 7347 5 7349 97 7884 83
7349 3 1588 98 7348 97 7350 71
7350 4 2155 54 3224 39 7349 71 7351 57
7351 3 2000 85 7350 57 7352 48
7352 2 7351 48 7353 21
7353 3 6061 60 7352 21 7354 79
7354 3 4086 28 7353 79 7355 85
7355 6 5306 78 6133 49 7354 85 7356 71 9473 7 9529 20
7356 3 587 47 7355 71 7357 89
7357 3 308 33 7356 89 7358 39
7358 4 2235 28 4982 10 7357 39 7359 1
7359 7 849 23 2830 80 4039 26 7358 1 7360 65 7818 2 9718 72
7360 4 974 86 1939 73 7359 65 7361 32
7361 4 3803 23 6983 19 7360 32 7362 95
7362 5 2606 54 3977 46 6128 86 7361 95 7363 60
7363 3 1487 99 7362 60 7364 32
7364 3 5250 53 7363 32 7365 12
7365 3 4482 26 7364 12 7366 4
7366 4 2471 23 2579 13 7365 4 7367 53
7367 2 7366 53 7368 2
7368 5 3120 83 3260 41 5761 78 7367 2 7369 14
7369 4 1765 2 2418 26 7368 14 7370 12
7370 3 586 9 7369 12 7371 97
7371 2 7370 97 7372 6
7372 4 6620 85 7371 6 7373 40 7778 33
7373 4 1800 49 7372 40 7374 8 8563 30
7374 4 2442 72 4451 46 7373 8 7375 91
7375 4 2399 76 2566 98 7374 91 7376 15
7376 7 476 69 1349 50 2786 19 3523 86 6214 8 7375 15 7377 51
7377 2 7376 51 7378 64
7378 3 7306 94 7377 64 7379 76
7379 4 55 39 7378 76 7380 95 8033 52
7380 5 450 60 1414 73 5957 48 7379 95 7381 93
7381 6 3657 71 4240 21 5320 58 6917 88 7380 93 7382 62
7382 6 2181 8 4627 9 7381 62 7383 50 7949 55 9790 23
7383 2 7382 50 7384 36
7384 3 7383 36 7385 71 7447 51
7385 4 1462 30 3105 25 7384 71 7386 68
7386 5 142 84 3450 31 6773 30 7385 68 7387 61
7387 4 1859 27 6760 94 7386 61 7388 12
7388 4 752 22 6340 62 7387 12 7389 54
7389 3 6125 6 7388 54 7390 52
7390 2 7389 52 7391 12
7391 5 4658 9 4895 81 7390 12 7392 84 9220 70
7392 4 4028 85 5711 92 7391 84 7393 80
7393 3 2064 5 7392 80 7394 73
7394 2 7393 73 7395 51
7395 6 316 69 693 70 4628 6 7394 51 7396 91 8554 5
7396 3 5618 91 7395 91 7397 12
7397 4 4851 78 5140 91 7396 12 7398 61
7398 5 4086 84 4872 83 7212 88 7397 61 7399 48
7399 4 2095 97 3192 3 7398 48 7400 31
7400 5 4348 53 4675 80 7399 31 7401 96 9391 86
7401 2 7400 96 7402 72
7402 4 7401 72 7403 51 9594 76 9635 20
7403 2 7402 51 7404 36
7404 6 2678 12 3677 64 7403 36 7405 24 8016 18 8942 42
7405 3 485 73 7404 24 7406 83
7406 4 7405 83 7407 99 7417 74 8096 5
7407 5 919 12 1103 21 2139 30 7406 99 7408 1
7408 4 439 57 1595 18 7407 1 7409 84
7409 3 368 13 7408 84 7410 86
7410 3 4519 62 7409 86 7411 78
7411 2 7410 78 7412 93
7412 3 4172 87 7411 93 7413 85
7413 4 6934 54 7412 85 7414 51 8272 56
7414 3 7413 51 7415 25 7580 56
7415 3 1714 17 7414 25 7416 51
7416 4 1668 5 7415 51 7417 48 7905 42
7417 5 1452 18 7086 66 7406 74 7416 48 7418 94
7418 2 7417 94 7419 19
7419 2 7418 19 7420 40
7420 3 2172 79 7419 40 7421 25
7421 3 7420 25 7422 45 9513 2
7422 5 808 22 3630 96 7272 4 7421 45 7423 87
7423 4 7422 87 7424 72 7499 76 9533 47
7424 5 2276 42 4282 24 7423 72 7425 87 7956 46
7425 5 2008 9 4474 21 7424 87 7426 54 9215 100
7426 4 4306 72 4345 26 7425 54 7427 37
7427 2 7426 37 7428 66
7428 5 1325 79 3663 25 6876 65 7427 66 7429 68
7429 3 7428 68 7430 94 8783 89
7430 4 394 42 5415 70 7429 94 7431 37
7431 5 1046 85 3063 85 6485 73 7430 37 7432 28
7432 3 879 98 7431 28 7433 93
7433 2 7432 93 7434 43
7434 3 4032 24 7433 43 7435 67
7435 5 807 55 4292 85 7148 27 7434 67 7436 28
7436 3 5591 62 7435 28 7437 62
7437 5 1555 13 4285 27 4402 64 7436 62 7438 61
7438 3 7437 61 7439 86 9337 62
7439 2 7438 86 7440 63
7440 3 3985 18 7439 63 7441 31
7441 6 5945 42 7440 31 7442 66 9143 38 9599 18 9643 36
7442 2 7441 66 7443 63
7443 2 7442 63 7444 95
7444 6 3621 57 5212 64 6083 80 7443 95 7445 39 8780 80
7445 4 2187 91 2556 49 7444 39 7446 36
7446 4 131 36 7445 36 7447 86 8864 45
7447 4 7384 51 7446 86 7448 50 8897 95
7448 5 2257 81 7447 50 7449 50 8159 54 9933 2
7449 5 1987 67 2658 40 6156 96 7448 50 7450 62
7450 5 2030 41 2062 20 2803 100 7449 62 7451 7
7451 6 4551 99 5578 65 7298 11 7450 7 7452 34 8928 7
7452 3 4485 13 7451 34 7453 15
7453 3 797 91 7452 15 7454 77
7454 5 205 33 1149 10 2334 7 7453 77 7455 73
7455 5 1836 55 3274 24 7212 39 7454 73 7456 4
7456 4 853 57 2690 34 7455 4 7457 100
7457 3 7456 100 7458 74 9779 84
7458 5 971 67 5804 89 7457 74 7459 35 9055 41
7459 3 7458 35 7460 76 8804 52
7460 2 7459 76 7461 22
7461 2 7460 22 7462 97
7462 6 1815 100 3038 51 4825 100 7461 97 7463 11 8880 33
7463 4 4632 26 6253 73 7462 11 7464 81
7464 2 7463 81 7465 20
7465 2 7464 20 7466 40
7466 4 491 5 5178 31 7465 40 7467 20
7467 4 4666 70 7059 81 7466 20 7468 48
7468 4 5152 93 7467 48 7469 56 8702 52
7469 4 1132 5 3114 75 7468 56 7470 74
7470 3 211 80 7469 74 7471 93
7471 6 1129 29 4678 5 7470 93 7472 25 7597 88 8525 37
7472 4 73 61 1465 42 7471 25 7473 14
7473 6 4028 92 6818 98 7472 14 7474 43 8028 81 9775 20
7474 8 1825 77 4075 7 5035 84 5924 29 7473 43 7475 18 7628 44 8758 85
7475 3 3588 10 7474 18 7476 79
7476 5 253 85 5791 63 7475 79 7477 81 8934 28
7477 3 4730 50 7476 81 7478 36
7478 4 1738 80 7477 36 7479 12 8209 40
7479 7 20 63 1358 5 3062 95 6770 46 7122 85 7478 12 7480 87
7480 4 744 78 7479 87 7481 6 8453 5
7481 5 41 48 4197 23 7480 6 7482 39 7659 36
7482 5 1580 25 4818 71 7481 39 7483 2 8831 76
7483 4 1574 4 7482 2 7484 34 9548 42
7484 3 5231 22 7483 34 7485 48
7485 4 2132 40 4580 4 7484 48 7486 23
7486 3 175 85 7485 23 7487 64
7487 3 5071 73 7486 64 7488 30
7488 4 1316 96 5274 7 7487 30 7489 61
7489 2 7488 61 7490 85
7490 5 969 35 5009 88 7489 85 7491 24 9476 9
7491 3 459 38 7490 24 7492 89
7492 4 6802 25 7491 89 7493 63 9825 3
7493 3 6164 48 7492 63 7494 16
7494 4 3776 1 6677 19 7493 16 7495 3
7495 4 1 12 740 62 7494 3 7496 1
7496 3 7210 8 7495 1 7497 65
7497 4 175 80 1202 81 7496 65 7498 26
7498 5 1733 91 3509 76 7497 26 7499 79 9029 98
7499 7 62 44 604 88 1590 8 6229 45 7423 76 7498 79 7500 43
7500 5 293 66 1648 67 7499 43 7501 61 9960 60
7501 7 21 28 1825 66 4315 41 5795 85 7500 61 7502 66 9288 64
7502 4 2374 38 7501 66 7503 11 7993 13
7503 3 7502 11 7504 63 8402 61
7504 4 737 48 4984 20 7503 63 7505 97
7505 5 986 8 2163 48 7504 97 7506 71 8425 4
7506 5 0 68 4466 43 6215 47 7505 71 7507 62
7507 6 401 12 2161 48 3208 37 7506 62 7508 24 8317 79
7508 3 2158 46 7507 24 7509 64
7509 3 2506 97 7508 64 7510 59
7510 5 1865 28 2148 20 6455 7 7509 59 7511 6
7511 2 7510 6 7512 36
7512 5 7511 36 7513 19 8998 75 9078 39 9963 42
7513 3 7512 19 7514 49 9486 86
7514 4 3525 63 4997 56 7513 49 7515 5
7515 2 7514 5 7516 37
7516 3 3317 16 7515 37 7517 69
7517 4 3970 49 7516 69 7518 15 8432 3
7518 4 259 46 1983 9 7517 15 7519 44
7519 7 86 74 1664 10 5478 43 6158 27 7518 44 7520 33 8543 51
7520 6 6502 90 6556 8 6876 44 7519 33 7521 60 7841 10
7521 4 3776 3 4957 8 7520 60 7522 98
7522 3 6973 89 7521 98 7523 29
7523 4 1596 70 2032 19 7522 29 7524 63
7524 4 3448 42 6383 26 7523 63 7525 59
7525 4 3536 29 7524 59 7526 81 7987 80
7526 6 115 24 281 89 4773 82 6482 3 7525 81 7527 34
7527 2 7526 34 7528 13
7528 4 7527 13 7529 62 8202 57 8341 53
7529 7 312 72 3014 66 4737 66 5989 53 7320 2 7528 62 7530 97
7530 4 6675 63 7529 97 7531 27 9023 62
7531 4 4329 90 6122 71 7530 27 7532 48
7532 4 59 10 7531 48 7533 93 9968 34
7533 2 7532 93 7534 39
7534 4 3040 15 7533 39 7535 64 9002 76
7535 3 7534 64 7536 39 9017 64
7536 5 2937 39 6292 83 7535 39 7537 21 9895 77
7537 5 623 74 4690 9 7536 21 7538 47 9777 79
7538 5 300 13 7537 47 7539 3 8775 43 9684 93
7539 4 5227 87 7538 3 7540 36 8467 34
7540 5 1117 76 3865 4 7539 36 7541 24 8745 52
7541 5 2581 92 6965 13 7540 24 7542 86 8132 17
7542 2 7541 86 7543 85
7543 4 4117 55 5740 77 7542 85 7544 87
7544 5 4486 23 4757 45 7208 82 7543 87 7545 40
7545 3 3658 41 7544 40 7546 79
7546 4 4782 12 5944 57 7545 79 7547 58
7547 4 414 20 1395 7 7546 58 7548 3
7548 2 7547 3 7549 14
7549 2 7548 14 7550 33
7550 6 292 53 1350 72 4284 82 7549 33 7551 50 9218 67
7551 3 3336 86 7550 50 7552 11
7552 2 7551 11 7553 56
7553 4 6466 78 6998 1 7552 56 7554 83
7554 4 6712 19 7553 83 7555 66 9000 55
7555 4 4280 44 7554 66 7556 55 7977 47
7556 4 5680 61 7555 55 7557 34 9149 55
7557 2 7556 34 7558 13
7558 6 2184 89 3506 40 7557 13 7559 27 7970 63 9134 49
7559 4 4697 20 7558 27 7560 28 9863 53
7560 3 1393 44 7559 28 7561 97
7561 4 5467 20 5563 92 7560 97 7562 79
7562 4 5182 70 6113 98 7561 79 7563 41
7563 2 7562 41 7564 21
7564 5 2624 38 7563 21 7565 6 9147 57 9970 11
7565 5 2846 29 3870 34 4392 35 7564 6 7566 42
7566 4 744 49 2472 19 7565 42 7567 15
7567 3 715 20 7566 15 7568 54
7568 4 857 25 4220 79 7567 54 7569 41
7569 3 7568 41 7570 65 8886 75
7570 4 6764 43 7569 65 7571 12 8449 55
7571 3 7570 12 7572 51 9216 40
7572 5 2903 16 6414 81 7571 51 7573 85 9370 24
7573 5 47 50 2270 55 5714 84 7572 85 7574 13
7574 8 1559 79 4275 29 4619 46 5669 26 7573 13 7575 69 7696 55 8395 41
7575 4 545 67 4535 73 7574 69 7576 17
7576 6 169 35 2906 75 6898 80 7575 17 7577 7 9189 37
7577 5 1189 8 4392 41 7576 7 7578 60 9838 50
7578 7 3043 80 6475 55 6959 58 7577 60 7579 49 8085 89 8107 31
7579 4 3155 59 7578 49 7580 91 9108 40
7580 4 4519 92 7414 56 7579 91 7581 14
7581 4 3560 47 7580 14 7582 15 7817 82
7582 5 1795 99 2963 64 7581 15 7583 100 9033 48
7583 6 284 67 6629 90 7582 100 7584 6 7782 45 8172 71
7584 3 1387 13 7583 6 7585 64
7585 4 3746 94 7584 64 7586 93 8859 18
7586 3 5139 90 7585 93 7587 66
7587 4 2816 29 2972 16 7586 66 7588 24
7588 4 815 95 6404 80 7587 24 7589 80
7589 5 3826 22 7588 80 7590 27 9172 72 9981 17
7590 5 4609 83 7589 27 7591 67 8459 70 9279 11
7591 5 560 38 1045 77 7590 67 7592 62 9757 48
7592 4 7591 62 7593 4 8023 94 9509 44
7593 6 2880 83 3439 4 6948 96 7592 4 7594 5 8307 10
7594 6 1591 42 5622 1 6272 84 7215 30 7593 5 7595 5
7595 3 5484 78 7594 5 7596 20
7596 6 161 92 3265 72 5774 95 7595 20 7597 44 8537 87
7597 4 7471 88 7596 44 7598 42 7613 15
7598 6 532 61 4784 9 7597 42 7599 51 8934 61 9834 46
7599 5 1773 14 3156 77 7598 51 7600 2 8323 26
7600 2 7599 2 7601 7
7601 4 1105 73 6232 97 7600 7 7602 73
7602 4 5157 23 6028 39 7601 73 7603 14
7603 5 1077 83 5193 78 7602 14 7604 24 9300 73
7604 4 2166 91 7603 24 7605 92 8871 92
7605 3 6236 37 7604 92 7606 99
7606 7 562 4 1782 10 2708 73 7605 99 7607 56 7693 33 8664 62
7607 6 363 62 521 96 4673 52 5871 72 7606 56 7608 13
7608 4 2730 25 7607 13 7609 64 8672 97
7609 4 877 35 3622 35 7608 64 7610 65
7610 3 7609 65 7611 78 8428 50
7611 2 7610 78 7612 16
7612 3 7611 16 7613 49 9854 2
7613 7 3081 55 3481 60 4896 25 6623 76 7597 15 7612 49 7614 42
7614 6 3065 5 4079 14 7613 42 7615 51 7680 52 7789 89
7615 3 5280 34 7614 51 7616 53
7616 4 3933 49 6901 58 7615 53 7617 96
7617 3 5693 38 7616 96 7618 14
7618 4 7617 14 7619 85 8377 74 9986 9
7619 3 6548 43 7618 85 7620 31
7620 4 4291 9 7619 31 7621 15 9744 71
7621 5 3489 59 6173 37 6698 54 7620 15 7622 54
7622 3 3463 84 7621 54 7623 88
7623 4 6401 10 7622 88 7624 62 8101 20
7624 3 7623 62 7625 49 8882 36
7625 3 4747 82 7624 49 7626 73
7626 4 1714 73 7625 73 7627 13 8471 81
7627 3 5407 7 7626 13 7628 65
7628 4 6087 74 7474 44 7627 65 7629 80
7629 2 7628 80 7630 63
7630 4 2118 88 4675 67 7629 63 7631 55
7631 7 3260 83 4147 75 4336 3 4584 15 7630 55 7632 69 8927 41
7632 2 7631 69 7633 62
7633 3 7632 62 7634 84 8632 80
7634 5 3119 9 7633 84 7635 37 7639 22 8301 93
7635 4 2336 30 5796 5 7634 37 7636 4
7636 3 7072 94 7635 4 7637 31
7637 3 7636 31 7638 78 7988 86
7638 4 5092 25 7637 78 7639 45 7911 35
7639 10 1802 11 3185 44 4147 59 6790 24 7634 22 7638 45 7640 65 9422 53 9658 9 9782 58
7640 6 7639 65 7641 6 7650 36 8670 28 8935 24 8963 77
7641 7 714 89 1554 89 4943 47 5602 59 6424 47 7640 6 7642 38
7642 4 2045 20 4555 59 7641 38 7643 22
7643 5 998 64 2083 8 7642 22 7644 23 7743 94
7644 2 7643 23 7645 45
7645 8 1150 18 1705 39 5726 16 7337 64 7644 45 7646 21 8312 54 8562 16
7646 5 967 22 4326 69 5944 31 7645 21 7647 27
7647 2 7646 27 7648 3
7648 3 2184 96 7647 3 7649 81
7649 5 1008 21 5688 40 7648 81 7650 69 8795 46
7650 3 7640 36 7649 69 7651 73
7651 5 933 4 7650 73 7652 31 7793 14 9805 23
7652 7 626 97 663 62 2191 13 4592 14 6212 73 7651 31 7653 75
7653 4 4506 14 7652 75 7654 71 8003 21
7654 4 7653 71 7655 90 8576 43 9334 81
7655 6 1601 27 2906 35 5722 45 7100 94 7654 90 7656 91
7656 4 2166 15 6011 29 7655 91 7657 58
7657 2 7656 58 7658 57
7658 3 1247 94 7657 57 7659 66
7659 4 2472 93 7481 36 7658 66 7660 82
7660 3 7659 82 7661 12 9976 6
7661 5 1006 5 3467 91 5398 8 7660 12 7662 59
7662 5 986 29 4072 10 4961 19 7661 59 7663 52
7663 3 7662 52 7664 50 8994 46
7664 3 5958 91 7663 50 7665 22
7665 2 7664 22 7666 66
7666 6 1386 72 3334 20 6028 70 7056 11 7665 66 7667 80
7667 3 5015 46 7666 80 7668 39
7668 4 4340 61 4729 39 7667 39 7669 67
7669 4 3380 70 7668 67 7670 45 9669 11
7670 7 6 58 202 54 5984 35 6713 38 7669 45 7671 80 9746 23
7671 4 77 61 2704 90 7670 80 7672 75
7672 3 6197 63 7671 75 7673 56
7673 4 428 17 7672 56 7674 83 8467 34
7674 3 6264 92 7673 83 7675 89
7675 5 1348 98 2095 40 3563 38 7674 89 7676 35
7676 3 7675 35 7677 70 8165 5
7677 3 3639 56 7676 70 7678 62
7678 5 1739 23 2824 62 5320 98 7677 62 7679 54
7679 7 1348 99 2659 54 6581 71 7678 54 7680 26 9686 12 9880 88
7680 8 589 55 864 16 6492 92 7614 52 7679 26 7681 100 7869 9 8958 30
7681 3 4349 86 7680 100 7682 73
7682 2 7681 73 7683 44
7683 5 389 29 3729 48 6839 51 7682 44 7684 86
7684 3 3536 7 7683 86 7685 73
7685 3 6388 57 7684 73 7686 48
7686 4 7069 29 7685 48 7687 40 9026 29
7687 3 6880 33 7686 40 7688 96
7688 4 4511 61 7687 96 7689 100 9835 55
7689 3 3329 85 7688 100 7690 87
7690 3 5345 47 7689 87 7691 57
7691 4 1503 61 4398 52 7690 57 7692 67
7692 3 2980 51 7691 67 7693 68
7693 5 5655 25 5954 99 7606 33 7692 68 7694 54
7694 2 7693 54 7695 50
7695 3 3247 34 7694 50 7696 63
7696 5 3656 75 4546 72 7574 55 7695 63 7697 52
7697 3 7696 52 7698 57 9628 42
7698 4 4405 63 5572 84 7697 57 7699 33
7699 4 6196 58 7698 33 7700 58 9604 67
7700 4 4624 66 7699 58 7701 24 8689 61
7701 4 4392 34 7700 24 7702 94 8495 96
7702 6 414 19 3410 30 4653 29 6573 21 7701 94 7703 35
7703 3 4340 27 7702 35 7704 84
7704 4 1543 50 5800 41 7703 84 7705 86
7705 2 7704 86 7706 89
7706 3 1033 16 7705 89 7707 50
7707 4 2289 7 7706 50 7708 34 9014 48
7708 2 7707 34 7709 77
7709 3 5235 33 7708 77 7710 10
7710 4 2968 36 4509 100 7709 10 7711 70
7711 6 796 15 2100 62 2334 27 7710 70 7712 15 9412 5
7712 4 3763 4 7711 15 7713 22 8877 22
7713 4 4746 94 7712 22 7714 57 8931 44
7714 3 1666 21 7713 57 7715 38
7715 2 7714 38 7716 99
7716 4 1992 13 2094 27 7715 99 7717 39
7717 4 4865 4 5046 98 7716 39 7718 19
7718 3 2547 24 7717 19 7719 20
7719 3 7718 20 7720 44 9801 80
7720 5 997 100 7719 44 7721 37 7851 57 9037 88
7721 3 5674 3 7720 37 7722 46
7722 5 1913 17 2475 78 7721 46 7723 1 9916 20
7723 3 2846 65 7722 1 7724 17
7724 2 7723 17 7725 67
7725 7 28 76 723 90 5263 80 6038 79 7345 59 7724 67 7726 74
7726 3 4446 47 7725 74 7727 19
7727 4 1691 76 2849 61 7726 19 7728 57
7728 4 1319 24 4897 44 7727 57 7729 28
7729 8 637 7 1057 18 1193 65 1687 68 6869 42 6933 36 7728 28 7730 27
7730 6 132 20 4882 7 5699 25 7729 27 7731 14 7753 28
7731 6 1633 8 3340 30 3544 65 7730 14 7732 19 9614 20
7732 3 5861 9 7731 19 7733 26
7733 4 1135 17 6711 24 7732 26 7734 50
7734 2 7733 50 7735 15
7735 2 7734 15 7736 43
7736 6 715 33 4225 57 7735 43 7737 42 9389 64 9950 80
7737 3 7736 42 7738 69 9454 36
7738 5 2165 46 7737 69 7739 6 7782 59 9847 8
7739 2 7738 6 7740 9
7740 4 1447 71 7739 9 7741 9 9811 81
7741 3 4267 12 7740 9 7742 3
7742 3 3349 93 7741 3 7743 5
7743 5 1025 52 7265 13 7643 94 7742 5 7744 5
7744 5 1406 79 1542 46 7743 5 7745 98 9917 59
7745 3 2164 26 7744 98 7746 27
7746 4 2081 25 7745 27 7747 95 8554 3
7747 3 950 36 7746 95 7748 93
7748 3 2859 31 7747 93 7749 16
7749 2 7748 16 7750 17
7750 5 3823 78 7182 59 7749 17 7751 64 8872 6
7751 5 4864 64 5234 51 7071 44 7750 64 7752 100
7752 4 2154 39 3567 91 7751 100 7753 2
7753 3 7730 28 7752 2 7754 9
7754 4 5400 5 7753 9 7755 47 9909 46
7755 2 7754 47 7756 66
7756 4 6161 70 7755 66 7757 72 9596 41
7757 5 3845 3 5838 28 7756 72 7758 15 9204 47
7758 2 7757 15 7759 88
7759 4 4333 7 7758 88 7760 20 8326 32
7760 2 7759 20 7761 69
7761 3 7760 69 7762 79 7788 95
7762 5 1780 19 6210 31 7761 79 7763 3 8629 78
7763 2 7762 3 7764 62
7764 8 2843 82 6540 94 6879 90 7763 62 7765 51 7898 1 8129 14 9971 79
7765 5 4445 32 6231 48 7764 51 7766 78 8591 19
7766 3 7091 82 7765 78 7767 19
7767 5 222 32 1219 60 5758 83 7766 19 7768 10
7768 5 400 16 1899 31 2285 97 7767 10 7769 53
7769 9 53 28 3128 78 3168 53 5050 8 6283 94 6324 99 7768 53 7770 99 9075 44
7770 4 3937 3 7769 99 7771 86 9897 72
7771 3 2205 31 7770 86 7772 62
7772 8 869 54 3265 8 3433 16 3448 87 6574 38 7771 62 7773 21 9414 63
7773 4 7772 21 7774 63 8666 55 9400 69
7774 5 2337 80 3555 56 5553 85 7773 63 7775 85
7775 6 354 75 3195 51 7774 85 7776 66 8440 56 9512 19
7776 4 381 15 506 21 7775 66 7777 40
7777 5 630 63 2487 49 5172 46 7776 40 7778 71
7778 6 5971 96 7074 73 7372 33 7777 71 7779 97 9984 50
7779 4 881 68 7778 97 7780 37 9695 89
7780 5 3494 33 6337 72 7779 37 7781 60 8109 57
7781 4 7780 60 7782 46 8769 80 9349 18
7782 4 7583 45 7738 59 7781 46 7783 91
7783 4 1593 3 2817 25 7782 91 7784 87
7784 5 213 34 5982 60 7233 44 7783 87 7785 16
7785 3 530 9 7784 16 7786 100
7786 4 6651 79 7785 100 7787 43 8926 31
7787 4 6481 3 7786 43 7788 20 8327 27
7788 4 5228 39 7761 95 7787 20 7789 4
7789 7 345 48 942 99 1296 71 7614 89 7788 4 7790 30 9812 37
7790 3 39 50 7789 30 7791 57
7791 3 7790 57 7792 80 8331 71
7792 3 7791 80 7793 75 8844 58
7793 6 2187 60 4322 29 4827 86 7651 14 7792 75 7794 99
7794 5 3653 92 3862 88 4784 79 7793 99 7795 46
7795 4 1831 37 7794 46 7796 20 8765 33
7796 2 7795 20 7797 74
7797 4 75 62 3386 21 7796 74 7798 33
7798 3 4315 5 7797 33 7799 55
7799 4 4192 49 7798 55 7800 77 9610 47
7800 4 566 67 7059 40 7799 77 7801 21
7801 5 418 20 5738 13 6303 53 7800 21 7802 71
7802 4 2853 30 7801 71 7803 48 8097 95
7803 5 1433 22 2240 71 5263 52 7802 48 7804 88
7804 5 3798 7 5615 59 7803 88 7805 17 9077 95
7805 2 7804 17 7806 5
7806 3 7805 5 7807 87 9957 66
7807 5 2131 24 2446 88 6162 54 7806 87 7808 16
7808 4 2291 49 7292 77 7807 16 7809 82
7809 5 3847 12 5399 5 6650 44 7808 82 7810 24
7810 3 6620 40 7809 24 7811 90
7811 3 743 73 7810 90 7812 16
7812 3 5443 18 7811 16 7813 93
7813 5 4787 26 7812 93 7814 12 8381 85 8796 49
7814 6 7194 40 7813 12 7815 3 7881 8 8010 54 8176 26
7815 4 1029 42 7814 3 7816 66 9192 5
7816 5 479 88 3014 52 5205 67 7815 66 7817 24
7817 5 2878 65 7581 82 7816 24 7818 53 7897 30
7818 4 7359 2 7817 53 7819 14 9323 26
7819 5 5349 44 5874 37 7818 14 7820 51 9214 64
7820 3 5230 97 7819 51 7821 68
7821 6 4370 56 4482 24 6748 1 7820 68 7822 91 8602 66
7822 4 2268 54 4725 57 7821 91 7823 5
7823 4 1646 99 2956 20 7822 5 7824 65
7824 2 7823 65 7825 36
7825 4 5687 93 7824 36 7826 27 7950 69
7826 2 7825 27 7827 94
7827 3 3560 12 7826 94 7828 36
7828 5 544 10 5484 44 7827 36 7829 55 8115 16
7829 5 1528 16 2758 56 5348 9 7828 55 7830 74
7830 2 7829 74 7831 83
7831 3 267 19 7830 83 7832 35
7832 7 4828 92 5283 68 5721 42 6979 90 7831 35 7833 9 8544 72
7833 4 7832 9 7834 50 7956 52 9992 67
7834 5 4754 53 6150 76 6242 15 7833 50 7835 38
7835 2 7834 38 7836 72
7836 6 1675 98 1784 49 4782 75 7264 100 7835 72 7837 27
7837 3 523 40 7836 27 7838 14
7838 6 210 56 1844 7 5594 82 7190 88 7837 14 7839 34
7839 3 6677 98 7838 34 7840 64
7840 3 1482 6 7839 64 7841 71
7841 4 5721 36 7520 10 7840 71 7842 55
7842 2 7841 55 7843 6
7843 4 1532 81 1552 38 7842 6 7844 59
7844 4 213 73 2882 12 7843 59 7845 74
7845 2 7844 74 7846 21
7846 5 1017 8 6248 11 7845 21 7847 85 8240 54
7847 3 3299 35 7846 85 7848 24
7848 5 666 69 5884 94 7847 24 7849 10 9569 12
7849 4 4196 71 4385 13 7848 10 7850 73
7850 5 3712 2 4356 40 5763 45 7849 73 7851 43
7851 4 7037 6 7720 57 7850 43 7852 89
7852 5 1394 69 3194 42 7851 89 7853 13 8086 49
7853 4 1811 89 4515 11 7852 13 7854 56
7854 2 7853 56 7855 50
7855 4 2111 59 7854 50 7856 81 9017 71
7856 4 4210 34 7855 81 7857 93 8869 71
7857 5 2839 95 3237 15 5685 80 7856 93 7858 78
7858 4 684 72 1913 67 7857 78 7859 59
7859 3 3344 60 7858 59 7860 10
7860 5 499 76 6063 99 6940 39 7859 10 7861 78
7861 6 1263 83 6768 59 6907 68 7860 78 7862 53 9672 43
7862 3 2441 78 7861 53 7863 84
7863 3 2904 84 7862 84 7864 67
7864 3 3418 84 7863 67 7865 10
7865 6 2371 31 3493 30 5743 14 6490 77 7864 10 7866 52
7866 3 7865 52 7867 26 8841 7
7867 3 3263 62 7866 26 7868 85
7868 7 5776 3 6195 6 7867 85 7869 34 8125 14 8863 26 9316 67
7869 5 1469 48 7125 72 7680 9 7868 34 7870 53
7870 3 7191 100 7869 53 7871 94
7871 3 6384 67 7870 94 7872 11
7872 4 2694 35 7871 11 7873 74 9669 63
7873 5 372 60 3495 39 5384 33 7872 74 7874 42
7874 3 1272 34 7873 42 7875 9
7875 3 341 28 7874 9 7876 72
7876 3 7875 72 7877 7 9804 37
7877 6 3289 95 3608 43 5814 71 7876 7 7878 2 8980 67
7878 5 146 9 472 80 747 6 7877 2 7879 73
7879 2 7878 73 7880 47
7880 6 5627 5 6669 7 6837 44 7122 35 7879 47 7881 48
7881 4 986 11 7814 8 7880 48 7882 18
7882 2 7881 18 7883 4
7883 6 2234 33 2972 42 6240 53 7321 71 7882 4 7884 44
7884 5 28 90 7348 83 7883 44 7885 27 9005 12
7885 2 7884 27 7886 94
7886 2 7885 94 7887 63
7887 4 2491 14 7886 63 7888 86 9473 98
7888 3 1469 39 7887 86 7889 37
7889 3 7888 37 7890 40 8682 58
7890 7 3940 40 4312 93 5128 43 7137 51 7889 40 7891 47 8436 50
7891 6 972 33 2392 9 6216 70 6911 51 7890 47 7892 64
7892 2 7891 64 7893 63
7893 3 7892 63 7894 1 9601 47
7894 6 384 69 2205 75 7893 1 7895 2 8089 79 8516 39
7895 4 2094 97 3486 62 7894 2 7896 97
7896 9 704 38 1562 100 1575 5 2083 73 3116 100 4803 11 7895 97 7897 59 9408 67
7897 5 4044 40 7817 30 7896 59 7898 36 8802 24
7898 6 3732 92 5579 80 7764 1 7897 36 7899 78 8097 95
7899 3 5031 37 7898 78 7900 22
7900 3 2299 72 7899 22 7901 25
7901 4 738 84 2111 76 7900 25 7902 22
7902 4 1005 78 4823 78 7901 22 7903 34
7903 2 7902 34 7904 1
7904 4 3334 91 7903 1 7905 46 9495 32
7905 6 1788 61 4661 45 4728 82 7416 42 7904 46 7906 15
7906 2 7905 15 7907 90
7907 5 3999 48 6616 13 6628 47 7906 90 7908 26
7908 3 5389 56 7907 26 7909 79
7909 5 1744 67 6114 73 7908 79 7910 73 9273 93
7910 5 1002 37 1811 59 1949 16 7909 73 7911 42
7911 6 1510 23 5782 84 7638 35 7910 42 7912 76 9419 100
7912 3 4708 94 7911 76 7913 92
7913 2 7912 92 7914 84
7914 3 643 52 7913 84 7915 75
7915 5 1735 73 3274 35 6707 59 7914 75 7916 80
7916 4 577 28 3673 55 7915 80 7917 85
7917 2 7916 85 7918 49
7918 3 2269 54 7917 49 7919 69
7919 2 7918 69 7920 13
7920 4 1653 66 2956 97 7919 13 7921 38
7921 3 480 5 7920 38 7922 81
7922 8 2428 57 2450 14 5553 75 6412 26 6589 56 7921 81 7923 30 7998 29
7923 3 2406 87 7922 30 7924 81
7924 2 7923 81 7925 86
7925 3 79 49 7924 86 7926 34
7926 4 1619 56 6715 35 7925 34 7927 58
7927 3 3914 7 7926 58 7928 88
7928 3 6692 48 7927 88 7929 45
7929 4 3317 36 5701 83 7928 45 7930 8
7930 3 7929 8 7931 62 8762 21
7931 4 4757 19 5749 41 7930 62 7932 14
7932 2 7931 14 7933 20
7933 4 277 17 3947 64 7932 20 7934 69
7934 4 4214 89 7933 69 7935 43 9604 27
7935 3 3854 41 7934 43 7936 61
7936 4 2126 41 4134 55 7935 61 7937 49
7937 3 3544 32 7936 49 7938 15
7938 2 7937 15 7939 22
7939 5 364 6 3056 81 3773 98 7938 22 7940 92
7940 3 778 38 7939 92 7941 18
7941 6 1761 42 2384 4 3228 87 4104 17 7940 18 7942 51
7942 2 7941 51 7943 25
7943 3 3172 92 7942 25 7944 2
7944 2 7943 2 7945 28
7945 5 1559 1 4431 5 7944 28 7946 41 8413 47
7946 2 7945 41 7947 27
7947 2 7946 27 7948 17
7948 3 2531 17 7947 17 7949 86
7949 6 2800 73 5779 66 7382 55 7948 86 7950 98 9285 82
7950 4 500 68 7825 69 7949 98 7951 14
7951 2 7950 14 7952 92
7952 4 2353 70 5387 6 7951 92 7953 49
7953 3 3084 59 7952 49 7954 67
7954 5 878 25 2400 13 7953 67 7955 23 8843 99
7955 4 3530 37 7954 23 7956 7 9511 27
7956 7 5320 91 7424 46 7833 52 7955 7 7957 24 8365 12 9020 64
7957 8 735 32 836 78 3102 22 3170 3 3377 66 7058 20 7956 24 7958 85
7958 4 1220 98 3441 80 7957 85 7959 74
7959 6 2295 56 3002 34 3873 9 7958 74 7960 85 8061 21
7960 4 700 8 6238 4 7959 85 7961 7
7961 5 194 3 803 63 6788 86 7960 7 7962 58
7962 4 203 55 2162 62 7961 58 7963 79
7963 3 6533 4 7962 79 7964 66
7964 6 1790 65 2303 67 3203 60 5347 80 7963 66 7965 48
7965 2 7964 48 7966 31
7966 2 7965 31 7967 97
7967 4 540 82 7966 97 7968 16 9733 43
7968 4 3966 29 7967 16 7969 18 8911 62
7969 5 3616 95 7205 56 7968 18 7970 23 9943 68
7970 5 1087 16 5758 26 7558 63 7969 23 7971 47
7971 5 4122 51 6492 32 6959 39 7970 47 7972 78
7972 8 2815 6 3893 47 4037 81 5650 44 6221 36 6806 81 7971 78 7973 64
7973 6 1563 49 2850 65 6716 72 7972 64 7974 95 9582 44
7974 7 2371 77 4974 32 5262 12 7973 95 7975 57 9354 50 9561 66
7975 4 3331 68 7974 57 7976 86 9979 44
7976 4 3436 86 3816 74 7975 86 7977 78
7977 4 152 9 7555 47 7976 78 7978 33
7978 4 207 44 3125 26 7977 33 7979 46
7979 3 3318 14 7978 46 7980 82
7980 3 6791 93 7979 82 7981 38
7981 5 4683 92 7980 38 7982 13 8813 60 9782 77
7982 3 1639 69 7981 13 7983 66
7983 6 2609 95 2917 57 3563 28 7982 66 7984 41 9153 81
7984 5 763 73 6131 3 7983 41 7985 3 9764 91
7985 3 7984 3 7986 72 8967 97
7986 4 60 21 2970 87 7985 72 7987 11
7987 6 1193 66 4383 39 7525 80 7986 11 7988 93 7991 47
7988 5 3029 8 4371 51 7637 86 7987 93 7989 59
7989 2 7988 59 7990 17
7990 5 1386 52 7288 77 7989 17 7991 97 8408 85
7991 5 558 76 6196 60 7987 47 7990 97 7992 7
7992 3 6074 10 7991 7 7993 57
7993 5 7312 77 7502 13 7992 57 7994 48 9353 19
7994 7 1108 32 1566 75 3387 28 4157 19 7993 48 7995 87 9836 24
7995 7 3623 88 4790 63 5792 26 6625 94 6665 44 7994 87 7996 27
7996 2 7995 27 7997 42
7997 3 4371 35 7996 42 7998 88
7998 4 7922 29 7997 88 7999 74 8690 95
7999 2 7998 74 8000 33
8000 3 5025 35 7999 33 8001 78
8001 5 223 90 3637 69 8000 78 8002 34 8781 59
8002 4 2105 83 8001 34 8003 91 8360 48
8003 6 2037 36 2366 93 7100 8 7653 21 8002 91 8004 15
8004 4 5855 72 8003 15 8005 78 8819 50
8005 3 732 81 8004 78 8006 41
8006 3 8005 41 8007 29 8334 37
8007 4 2790 68 3082 42 8006 29 8008 16
8008 3 8007 16 8009 69 9949 38
8009 3 1515 33 8008 69 8010 28
8010 3 7814 54 8009 28 8011 44
8011 3 8010 44 8012 80 9916 94
8012 3 1005 80 8011 80 8013 55
8013 5 522 86 1392 33 8012 55 8014 24 9920 90
8014 5 176 83 3639 79 8013 24 8015 23 9418 71
8015 3 392 29 8014 23 8016 51
8016 5 591 20 2097 12 7404 18 8015 51 8017 52
8017 3 6131 21 8016 52 8018 14
8018 4 2759 81 8017 14 8019 36 9040 72
8019 10 748 39 2708 93 2754 84 2801 65 4780 58 5406 8 5827 13 8018 36 8020 4 8404 48
8020 3 6862 91 8019 4 8021 23
8021 4 4925 81 5504 8 8020 23 8022 36
8022 5 3879 1 7045 75 8021 36 8023 4 8796 43
8023 4 4858 93 7592 94 8022 4 8024 43
8024 2 8023 43 8025 3
8025 3 5227 34 8024 3 8026 71
8026 6 2836 39 3141 96 6816 12 8025 71 8027 93 8028 34
8027 4 2902 59 8026 93 8028 41 8716 1
8028 4 7473 81 8026 34 8027 41 8029 85
8029 3 8028 85 8030 27 8079 92
8030 4 1006 65 1186 34 8029 27 8031 30
8031 4 1192 12 8030 30 8032 35 9657 88
8032 3 8031 35 8033 12 9392 21
8033 5 104 57 4762 2 7379 52 8032 12 8034 84
8034 4 384 32 1856 74 8033 84 8035 85
8035 3 5700 3 8034 85 8036 33
8036 3 4288 1 8035 33 8037 41
8037 4 1873 25 6210 59 8036 41 8038 50
8038 6 376 33 3302 2 4336 45 5869 76 8037 50 8039 27
8039 3 6811 70 8038 27 8040 93
8040 6 5207 86 6036 25 8039 93 8041 78 8636 49 9628 58
8041 4 371 47 2355 14 8040 78 8042 62
8042 6 556 37 848 41 4907 20 8041 62 8043 28 9831 4
8043 4 8042 28 8044 62 8771 95 9832 80
8044 2 8043 62 8045 51
8045 2 8044 51 8046 90
8046 7 2235 72 4915 21 4980 63 7086 72 8045 90 8047 22 9701 48
8047 5 1602 47 6908 53 7059 25 8046 22 8048 95
8048 3 8047 95 8049 18 8647 91
8049 4 1756 74 1972 30 8048 18 8050 39
8050 4 8049 39 8051 41 8708 33 9869 43
8051 2 8050 41 8052 10
8052 3 1405 45 8051 10 8053 88
8053 3 89 14 8052 88 8054 31
8054 4 6738 63 8053 31 8055 42 8751 40
8055 5 1797 41 6189 81 8054 42 8056 70 9875 23
8056 6 47 78 469 60 2138 30 6551 96 8055 70 8057 13
8057 6 5319 99 5957 87 8056 13 8058 61 9333 96 9786 5
8058 2 8057 61 8059 68
8059 2 8058 68 8060 40
8060 6 2352 98 3665 29 5824 11 6116 72 8059 40 8061 14
8061 5 1245 28 3073 14 7959 21 8060 14 8062 67
8062 5 1471 21 3746 75 8061 67 8063 44 8240 70
8063 5 2422 83 4332 4 4609 58 8062 44 8064 89
8064 2 8063 89 8065 17
8065 3 2799 23 8064 17 8066 35
8066 5 2733 23 6763 10 8065 35 8067 2 8680 99
8067 3 6475 26 8066 2 8068 77
8068 2 8067 77 8069 83
8069 4 4085 39 6010 69 8068 83 8070 16
8070 3 3000 7 8069 16 8071 87
8071 3 278 9 8070 87 8072 32
8072 2 8071 32 8073 65
8073 5 1799 49 8072 65 8074 61 8161 57 8443 24
8074 3 3094 11 8073 61 8075 84
8075 2 8074 84 8076 7
8076 2 8075 7 8077 67
8077 5 1169 88 2580 85 3871 99 8076 67 8078 59
8078 3 1275 85 8077 59 8079 76
8079 7 2337 64 2902 59 6598 84 8029 92 8078 76 8080 24 8435 46
8080 4 835 58 1541 46 8079 24 8081 40
8081 4 4310 66 5611 97 8080 40 8082 65
8082 4 698 14 2363 78 8081 65 8083 81
8083 4 8082 81 8084 65 8436 19 8763 45
8084 2 8083 65 8085 37
8085 4 1537 71 7578 89 8084 37 8086 83
8086 5 1773 3 5367 42 7852 49 8085 83 8087 48
8087 3 3688 5 8086 48 8088 35
8088 2 8087 35 8089 6
8089 3 7894 79 8088 6 8090 79
8090 5 4271 37 6147 57 8089 79 8091 48 9112 93
8091 3 2287 34 8090 48 8092 99
8092 4 2574 87 4978 62 8091 99 8093 80
8093 6 2626 47 4055 1 5958 26 6414 70 8092 80 8094 64
8094 3 3121 95 8093 64 8095 29
8095 5 965 99 1113 33 5668 3 8094 29 8096 96
8096 5 1243 67 6095 59 7406 5 8095 96 8097 27
8097 5 7255 53 7802 95 7898 95 8096 27 8098 33
8098 4 1199 43 6090 49 8097 33 8099 76
8099 5 1940 59 4083 99 7313 87 8098 76 8100 72
8100 3 3991 54 8099 72 8101 94
8101 8 1213 14 1881 93 4848 41 6351 84 7623 20 8100 94 8102 59 8423 90
8102 3 6163 21 8101 59 8103 59
8103 2 8102 59 8104 61
8104 2 8103 61 8105 36
8105 4 3046 94 5626 26 8104 36 8106 24
8106 2 8105 24 8107 80
8107 5 3102 17 4015 39 7578 31 8106 80 8108 38
8108 3 3756 24 8107 38 8109 16
8109 5 6364 29 7780 57 8108 16 8110 98 8843 96
8110 4 3724 21 4421 11 8109 98 8111 94
8111 5 5931 17 6661 15 8110 94 8112 89 9683 27
8112 3 6163 4 8111 89 8113 79
8113 6 422 93 4721 3 6985 26 8112 79 8114 45 8628 69
8114 8 218 69 1521 50 2816 77 6328 94 8113 45 8115 74 9338 12 9550 94
8115 6 2675 87 5231 3 5514 78 7828 16 8114 74 8116 18
8116 4 5195 4 5521 4 8115 18 8117 84
8117 2 8116 84 8118 67
8118 4 6575 96 8117 67 8119 4 8993 29
8119 3 4697 34 8118 4 8120 94
8120 3 8119 94 8121 90 8646 94
8121 4 196 59 1324 91 8120 90 8122 42
8122 6 3025 82 5203 4 6224 73 6338 15 8121 42 8123 19
8123 3 8122 19 8124 40 9103 49
8124 2 8123 40 8125 86
8125 5 471 82 2146 85 7868 14 8124 86 8126 4
8126 4 1066 86 8125 4 8127 67 9769 55
8127 5 1179 10 3025 52 5066 53 8126 67 8128 28
8128 5 2696 39 4330 56 8127 28 8129 38 8744 79
8129 4 4849 41 7764 14 8128 38 8130 19
8130 3 7145 45 8129 19 8131 70
8131 4 8130 70 8132 73 8483 6 8656 17
8132 7 1624 47 2266 43 7541 17 8131 73 8133 62 8604 2 8727 56
8133 4 699 9 2482 52 8132 62 8134 40
8134 5 1272 23 1417 23 4495 34 8133 40 8135 30
8135 4 47 15 8134 30 8136 36 8339 68
8136 4 342 8 6416 76 8135 36 8137 81
8137 4 3530 18 8136 81 8138 12 8570 27
8138 2 8137 12 8139 48
8139 2 8138 48 8140 1
8140 5 3885 67 6529 92 8139 1 8141 59 9945 73
8141 3 8140 59 8142 47 9646 36
8142 5 8141 47 8143 98 8405 61 9117 37 9517 84
8143 2 8142 98 8144 79
8144 4 2005 53 3924 67 8143 79 8145 26
8145 4 1715 78 4829 57 8144 26 8146 4
8146 3 2079 90 8145 4 8147 16
8147 4 3624 51 3970 39 8146 16 8148 56
8148 5 5973 26 6162 66 8147 56 8149 44 8877 34
8149 3 576 16 8148 44 8150 73
8150 3 1759 92 8149 73 8151 83
8151 6 147 1 3171 19 8150 83 8152 22 8841 54 9913 37
8152 2 8151 22 8153 35
8153 4 4914 78 8152 35 8154 72 9164 55
8154 4 3890 79 5082 2 8153 72 8155 5
8155 3 4391 18 8154 5 8156 40
8156 2 8155 40 8157 96
8157 4 4028 60 6334 63 8156 96 8158 15
8158 3 2457 15 8157 15 8159 63
8159 6 4908 21 6124 59 7006 74 7448 54 8158 63 8160 68
8160 4 6224 84 7047 9 8159 68 8161 19
8161 5 2288 69 3859 17 8073 57 8160 19 8162 34
8162 3 8161 34 8163 63 9710 31
8163 5 68 8 2794 76 5949 7 8162 63 8164 8
8164 4 759 84 5921 97 8163 8 8165 80
8165 9 1342 56 1724 34 2440 99 4862 33 7676 5 8164 80 8166 53 8463 46 8591 83
8166 2 8165 53 8167 65
8167 5 512 39 2126 50 3023 14 8166 65 8168 97
8168 3 2478 66 8167 97 8169 72
8169 4 951 13 3631 17 8168 72 8170 7
8170 4 5027 54 8169 7 8171 12 8554 16
8171 7 445 93 2474 64 4298 94 5521 85 8170 12 8172 29 8581 45
8172 3 7583 71 8171 29 8173 68
8173 5 4041 23 6560 10 8172 68 8174 88 8233 82
8174 2 8173 88 8175 28
8175 4 4053 48 4445 82 8174 28 8176 62
8176 4 6796 79 7814 26 8175 62 8177 17
8177 4 4131 57 8176 17 8178 32 9123 1
8178 5 2760 13 5730 55 7031 2 8177 32 8179 18
8179 4 2362 84 8178 18 8180 93 9128 7
8180 6 993 55 4929 2 5350 15 6915 47 8179 93 8181 2
8181 7 4213 60 5064 6 5918 85 8180 2 8182 91 8373 12 9113 67
8182 5 393 82 3395 11 4676 40 8181 91 8183 46
8183 3 4009 40 8182 46 8184 46
8184 2 8183 46 8185 40
8185 7 2089 74 4726 53 5498 50 8184 40 8186 26 9472 32 9648 87
8186 2 8185 26 8187 72
8187 2 8186 72 8188 69
8188 6 2238 20 3476 76 5923 50 8187 69 8189 88 8501 39
8189 3 2701 76 8188 88 8190 35
8190 4 3248 57 6360 4 8189 35 8191 100
8191 2 8190 100 8192 44
8192 4 4771 7 6831 91 8191 44 8193 55
8193 3 6165 65 8192 55 8194 26
8194 3 598 15 8193 26 8195 24
8195 4 584 66 8194 24 8196 16 9407 12
8196 4 3529 55 8195 16 8197 37 8822 58
8197 6 522 87 2886 86 3768 79 5032 73 8196 37 8198 59
8198 3 5078 35 8197 59 8199 48
8199 5 78 28 5874 28 6141 59 8198 48 8200 81
8200 3 2513 25 8199 81 8201 55
8201 2 8200 55 8202 13
8202 3 7528 57 8201 13 8203 17
8203 3 3155 93 8202 17 8204 95
8204 3 310 33 8203 95 8205 11
8205 3 7014 41 8204 11 8206 91
8206 3 502 39 8205 91 8207 67
8207 5 2175 93 5910 91 8206 67 8208 100 8674 28
8208 5 2162 97 2724 81 4499 99 8207 100 8209 80
8209 3 7478 40 8208 80 8210 97
8210 2 8209 97 8211 51
8211 2 8210 51 8212 16
8212 3 1204 49 8211 16 8213 59
8213 3 1551 87 8212 59 8214 44
8214 7 1022 28 3453 27 3706 4 4610 5 8213 44 8215 87 8837 16
8215 3 2207 81 8214 87 8216 47
8216 6 586 27 6947 83 8215 47 8217 66 9563 88 9917 90
8217 5 908 19 2576 26 2890 91 8216 66 8218 73
8218 4 6721 32 7130 90 8217 73 8219 84
8219 2 8218 84 8220 23
8220 2 8219 23 8221 48
8221 5 2036 96 4987 88 5415 35 8220 48 8222 3
8222 4 1035 16 6125 65 8221 3 8223 46
8223 3 8222 46 8224 20 8443 43
8224 4 4194 51 4484 30 8223 20 8225 76
8225 3 1435 30 8224 76 8226 32
8226 2 8225 32 8227 15
8227 3 3213 36 8226 15 8228 96
8228 6 3978 54 5448 6 8227 96 8229 20 8394 14 8939 74
8229 2 8228 20 8230 21
8230 4 8229 21 8231 43 8240 55 8487 17
8231 5 5243 35 5590 9 8230 43 8232 52 9350 58
8232 3 5844 13 8231 52 8233 55
8233 3 8173 82 8232 55 8234 40
8234 4 3305 57 8233 40 8235 37 8564 38
8235 6 498 16 3163 51 3458 30 5435 95 8234 37 8236 27
8236 3 444 4 8235 27 8237 84
8237 2 8236 84 8238 1
8238 3 8237 1 8239 96 9889 85
8239 5 3843 53 4224 82 5636 51 8238 96 8240 90
8240 8 2322 83 2947 96 3660 29 7846 54 8062 70 8230 55 8239 90 8241 35
8241 4 3409 32 8240 35 8242 85 9623 9
8242 3 2579 7 8241 85 8243 37
8243 3 8242 37 8244 32 8483 99
8244 4 1847 58 8243 32 8245 16 9624 83
8245 3 2724 15 8244 16 8246 80
8246 6 41 89 3005 11 6179 79 6582 15 8245 80 8247 4
8247 3 3422 34 8246 4 8248 81
8248 2 8247 81 8249 1
8249 3 7065 42 8248 1 8250 43
8250 2 8249 43 8251 14
8251 3 5592 46 8250 14 8252 31
8252 3 4377 52 8251 31 8253 25
8253 5 2507 69 2761 50 5187 90 8252 25 8254 61
8254 3 7195 31 8253 61 8255 96
8255 4 97 99 555 50 8254 96 8256 70
8256 3 4040 91 8255 70 8257 3
8257 3 5137 12 8256 3 8258 20
8258 2 8257 20 8259 25
8259 3 508 17 8258 25 8260 65
8260 4 1869 51 3734 73 8259 65 8261 7
8261 2 8260 7 8262 51
8262 5 4231 85 4442 99 6775 83 8261 51 8263 41
8263 4 2775 77 4656 14 8262 41 8264 4
8264 4 6934 53 8263 4 8265 87 8409 95
8265 3 3518 77 8264 87 8266 34
8266 2 8265 34 8267 36
8267 5 2152 44 2754 4 6659 64 8266 36 8268 74
8268 4 1417 11 3722 37 8267 74 8269 96
8269 7 1015 58 1994 67 3824 27 3865 60 8268 96 8270 55 9075 1
8270 3 8269 55 8271 49 9476 1
8271 5 1310 69 3722 86 8270 49 8272 69 8972 86
8272 3 7413 56 8271 69 8273 74
8273 3 1276 33 8272 74 8274 58
8274 2 8273 58 8275 100
8275 5 738 54 1249 74 8274 100 8276 32 9742 8
8276 4 2343 46 6138 15 8275 32 8277 33
8277 3 8276 33 8278 100 9120 37
8278 5 3354 18 5570 30 8277 100 8279 81 9450 39
8279 6 5544 74 8278 81 8280 8 8664 47 8669 19 8702 18
8280 3 5854 7 8279 8 8281 22
8281 6 1127 2 1285 5 5951 8 8280 22 8282 85 9846 3
8282 4 5098 2 5928 92 8281 85 8283 67
8283 3 2615 21 8282 67 8284 38
8284 4 8283 38 8285 36 8653 16 8789 97
8285 2 8284 36 8286 22
8286 2 8285 22 8287 91
8287 2 8286 91 8288 70
8288 4 1659 30 4493 17 8287 70 8289 36
8289 5 3264 3 5073 71 8288 36 8290 21 8656 8
8290 3 1311 66 8289 21 8291 92
8291 3 1627 28 8290 92 8292 88
8292 4 5184 77 8291 88 8293 16 8717 53
8293 2 8292 16 8294 6
8294 4 1171 96 8293 6 8295 96 8742 72
8295 5 1211 15 1386 2 4237 82 8294 96 8296 24
8296 4 228 34 8295 24 8297 6 9346 89
8297 5 3471 29 4161 57 4459 45 8296 6 8298 70
8298 3 8297 70 8299 4 8737 5
8299 5 110 94 2746 30 3005 84 8298 4 8300 28
8300 2 8299 28 8301 17
8301 4 5216 26 7634 93 8300 17 8302 3
8302 5 3402 13 4071 88 8301 3 8303 35 9681 58
8303 4 2057 4 8302 35 8304 18 8754 17
8304 5 1218 61 8303 18 8305 53 9693 33 9956 30
8305 4 1416 85 6503 39 8304 53 8306 8
8306 4 5457 84 8305 8 8307 73 9327 69
8307 5 6250 90 6541 80 7593 10 8306 73 8308 73
8308 2 8307 73 8309 79
8309 7 2289 87 5992 42 8308 79 8310 42 9157 38 9209 88 9751 45
8310 3 2440 92 8309 42 8311 47
8311 5 2015 19 5330 81 6607 51 8310 47 8312 49
8312 5 6098 21 6615 84 7645 54 8311 49 8313 62
8313 3 2551 30 8312 62 8314 37
8314 4 682 97 6757 87 8313 37 8315 3
8315 4 3467 66 8314 3 8316 75 9033 3
8316 6 1935 45 2701 40 3318 68 5418 68 8315 75 8317 3
8317 4 6780 65 7507 79 8316 3 8318 26
8318 4 4403 47 6935 38 8317 26 8319 21
8319 6 1814 85 1884 65 5114 91 8318 21 8320 14 9730 92
8320 6 1682 74 8319 14 8321 37 9050 52 9447 36 9941 25
8321 4 2951 29 8320 37 8322 64 8738 26
8322 3 2883 36 8321 64 8323 63
8323 5 2513 6 6957 85 7599 26 8322 63 8324 64
8324 2 8323 64 8325 19
8325 6 1080 47 1602 8 1987 38 8324 19 8326 70 9677 71
8326 5 931 88 5082 19 7759 32 8325 70 8327 72
8327 4 7787 27 8326 72 8328 88 9147 5
8328 2 8327 88 8329 24
8329 2 8328 24 8330 95
8330 2 8329 95 8331 30
8331 4 3949 44 7791 71 8330 30 8332 89
8332 2 8331 89 8333 45
8333 3 4467 88 8332 45 8334 15
8334 3 8006 37 8333 15 8335 34
8335 6 614 33 3433 35 3963 72 6177 88 8334 34 8336 68
8336 3 2160 19 8335 68 8337 96
8337 5 36 25 8336 96 8338 71 9117 16 9966 77
8338 4 4000 56 5075 23 8337 71 8339 68
8339 6 816 61 6715 72 8135 68 8338 68 8340 14 9653 83
8340 3 6330 70 8339 14 8341 77
8341 5 3223 26 6854 88 7528 53 8340 77 8342 50
8342 5 71 97 1053 81 6415 31 8341 50 8343 14
8343 3 2372 81 8342 14 8344 92
8344 5 884 95 4998 85 8343 92 8345 93 9748 9
8345 3 8344 93 8346 68 8780 24
8346 3 8345 68 8347 41 9879 90
8347 5 4102 65 8346 41 8348 16 9345 40 9872 10
8348 2 8347 16 8349 100
8349 4 2460 24 5419 78 8348 100 8350 27
8350 4 7045 35 8349 27 8351 59 9336 16
8351 4 1780 30 8350 59 8352 10 9952 42
8352 4 2300 7 4492 84 8351 10 8353 40
8353 5 4623 14 4877 68 5315 72 8352 40 8354 91
8354 3 6036 4 8353 91 8355 55
8355 2 8354 55 8356 94
8356 9 20 59 155 92 1116 77 1415 25 2116 45 4501 92 8355 94 8357 59 8418 92
8357 4 3171 3 5277 49 8356 59 8358 10
8358 2 8357 10 8359 61
8359 3 4090 73 8358 61 8360 11
8360 4 8002 48 8359 11 8361 41 9323 18
8361 3 4626 14 8360 41 8362 83
8362 3 6500 86 8361 83 8363 84
8363 3 7254 58 8362 84 8364 8
8364 2 8363 8 8365 34
8365 7 4826 25 5621 91 6913 44 7956 12 8364 34 8366 22 9660 86
8366 2 8365 22 8367 92
8367 6 747 8 4608 98 5707 77 6961 93 8366 92 8368 96
8368 4 4228 75 8367 96 8369 36 8550 84
8369 4 925 80 5799 44 8368 36 8370 14
8370 2 8369 14 8371 12
8371 3 5548 90 8370 12 8372 76
8372 3 6600 93 8371 76 8373 57
8373 4 6516 38 8181 12 8372 57 8374 53
8374 4 812 71 2644 55 8373 53 8375 77
8375 3 4286 19 8374 77 8376 29
8376 2 8375 29 8377 57
8377 4 670 84 7618 74 8376 57 8378 37
8378 3 4229 55 8377 37 8379 14
8379 4 2848 97 8378 14 8380 6 8469 88
8380 6 816 68 1160 65 6330 25 8379 6 8381 12 8546 9
8381 6 1237 59 1923 13 3425 70 7813 85 8380 12 8382 17
8382 4 3240 80 6017 77 8381 17 8383 41
8383 4 3591 56 4561 97 8382 41 8384 60
8384 5 314 12 1191 43 6547 47 8383 60 8385 47
8385 7 2704 36 4496 3 5664 100 7162 74 8384 47 8386 54 9756 95
8386 3 5133 47 8385 54 8387 89
8387 5 1508 37 3074 11 5463 50 8386 89 8388 52
8388 3 3377 79 8387 52 8389 34
8389 3 2374 19 8388 34 8390 34
8390 3 5775 45 8389 34 8391 27
8391 3 8390 27 8392 49 9713 70
8392 5 123 58 4812 91 4974 50 8391 49 8393 9
8393 3 4380 23 8392 9 8394 26
8394 3 8228 14 8393 26 8395 65
8395 4 7574 41 8394 65 8396 62 9652 41
8396 2 8395 62 8397 20
8397 3 3052 37 8396 20 8398 54
8398 3 2967 70 8397 54 8399 21
8399 2 8398 21 8400 58
8400 5 1050 72 4563 50 8399 58 8401 48 9919 62
8401 3 5346 96 8400 48 8402 7
8402 5 4869 5 7503 61 8401 7 8403 93 8543 9
8403 3 5680 81 8402 93 8404 62
8404 4 4810 64 8019 48 8403 62 8405 79
8405 4 911 97 8142 61 8404 79 8406 60
8406 5 461 59 5008 63 8405 60 8407 65 9019 41
8407 5 2494 50 3055 10 6716 11 8406 65 8408 93
8408 6 360 57 1233 24 7990 85 8407 93 8409 85 8788 40
8409 5 4756 23 8264 95 8408 85 8410 100 9581 60
8410 4 3444 69 8409 100 8411 29 9992 9
8411 7 579 24 3355 86 4347 76 7274 95 8410 29 8412 46 9169 53
8412 4 1962 53 3166 14 8411 46 8413 92
8413 5 7945 47 8412 92 8414 91 8530 33 8624 79
8414 3 4379 67 8413 91 8415 47
8415 5 2158 82 7295 81 8414 47 8416 34 9451 59
8416 4 2299 8 8415 34 8417 40 8556 27
8417 6 2620 1 6408 11 6489 42 8416 40 8418 94 8625 49
8418 3 8356 92 8417 94 8419 4
8419 4 252 18 2967 23 8418 4 8420 80
8420 3 2141 69 8419 80 8421 92
8421 3 6540 65 8420 92 8422 34
8422 6 70 75 4164 44 4352 10 5862 6 8421 34 8423 53
8423 4 8101 90 8422 53 8424 91 8988 81
8424 4 8423 91 8425 60 8443 71 9977 62
8425 6 1637 95 7505 4 8424 60 8426 70 8587 21 9881 92
8426 3 1556 97 8425 70 8427 17
8427 5 1483 85 6559 1 7213 19 8426 17 8428 62
8428 4 1488 31 7610 50 8427 62 8429 33
8429 5 691 32 7220 45 8428 33 8430 8 9480 17
8430 4 340 19 4816 4 8429 8 8431 1
8431 2 8430 1 8432 32
8432 4 7517 3 8431 32 8433 91 9352 40
8433 2 8432 91 8434 21
8434 3 3081 95 8433 21 8435 33
8435 4 8079 46 8434 33 8436 12 8460 100
8436 6 5730 60 7890 50 8083 19 8435 12 8437 89 9521 51
8437 2 8436 89 8438 19
8438 5 5896 35 6260 23 8437 19 8439 47 8616 68
8439 4 4972 84 8438 47 8440 94 8886 12
8440 4 328 13 7775 56 8439 94 8441 75
8441 5 191 26 5868 5 6187 41 8440 75 8442 20
8442 6 5085 31 5910 7 8441 20 8443 60 8958 12 9022 93
8443 6 2110 10 8073 24 8223 43 8424 71 8442 60 8444 84
8444 2 8443 84 8445 63
8445 4 323 91 4116 33 8444 63 8446 45
8446 6 107 51 5062 85 5568 34 6738 37 8445 45 8447 48
8447 3 2555 29 8446 48 8448 7
8448 2 8447 7 8449 3
8449 4 6883 35 7570 55 8448 3 8450 93
8450 7 2783 81 3132 62 3880 76 4618 19 6945 19 8449 93 8451 2
8451 5 358 77 6546 1 8450 2 8452 36 9187 91
8452 2 8451 36 8453 72
8453 6 2345 14 4500 76 5894 55 7480 5 8452 72 8454 69
8454 2 8453 69 8455 74
8455 2 8454 74 8456 70
8456 2 8455 70 8457 43
8457 3 6265 25 8456 43 8458 28
8458 3 6868 24 8457 28 8459 11
8459 4 3024 3 7590 70 8458 11 8460 52
8460 7 1014 17 3608 6 6572 65 8435 100 8459 52 8461 50 8854 52
8461 5 1200 92 4180 100 8460 50 8462 38 9270 92
8462 3 8461 38 8463 66 8595 60
8463 3 8165 46 8462 66 8464 79
8464 4 3108 62 4635 65 8463 79 8465 5
8465 7 94 37 1122 61 1244 71 1879 74 5099 86 8464 5 8466 47
8466 4 2492 70 2851 44 8465 47 8467 93
8467 7 1240 67 3095 18 7539 34 7673 34 8466 93 8468 96 9432 23
8468 4 994 43 6730 87 8467 96 8469 29
8469 5 5323 50 6052 92 8379 88 8468 29 8470 8
8470 2 8469 8 8471 98
8471 3 7626 81 8470 98 8472 14
8472 3 8471 14 8473 40 8560 20
8473 2 8472 40 8474 85
8474 4 4965 19 5426 70 8473 85 8475 44
8475 3 5944 52 8474 44 8476 16
8476 4 534 53 5274 57 8475 16 8477 90
8477 4 2563 87 5424 80 8476 90 8478 7
8478 5 3141 95 3731 61 5091 48 8477 7 8479 73
8479 4 1502 34 4529 39 8478 73 8480 62
8480 4 8479 62 8481 74 9206 88 9790 25
8481 6 958 75 1138 62 2942 5 6759 39 8480 74 8482 29
8482 2 8481 29 8483 13
8483 7 3211 66 3284 75 5381 13 8131 6 8243 99 8482 13 8484 88
8484 5 3199 8 4319 100 8483 88 8485 59 9718 91
8485 4 1546 67 6504 58 8484 59 8486 53
8486 7 1807 78 5196 63 5785 2 6099 72 7255 61 8485 53 8487 3
8487 5 6532 16 6723 1 8230 17 8486 3 8488 40
8488 4 5119 12 8487 40 8489 48 9897 77
8489 6 2200 38 4431 3 6878 71 8488 48 8490 48 8616 61
8490 4 5698 41 5826 4 8489 48 8491 73
8491 4 519 27 8490 73 8492 75 8586 27
8492 4 4213 47 8491 75 8493 6 8737 18
8493 3 2375 37 8492 6 8494 41
8494 3 8493 41 8495 36 9307 79
8495 4 4126 72 7701 96 8494 36 8496 35
8496 2 8495 35 8497 39
8497 8 1437 1 2068 29 5700 18 6843 40 6937 9 8496 39 8498 70 8659 53
8498 3 8497 70 8499 97 9396 70
8499 6 2391 13 6624 61 8498 97 8500 12 9799 35 9828 22
8500 2 8499 12 8501 74
8501 5 6192 49 6473 2 8188 39 8500 74 8502 79
8502 5 873 6 6927 26 8501 79 8503 15 9834 99
8503 3 7216 8 8502 15 8504 92
8504 4 6554 88 8503 92 8505 23 9013 31
8505 3 6541 16 8504 23 8506 85
8506 5 1476 79 6157 29 6751 16 8505 85 8507 71
8507 4 683 48 3089 32 8506 71 8508 68
8508 2 8507 68 8509 80
8509 6 155 28 3151 41 3647 76 5214 9 8508 80 8510 58
8510 6 1260 17 1588 83 2365 98 8509 58 8511 10 9332 2
8511 3 3508 94 8510 10 8512 2
8512 4 5767 2 6204 99 8511 2 8513 81
8513 3 3635 51 8512 81 8514 11
8514 3 1412 35 8513 11 8515 55
8515 5 5908 72 6298 14 8514 55 8516 38 9779 67
8516 4 4000 32 7894 39 8515 38 8517 33
8517 3 8516 33 8518 17 9637 74
8518 4 402 85 8517 17 8519 69 8788 47
8519 5 216 83 2420 83 4870 43 8518 69 8520 66
8520 3 1119 78 8519 66 8521 55
8521 4 3258 64 6196 18 8520 55 8522 64
8522 4 3242 12 8521 64 8523 20 9755 54
8523 4 4222 34 5846 97 8522 20 8524 87
8524 6 493 60 888 16 1673 96 6436 58 8523 87 8525 41
8525 9 25 13 4081 77 5278 41 6462 49 6938 75 7471 37 8524 41 8526 22 9867 18
8526 6 479 36 2449 86 5256 42 8525 22 8527 79 9034 96
8527 3 3991 87 8526 79 8528 65
8528 3 8527 65 8529 79 9980 87
8529 3 1083 75 8528 79 8530 29
8530 5 185 17 2500 4 8413 33 8529 29 8531 33
8531 4 3512 14 8530 33 8532 50 8887 46
8532 4 239 31 4890 45 8531 50 8533 30
8533 5 3172 66 5987 61 8532 30 8534 18 9949 100
8534 3 3997 16 8533 18 8535 69
8535 4 701 58 1060 82 8534 69 8536 99
8536 7 1811 42 3124 93 5359 42 6450 40 8535 99 8537 68 9357 1
8537 6 732 24 4508 14 6865 35 7596 87 8536 68 8538 10
8538 4 2170 65 4675 60 8537 10 8539 71
8539 5 1118 26 3192 39 3439 27 8538 71 8540 80
8540 6 223 18 965 15 1387 16 6427 56 8539 80 8541 68
8541 3 1838 26 8540 68 8542 35
8542 2 8541 35 8543 59
8543 5 2895 52 7519 51 8402 9 8542 59 8544 83
8544 4 87 67 7832 72 8543 83 8545 57
8545 5 2881 61 5865 13 8544 57 8546 88 9868 6
8546 7 5098 39 5148 1 6076 12 8380 9 8545 88 8547 45 9707 27
8547 7 535 13 2291 7 3190 65 5655 81 5668 56 8546 45 8548 84
8548 4 1787 26 8547 84 8549 33 8789 30
8549 3 3698 52 8548 33 8550 76
8550 6 117 37 4652 23 7098 4 8368 84 8549 76 8551 50
8551 5 91 18 698 75 1535 44 8550 50 8552 65
8552 6 539 33 989 23 1708 9 1918 75 8551 65 8553 23
8553 3 4076 45 8552 23 8554 59
8554 7 1475 18 7395 5 7746 3 8170 16 8553 59 8555 43 8663 93
8555 3 4973 20 8554 43 8556 36
8556 4 5941 96 8416 27 8555 36 8557 54
8557 4 8556 54 8558 67 9231 15 9374 64
8558 3 6674 52 8557 67 8559 79
8559 8 129 50 5191 86 5426 41 6254 38 6948 9 8558 79 8560 63 8811 30
8560 4 5738 56 8472 20 8559 63 8561 62
8561 4 6257 3 8560 62 8562 48 8941 33
8562 5 6671 58 7157 24 7645 16 8561 48 8563 27
8563 6 5996 4 7373 30 8562 27 8564 41 9271 47 9995 33
8564 3 8234 38 8563 41 8565 16
8565 7 316 22 3818 23 6671 46 8564 16 8566 47 8944 55 9285 15
8566 4 45 91 7208 90 8565 47 8567 51
8567 3 5414 40 8566 51 8568 4
8568 5 1219 18 6248 10 8567 4 8569 60 9801 15
8569 5 783 63 6872 70 8568 60 8570 13 9412 10
8570 5 3570 50 6412 37 8137 27 8569 13 8571 68
8571 5 3640 87 4231 21 7034 5 8570 68 8572 66
8572 6 2089 99 3596 70 4809 72 8571 66 8573 58 8831 100
8573 2 8572 58 8574 10
8574 4 484 54 2393 88 8573 10 8575 41
8575 3 3050 95 8574 41 8576 77
8576 7 1625 97 2627 3 5446 39 7654 43 8575 77 8577 30 9612 44
8577 3 3357 29 8576 30 8578 37
8578 4 1462 10 6854 16 8577 37 8579 54
8579 3 5554 63 8578 54 8580 43
8580 2 8579 43 8581 25
8581 4 5270 53 8171 45 8580 25 8582 73
8582 4 5598 54 6452 99 8581 73 8583 82
8583 2 8582 82 8584 84
8584 5 859 24 1886 68 5063 71 8583 84 8585 2
8585 2 8584 2 8586 86
8586 6 504 93 4731 64 7138 13 8491 27 8585 86 8587 62
8587 5 5313 23 8425 21 8586 62 8588 86 9753 77
8588 4 1792 15 7157 15 8587 86 8589 4
8589 7 502 14 2598 25 3856 60 8588 4 8590 76 9703 72 9730 61
8590 7 4471 8 5472 76 5729 25 7035 68 8589 76 8591 7 8592 43
8591 6 2223 69 7765 19 8165 83 8590 7 8592 92 9871 86
8592 7 1076 47 2848 86 3675 29 7035 35 8590 43 8591 92 8593 38
8593 6 145 19 838 24 8592 38 8594 52 9206 88 9548 28
8594 4 2728 31 8593 52 8595 17 9676 96
8595 5 4172 31 6823 70 8462 60 8594 17 8596 44
8596 3 8595 44 8597 100 9283 92
8597 5 491 100 3776 91 3843 81 8596 100 8598 42
8598 5 766 66 4163 71 8597 42 8599 17 9844 49
8599 3 2729 71 8598 17 8600 4
8600 3 3316 83 8599 4 8601 68
8601 4 3025 87 6478 98 8600 68 8602 96
8602 5 658 77 2835 29 7821 66 8601 96 8603 7
8603 5 644 44 2532 16 8602 7 8604 92 9120 25
8604 3 8132 2 8603 92 8605 2
8605 4 3270 91 8604 2 8606 91 9176 53
8606 4 2318 30 6823 100 8605 91 8607 57
8607 4 4015 29 8606 57 8608 3 9266 80
8608 4 1509 18 3614 54 8607 3 8609 13
8609 3 6085 80 8608 13 8610 21
8610 3 8609 21 8611 97 9448 11
8611 6 564 76 1551 68 2066 21 4591 48 8610 97 8612 77
8612 2 8611 77 8613 53
8613 2 8612 53 8614 51
8614 3 2063 89 8613 51 8615 13
8615 7 3374 7 4776 41 8614 13 8616 79 8964 59 9431 48 9912 91
8616 9 142 23 1452 65 2138 36 4051 41 5399 15 8438 68 8489 61 8615 79 8617 49
8617 4 3038 82 4430 5 8616 49 8618 68
8618 4 494 60 888 18 8617 68 8619 60
8619 4 2276 51 8618 60 8620 75 9019 43
8620 3 3065 71 8619 75 8621 54
8621 4 207 57 793 84 8620 54 8622 16
8622 4 2442 63 8621 16 8623 53 8798 72
8623 4 1398 6 6936 36 8622 53 8624 21
8624 3 8413 79 8623 21 8625 83
8625 5 5160 76 8417 49 8624 83 8626 44 9143 79
8626 3 4336 12 8625 44 8627 55
8627 5 1151 9 4345 92 5768 89 8626 55 8628 55
8628 5 4758 38 8113 69 8627 55 8629 42 9646 98
8629 7 4690 52 6047 42 6061 67 7059 22 7762 78 8628 42 8630 26
8630 2 8629 26 8631 23
8631 4 5217 32 7131 14 8630 23 8632 25
8632 6 147 99 303 35 3377 76 7633 80 8631 25 8633 23
8633 4 2554 53 8632 23 8634 79 8835 27
8634 4 4926 79 6745 87 8633 79 8635 96
8635 4 5885 84 8634 96 8636 79 8759 29
8636 4 678 34 8040 49 8635 79 8637 83
8637 3 1862 44 8636 83 8638 1
8638 5 93 8 359 34 4290 73 8637 1 8639 11
8639 5 1098 19 4536 16 8638 11 8640 10 9163 64
8640 4 3501 44 6058 16 8639 10 8641 80
8641 2 8640 80 8642 16
8642 5 523 19 2360 88 8641 16 8643 63 8975 2
8643 4 5947 55 8642 63 8644 77 9955 58
8644 5 252 100 1631 38 5382 97 8643 77 8645 27
8645 3 8644 27 8646 17 9727 23
8646 8 3772 8 3790 73 5544 61 6479 92 6925 95 8120 94 8645 17 8647 53
8647 4 8048 91 8646 53 8648 18 9325 53
8648 3 2885 60 8647 18 8649 80
8649 3 6184 73 8648 80 8650 63
8650 4 2360 25 8649 63 8651 51 9386 18
8651 3 1606 66 8650 51 8652 52
8652 6 125 48 1987 83 7011 28 8651 52 8653 26 8783 40
8653 5 4427 30 5970 17 8284 16 8652 26 8654 83
8654 4 1281 26 5918 66 8653 83 8655 87
8655 6 299 79 1956 67 3331 53 5954 88 8654 87 8656 79
8656 5 1445 65 8131 17 8289 8 8655 79 8657 29
8657 3 3094 46 8656 29 8658 37
8658 9 542 1 3110 27 3957 53 5108 18 5445 95 5830 22 7074 59 8657 37 8659 73
8659 5 3447 42 4368 40 8497 53 8658 73 8660 54
8660 3 7143 18 8659 54 8661 98
8661 3 4758 13 8660 98 8662 95
8662 5 1674 88 5444 33 6137 56 8661 95 8663 8
8663 7 174 63 4550 91 4783 95 5768 25 8554 93 8662 8 8664 50
8664 6 3857 61 5758 2 7606 62 8279 47 8663 50 8665 68
8665 6 1843 13 5146 87 8664 68 8666 84 8669 27 9840 46
8666 5 1244 74 7773 55 8665 84 8667 43 9012 51
8667 2 8666 43 8668 17
8668 3 2990 6 8667 17 8669 99
8669 5 838 76 8279 19 8665 27 8668 99 8670 78
8670 5 1737 69 6947 100 7640 28 8669 78 8671 19
8671 3 5816 55 8670 19 8672 82
8672 6 690 87 2415 84 4760 45 7608 97 8671 82 8673 7
8673 6 343 57 489 91 6610 74 8672 7 8674 24 8933 86
8674 4 1674 69 8207 28 8673 24 8675 58
8675 3 8674 58 8676 18 9444 93
8676 3 2866 82 8675 18 8677 44
8677 5 1946 92 2176 55 3712 72 8676 44 8678 79
8678 3 6568 60 8677 79 8679 37
8679 3 2067 28 8678 37 8680 2
8680 4 1846 73 8066 99 8679 2 8681 31
8681 5 2375 34 3623 33 8680 31 8682 85 8944 69
8682 4 5181 49 7889 58 8681 85 8683 32
8683 4 1434 24 8682 32 8684 77 9474 44
8684 3 8683 77 8685 7 8912 57
8685 3 310 11 8684 7 8686 7
8686 2 8685 7 8687 4
8687 3 1247 47 8686 4 8688 73
8688 2 8687 73 8689 58
8689 5 4520 99 5561 42 7700 61 8688 58 8690 29
8690 4 3727 32 7998 95 8689 29 8691 9
8691 6 1079 44 1492 60 3419 84 4194 7 8690 9 8692 78
8692 3 2771 13 8691 78 8693 12
8693 5 4288 43 7266 76 8692 12 8694 48 9377 26
8694 3 7222 51 8693 48 8695 13
8695 4 2275 96 5544 25 8694 13 8696 26
8696 2 8695 26 8697 6
8697 3 2346 57 8696 6 8698 5
8698 4 2150 43 6403 2 8697 5 8699 99
8699 3 5729 35 8698 99 8700 97
8700 2 8699 97 8701 76
8701 3 2650 46 8700 76 8702 86
8702 4 7468 52 8279 18 8701 86 8703 23
8703 3 5070 73 8702 23 8704 71
8704 4 696 84 4243 15 8703 71 8705 87
8705 4 564 46 6988 96 8704 87 8706 2
8706 4 79 81 522 23 8705 2 8707 7
8707 6 1531 16 1639 66 5928 99 7217 26 8706 7 8708 94
8708 3 8050 33 8707 94 8709 44
8709 3 3026 22 8708 44 8710 11
8710 5 6793 30 7032 57 8709 11 8711 37 8899 41
8711 3 8710 37 8712 35 9367 27
8712 4 3074 26 8711 35 8713 79 8856 88
8713 4 1933 85 3735 22 8712 79 8714 68
8714 4 2449 100 4161 2 8713 68 8715 71
8715 5 1337 94 4578 30 8714 71 8716 23 9858 21
8716 3 8027 1 8715 23 8717 18
8717 5 3474 62 4909 1 8292 53 8716 18 8718 73
8718 3 7089 32 8717 73 8719 9
8719 6 3723 67 4320 75 4571 89 4624 15 8718 9 8720 40
8720 5 2724 52 6748 61 8719 40 8721 72 8935 24
8721 5 3390 7 5274 87 8720 72 8722 62 9973 71
8722 3 7232 4 8721 62 8723 71
8723 4 2747 89 7260 6 8722 71 8724 39
8724 4 4432 4 4695 71 8723 39 8725 37
8725 5 1534 8 2195 69 8724 37 8726 43 9495 68
8726 6 378 75 3896 96 6999 87 8725 43 8727 22 8759 92
8727 4 23 59 8132 56 8726 22 8728 41
8728 5 2777 65 5693 84 7143 88 8727 41 8729 19
8729 2 8728 19 8730 46
8730 2 8729 46 8731 47
8731 3 4070 68 8730 47 8732 58
8732 2 8731 58 8733 79
8733 4 1289 90 8732 79 8734 77 8860 26
8734 5 2996 20 3175 12 5731 54 8733 77 8735 57
8735 2 8734 57 8736 84
8736 2 8735 84 8737 34
8737 4 8298 5 8492 18 8736 34 8738 63
8738 5 3662 58 4416 60 8321 26 8737 63 8739 59
8739 5 1187 65 1933 70 6302 16 8738 59 8740 99
8740 5 1731 83 5711 16 8739 99 8741 16 8843 88
8741 6 849 66 4867 29 6398 97 8740 16 8742 23 9757 62
8742 5 3039 41 4341 95 8294 72 8741 23 8743 64
8743 3 639 7 8742 64 8744 74
8744 4 3262 76 8128 79 8743 74 8745 50
8745 5 457 79 791 76 7540 52 8744 50 8746 1
8746 3 5126 61 8745 1 8747 54
8747 3 2629 34 8746 54 8748 20
8748 4 4847 2 8747 20 8749 20 9069 93
8749 3 4300 44 8748 20 8750 50
8750 4 882 75 3792 62 8749 50 8751 30
8751 3 8054 40 8750 30 8752 60
8752 3 752 23 8751 60 8753 12
8753 4 2088 92 5395 84 8752 12 8754 83
8754 5 861 23 8303 17 8753 83 8755 48 8958 6
8755 2 8754 48 8756 86
8756 3 1514 32 8755 86 8757 28
8757 2 8756 28 8758 93
8758 4 1914 8 7474 85 8757 93 8759 96
8759 9 3362 77 6152 44 6387 71 6848 42 6940 61 8635 29 8726 92 8758 96 8760 16
8760 3 4284 7 8759 16 8761 67
8761 5 1896 50 6340 47 8760 67 8762 4 9618 50
8762 7 4378 71 4835 100 6454 93 7930 21 8761 4 8763 40 9280 17
8763 4 6969 47 8083 45 8762 40 8764 85
8764 2 8763 85 8765 23
8765 3 7795 33 8764 23 8766 52
8766 3 4470 70 8765 52 8767 97
8767 3 6079 18 8766 97 8768 99
8768 4 4808 65 5829 26 8767 99 8769 21
8769 5 945 9 7781 80 8768 21 8770 82 9141 63
8770 4 8769 82 8771 65 9362 15 9842 84
8771 4 1504 39 8043 95 8770 65 8772 33
8772 3 1510 25 8771 33 8773 100
8773 7 156 43 569 34 2660 65 5934 28 8772 100 8774 19 8988 4
8774 3 6896 77 8773 19 8775 66
8775 8 148 64 2941 22 4532 73 6768 16 7538 43 8774 66 8776 65 9227 70
8776 3 4877 72 8775 65 8777 54
8777 4 3889 79 3910 88 8776 54 8778 89
8778 4 2769 88 5556 42 8777 89 8779 49
8779 4 865 42 8778 49 8780 34 9160 52
8780 7 1722 36 2497 36 5254 86 7444 80 8345 24 8779 34 8781 97
8781 4 6870 1 8001 59 8780 97 8782 90
8782 4 371 1 5704 2 8781 90 8783 69
8783 7 2729 41 3586 64 5074 99 7429 89 8652 40 8782 69 8784 64
8784 2 8783 64 8785 90
8785 4 4648 26 5053 71 8784 90 8786 2
8786 4 4487 10 5916 93 8785 2 8787 75
8787 4 5833 95 8786 75 8788 15 9976 40
8788 7 1448 61 5291 56 6389 1 8408 40 8518 47 8787 15 8789 99
8789 7 2149 72 2274 11 5431 7 8284 97 8548 30 8788 99 8790 51
8790 4 4977 44 8789 51 8791 17 8863 35
8791 5 1250 2 3216 22 6570 3 8790 17 8792 64
8792 5 3353 99 4745 13 8791 64 8793 51 9702 62
8793 5 688 65 3608 46 4790 9 8792 51 8794 34
8794 2 8793 34 8795 99
8795 7 2091 53 3007 26 6530 30 7649 46 8794 99 8796 17 9065 13
8796 6 4922 78 5195 1 7813 49 8022 43 8795 17 8797 50
8797 4 1394 9 2109 4 8796 50 8798 94
8798 4 223 44 8622 72 8797 94 8799 63
8799 5 2039 10 3237 25 8798 63 8800 72 8995 99
8800 3 3043 78 8799 72 8801 28
8801 4 6325 1 6971 20 8800 28 8802 86
8802 4 1236 39 7897 24 8801 86 8803 45
8803 2 8802 45 8804 12
8804 3 7459 52 8803 12 8805 17
8805 3 8804 17 8806 65 9106 7
8806 3 4124 63 8805 65 8807 89
8807 4 1310 41 5122 33 8806 89 8808 23
8808 2 8807 23 8809 87
8809 4 5175 33 5263 30 8808 87 8810 27
8810 4 2453 94 4348 88 8809 27 8811 75
8811 4 7236 8 8559 30 8810 75 8812 85
8812 5 271 42 5995 43 8811 85 8813 97 9997 86
8813 3 7981 60 8812 97 8814 85
8814 5 880 12 2497 70 2998 37 8813 85 8815 67
8815 2 8814 67 8816 37
8816 5 663 38 839 85 5278 82 8815 37 8817 12
8817 4 3942 25 4450 8 8816 12 8818 29
8818 2 8817 29 8819 10
8819 3 8004 50 8818 10 8820 5
8820 4 3286 5 6241 91 8819 5 8821 94
8821 2 8820 94 8822 89
8822 3 8196 58 8821 89 8823 25
8823 2 8822 25 8824 68
8824 2 8823 68 8825 16
8825 2 8824 16 8826 27
8826 3 3744 94 8825 27 8827 84
8827 4 4219 59 7279 74 8826 84 8828 43
8828 3 1223 80 8827 43 8829 43
8829 5 2226 55 6343 88 8828 43 8830 91 8919 54
8830 4 8829 91 8831 28 9274 27 9602 20
8831 5 6411 64 7482 76 8572 100 8830 28 8832 7
8832 4 357 69 4583 42 8831 7 8833 70
8833 2 8832 70 8834 96
8834 6 543 7 4568 50 5480 41 8833 96 8835 50 9498 89
8835 5 2266 89 3632 6 8633 27 8834 50 8836 99
8836 3 4451 3 8835 99 8837 45
8837 6 2839 28 4254 36 8214 16 8836 45 8838 57 9827 56
8838 2 8837 57 8839 64
8839 4 2597 31 8838 64 8840 99 9225 26
8840 5 1239 14 8839 99 8841 33 9265 77 9512 98
8841 8 1740 48 4167 99 7866 7 8151 54 8840 33 8842 9 9065 31 9696 18
8842 4 2339 42 3806 80 8841 9 8843 41
8843 6 5607 18 7954 99 8109 96 8740 88 8842 41 8844 82
8844 6 4189 29 5116 76 7123 14 7792 58 8843 82 8845 9
8845 6 497 6 4159 49 4980 4 8844 9 8846 92 9023 32
8846 5 1174 2 2901 9 8845 92 8847 83 9605 91
8847 7 2816 31 3935 84 4120 39 5384 20 8846 83 8848 35 9436 49
8848 5 164 69 3705 65 6736 27 8847 35 8849 91
8849 3 6268 19 8848 91 8850 14
8850 5 5511 39 5803 20 8849 14 8851 21 8897 77
8851 4 56 63 5124 60 8850 21 8852 57
8852 2 8851 57 8853 90
8853 5 394 60 1904 76 6116 73 8852 90 8854 33
8854 4 2157 26 8460 52 8853 33 8855 90
8855 5 1580 48 3450 78 5865 39 8854 90 8856 41
8856 3 8712 88 8855 41 8857 92
8857 3 4663 38 8856 92 8858 55
8858 3 392 27 8857 55 8859 3
8859 3 7585 18 8858 3 8860 49
8860 5 1102 24 4656 17 8733 26 8859 49 8861 29
8861 3 3456 32 8860 29 8862 49
8862 3 8861 49 8863 36 9604 11
8863 6 760 43 2820 44 7868 26 8790 35 8862 36 8864 87
8864 3 7446 45 8863 87 8865 39
8865 5 2799 79 5285 50 7164 58 8864 39 8866 34
8866 4 2408 84 8865 34 8867 66 9084 5
8867 5 21 33 608 54 5086 56 8866 66 8868 60
8868 4 33 38 3135 68 8867 60 8869 79
8869 3 7856 71 8868 79 8870 55
8870 2 8869 55 8871 89
8871 4 3022 54 7604 92 8870 89 8872 42
8872 3 7750 6 8871 42 8873 100
8873 3 5968 99 8872 100 8874 85
8874 5 3557 29 6924 74 8873 85 8875 94 8979 26
8875 3 3937 77 8874 94 8876 26
8876 2 8875 26 8877 95
8877 5 6722 15 7712 22 8148 34 8876 95 8878 26
8878 3 7088 45 8877 26 8879 68
8879 4 3183 8 4605 17 8878 68 8880 71
8880 3 7462 33 8879 71 8881 95
8881 3 421 45 8880 95 8882 57
8882 4 7624 36 8881 57 8883 83 9376 22
8883 3 8882 83 8884 41 9077 96
8884 2 8883 41 8885 75
8885 3 6538 28 8884 75 8886 27
8886 5 1640 93 7569 75 8439 12 8885 27 8887 69
8887 5 2228 82 4558 53 8531 46 8886 69 8888 44
8888 4 2030 50 4022 49 8887 44 8889 61
8889 3 2638 60 8888 61 8890 33
8890 6 42 28 1083 27 4640 87 8889 33 8891 12 8924 53
8891 3 8890 12 8892 94 9194 22
8892 3 2791 63 8891 94 8893 88
8893 6 1346 32 1897 58 5590 15 8892 88 8894 52 9265 86
8894 3 3876 79 8893 52 8895 53
8895 5 3542 55 4722 86 6980 38 8894 53 8896 15
8896 4 2171 34 2204 70 8895 15 8897 36
8897 5 5921 10 7447 95 8850 77 8896 36 8898 27
8898 3 3210 96 8897 27 8899 47
8899 6 1674 37 7184 43 8710 41 8898 47 8900 99 9304 30
8900 3 4276 17 8899 99 8901 6
8901 2 8900 6 8902 64
8902 3 3538 40 8901 64 8903 30
8903 5 4455 43 6297 80 6494 28 8902 30 8904 37
8904 4 2811 7 6536 57 8903 37 8905 26
8905 2 8904 26 8906 50
8906 2 8905 50 8907 86
8907 2 8906 86 8908 56
8908 5 225 94 5816 69 8907 56 8909 40 9862 7
8909 3 5410 74 8908 40 8910 33
8910 5 1608 98 3193 28 5491 64 8909 33 8911 76
8911 5 2665 26 6923 93 7968 62 8910 76 8912 28
8912 5 1392 48 8684 57 8911 28 8913 9 9210 7
8913 3 5035 7 8912 9 8914 23
8914 2 8913 23 8915 41
8915 3 3969 81 8914 41 8916 77
8916 4 1100 87 4235 77 8915 77 8917 29
8917 4 1117 71 4116 55 8916 29 8918 43
8918 3 580 15 8917 43 8919 9
8919 3 8829 54 8918 9 8920 33
8920 6 121 13 1543 66 7078 15 8919 33 8921 6 9031 26
8921 5 497 50 866 16 5246 79 8920 6 8922 94
8922 5 4642 27 8921 94 8923 96 9281 39 9915 15
8923 3 6327 66 8922 96 8924 70
8924 8 1278 60 3365 84 4670 23 5436 79 8890 53 8923 70 8925 91 9323 35
8925 3 2711 54 8924 91 8926 49
8926 5 780 8 4006 58 7786 31 8925 49 8927 59
8927 4 6868 60 7631 41 8926 59 8928 53
8928 4 4678 26 7451 7 8927 53 8929 49
8929 3 8928 49 8930 77 9199 78
8930 6 1887 23 2305 10 2555 62 3937 89 8929 77 8931 85
8931 8 739 51 2231 62 2534 17 3613 3 5534 56 7713 44 8930 85 8932 81
8932 3 5381 12 8931 81 8933 91
8933 6 2530 34 5026 43 8673 86 8932 91 8934 62 9456 73
8934 6 321 77 3226 18 7476 28 7598 61 8933 62 8935 89
8935 6 2551 91 4314 71 7640 24 8720 24 8934 89 8936 93
8936 5 369 77 6647 14 6702 4 8935 93 8937 98
8937 3 6245 56 8936 98 8938 73
8938 2 8937 73 8939 5
8939 5 2960 96 6308 69 8228 74 8938 5 8940 77
8940 3 8939 77 8941 60 9142 47
8941 6 4623 31 7180 59 7324 70 8561 33 8940 60 8942 45
8942 3 7404 42 8941 45 8943 84
8943 5 493 15 2597 89 5203 99 8942 84 8944 85
8944 6 709 50 2318 5 8565 55 8681 69 8943 85 8945 30
8945 6 330 45 708 65 4578 24 5503 92 8944 30 8946 49
8946 8 37 68 847 44 3917 28 4557 15 4718 98 6551 89 8945 49 8947 71
8947 2 8946 71 8948 94
8948 2 8947 94 8949 24
8949 4 1379 58 3050 43 8948 24 8950 31
8950 5 1257 46 2919 78 4262 93 8949 31 8951 88
8951 3 76 96 8950 88 8952 5
8952 2 8951 5 8953 65
8953 2 8952 65 8954 34
8954 7 826 1 6133 57 7146 94 7325 93 8953 34 8955 31 9403 33
8955 4 5185 100 5592 77 8954 31 8956 85
8956 4 321 28 2402 100 8955 85 8957 54
8957 5 4297 22 5177 86 8956 54 8958 26 9774 61
8958 5 7680 30 8442 12 8754 6 8957 26 8959 82
8959 7 671 74 1736 17 4873 94 5535 51 6423 28 8958 82 8960 91
8960 3 8959 91 8961 14 9481 96
8961 3 6328 58 8960 14 8962 39
8962 4 387 30 5804 26 8961 39 8963 49
8963 4 5729 56 7640 77 8962 49 8964 33
8964 3 8615 59 8963 33 8965 18
8965 4 885 96 5786 8 8964 18 8966 4
8966 3 5454 54 8965 4 8967 36
8967 4 6709 41 7985 97 8966 36 8968 42
8968 4 2138 78 8967 42 8969 62 9645 19
8969 2 8968 62 8970 20
8970 2 8969 20 8971 18
8971 3 8970 18 8972 24 9579 37
8972 3 8271 86 8971 24 8973 13
8973 5 249 23 8972 13 8974 24 9657 26 9726 68
8974 4 3961 34 5966 44 8973 24 8975 19
8975 5 3367 46 8642 2 8974 19 8976 20 9835 69
8976 4 1539 68 8975 20 8977 44 9185 29
8977 2 8976 44 8978 74
8978 3 2710 30 8977 74 8979 3
8979 4 5015 7 8874 26 8978 3 8980 16
8980 3 7877 67 8979 16 8981 99
8981 4 1100 70 2746 69 8980 99 8982 80
8982 4 1271 43 5919 10 8981 80 8983 32
8983 7 1066 26 1841 73 4896 24 7292 100 8982 32 8984 4 9267 28
8984 3 2072 24 8983 4 8985 41
8985 2 8984 41 8986 58
8986 3 6853 3 8985 58 8987 48
8987 6 3159 15 5327 93 6502 22 7272 60 8986 48 8988 5
8988 5 5494 9 8423 81 8773 4 8987 5 8989 30
8989 3 841 90 8988 30 8990 7
8990 3 8989 7 8991 26 9065 8
8991 3 732 49 8990 26 8992 42
8992 4 3836 4 7128 73 8991 42 8993 13
8993 5 3068 75 6689 47 8118 29 8992 13 8994 68
8994 7 182 86 3140 52 3726 84 7663 46 8993 68 8995 67 9093 65
8995 9 1109 59 1586 44 4617 81 5343 22 6026 97 6700 4 8799 99 8994 67 8996 67
8996 3 3953 48 8995 67 8997 56
8997 6 1487 4 3489 58 3533 83 7321 58 8996 56 8998 77
8998 5 391 34 4883 93 7512 75 8997 77 8999 82
8999 3 5386 36 8998 82 9000 13
9000 4 5880 22 7554 55 8999 13 9001 4
9001 4 1067 61 2491 6 9000 4 9002 51
9002 5 4457 33 7534 76 9001 51 9003 43 9042 68
9003 3 2479 14 9002 43 9004 65
9004 4 3514 82 5168 82 9003 65 9005 17
9005 5 3499 44 4225 45 7884 12 9004 17 9006 72
9006 4 5991 1 6439 86 9005 72 9007 95
9007 4 2173 54 6481 89 9006 95 9008 76
9008 3 364 36 9007 76 9009 27
9009 3 4520 36 9008 27 9010 42
9010 4 1727 78 3838 19 9009 42 9011 33
9011 4 3208 7 5871 59 9010 33 9012 62
9012 6 1554 4 4783 94 5825 71 8666 51 9011 62 9013 19
9013 3 8504 31 9012 19 9014 26
9014 5 1840 93 7280 25 7707 48 9013 26 9015 24
9015 4 2578 47 4753 14 9014 24 9016 96
9016 3 2686 62 9015 96 9017 41
9017 6 867 79 4236 18 7535 64 7855 71 9016 41 9018 82
9018 2 9017 82 9019 35
9019 5 2939 38 8406 41 8619 43 9018 35 9020 97
9020 4 1384 54 7956 64 9019 97 9021 12
9021 4 1314 69 6276 38 9020 12 9022 1
9022 4 6762 26 8442 93 9021 1 9023 88
9023 7 2193 77 2277 35 7530 62 8845 32 9022 88 9024 9 9040 37
9024 4 1061 74 5004 54 9023 9 9025 32
9025 3 5759 19 9024 32 9026 64
9026 4 7686 29 9025 64 9027 85 9082 66
9027 3 6365 30 9026 85 9028 90
9028 3 6864 39 9027 90 9029 33
9029 4 1851 71 7498 98 9028 33 9030 81
9030 7 538 16 1379 46 3729 61 4894 51 9029 81 9031 39 9175 65
9031 4 3966 28 8920 26 9030 39 9032 72
9032 2 9031 72 9033 22
9033 5 421 71 7582 48 8315 3 9032 22 9034 48
9034 5 293 18 3329 77 8526 96 9033 48 9035 25
9035 3 504 31 9034 25 9036 98
9036 4 2329 21 3768 64 9035 98 9037 14
9037 8 23 74 1930 22 2693 59 5986 33 6275 82 7720 88 9036 14 9038 3
9038 2 9037 3 9039 93
9039 4 5181 26 6113 10 9038 93 9040 54
9040 5 2305 90 8018 72 9023 37 9039 54 9041 1
9041 3 9040 1 9042 83 9831 49
9042 6 4079 31 5881 2 5935 28 9002 68 9041 83 9043 50
9043 4 2139 64 5304 70 9042 50 9044 47
9044 3 6760 20 9043 47 9045 41
9045 4 9044 41 9046 2 9305 80 9891 36
9046 2 9045 2 9047 17
9047 3 5552 70 9046 17 9048 90
9048 3 4515 99 9047 90 9049 69
9049 2 9048 69 9050 55
9050 3 8320 52 9049 55 9051 51
9051 5 3875 96 5205 70 9050 51 9052 80 9739 65
9052 3 5178 94 9051 80 9053 17
9053 5 1025 59 1806 17 5227 73 9052 17 9054 41
9054 3 4525 57 9053 41 9055 68
9055 4 4687 21 7458 41 9054 68 9056 46
9056 7 482 5 2462 39 4777 69 4868 2 9055 46 9057 26 9349 23
9057 5 1671 48 1680 20 1772 42 9056 26 9058 58
9058 4 4460 30 9057 58 9059 36 9850 94
9059 3 3951 54 9058 36 9060 24
9060 3 4225 22 9059 24 9061 26
9061 4 857 41 6203 58 9060 26 9062 22
9062 3 5495 44 9061 22 9063 17
9063 6 1000 9 1455 38 3232 3 9062 17 9064 74 9753 14
9064 2 9063 74 9065 3
9065 6 4108 7 8795 13 8841 31 8990 8 9064 3 9066 62
9066 3 1159 20 9065 62 9067 42
9067 2 9066 42 9068 63
9068 4 6305 89 6862 67 9067 63 9069 17
9069 7 1286 75 1495 53 1607 93 5331 87 8748 93 9068 17 9070 38
9070 3 3399 54 9069 38 9071 75
9071 4 4423 84 6182 74 9070 75 9072 92
9072 4 4953 78 9071 92 9073 95 9882 38
9073 3 1070 26 9072 95 9074 14
9074 3 2963 37 9073 14 9075 41
9075 11 2051 76 2430 91 2550 72 5413 80 7769 44 8269 1 9074 41 9076 64 9239 43 9252 1 9711 11
9076 5 1956 90 2162 96 5243 86 9075 64 9077 77
9077 5 7082 42 7804 95 8883 96 9076 77 9078 78
9078 4 2283 55 7512 39 9077 78 9079 39
9079 2 9078 39 9080 27
9080 2 9079 27 9081 20
9081 2 9080 20 9082 67
9082 4 1348 29 9026 66 9081 67 9083 100
9083 4 318 44 990 21 9082 100 9084 3
9084 3 8866 5 9083 3 9085 91
9085 3 1875 41 9084 91 9086 4
9086 4 1799 39 7113 5 9085 4 9087 60
9087 2 9086 60 9088 63
9088 5 376 84 3115 40 9087 63 9089 88 9629 35
9089 3 9088 88 9090 43 9391 78
9090 4 4880 78 5265 4 9089 43 9091 25
9091 5 1210 50 2810 36 3217 69 9090 25 9092 41
9092 2 9091 41 9093 52
9093 9 365 94 2103 30 4330 58 4434 63 6653 85 7342 28 8994 65 9092 52 9094 29
9094 5 2779 71 4484 35 5741 57 9093 29 9095 24
9095 5 6072 89 6393 70 7151 75 9094 24 9096 57
9096 4 3804 81 9095 57 9097 11 9927 26
9097 3 3325 48 9096 11 9098 40
9098 3 4010 59 9097 40 9099 13
9099 5 4087 23 5180 73 6505 81 9098 13 9100 8
9100 2 9099 8 9101 51
9101 5 1332 84 4087 100 5312 87 9100 51 9102 46
9102 2 9101 46 9103 52
9103 5 2222 7 6114 56 8123 49 9102 52 9104 36
9104 2 9103 36 9105 41
9105 3 497 42 9104 41 9106 24
9106 7 1387 3 2562 55 5254 100 8805 7 9105 24 9107 12 9750 24
9107 3 3082 94 9106 12 9108 70
9108 5 70 3 4532 74 7579 40 9107 70 9109 73
9109 2 9108 73 9110 69
9110 5 955 47 1053 15 4519 55 9109 69 9111 17
9111 3 195 3 9110 17 9112 74
9112 5 2781 33 4901 48 8090 93 9111 74 9113 37
9113 5 4394 33 6038 33 8181 67 9112 37 9114 2
9114 5 397 25 3390 68 5343 33 9113 2 9115 16
9115 2 9114 16 9116 84
9116 4 1214 28 6594 20 9115 84 9117 43
9117 6 2151 72 7257 1 8142 37 8337 16 9116 43 9118 69
9118 2 9117 69 9119 19
9119 2 9118 19 9120 24
9120 6 5402 75 6661 48 8277 37 8603 25 9119 24 9121 31
9121 3 1585 67 9120 31 9122 19
9122 6 1096 26 3840 5 4990 10 9121 19 9123 34 9543 52
9123 4 6484 5 8177 1 9122 34 9124 91
9124 3 1802 20 9123 91 9125 65
9125 7 423 42 2583 64 3318 76 6962 70 7065 60 9124 65 9126 23
9126 3 5894 55 9125 23 9127 76
9127 3 6480 7 9126 76 9128 90
9128 3 8179 7 9127 90 9129 36
9129 3 6170 20 9128 36 9130 9
9130 5 1357 77 5334 8 9129 9 9131 29 9198 75
9131 6 53 98 1004 28 1077 86 9130 29 9132 90 9929 41
9132 5 2814 65 5361 52 5917 40 9131 90 9133 91
9133 6 556 30 4010 89 9132 91 9134 59 9711 21 9812 2
9134 4 4307 51 7558 49 9133 59 9135 92
9135 5 2611 22 2713 29 3820 10 9134 92 9136 44
9136 2 9135 44 9137 38
9137 2 9136 38 9138 63
9138 2 9137 63 9139 95
9139 5 1841 84 2385 15 4475 22 9138 95 9140 23
9140 5 2343 41 6075 39 7149 95 9139 23 9141 20
9141 3 8769 63 9140 20 9142 59
9142 5 252 67 8940 47 9141 59 9143 25 9319 52
9143 8 583 50 690 23 3219 56 3919 21 7441 38 8625 79 9142 25 9144 56
9144 6 84 84 2370 38 4965 54 9143 56 9145 57 9703 12
9145 4 3711 81 4111 57 9144 57 9146 78
9146 3 6733 39 9145 78 9147 65
9147 6 861 81 1401 34 7564 57 8327 5 9146 65 9148 54
9148 5 285 43 1070 56 5354 88 9147 54 9149 69
9149 3 7556 55 9148 69 9150 94
9150 5 1500 42 7163 61 9149 94 9151 83 9397 23
9151 5 496 89 3059 92 7130 41 9150 83 9152 96
9152 3 3228 18 9151 96 9153 57
9153 5 1757 94 4673 28 7983 81 9152 57 9154 78
9154 3 868 88 9153 78 9155 49
9155 5 262 82 3846 66 4161 78 9154 49 9156 16
9156 2 9155 16 9157 25
9157 6 5231 39 6590 14 8309 38 9156 25 9158 46 9162 84
9158 4 3826 95 6742 23 9157 46 9159 11
9159 2 9158 11 9160 3
9160 3 8779 52 9159 3 9161 21
9161 2 9160 21 9162 89
9162 4 5888 9 9157 84 9161 89 9163 8
9163 3 8639 64 9162 8 9164 30
9164 4 576 42 8153 55 9163 30 9165 91
9165 2 9164 91 9166 78
9166 3 5640 59 9165 78 9167 83
9167 4 4235 90 6811 9 9166 83 9168 97
9168 2 9167 97 9169 95
9169 7 161 51 2416 64 5047 77 8411 53 9168 95 9170 93 9510 62
9170 4 4914 2 9169 93 9171 93 9650 21
9171 5 1523 41 1793 30 2174 25 9170 93 9172 67
9172 7 3417 22 6031 100 6126 11 6730 74 7589 72 9171 67 9173 50
9173 3 4532 5 9172 50 9174 51
9174 3 5137 73 9173 51 9175 28
9175 4 2051 27 9030 65 9174 28 9176 90
9176 4 6201 25 8605 53 9175 90 9177 49
9177 2 9176 49 9178 16
9178 4 5277 75 5394 31 9177 16 9179 76
9179 2 9178 76 9180 16
9180 3 1024 15 9179 16 9181 80
9181 6 300 49 734 79 3435 96 4567 48 9180 80 9182 34
9182 3 9181 34 9183 31 9984 79
9183 5 6111 20 7074 73 9182 31 9184 100 9412 78
9184 3 9183 100 9185 65 9297 29
9185 5 3203 89 6056 91 8976 29 9184 65 9186 3
9186 5 4567 45 5867 99 6354 19 9185 3 9187 35
9187 6 2422 82 2544 13 6176 67 8451 91 9186 35 9188 93
9188 3 7235 95 9187 93 9189 59
9189 4 3923 75 7576 37 9188 59 9190 60
9190 2 9189 60 9191 64
9191 3 2124 24 9190 64 9192 90
9192 5 3449 16 5793 96 7815 5 9191 90 9193 97
9193 3 7116 75 9192 97 9194 60
9194 5 19 18 4858 8 8891 22 9193 60 9195 29
9195 4 3276 16 6974 75 9194 29 9196 15
9196 4 123 24 5193 64 9195 15 9197 68
9197 5 3101 52 3690 96 3894 16 9196 68 9198 50
9198 5 2969 27 4944 36 9130 75 9197 50 9199 78
9199 7 1097 34 3511 61 4432 65 5137 24 8929 78 9198 78 9200 83
9200 4 1839 80 2573 89 9199 83 9201 13
9201 4 2815 54 5448 65 9200 13 9202 58
9202 3 4567 91 9201 58 9203 67
9203 2 9202 67 9204 45
9204 6 1758 55 2471 71 7312 61 7757 47 9203 45 9205 23
9205 4 2384 3 6151 24 9204 23 9206 81
9206 7 2496 40 6651 68 6674 40 8480 88 8593 88 9205 81 9207 44
9207 5 142 36 4329 50 6435 72 9206 44 9208 36
9208 5 3949 85 6380 14 9207 36 9209 44 9518 8
9209 6 53 53 232 94 3819 32 8309 88 9208 44 9210 18
9210 4 3845 100 8912 7 9209 18 9211 70
9211 6 4213 95 4425 41 5497 45 6270 38 9210 70 9212 40
9212 4 388 6 3156 46 9211 40 9213 74
9213 2 9212 74 9214 32
9214 3 7819 64 9213 32 9215 30
9215 5 6696 55 6902 85 7425 100 9214 30 9216 22
9216 6 4702 35 5921 88 6638 81 7571 40 9215 22 9217 46
9217 2 9216 46 9218 54
9218 6 2176 66 3738 85 5963 60 7550 67 9217 54 9219 84
9219 3 9218 84 9220 48 9388 82
9220 7 642 18 5213 53 6391 81 7158 5 7391 70 9219 48 9221 82
9221 4 3359 19 6043 12 9220 82 9222 66
9222 5 3527 78 4612 7 7092 56 9221 66 9223 33
9223 3 9222 33 9224 63 9358 39
9224 4 281 26 2971 46 9223 63 9225 69
9225 3 8839 26 9224 69 9226 94
9226 4 4727 29 9225 94 9227 12 9603 2
9227 5 4849 18 7189 10 8775 70 9226 12 9228 80
9228 2 9227 80 9229 33
9229 3 4302 8 9228 33 9230 98
9230 4 1467 1 3455 16 9229 98 9231 89
9231 5 329 68 513 92 8557 15 9230 89 9232 16
9232 5 1100 12 1783 17 6396 50 9231 16 9233 71
9233 3 9232 71 9234 54 9989 39
9234 3 4701 94 9233 54 9235 61
9235 5 144 22 3062 78 4146 51 9234 61 9236 69
9236 5 3118 5 5717 46 6150 67 9235 69 9237 62
9237 3 4071 51 9236 62 9238 62
9238 3 6746 15 9237 62 9239 60
9239 4 1914 82 9075 43 9238 60 9240 22
9240 2 9239 22 9241 60
9241 4 3367 66 9240 60 9242 100 9261 9
9242 2 9241 100 9243 34
9243 3 9242 34 9244 62 9578 76
9244 5 185 6 2275 50 9243 62 9245 40 9387 86
9245 4 6048 76 6538 64 9244 40 9246 56
9246 6 2085 38 2750 35 5639 7 9245 56 9247 75 9751 25
9247 2 9246 75 9248 14
9248 6 2763 33 3091 82 3343 19 4482 67 9247 14 9249 25
9249 2 9248 25 9250 68
9250 5 3063 80 5694 56 6220 18 9249 68 9251 56
9251 3 2062 13 9250 56 9252 1
9252 5 4620 47 4711 30 9075 1 9251 1 9253 54
9253 4 2169 33 6240 85 9252 54 9254 13
9254 4 7 19 9253 13 9255 75 9960 34
9255 5 560 15 3466 69 7012 94 9254 75 9256 95
9256 3 5445 84 9255 95 9257 97
9257 2 9256 97 9258 44
9258 4 3588 57 3792 33 9257 44 9259 35
9259 6 976 86 1027 35 6605 69 6719 22 9258 35 9260 73
9260 3 1841 34 9259 73 9261 41
9261 3 9241 9 9260 41 9262 88
9262 4 3324 38 9261 88 9263 16 9926 18
9263 4 4287 78 6178 33 9262 16 9264 43
9264 4 3629 10 9263 43 9265 89 9557 95
9265 4 8840 77 8893 86 9264 89 9266 41
9266 3 8607 80 9265 41 9267 13
9267 5 2171 23 2214 42 8983 28 9266 13 9268 23
9268 2 9267 23 9269 40
9269 4 3473 98 3998 79 9268 40 9270 90
9270 6 292 67 5706 41 7151 50 8461 92 9269 90 9271 28
9271 5 5443 1 6980 29 8563 47 9270 28 9272 89
9272 5 10 3 663 25 1271 30 9271 89 9273 50
9273 4 3464 26 7909 93 9272 50 9274 6
9274 5 625 42 4145 73 8830 27 9273 6 9275 72
9275 3 5357 29 9274 72 9276 56
9276 3 4000 67 9275 56 9277 84
9277 3 4845 100 9276 84 9278 91
9278 3 6172 16 9277 91 9279 78
9279 5 4194 70 4535 35 7590 11 9278 78 9280 49
9280 5 1743 41 6590 94 8762 17 9279 49 9281 64
9281 6 2914 34 3478 28 6334 98 8922 39 9280 64 9282 41
9282 3 5698 53 9281 41 9283 60
9283 6 2913 36 4923 77 5913 59 8596 92 9282 60 9284 22
9284 3 622 61 9283 22 9285 76
9285 5 5376 52 7949 82 8565 15 9284 76 9286 87
9286 5 465 85 4253 75 7064 89 9285 87 9287 54
9287 3 471 86 9286 54 9288 3
9288 4 5895 70 7501 64 9287 3 9289 13
9289 4 353 42 610 68 9288 13 9290 72
9290 4 1025 68 1731 70 9289 72 9291 62
9291 3 9290 62 9292 22 9390 85
9292 2 9291 22 9293 36
9293 4 2280 32 7103 2 9292 36 9294 96
9294 2 9293 96 9295 48
9295 2 9294 48 9296 91
9296 2 9295 91 9297 80
9297 5 1835 48 2847 67 9184 29 9296 80 9298 82
9298 3 3688 18 9297 82 9299 8
9299 5 37 21 908 16 2724 96 9298 8 9300 31
9300 3 7603 73 9299 31 9301 99
9301 6 2788 86 3617 66 5203 42 6037 23 9300 99 9302 99
9302 7 259 65 1094 64 7318 73 9301 99 9303 45 9481 18 9973 44
9303 4 3565 92 5084 18 9302 45 9304 22
9304 4 1609 24 8899 30 9303 22 9305 14
9305 5 1634 38 5274 78 9045 80 9304 14 9306 43
9306 4 416 49 2191 53 9305 43 9307 14
9307 5 4481 13 6898 25 8494 79 9306 14 9308 55
9308 3 5506 96 9307 55 9309 30
9309 3 6587 60 9308 30 9310 18
9310 4 2723 69 7102 70 9309 18 9311 2
9311 6 3082 86 5846 83 6911 72 9310 2 9312 58 9512 40
9312 3 5341 24 9311 58 9313 84
9313 5 2981 89 4495 89 6274 50 9312 84 9314 65
9314 2 9313 65 9315 35
9315 4 1533 78 7111 92 9314 35 9316 11
9316 4 1625 69 7868 67 9315 11 9317 46
9317 4 1087 33 1270 29 9316 46 9318 93
9318 2 9317 93 9319 80
9319 4 1288 38 9142 52 9318 80 9320 72
9320 2 9319 72 9321 91
9321 3 4427 3 9320 91 9322 1
9322 3 6786 25 9321 1 9323 33
9323 7 147 25 1415 23 7818 26 8360 18 8924 35 9322 33 9324 14
9324 5 1289 54 2919 1 5116 17 9323 14 9325 70
9325 4 4010 22 8647 53 9324 70 9326 81
9326 4 5368 20 7079 24 9325 81 9327 61
9327 3 8306 69 9326 61 9328 54
9328 4 3394 38 5440 95 9327 54 9329 46
9329 3 6563 84 9328 46 9330 4
9330 6 5445 100 6405 93 6664 57 9329 4 9331 95 9798 57
9331 4 4633 28 6569 17 9330 95 9332 71
9332 5 4722 6 7256 27 8510 2 9331 71 9333 25
9333 4 541 28 8057 96 9332 25 9334 9
9334 4 7654 81 9333 9 9335 58 9894 26
9335 2 9334 58 9336 41
9336 6 1423 12 2904 48 5980 54 8350 16 9335 41 9337 9
9337 3 7438 62 9336 9 9338 75
9338 6 114 58 1733 24 2549 73 8114 12 9337 75 9339 22
9339 2 9338 22 9340 47
9340 6 1477 58 3277 14 4002 32 9339 47 9341 15 9618 68
9341 4 786 50 3855 79 9340 15 9342 14
9342 5 2312 45 3757 49 6005 33 9341 14 9343 48
9343 6 2693 48 3457 8 4406 35 6393 6 9342 48 9344 2
9344 2 9343 2 9345 39
9345 3 8347 40 9344 39 9346 30
9346 3 8296 89 9345 30 9347 79
9347 3 2530 57 9346 79 9348 76
9348 3 1216 80 9347 76 9349 32
9349 5 7170 91 7781 18 9056 23 9348 32 9350 93
9350 4 5751 61 8231 58 9349 93 9351 71
9351 4 792 52 4661 27 9350 71 9352 98
9352 3 8432 40 9351 98 9353 4
9353 6 79 18 1898 9 5245 74 7993 19 9352 4 9354 31
9354 5 2686 88 6213 9 7974 50 9353 31 9355 2
9355 4 2613 51 9354 2 9356 80 9561 35
9356 3 2918 55 9355 80 9357 59
9357 5 897 63 8536 1 9356 59 9358 40 9436 91
9358 3 9223 39 9357 40 9359 1
9359 4 4959 35 6887 42 9358 1 9360 75
9360 4 728 37 5058 25 9359 75 9361 43
9361 3 6342 58 9360 43 9362 17
9362 6 2533 61 3890 56 5421 60 8770 15 9361 17 9363 57
9363 4 2928 75 5084 88 9362 57 9364 99
9364 5 1315 10 1582 59 9363 99 9365 62 9627 71
9365 3 685 30 9364 62 9366 37
9366 4 3920 93 5340 96 9365 37 9367 8
9367 4 2058 3 8711 27 9366 8 9368 78
9368 2 9367 78 9369 66
9369 6 5526 86 5766 7 6446 82 7064 87 9368 66 9370 43
9370 4 3502 65 7572 24 9369 43 9371 2
9371 3 3583 96 9370 2 9372 77
9372 4 3672 3 7299 88 9371 77 9373 14
9373 8 2293 56 2888 30 3608 3 4503 3 5075 94 6901 38 9372 14 9374 74
9374 6 5369 35 6807 66 8557 64 9373 74 9375 24 9379 38
9375 2 9374 24 9376 37
9376 4 5984 93 8882 22 9375 37 9377 68
9377 8 921 47 2386 87 4719 39 6586 4 8693 26 9376 68 9378 37 9783 57
9378 4 3320 46 9377 37 9379 8 9775 13
9379 3 9374 38 9378 8 9380 62
9380 5 1529 47 4628 77 5129 67 9379 62 9381 39
9381 6 2074 61 2418 46 3910 61 6066 60 9380 39 9382 58
9382 5 1172 63 6254 28 7160 43 9381 58 9383 44
9383 5 2734 92 6026 3 6903 81 9382 44 9384 62
9384 3 6870 63 9383 62 9385 74
9385 4 2242 4 4530 85 9384 74 9386 37
9386 4 6026 28 8650 18 9385 37 9387 93
9387 4 5633 75 9244 86 9386 93 9388 4
9388 7 570 83 1464 29 9219 82 9387 4 9389 83 9527 99 9974 73
9389 5 628 38 4756 64 7736 64 9388 83 9390 18
9390 4 1187 88 9291 85 9389 18 9391 8
9391 4 7400 86 9089 78 9390 8 9392 20
9392 5 637 35 5012 80 8032 21 9391 20 9393 69
9393 4 747 20 3486 23 9392 69 9394 96
9394 2 9393 96 9395 61
9395 3 3875 26 9394 61 9396 75
9396 4 6355 2 8498 70 9395 75 9397 70
9397 4 1188 100 9150 23 9396 70 9398 16
9398 5 1542 7 1821 46 7024 77 9397 16 9399 48
9399 4 451 87 3133 78 9398 48 9400 9
9400 4 1890 42 7773 69 9399 9 9401 67
9401 3 6401 73 9400 67 9402 1
9402 3 7048 96 9401 1 9403 45
9403 5 2325 30 4508 37 8954 33 9402 45 9404 34
9404 3 1575 46 9403 34 9405 89
9405 3 839 17 9404 89 9406 58
9406 4 5225 5 5648 20 9405 58 9407 61
9407 7 456 74 502 76 7058 44 8195 12 9406 61 9408 27 9935 38
9408 6 1075 21 1235 40 5216 35 7896 67 9407 27 9409 19
9409 3 2915 60 9408 19 9410 6
9410 4 1020 11 9409 6 9411 70 9806 86
9411 3 7217 22 9410 70 9412 6
9412 9 110 95 1289 60 4787 100 6249 81 7711 5 8569 10 9183 78 9411 6 9413 16
9413 4 1420 6 3299 20 9412 16 9414 1
9414 5 3348 90 6717 13 7772 63 9413 1 9415 43
9415 3 2521 92 9414 43 9416 81
9416 3 1865 31 9415 81 9417 95
9417 2 9416 95 9418 98
9418 4 2875 96 8014 71 9417 98 9419 33
9419 5 6274 9 7911 100 9418 33 9420 49 9531 70
9420 2 9419 49 9421 55
9421 4 6624 93 9420 55 9422 7 9725 89
9422 7 374 61 1986 97 5452 77 7639 53 9421 7 9423 46 9755 90
9423 2 9422 46 9424 2
9424 2 9423 2 9425 60
9425 3 5501 33 9424 60 9426 35
9426 2 9425 35 9427 66
9427 4 3206 11 6525 45 9426 66 9428 18
9428 3 4117 4 9427 18 9429 34
9429 5 562 24 2742 18 4519 85 9428 34 9430 73
9430 6 821 31 2813 80 3482 78 6903 28 9429 73 9431 12
9431 7 1369 10 2771 31 6842 20 6972 28 8615 48 9430 12 9432 85
9432 6 943 83 3550 7 4082 83 8467 23 9431 85 9433 61
9433 4 1035 59 6963 85 9432 61 9434 89
9434 3 4961 12 9433 89 9435 4
9435 4 581 11 2119 65 9434 4 9436 30
9436 5 6045 25 8847 49 9357 91 9435 30 9437 97
9437 4 2547 47 6427 4 9436 97 9438 98
9438 5 109 13 2016 2 3723 80 9437 98 9439 45
9439 2 9438 45 9440 48
9440 4 361 3 4041 79 9439 48 9441 39
9441 2 9440 39 9442 49
9442 5 668 88 5637 51 9441 49 9443 65 9485 49
9443 3 9442 65 9444 34 9500 68
9444 7 2508 73 2695 22 3283 16 5665 72 8675 93 9443 34 9445 80
9445 3 4984 79 9444 80 9446 84
9446 3 6885 92 9445 84 9447 73
9447 5 2173 84 7030 62 8320 36 9446 73 9448 3
9448 3 8610 11 9447 3 9449 3
9449 5 3179 89 3380 65 6319 69 9448 3 9450 26
9450 5 7236 59 8278 39 9449 26 9451 91 9967 97
9451 4 8415 59 9450 91 9452 21 9998 18
9452 3 1857 20 9451 21 9453 69
9453 3 787 60 9452 69 9454 35
9454 3 7737 36 9453 35 9455 28
9455 2 9454 28 9456 76
9456 4 4088 9 8933 73 9455 76 9457 100
9457 3 6364 23 9456 100 9458 44
9458 6 325 50 989 85 6968 39 9457 44 9459 79 9582 94
9459 5 2250 46 4733 88 6709 23 9458 79 9460 15
9460 4 5007 12 7032 47 9459 15 9461 42
9461 7 317 21 2690 83 5631 11 5645 79 6487 91 9460 42 9462 4
9462 2 9461 4 9463 88
9463 4 2025 13 5127 45 9462 88 9464 5
9464 3 6396 38 9463 5 9465 52
9465 3 3318 38 9464 52 9466 30
9466 7 118 16 1330 8 2162 93 4486 99 6368 64 9465 30 9467 27
9467 6 2235 25 2561 35 5556 92 7125 42 9466 27 9468 13
9468 3 6914 37 9467 13 9469 45
9469 5 4892 2 5451 31 5912 33 9468 45 9470 21
9470 4 2669 56 4914 46 9469 21 9471 96
9471 4 237 26 3831 28 9470 96 9472 4
9472 3 8185 32 9471 4 9473 64
9473 4 7355 7 7887 98 9472 64 9474 46
9474 5 538 74 6470 99 8683 44 9473 46 9475 7
9475 4 5467 14 6699 41 9474 7 9476 59
9476 5 92 74 7490 9 8270 1 9475 59 9477 2
9477 3 6062 80 9476 2 9478 23
9478 4 147 38 2570 49 9477 23 9479 95
9479 3 1095 12 9478 95 9480 82
9480 7 4422 74 5200 100 6440 38 7283 56 8429 17 9479 82 9481 14
9481 6 3788 100 5929 11 8960 96 9302 18 9480 14 9482 83
9482 2 9481 83 9483 4
9483 5 3774 72 3845 72 5927 74 9482 4 9484 53
9484 4 3933 4 9483 53 9485 71 9557 19
9485 4 4816 54 9442 49 9484 71 9486 76
9486 3 7513 86 9485 76 9487 54
9487 5 293 89 3685 36 5335 67 9486 54 9488 69
9488 4 351 82 957 12 9487 69 9489 13
9489 3 3254 22 9488 13 9490 72
9490 3 7024 24 9489 72 9491 49
9491 5 1724 31 3376 29 7081 53 9490 49 9492 75
9492 3 2866 95 9491 75 9493 15
9493 4 1338 2 5010 26 9492 15 9494 9
9494 5 1524 76 5350 54 7030 17 9493 9 9495 1
9495 8 1843 93 2705 83 4049 78 4851 61 7904 32 8725 68 9494 1 9496 79
9496 3 6079 4 9495 79 9497 62
9497 2 9496 62 9498 71
9498 4 6962 11 8834 89 9497 71 9499 27
9499 3 2043 54 9498 27 9500 28
9500 4 6017 64 9443 68 9499 28 9501 52
9501 4 4541 69 5909 37 9500 52 9502 82
9502 5 1543 99 5254 73 5973 25 9501 82 9503 35
9503 3 3545 25 9502 35 9504 28
9504 4 6161 59 6984 85 9503 28 9505 15
9505 6 659 16 1372 51 2588 4 4116 16 9504 15 9506 10
9506 3 2833 85 9505 10 9507 64
9507 2 9506 64 9508 10
9508 4 710 63 7134 40 9507 10 9509 13
9509 4 2282 51 7592 44 9508 13 9510 1
9510 3 9169 62 9509 1 9511 57
9511 8 95 57 426 43 1143 34 2952 91 2962 2 7955 27 9510 57 9512 93
9512 6 21 78 7775 19 8840 98 9311 40 9511 93 9513 11
9513 5 6443 29 7139 68 7421 2 9512 11 9514 74
9514 4 3323 94 9513 74 9515 34 9810 91
9515 6 716 21 1056 88 5016 8 6741 90 9514 34 9516 41
9516 3 5166 79 9515 41 9517 66
9517 3 8142 84 9516 66 9518 71
9518 6 3233 15 4191 35 4931 14 9208 8 9517 71 9519 27
9519 4 6362 90 7290 97 9518 27 9520 35
9520 4 3184 84 5828 45 9519 35 9521 5
9521 5 2645 62 3686 34 8436 51 9520 5 9522 84
9522 2 9521 84 9523 88
9523 4 1132 28 2925 40 9522 88 9524 14
9524 4 6446 58 9523 14 9525 36 9818 75
9525 2 9524 36 9526 6
9526 2 9525 6 9527 46
9527 3 9388 99 9526 46 9528 39
9528 4 2415 18 9527 39 9529 46 9669 11
9529 3 7355 20 9528 46 9530 36
9530 4 2229 82 9529 36 9531 97 9916 21
9531 5 3652 57 9419 70 9530 97 9532 36 9704 68
9532 3 5570 82 9531 36 9533 5
9533 4 2887 16 7423 47 9532 5 9534 61
9534 5 1970 95 4965 82 6381 79 9533 61 9535 75
9535 4 1574 80 1754 39 9534 75 9536 72
9536 3 3072 7 9535 72 9537 9
9537 3 388 94 9536 9 9538 83
9538 2 9537 83 9539 38
9539 5 23 36 3970 88 4945 84 9538 38 9540 78
9540 2 9539 78 9541 19
9541 5 10 49 4807 19 5321 43 9540 19 9542 76
9542 3 6611 42 9541 76 9543 27
9543 4 3728 85 9122 52 9542 27 9544 80
9544 5 2785 51 4235 62 6031 90 9543 80 9545 44
9545 4 5079 98 5321 27 9544 44 9546 36
9546 5 566 22 887 75 2347 61 9545 36 9547 20
9547 4 1218 79 1793 17 9546 20 9548 9
9548 7 779 33 5990 47 6178 65 7483 42 8593 28 9547 9 9549 85
9549 3 268 94 9548 85 9550 65
9550 3 8114 94 9549 65 9551 50
9551 3 5709 62 9550 50 9552 90
9552 3 5682 36 9551 90 9553 92
9553 4 1635 33 6245 100 9552 92 9554 7
9554 5 4138 19 5087 98 6701 83 9553 7 9555 76
9555 3 1441 92 9554 76 9556 49
9556 3 2736 7 9555 49 9557 35
9557 6 4030 57 9264 95 9484 19 9556 35 9558 58 9767 41
9558 3 6417 41 9557 58 9559 28
9559 2 9558 28 9560 43
9560 5 1847 62 2461 12 6973 17 9559 43 9561 67
9561 4 7974 66 9355 35 9560 67 9562 28
9562 3 5131 30 9561 28 9563 56
9563 3 8216 88 9562 56 9564 5
9564 3 2267 89 9563 5 9565 36
9565 3 7082 26 9564 36 9566 74
9566 3 6692 61 9565 74 9567 35
9567 5 1075 75 3418 59 5556 99 9566 35 9568 95
9568 2 9567 95 9569 77
9569 4 2121 74 7848 12 9568 77 9570 98
9570 4 577 26 5723 66 9569 98 9571 73
9571 4 422 79 2570 48 9570 73 9572 3
9572 6 218 6 1828 32 4958 90 5504 64 9571 3 9573 42
9573 3 5258 78 9572 42 9574 21
9574 5 3426 66 4504 20 6344 2 9573 21 9575 45
9575 3 6048 60 9574 45 9576 58
9576 2 9575 58 9577 71
9577 4 2332 54 5475 58 9576 71 9578 18
9578 5 302 34 3938 80 9243 76 9577 18 9579 87
9579 4 4181 84 8971 37 9578 87 9580 7
9580 3 3007 93 9579 7 9581 26
9581 4 1448 95 8409 60 9580 26 9582 23
9582 6 1139 18 6533 79 7973 44 9458 94 9581 23 9583 8
9583 4 2671 73 2779 64 9582 8 9584 7
9584 3 2134 64 9583 7 9585 63
9585 2 9584 63 9586 88
9586 2 9585 88 9587 57
9587 3 58 30 9586 57 9588 46
9588 3 1749 49 9587 46 9589 14
9589 4 4570 43 7207 63 9588 14 9590 66
9590 3 2030 94 9589 66 9591 81
9591 2 9590 81 9592 85
9592 5 804 35 1752 85 9591 85 9593 2 9699 76
9593 3 4035 97 9592 2 9594 14
9594 4 4924 93 7402 76 9593 14 9595 11
9595 3 1355 65 9594 11 9596 17
9596 6 1953 45 4485 6 5426 26 7756 41 9595 17 9597 51
9597 2 9596 51 9598 49
9598 2 9597 49 9599 100
9599 3 7441 18 9598 100 9600 69
9600 3 4885 45 9599 69 9601 87
9601 5 3176 34 5892 56 7893 47 9600 87 9602 78
9602 3 8830 20 9601 78 9603 23
9603 4 814 5 9226 2 9602 23 9604 56
9604 6 1214 32 7699 67 7934 27 8862 11 9603 56 9605 15
9605 6 163 84 4378 59 4479 50 8846 91 9604 15 9606 6
9606 3 6057 53 9605 6 9607 81
9607 4 3963 63 6825 60 9606 81 9608 43
9608 3 2977 41 9607 43 9609 55
9609 3 2989 76 9608 55 9610 6
9610 4 4943 88 7799 47 9609 6 9611 22
9611 3 1684 8 9610 22 9612 4
9612 4 4404 27 8576 44 9611 4 9613 26
9613 6 1652 71 1662 62 5627 58 9612 26 9614 87 9621 51
9614 5 1739 65 2279 55 7731 20 9613 87 9615 79
9615 4 4973 33 9614 79 9616 30 9927 95
9616 4 5048 30 5075 83 9615 30 9617 87
9617 9 51 6 161 78 2879 63 2973 2 6050 98 7167 92 9616 87 9618 42 9789 5
9618 4 8761 50 9340 68 9617 42 9619 10
9619 4 3833 34 4897 70 9618 10 9620 74
9620 3 6221 95 9619 74 9621 38
9621 4 4193 83 9613 51 9620 38 9622 74
9622 3 1701 48 9621 74 9623 66
9623 4 5459 61 8241 9 9622 66 9624 100
9624 5 1909 75 6423 26 8244 83 9623 100 9625 33
9625 6 3079 40 3742 83 5012 20 6957 86 9624 33 9626 47
9626 2 9625 47 9627 11
9627 5 4830 7 5411 19 9364 71 9626 11 9628 60
9628 4 7697 42 8040 58 9627 60 9629 76
9629 4 3017 25 9088 35 9628 76 9630 38
9630 3 5477 44 9629 38 9631 91
9631 5 3217 29 4122 26 5449 60 9630 91 9632 1
9632 4 4279 9 6727 62 9631 1 9633 66
9633 5 3698 76 6884 92 9632 66 9634 75 9898 18
9634 6 1260 18 3139 62 6240 46 6892 17 9633 75 9635 25
9635 3 7402 20 9634 25 9636 97
9636 3 1790 19 9635 97 9637 36
9637 6 2116 28 2621 62 6107 64 8517 74 9636 36 9638 54
9638 3 4043 100 9637 54 9639 24
9639 4 6866 74 7087 14 9638 24 9640 9
9640 4 1811 63 9639 9 9641 67 9873 63
9641 4 367 72 7206 96 9640 67 9642 67
9642 3 1277 59 9641 67 9643 28
9643 4 3913 25 7441 36 9642 28 9644 66
9644 3 4935 90 9643 66 9645 70
9645 4 4083 80 8968 19 9644 70 9646 39
9646 7 1578 34 3306 5 5681 15 8141 36 8628 98 9645 39 9647 87
9647 5 2044 48 4890 1 6970 6 9646 87 9648 67
9648 4 1981 55 8185 87 9647 67 9649 82
9649 2 9648 82 9650 31
9650 5 1762 20 2611 27 9170 21 9649 31 9651 93
9651 3 505 87 9650 93 9652 94
9652 5 2914 85 5331 20 8395 41 9651 94 9653 31
9653 4 1703 10 8339 83 9652 31 9654 39
9654 3 1379 49 9653 39 9655 24
9655 4 89 13 2700 98 9654 24 9656 100
9656 6 1259 54 3302 57 3790 3 4556 19 9655 100 9657 43
9657 7 764 47 1325 16 3978 60 8031 88 8973 26 9656 43 9658 64
9658 7 2384 89 2969 69 4358 61 4845 46 7639 9 9657 64 9659 59
9659 3 1621 60 9658 59 9660 8
9660 3 8365 86 9659 8 9661 2
9661 2 9660 2 9662 3
9662 3 3931 34 9661 3 9663 63
9663 6 902 75 1145 23 2870 68 4703 78 9662 63 9664 54
9664 3 6884 26 9663 54 9665 99
9665 2 9664 99 9666 48
9666 2 9665 48 9667 52
9667 4 1859 41 5932 99 9666 52 9668 18
9668 3 2173 54 9667 18 9669 75
9669 5 7669 11 7872 63 9528 11 9668 75 9670 63
9670 3 4970 64 9669 63 9671 87
9671 4 3332 22 3580 75 9670 87 9672 85
9672 4 5057 57 7861 43 9671 85 9673 44
9673 2 9672 44 9674 39
9674 5 968 40 4165 29 6736 23 9673 39 9675 97
9675 3 3653 98 9674 97 9676 20
9676 5 200 9 8594 96 9675 20 9677 87 9892 12
9677 6 772 59 953 76 1924 56 8325 71 9676 87 9678 1
9678 2 9677 1 9679 9
9679 3 5846 9 9678 9 9680 30
9680 4 3479 71 3795 48 9679 30 9681 18
9681 6 1905 15 3525 36 5663 45 8302 58 9680 18 9682 61
9682 3 1666 79 9681 61 9683 18
9683 4 3751 93 8111 27 9682 18 9684 3
9684 4 1422 42 7538 93 9683 3 9685 2
9685 4 5088 62 5504 25 9684 2 9686 70
9686 3 7679 12 9685 70 9687 43
9687 3 2505 74 9686 43 9688 25
9688 2 9687 25 9689 10
9689 4 5210 26 5361 75 9688 10 9690 31
9690 4 4662 5 6591 79 9689 31 9691 90
9691 4 2313 70 5744 19 9690 90 9692 53
9692 5 3285 83 4482 38 5565 2 9691 53 9693 86
9693 4 1415 6 8304 33 9692 86 9694 79
9694 4 737 90 767 39 9693 79 9695 27
9695 6 30 31 48 84 1654 12 7779 89 9694 27 9696 98
9696 4 676 8 8841 18 9695 98 9697 31
9697 4 5929 93 6833 35 9696 31 9698 38
9698 4 2036 97 3579 36 9697 38 9699 79
9699 4 7243 40 9592 76 9698 79 9700 58
9700 3 4979 96 9699 58 9701 86
9701 5 3234 100 5967 84 8046 48 9700 86 9702 93
9702 5 655 82 3727 18 8792 62 9701 93 9703 24
9703 5 66 34 8589 72 9144 12 9702 24 9704 94
9704 4 6887 41 9531 68 9703 94 9705 35
9705 6 1298 12 1536 70 3217 48 7055 81 9704 35 9706 60
9706 3 2142 33 9705 60 9707 37
9707 5 1045 57 5342 65 8546 27 9706 37 9708 29
9708 4 948 20 2816 88 9707 29 9709 2
9709 3 2709 6 9708 2 9710 19
9710 3 8162 31 9709 19 9711 86
9711 7 37 100 204 32 4647 67 9075 11 9133 21 9710 86 9712 57
9712 6 2204 44 2562 64 3363 32 9711 57 9713 93 9934 34
9713 4 3714 69 8391 70 9712 93 9714 25
9714 2 9713 25 9715 85
9715 4 2590 99 3410 13 9714 85 9716 63
9716 5 695 89 4954 98 6925 44 9715 63 9717 35
9717 2 9716 35 9718 62
9718 5 2895 21 7359 72 8484 91 9717 62 9719 84
9719 4 2835 19 2901 80 9718 84 9720 77
9720 5 4312 94 4365 100 7214 10 9719 77 9721 60
9721 3 5852 86 9720 60 9722 10
9722 3 4466 8 9721 10 9723 38
9723 5 733 88 4605 80 6802 59 9722 38 9724 48
9724 3 117 68 9723 48 9725 9
9725 3 9421 89 9724 9 9726 65
9726 3 8973 68 9725 65 9727 6
9727 5 940 44 2238 21 8645 23 9726 6 9728 75
9728 3 7040 49 9727 75 9729 54
9729 5 291 42 2295 76 6852 35 9728 54 9730 31
9730 5 4622 76 8319 92 8589 61 9729 31 9731 54
9731 4 1629 42 9730 54 9732 78 9759 49
9732 3 6019 94 9731 78 9733 44
9733 3 7967 43 9732 44 9734 49
9734 3 2688 52 9733 49 9735 92
9735 5 1164 96 5490 8 7212 23 9734 92 9736 29
9736 4 259 91 5770 71 9735 29 9737 30
9737 5 929 30 1050 51 9736 30 9738 36 9829 80
9738 4 1452 7 4464 72 9737 36 9739 21
9739 4 868 96 9051 65 9738 21 9740 72
9740 3 1940 60 9739 72 9741 89
9741 4 3749 52 5148 91 9740 89 9742 99
9742 5 788 38 2439 99 8275 8 9741 99 9743 97
9743 3 2249 27 9742 97 9744 92
9744 6 1062 4 2120 98 2514 43 7620 71 9743 92 9745 86
9745 3 6985 63 9744 86 9746 76
9746 6 2846 44 6487 96 7670 23 9745 76 9747 4 9885 48
9747 4 2610 89 5393 71 9746 4 9748 90
9748 4 1301 6 8344 9 9747 90 9749 91
9749 5 2397 84 6449 81 7185 88 9748 91 9750 37
9750 5 2048 86 3775 39 9106 24 9749 37 9751 44
9751 4 8309 45 9246 25 9750 44 9752 45
9752 2 9751 45 9753 66
9753 7 1755 31 2971 95 3571 86 8587 77 9063 14 9752 66 9754 39
9754 3 5485 87 9753 39 9755 55
9755 6 436 42 5732 70 8522 54 9422 90 9754 55 9756 46
9756 6 671 28 2141 22 5292 23 8385 95 9755 46 9757 58
9757 5 4225 75 7591 48 8741 62 9756 58 9758 25
9758 5 4305 12 6470 77 7075 89 9757 25 9759 13
9759 3 9731 49 9758 13 9760 86
9760 4 2480 11 6866 30 9759 86 9761 64
9761 4 5414 75 5464 75 9760 64 9762 50
9762 2 9761 50 9763 77
9763 3 5256 7 9762 77 9764 22
9764 4 2144 99 7984 91 9763 22 9765 42
9765 4 598 2 6949 67 9764 42 9766 18
9766 3 1221 81 9765 18 9767 43
9767 8 664 10 1514 95 4993 42 5082 33 6288 4 9557 41 9766 43 9768 37
9768 5 3862 5 6642 59 6779 41 9767 37 9769 17
9769 4 2746 73 8126 55 9768 17 9770 14
9770 3 4721 82 9769 14 9771 65
9771 3 3991 25 9770 65 9772 23
9772 4 4089 12 5738 79 9771 23 9773 41
9773 2 9772 41 9774 38
9774 3 8957 61 9773 38 9775 38
9775 7 1677 64 4438 14 5423 65 7473 20 9378 13 9774 38 9776 39
9776 5 1260 91 3106 6 3557 29 9775 39 9777 42
9777 3 7537 79 9776 42 9778 89
9778 3 260 33 9777 89 9779 36
9779 5 1036 15 7457 84 8515 67 9778 36 9780 17
9780 3 3567 40 9779 17 9781 74
9781 4 2056 35 5662 19 9780 74 9782 14
9782 6 4058 58 4840 18 7639 58 7981 77 9781 14 9783 78
9783 4 663 4 9377 57 9782 78 9784 100
9784 4 2775 79 3406 97 9783 100 9785 73
9785 5 383 100 1080 25 2669 76 9784 73 9786 55
9786 7 636 59 854 61 6816 71 7058 14 8057 5 9785 55 9787 38
9787 3 5941 75 9786 38 9788 58
9788 2 9787 58 9789 32
9789 3 9617 5 9788 32 9790 89
9790 5 5301 63 7382 23 8480 25 9789 89 9791 26
9791 2 9790 26 9792 4
9792 3 5429 86 9791 4 9793 94
9793 3 6567 56 9792 94 9794 16
9794 4 884 71 1678 45 9793 16 9795 28
9795 3 3817 75 9794 28 9796 33
9796 3 6679 78 9795 33 9797 30
9797 5 377 13 2136 17 6228 75 9796 30 9798 83
9798 3 9330 57 9797 83 9799 50
9799 3 8499 35 9798 50 9800 24
9800 7 1429 50 3420 40 4697 49 5194 22 5361 6 9799 24 9801 2
9801 4 7719 80 8568 15 9800 2 9802 84
9802 2 9801 84 9803 87
9803 2 9802 87 9804 83
9804 4 6400 23 7876 37 9803 83 9805 89
9805 3 7651 23 9804 89 9806 29
9806 5 4375 71 6779 87 9410 86 9805 29 9807 39
9807 5 605 48 3367 94 6860 72 9806 39 9808 40
9808 4 1457 100 1533 44 9807 40 9809 83
9809 5 8 9 1537 2 7131 74 9808 83 9810 23
9810 3 9514 91 9809 23 9811 89
9811 3 7740 81 9810 89 9812 73
9812 5 7305 73 7789 37 9133 2 9811 73 9813 84
9813 5 1020 20 6173 66 6979 98 9812 84 9814 88
9814 3 6139 97 9813 88 9815 43
9815 2 9814 43 9816 1
9816 6 1427 33 2141 28 3005 16 6908 9 9815 1 9817 40
9817 2 9816 40 9818 40
9818 3 9524 75 9817 40 9819 5
9819 3 2192 67 9818 5 9820 61
9820 3 378 32 9819 61 9821 56
9821 4 2198 27 2656 68 9820 56 9822 81
9822 2 9821 81 9823 83
9823 4 3778 1 6348 7 9822 83 9824 40
9824 4 2076 57 2636 80 9823 40 9825 64
9825 4 3558 95 7492 3 9824 64 9826 78
9826 4 3940 16 6461 8 9825 78 9827 99
9827 4 6742 99 8837 56 9826 99 9828 42
9828 4 5455 37 8499 22 9827 42 9829 30
9829 7 2448 58 2982 17 4303 76 6159 75 9737 80 9828 30 9830 26
9830 6 1704 39 2235 91 7053 37 7176 53 9829 26 9831 41
9831 7 761 40 4388 34 5413 98 8042 4 9041 49 9830 41 9832 44
9832 6 998 1 2882 80 3106 33 8043 80 9831 44 9833 48
9833 4 6335 59 7091 22 9832 48 9834 26
9834 6 1588 57 7113 51 7598 46 8502 99 9833 26 9835 98
9835 5 3634 99 7688 55 8975 69 9834 98 9836 69
9836 6 3588 79 5258 17 6660 99 7994 24 9835 69 9837 37
9837 4 761 62 2587 17 9836 37 9838 85
9838 4 1772 41 7577 50 9837 85 9839 52
9839 2 9838 52 9840 75
9840 4 6273 19 8665 46 9839 75 9841 89
9841 6 2591 18 3446 1 4671 25 5092 98 9840 89 9842 50
9842 6 1614 52 2783 66 5413 35 8770 84 9841 50 9843 71
9843 2 9842 71 9844 37
9844 3 8598 49 9843 37 9845 31
9845 4 330 19 2609 30 9844 31 9846 26
9846 6 934 94 4930 18 5089 26 8281 3 9845 26 9847 5
9847 5 2528 44 4576 100 7738 8 9846 5 9848 31
9848 2 9847 31 9849 66
9849 4 4995 84 5124 18 9848 66 9850 62
9850 6 2593 4 4313 97 5296 21 9058 94 9849 62 9851 100
9851 4 2578 2 3745 16 9850 100 9852 13
9852 6 1513 75 1897 82 2248 46 6886 83 9851 13 9853 49
9853 5 2412 23 4727 71 6521 1 9852 49 9854 8
9854 4 929 94 7612 2 9853 8 9855 85
9855 2 9854 85 9856 25
9856 3 7202 74 9855 25 9857 62
9857 3 7254 60 9856 62 9858 36
9858 8 1085 78 1538 56 5896 1 6264 93 7142 41 8715 21 9857 36 9859 43
9859 5 624 72 1416 38 6867 58 9858 43 9860 30
9860 6 241 73 599 49 680 48 5552 85 9859 30 9861 100
9861 3 3918 71 9860 100 9862 69
9862 6 610 58 3434 10 7278 66 8908 7 9861 69 9863 59
9863 7 1464 78 3901 1 4044 63 4896 77 7559 53 9862 59 9864 75
9864 4 2307 41 6324 98 9863 75 9865 90
9865 2 9864 90 9866 45
9866 2 9865 45 9867 100
9867 3 8525 18 9866 100 9868 1
9868 3 8545 6 9867 1 9869 54
9869 4 956 9 8050 43 9868 54 9870 42
9870 4 3860 50 5340 80 9869 42 9871 82
9871 4 1928 73 8591 86 9870 82 9872 38
9872 3 8347 10 9871 38 9873 26
9873 7 682 20 2441 97 4474 84 7209 95 9640 63 9872 26 9874 36
9874 2 9873 36 9875 51
9875 6 4754 92 5487 67 6433 89 8055 23 9874 51 9876 87
9876 3 6533 17 9875 87 9877 43
9877 5 1159 77 5091 8 6265 23 9876 43 9878 77
9878 3 3665 12 9877 77 9879 17
9879 6 378 29 3663 25 3827 81 8346 90 9878 17 9880 96
9880 5 1617 99 7088 36 7679 88 9879 96 9881 95
9881 4 5653 2 8425 92 9880 95 9882 4
9882 5 5212 34 6738 48 9072 38 9881 4 9883 21
9883 2 9882 21 9884 27
9884 3 741 21 9883 27 9885 53
9885 5 2972 3 5552 31 9746 48 9884 53 9886 2
9886 2 9885 2 9887 83
9887 5 20 41 1166 5 5578 32 9886 83 9888 73
9888 2 9887 73 9889 34
9889 6 466 74 6121 20 6985 66 8238 85 9888 34 9890 54
9890 3 6429 90 9889 54 9891 34
9891 4 1349 92 9045 36 9890 34 9892 84
9892 4 7191 34 9676 12 9891 84 9893 5
9893 6 3697 83 3860 67 5471 1 5604 84 9892 5 9894 70
9894 4 4628 51 9334 26 9893 70 9895 22
9895 3 7536 77 9894 22 9896 92
9896 6 3165 19 6550 40 6575 33 7050 74 9895 92 9897 70
9897 5 4964 97 7770 72 8488 77 9896 70 9898 21
9898 7 2243 78 4002 12 4033 71 7344 75 9633 18 9897 21 9899 14
9899 4 1879 90 6614 97 9898 14 9900 42
9900 3 4475 8 9899 42 9901 38
9901 5 2017 64 2587 23 5502 40 9900 38 9902 10
9902 2 9901 10 9903 58
9903 3 2747 89 9902 58 9904 6
9904 3 6141 8 9903 6 9905 69
9905 3 3328 100 9904 69 9906 10
9906 5 1197 12 3105 65 5419 32 9905 10 9907 38
9907 5 4660 58 6903 32 9906 38 9908 35 9953 33
9908 5 374 36 5664 67 5830 32 9907 35 9909 60
9909 3 7754 46 9908 60 9910 87
9910 4 926 92 6550 21 9909 87 9911 67
9911 3 4153 76 9910 67 9912 100
9912 4 2201 19 8615 91 9911 100 9913 5
9913 4 7309 72 8151 37 9912 5 9914 98
9914 4 5799 8 6878 44 9913 98 9915 20
9915 4 1138 81 8922 15 9914 20 9916 55
9916 6 313 65 7722 20 8011 94 9530 21 9915 55 9917 59
9917 6 2376 55 5371 32 7744 59 8216 90 9916 59 9918 28
9918 4 3996 15 5253 4 9917 28 9919 48
9919 5 70 22 3113 34 8400 62 9918 48 9920 49
9920 6 802 22 3678 52 3827 17 8013 90 9919 49 9921 19
9921 4 483 69 6078 62 9920 19 9922 35
9922 3 6719 83 9921 35 9923 26
9923 4 3507 77 4558 80 9922 26 9924 68
9924 4 1977 65 4054 97 9923 68 9925 10
9925 4 317 32 1544 4 9924 10 9926 89
9926 4 4568 84 9262 18 9925 89 9927 98
9927 7 3032 21 4207 68 4955 5 9096 26 9615 95 9926 98 9928 34
9928 3 1739 58 9927 34 9929 85
9929 4 9131 41 9928 85 9930 74 9938 95
9930 3 3312 60 9929 74 9931 32
9931 5 337 67 3014 51 6349 56 9930 32 9932 36
9932 4 6590 73 6781 18 9931 36 9933 34
9933 6 3232 12 3787 24 3855 90 7448 2 9932 34 9934 16
9934 4 3486 29 9712 34 9933 16 9935 45
9935 4 2375 28 9407 38 9934 45 9936 30
9936 5 5278 63 5333 53 5683 28 9935 30 9937 61
9937 4 975 45 3944 69 9936 61 9938 25
9938 4 5037 41 9929 95 9937 25 9939 8
9939 4 4728 45 6778 5 9938 8 9940 51
9940 4 1388 88 2691 3 9939 51 9941 11
9941 4 6735 58 8320 25 9940 11 9942 52
9942 4 955 35 2875 61 9941 52 9943 96
9943 6 3753 45 4255 14 5292 2 7969 68 9942 96 9944 28
9944 3 4675 22 9943 28 9945 88
9945 3 8140 73 9944 88 9946 46
9946 4 7043 60 7173 56 9945 46 9947 67
9947 4 6001 81 9946 67 9948 9 9996 41
9948 4 2457 93 4642 36 9947 9 9949 47
9949 6 3352 38 7161 41 8008 38 8533 100 9948 47 9950 1
9950 6 330 96 2018 55 2322 82 7736 80 9949 1 9951 37
9951 5 1641 41 2424 72 5621 38 9950 37 9952 52
9952 3 8351 42 9951 52 9953 38
9953 4 392 54 9907 33 9952 38 9954 71
9954 3 3086 34 9953 71 9955 48
9955 4 5715 4 8643 58 9954 48 9956 99
9956 6 2115 87 4934 54 6125 25 8304 30 9955 99 9957 23
9957 5 1086 18 5734 2 7806 66 9956 23 9958 93
9958 2 9957 93 9959 57
9959 4 3323 77 4840 18 9958 57 9960 85
9960 5 3631 56 7500 60 9254 34 9959 85 9961 55
9961 3 5172 22 9960 55 9962 87
9962 4 4443 84 6229 80 9961 87 9963 18
9963 3 7512 42 9962 18 9964 80
9964 5 1470 44 2466 14 5892 24 9963 80 9965 52
9965 2 9964 52 9966 14
9966 5 3181 68 4583 90 8337 77 9965 14 9967 70
9967 4 7122 44 9450 97 9966 70 9968 64
9968 6 3847 98 4269 100 6213 74 7532 34 9967 64 9969 75
9969 6 1380 57 2236 53 3646 63 7287 3 9968 75 9970 93
9970 3 7564 11 9969 93 9971 26
9971 6 383 86 1734 47 4806 94 7764 79 9970 26 9972 92
9972 2 9971 92 9973 36
9973 6 101 51 6001 31 8721 71 9302 44 9972 36 9974 49
9974 4 6739 39 9388 73 9973 49 9975 2
9975 2 9974 2 9976 76
9976 5 4893 48 7660 6 8787 40 9975 76 9977 17
9977 4 6098 96 8424 62 9976 17 9978 53
9978 6 1210 55 2285 55 2752 71 6696 76 9977 53 9979 26
9979 4 6515 99 7975 44 9978 26 9980 1
9980 5 242 16 2001 39 8528 87 9979 1 9981 50
9981 4 775 60 7589 17 9980 50 9982 55
9982 4 269 52 2743 60 9981 55 9983 29
9983 4 1681 7 4969 11 9982 29 9984 32
9984 4 7778 50 9182 79 9983 32 9985 35
9985 2 9984 35 9986 72
9986 5 2012 97 3758 11 7618 9 9985 72 9987 67
9987 3 2803 53 9986 67 9988 64
9988 4 5263 31 5729 5 9987 64 9989 92
9989 4 1537 27 9233 39 9988 92 9990 59
9990 2 9989 59 9991 17
9991 5 556 87 6905 67 6984 81 9990 17 9992 36
9992 5 2724 37 7833 67 8410 9 9991 36 9993 50
9993 4 2470 51 5775 48 9992 50 9994 17
9994 5 2474 9 6127 60 7241 17 9993 17 9995 20
9995 3 8563 33 9994 20 9996 34
9996 4 1023 76 9947 41 9995 34 9997 88
9997 4 7015 43 8812 86 9996 88 9998 24
9998 6 105 65 1511 2 6425 89 9451 18 9997 24 9999 15
9999 5 0 24 1669 5 2724 28 2823 18 9998 15
