10000 40000
0 5 839 2998 5103 5155 5465
1 3 4967 5458 7092
2 2 1334 8509
3 2 3321 9443
4 6 1072 2176 4774 5101 5497 8502
5 4 2211 2439 3067 4505
6 1 432
7 3 7269 9137 9379
8 9 1242 1598 1947 2111 2540 2626 6783 7038 9224
9 8 1135 1587 4533 6294 6924 7406 7952 9151
10 4 1371 2307 5090 7024
11 6 288 4736 5136 8358 8749 9753
12 6 911 1559 4490 6226 8212 9763
13 1 9469
14 3 10 4461 9352
15 2 1021 3918
16 1 3675
17 6 1047 2308 2357 4392 5327 8034
18 2 8875 9534
19 7 2173 3212 4455 6939 7955 9187 9206
20 7 196 1765 3475 5057 5329 7657 8425
21 4 4485 6432 7623 8368
22 4 121 3676 3696 6878
23 6 79 2331 3640 8649 9214 9965
24 3 4304 5167 6076
25 4 599 5183 5905 6364
26 0
27 2 4768 4868
28 2 7505 7832
29 2 4274 9634
30 6 1573 1769 6106 7348 8108 9486
31 4 1148 3393 9064 9628
32 1 9163
33 1 2643
34 2 2652 4818
35 12 38 148 189 208 1633 2022 3130 3529 6167 6558 7003 9367
36 5 698 4203 6229 7026 8663
37 1 1561
38 4 1439 2065 7101 9094
39 3 4002 4177 8963
40 1 4394
41 3 809 4476 4563
42 2 826 1851
43 9 166 3174 4459 4844 6844 7022 7552 9073 9189
44 3 2634 6211 8055
45 1 3986
46 3 2532 5802 6401
47 4 866 3240 5608 6101
48 9 650 1110 2604 2660 2749 3494 3777 6189 6265
49 2 5103 9490
50 8 534 2379 5164 6334 6567 7485 8731 8942
51 1 937
52 1 462
53 4 642 1940 4544 5682
54 5 92 787 1668 3334 4936
55 8 2257 2318 2923 5047 5591 5859 6505 9946
56 4 3879 5627 5970 6505
57 4 3982 4926 5421 7118
58 4 2470 5022 6501 8969
59 2 3396 4243
60 2 80 435
61 7 2274 2560 4683 5205 5943 9042 9698
62 1 5429
63 3 1003 4573 7203
64 2 3421 6210
65 8 100 409 2920 4718 5096 5668 6273 6475
66 1 9671
67 6 1277 1789 2191 3154 7629 8165
68 8 1017 1643 2798 4977 5892 6057 6509 9039
69 3 6618 8187 8727
70 5 1810 4665 6582 9701 9797
71 2 562 2019
72 4 955 3327 4838 9860
73 1 3391
74 5 3328 6119 6282 7735 8243
75 4 342 2001 8032 8681
76 7 1357 3006 3585 3810 5227 6532 6761
77 6 491 1985 2377 8421 8726 9068
78 4 1759 1876 3548 9949
79 5 5601 6695 8850 8912 9734
80 4 2895 7344 9218 9413
81 4 922 3398 6414 9877
82 3 4223 5681 6394
83 6 2561 3382 3471 4374 8660 9563
84 0
85 4 1072 1874 7770 9149
86 2 5117 8840
87 8 3325 4314 4932 5062 7267 7458 8446 9373
88 5 38 1142 4091 4959 6429
89 4 1011 3210 4096 9037
90 5 2879 3001 7325 8442 9941
91 3 4112 7928 8462
92 5 2709 6752 8106 8235 9062
93 4 1235 3353 7167 9291
94 2 2692 5954
95 9 1292 2229 5670 6448 6729 7292 7410 8635 9560
96 4 2462 7502 7570 7804
97 2 9133 9993
98 6 924 2627 6110 6527 7606 7822
99 1 3345
100 2 582 6937
101 6 1169 7886 8106 8275 8871 9650
102 6 2092 5877 6199 7222 8722 8919
103 2 252 2946
104 3 602 709 9307
105 6 843 3322 5579 8044 8349 9464
106 2 3954 7940
107 4 3231 6541 9052 9594
108 9 1222 2654 2714 4218 5495 6013 7913 9583 9610
109 4 2093 2405 3642 4757
110 3 3229 6287 7608
111 1 6069
112 6 1740 1773 2140 6111 6968 8237
113 3 4853 7716 9501
114 4 1654 2416 7482 9183
115 4 1963 2488 2861 9740
116 3 2651 3021 8831
117 5 1247 7486 9176 9298 9774
118 6 3365 3848 5913 6571 8040 9116
119 7 490 1279 1902 4531 5206 7082 9166
120 4 344 5180 8101 8642
121 6 122 1913 2256 2424 3865 4642
122 5 4820 7485 7587 9288 9951
123 2 5480 9033
124 3 1802 2652 4318
125 3 631 2256 6823
126 6 513 1071 4543 5881 7245 8450
127 6 200 556 1130 6480 7872 9916
128 1 4660
129 10 770 1910 5818 6480 6819 7020 7568 7966 8518 9511
130 4 566 2042 2804 5563
131 2 386 5968
132 5 1946 5031 8217 8798 9614
133 10 355 646 2348 4333 4818 5782 6601 7180 7718 9345
134 1 3366
135 6 1049 3066 3439 5820 7499 7916
136 1 6446
137 3 3703 5070 6542
138 6 888 4148 4445 5703 7172 8030
139 4 2401 7608 7840 9113
140 5 276 369 5614 6665 9619
141 4 2282 3670 7118 7945
142 5 280 2055 2632 7433 7781
143 5 5246 6493 7956 8345 8585
144 7 3012 4525 4821 6123 8530 9104 9409
145 9 39 82 2092 2421 4280 4962 5964 8578 9757
146 1 4318
147 2 3184 8452
148 4 962 1297 1560 4727
149 6 3181 3438 3614 6203 8096 8658
150 1 6828
151 5 74 3349 4672 5357 9212
152 1 1795
153 4 968 1179 5485 6149
154 2 861 1453
155 6 1338 1433 2628 5259 6784 8815
156 3 4191 4501 8231
157 9 1262 1770 1863 3512 4692 5008 8277 8452 9388
158 6 1051 2829 6183 6321 8717 9493
159 7 204 448 3040 3881 6588 9416 9596
160 4 1461 2058 9616 9777
161 7 155 1657 3888 5826 6408 8236 9349
162 3 1273 3750 5845
163 2 6700 7720
164 4 2615 3541 6226 9686
165 5 1215 1752 4124 5694 9015
166 2 4690 9609
167 5 918 1263 2539 4538 8857
168 0
169 4 1763 4008 6238 6329
170 3 7814 8339 8381
171 5 1852 4047 4873 5008 6341
172 4 1175 7651 8773 8843
173 4 637 4398 4953 5222
174 0
175 3 371 1931 4605
176 5 1190 1545 1813 4423 6974
177 6 575 1516 3211 5707 6898 9188
178 1 4496
179 4 3465 3519 3528 9469
180 1 6108
181 4 245 975 6281 6622
182 4 1769 1892 3653 5472
183 7 1645 1987 2019 4751 6505 6663 9972
184 6 230 457 543 847 6920 7042
185 4 3598 5852 6140 6449
186 2 2185 6453
187 1 8214
188 4 3663 4094 4659 8318
189 5 206 3197 4486 8574 9595
190 4 1924 1943 3388 8632
191 5 1570 4623 6142 7325 9657
192 4 1601 1888 5122 6390
193 2 5729 6200
194 6 745 1911 2741 4002 6322 7216
195 3 7598 9231 9747
196 4 2274 3953 8133 8951
197 3 409 3346 5474
198 9 28 1540 2304 3904 3955 4562 4705 6828 9330
199 3 3928 8281 8418
200 4 5159 5598 8167 9541
201 6 552 2240 3769 4209 7551 7610
202 1 854
203 3 2683 7363 9051
204 5 542 920 1429 1905 9976
205 6 2642 3588 4888 6770 7163 9135
206 6 1472 4016 7846 8199 9433 9637
207 1 8383
208 2 2309 6061
209 5 1679 2413 5389 8460 8792
210 6 617 877 4050 4399 6486 7701
211 3 2563 4471 7275
212 3 391 3919 5349
213 4 1748 7234 7252 9774
214 5 109 242 3875 5429 6165
215 5 1171 2450 5947 7612 9010
216 4 1001 7232 8349 8568
217 5 3308 3891 4355 5058 8206
218 3 3109 4960 8560
219 2 702 7388
220 7 587 3888 5283 5951 6200 7595 7962
221 2 251 8117
222 2 6 1314
223 5 541 3410 6844 9409 9669
224 5 1958 3805 5185 7293 9072
225 3 965 3759 4899
226 4 314 5585 8845 9387
227 3 3598 6603 7732
228 4 2873 4675 6817 7809
229 7 4 1124 3120 3126 3581 5316 8100
230 0
231 4 4234 6409 8204 8590
232 4 708 4451 7488 9625
233 4 254 789 7278 8418
234 5 5408 6954 8403 8582 8802
235 5 4817 5823 6974 9117 9698
236 4 2629 3138 5806 7344
237 2 1905 6891
238 2 667 679
239 3 4021 4257 7348
240 3 746 3278 4345
241 5 81 2534 3445 7326 9434
242 5 1682 3077 3612 5674 5849
243 5 1286 2112 2402 4455 9887
244 6 4413 6559 8395 8405 9505 9568
245 6 4143 5553 6227 7225 8512 8686
246 6 1978 3532 4055 4176 8868 8899
247 6 811 1486 3094 4494 6730 9767
248 4 2453 3401 5538 8279
249 2 7297 8374
250 4 1890 5108 7985 8409
251 4 979 3051 3492 8631
252 3 1907 5713 9502
253 5 152 730 7540 7662 9696
254 7 3258 3402 6972 7249 8575 9305 9579
255 2 2124 7870
256 5 950 2357 7348 8241 9196
257 5 1733 1999 3694 6623 9305
258 4 1122 2528 4797 6780
259 3 4869 5481 8763
260 3 504 4484 8888
261 6 758 2216 3113 6342 6494 8919
262 7 967 1382 2192 2275 3569 5219 6959
263 5 438 3226 3546 5779 6131
264 6 291 578 679 5049 7127 8286
265 2 1602 7194
266 2 2002 3598
267 2 202 2325
268 4 330 5455 7669 8832
269 5 4190 5586 5749 7680 7766
270 4 47 2133 5299 9295
271 2 2413 7383
272 7 575 3693 4131 4465 5801 7178 8856
273 5 647 1412 2319 3488 8196
274 4 3581 4100 4909 8551
275 3 583 1742 7432
276 6 2216 4809 5356 8059 8988 9970
277 0
278 4 447 2145 2884 6521
279 4 1278 5160 6266 9079
280 5 824 1590 1738 4296 8198
281 3 7709 7914 9827
282 3 3254 7531 8832
283 1 4096
284 3 711 1554 9217
285 3 1544 4909 6325
286 3 1541 4155 9201
287 8 620 652 758 3239 3283 4709 5597 8645
288 3 1133 1366 6242
289 6 729 2448 4680 8763 9076 9311
290 2 5502 9063
291 9 618 1900 3176 3503 3744 4291 4358 8079 9883
292 4 1918 4554 7286 7490
293 2 330 1673
294 1 6960
295 5 369 1195 2443 2822 8665
296 6 3002 3886 4208 4566 5474 9059
297 4 496 1744 4604 7688
298 3 1258 1875 9692
299 3 1421 3947 9323
300 7 1611 3941 7203 7630 8626 9199 9640
301 3 2287 4694 8990
302 6 919 1282 2835 2963 5176 9309
303 3 2626 2932 3609
304 4 632 1069 3871 8133
305 4 688 2553 5738 9994
306 2 3145 9435
307 1 5444
308 0
309 2 4048 8408
310 2 9024 9812
311 5 916 2343 3199 6452 8016
312 7 3690 4358 5695 7893 8073 8160 9634
313 3 2597 4515 8247
314 4 5082 8180 8812 9286
315 5 707 3612 4849 5056 5955
316 6 2092 3669 3678 7633 7893 7962
317 2 1512 8940
318 3 2363 2536 3217
319 4 4581 6856 8308 9143
320 1 5309
321 2 2002 3997
322 1 8277
323 2 6546 7947
324 5 1180 1252 2192 5655 8564
325 4 2322 3215 7095 8930
326 3 2065 2619 5962
327 4 2530 3678 5794 7578
328 3 2802 5094 5758
329 5 2187 2265 3002 4999 9186
330 3 6909 8266 9362
331 5 3676 4421 4671 4948 5524
332 4 1274 4753 5077 6361
333 5 1298 4416 5643 5919 9587
334 6 2917 4554 5037 5816 6071 9979
335 5 1618 4103 7997 8836 9623
336 10 2492 3019 3884 4822 4914 5157 6459 7741 7776 9898
337 2 1533 6861
338 6 1688 2503 5447 6586 6766 8709
339 3 6721 7783 9951
340 1 9900
341 3 1023 7827 9902
342 7 3905 4911 5823 6161 8031 8086 9554
343 1 6107
344 6 1471 1477 4403 7176 7739 7894
345 1 336
346 2 4573 5901
347 8 0 545 635 3696 5962 8699 9575 9791
348 3 2659 3412 3663
349 7 369 1961 3764 3773 6723 8761 9352
350 4 9 1053 2477 5996
351 7 17 229 654 2660 5866 6322 9085
352 5 2246 2687 5181 6928 8136
353 2 2432 7552
354 4 2008 3642 6109 9310
355 7 345 2457 3937 4913 5997 8236 9208
356 4 4959 6044 7411 8041
357 3 4250 7238 8794
358 4 1200 1739 9769 9798
359 2 4614 8929
360 3 2575 5289 8360
361 6 1644 2080 2999 4685 6869 8795
362 2 7200 9247
363 3 6861 8918 9990
364 8 1151 2578 3985 4914 5000 5765 8333 8475
365 3 108 7761 7956
366 2 1486 5202
367 2 2403 7006
368 6 346 481 3445 3739 4712 8997
369 3 1795 3474 4518
370 6 3207 3484 4229 5238 5336 8282
371 8 2148 2191 2502 2516 3923 4974 6599 9326
372 8 2151 2388 3139 3206 3676 4343 5931 9251
373 4 43 236 7369 9054
374 5 3034 3221 4135 9118 9840
375 7 586 5289 6517 7134 8103 8931 9833
376 7 700 812 2404 2949 4229 7063 8596
377 3 2121 3277 8435
378 5 1308 3822 4308 7142 9918
379 4 384 7741 9163 9646
380 3 3571 7014 9342
381 2 2669 5989
382 0
383 4 631 1502 9117 9381
384 4 3072 4929 6364 9972
385 1 2510
386 3 1454 1898 9913
387 6 939 3501 3857 6769 6832 8660
388 2 2795 8409
389 4 728 4271 4314 7936
390 7 2087 2650 2990 3090 3283 6540 9617
391 5 909 1033 1576 2346 4872
392 6 3526 4035 4256 5952 8404 9673
393 4 3672 8984 9013 9551
394 4 633 844 2611 9983
395 7 2968 3224 6623 7516 7683 7921 8909
396 1 713
397 1 8978
398 1 5868
399 6 1738 1993 3035 3363 7703 9707
400 3 5097 8976 9299
401 3 936 7713 9149
402 8 1961 3169 4867 5225 7167 7706 8438 8847
403 1 6402
404 4 2628 7668 7993 8826
405 4 1845 2684 5511 8884
406 1 8048
407 4 400 5315 6471 8215
408 5 2450 3875 5841 6559 9064
409 4 5188 5798 6235 8737
410 4 944 2672 4723 6947
411 4 2546 5419 6040 7277
412 5 2844 5493 5631 8762 8925
413 0
414 3 1921 6041 8782
415 3 588 5233 9076
416 5 3012 4957 6037 7644 7779
417 6 597 2992 3254 5727 5908 6471
418 2 1073 3111
419 6 2344 3072 3250 4005 5192 6903
420 3 4209 5275 9273
421 0
422 1 5716
423 1 7874
424 4 468 2043 8550 9812
425 3 1815 3723 8002
426 6 883 2435 3551 5857 7942 9912
427 7 539 741 1774 2733 2864 5536 5963
428 2 133 6383
429 3 764 7291 9808
430 5 36 4700 7441 8667 8720
431 2 2991 6196
432 3 1903 3412 5884
433 4 746 1319 6476 7793
434 5 843 2429 8168 8204 9361
435 1 4946
436 4 1621 2085 7235 9515
437 3 4908 5033 9183
438 4 286 750 3779 9132
439 3 1661 4652 7507
440 4 1888 3802 5168 9630
441 5 3880 4642 5817 8710 8760
442 4 434 5019 5515 7341
443 8 665 1093 6568 7336 8825 9470 9958 9996
444 3 5365 6624 7533
445 4 2557 3706 6840 9229
446 3 5289 7036 9492
447 5 2185 4366 6384 9392 9570
448 7 747 822 895 1715 4625 5248 7107
449 8 168 309 2299 4569 5206 5267 6082 7267
450 0
451 7 1584 3137 7500 8232 8338 9570 9731
452 4 2074 2573 7987 8975
453 4 837 1466 1536 5791
454 4 1103 1998 2643 4589
455 6 684 704 999 7600 8475 9999
456 9 130 243 1670 4055 5042 5507 5802 8123 9041
457 4 1178 2207 4386 6755
458 5 958 2535 2861 4735 7729
459 4 1028 6513 6815 8414
460 0
461 3 5228 7489 9661
462 4 2410 4419 8983 9022
463 3 2077 7420 7791
464 5 98 139 2242 3224 5973
465 2 4394 5240
466 4 2440 2571 7627 9695
467 2 6056 7564
468 6 715 4103 6610 7278 7695 9979
469 7 789 925 1028 1249 1263 2100 9531
470 3 1366 8556 9590
471 5 3881 5109 7175 7625 9951
472 3 113 2052 4041
473 3 2688 4823 9679
474 7 69 626 1493 3135 6438 7279 9770
475 2 7643 9563
476 2 3876 6128
477 6 2813 2858 3590 5990 7041 8610
478 3 723 2322 7861
479 3 1000 3146 7705
480 4 1196 5564 7396 7626
481 4 3472 5329 7232 7633
482 4 1466 3577 3635 8875
483 4 2819 3403 6752 7056
484 5 3185 3473 5161 7374 8593
485 6 498 1170 1361 1407 8947 9955
486 3 244 2970 9362
487 5 1463 1576 4785 7332 9312
488 2 1202 8518
489 5 579 2883 3782 5527 8549
490 0
491 3 3901 8178 8563
492 5 4973 5254 6125 8088 9611
493 4 427 4767 7715 8110
494 4 1715 5609 5961 9890
495 4 5275 8298 8390 9368
496 4 2076 2631 6941 8363
497 6 2075 2607 4468 8366 8669 8867
498 4 1946 2874 3278 7337
499 3 2082 4440 6800
500 5 4150 4153 4740 6100 6234
501 6 460 4112 4142 5653 7874 8033
502 4 1177 1393 3312 9449
503 3 3812 5801 8841
504 2 2003 8853
505 7 38 1406 2036 2506 6256 7714 9732
506 5 710 1043 1441 5340 7715
507 3 465 2833 5198
508 7 1341 3692 4849 5834 7511 7802 9311
509 2 20 2139
510 4 703 7651 7980 8460
511 4 2597 3911 4803 7039
512 1 2681
513 3 4620 8614 8705
514 5 2515 4432 5363 7728 8020
515 4 487 5936 7366 8775
516 4 334 1588 6860 7774
517 4 4296 7408 8021 9395
518 2 7915 9580
519 2 2856 7473
520 2 2439 5871
521 0
522 4 189 350 1959 5699
523 5 3782 4423 4910 8863 8974
524 6 521 2537 2962 4949 8813 9764
525 4 2045 2476 6158 9876
526 4 162 1496 2736 8340
527 6 744 1313 1660 4282 4317 5977
528 3 3372 3924 6803
529 2 3324 9613
530 4 2323 4819 6336 6763
531 6 2580 3644 4923 5712 8056 9615
532 4 939 1702 6459 8761
533 5 350 3599 5916 8907 9272
534 1 9879
535 8 2464 3165 3349 4515 7241 7507 8585 8717
536 6 1645 5616 7562 8701 9040 9103
537 5 941 4092 4789 5511 7793
538 3 5525 6215 7463
539 6 2959 6112 6375 7088 9205 9532
540 3 1162 2163 2623
541 3 957 3965 7799
542 5 3209 3836 5289 6024 8874
543 7 2841 3278 4352 5941 6028 6093 7367
544 4 712 3263 5406 6053
545 2 4827 5152
546 5 1789 2467 5432 5620 6734
547 4 1979 3490 4869 5704
548 3 6715 6750 8360
549 1 4283
550 3 3304 3498 3578
551 5 931 3858 8914 9791 9966
552 5 3748 3915 4447 4824 5455
553 4 503 2917 3518 7891
554 0
555 5 2811 4389 7238 8733 9650
556 3 469 5172 5714
557 3 267 2523 3810
558 3 5531 7785 8131
559 4 6568 6737 8790 8913
560 2 9016 9830
561 5 2668 4857 5988 7681 9843
562 4 1583 5822 5899 9492
563 3 2287 3347 5648
564 4 2540 3046 5291 9428
565 4 1776 2244 5413 6620
566 1 7933
567 3 2478 3122 7478
568 3 2539 4603 5678
569 3 2307 6018 9332
570 5 411 482 2528 2662 4313
571 5 712 1491 3663 6516 9118
572 1 4360
573 5 275 6573 7460 7543 8941
574 4 1895 2011 3689 4862
575 3 5871 6720 8797
576 3 5150 6623 9122
577 7 741 3570 4264 4915 6364 7413 9540
578 3 1779 4915 7899
579 5 4049 4233 4921 7262 8978
580 6 3482 5513 6042 8049 8407 9554
581 0
582 2 1695 9027
583 4 421 4066 5159 9892
584 7 893 1189 3153 4515 5924 7647 8587
585 2 5346 8518
586 3 2059 8630 9032
587 3 2177 2725 9098
588 0
589 4 2665 5404 5558 9656
590 7 460 767 2930 3627 4618 7411 7575
591 2 2367 8042
592 2 169 8607
593 3 181 683 5958
594 7 598 3268 5838 6002 6542 8182 9484
595 4 939 1892 3698 9767
596 1 8442
597 3 131 3215 8174
598 4 321 6672 7895 9249
599 4 4525 5913 9189 9335
600 3 2033 5388 6482
601 4 148 3068 6308 8747
602 3 190 4745 4796
603 5 203 4729 5198 5708 7826
604 3 1099 2171 6074
605 2 908 4371
606 1 6554
607 6 615 1851 5757 5830 6719 8370
608 4 3217 4382 7181 7265
609 6 297 304 3256 3834 5461 8240
610 3 946 4934 6391
611 4 7452 8261 8512 8986
612 5 2789 6699 8024 8083 8474
613 6 3865 4076 5509 6086 7064 7494
614 2 671 5764
615 5 1578 4650 5478 6943 8630
616 6 759 1243 3086 4592 6477 7092
617 6 182 3764 4764 6614 7710 9474
618 3 1735 3938 6706
619 5 625 4647 7336 7952 9937
620 0
621 3 2954 4946 9796
622 5 1278 1283 2064 6968 7438
623 4 1333 3382 3709 4670
624 12 387 1844 3854 4123 4287 5792 6914 7237 8047 8696 9571 9818
625 3 4326 6370 9187
626 1 3823
627 5 2335 2978 3800 4988 5391
628 6 398 535 1080 6124 7921 9548
629 1 6162
630 5 1493 1690 2207 3642 7252
631 6 743 1028 1777 3390 5625 8218
632 1 9599
633 4 547 1364 6189 8451
634 7 2158 2317 2549 3208 6474 8659 9180
635 4 1401 5239 6313 9869
636 5 62 1215 4903 7049 7775
637 5 3595 4853 5156 5368 6306
638 5 3027 3454 4224 6037 8310
639 4 572 716 2747 4959
640 3 2297 3583 5536
641 1 5215
642 5 2523 3509 5227 9239 9556
643 5 2951 3595 4118 5503 9175
644 6 2185 3517 7381 7929 8984 9618
645 2 5936 7738
646 5 2798 4770 7598 8341 9935
647 7 1153 1332 3545 3995 5102 6886 8802
648 3 4712 8679 9947
649 6 2441 4939 8943 8970 9193 9977
650 1 5332
651 1 9521
652 1 6252
653 3 1380 2599 3521
654 6 4130 4723 5423 7003 7315 8004
655 4 542 1773 2196 7806
656 4 534 4349 5440 5949
657 3 1181 1377 3913
658 2 3591 9807
659 2 4075 8638
660 3 1405 3425 4111
661 2 2928 8877
662 3 2193 5331 7593
663 1 1586
664 5 1590 3871 4570 7612 9204
665 3 4051 4733 8281
666 5 201 1973 6227 7099 9211
667 4 2296 7241 7856 8508
668 3 4149 4473 4953
669 5 1584 1673 3102 5697 6432
670 4 785 6140 7127 7569
671 2 711 7803
672 4 3276 3620 5534 8787
673 8 689 1416 3997 4846 5581 5991 6414 6960
674 1 483
675 2 261 7601
676 0
677 4 1560 1563 2836 3336
678 4 2290 5667 6540 9217
679 6 751 1606 1938 4440 4460 5561
680 3 1971 2083 9821
681 5 1665 2160 3577 7538 9164
682 4 3425 4331 6258 9226
683 2 7197 7240
684 5 758 6376 6840 7134 9951
685 4 4707 7502 7909 9625
686 3 2891 3318 6796
687 5 4636 6106 7455 8123 8386
688 0
689 1 7381
690 2 5719 6140
691 5 4297 5241 7545 9738 9878
692 2 275 2078
693 4 2316 3772 3974 5673
694 7 1428 3089 3922 4539 6824 8179 9569
695 7 1642 1677 2168 4184 7156 7384 7557
696 5 2423 7519 7546 7717 8149
697 4 538 2102 4619 8567
698 3 178 3198 8306
699 3 856 7756 8508
700 2 919 2697
701 5 1063 3724 4723 6410 9527
702 4 1296 2647 4228 9584
703 3 1037 5444 5712
704 5 2103 3051 5747 7515 7663
705 3 1038 4863 7753
706 5 816 2271 2741 5240 6675
707 4 218 1911 6034 7639
708 3 5391 5758 6660
709 7 2281 3107 3866 4182 4377 4871 7509
710 0
711 3 6009 9358 9419
712 3 301 2403 8851
713 7 1117 1848 2217 4517 5597 6340 7288
714 4 6265 6397 8488 9715
715 5 2993 4536 5153 5338 9505
716 3 370 994 1292
717 6 191 5085 6273 6536 7301 8134
718 6 612 646 977 6663 7369 9237
719 8 3905 3938 6797 7154 7837 7944 8013 9603
720 1 4819
721 2 3822 9981
722 7 658 1968 2877 4052 4930 7698 8031
723 4 962 4902 7176 8687
724 4 492 1878 5479 8818
725 6 119 2374 4450 7488 7632 9526
726 6 3127 5250 5379 7271 9195 9408
727 3 112 5997 7923
728 6 2495 4272 5656 6919 7068 7300
729 1 9478
730 2 8531 9552
731 1 4949
732 3 1866 5738 6996
733 0
734 5 933 3854 4686 4847 8025
735 1 5120
736 7 238 545 805 1052 1921 3828 6418
737 3 974 3221 7763
738 5 1118 1174 4861 8129 9360
739 4 576 1781 7328 9873
740 3 2777 4753 7102
741 6 570 5435 6369 7054 9631 9911
742 5 3513 4869 6633 7349 8281
743 1 6524
744 8 107 439 808 2008 2506 5066 6737 9303
745 3 183 2428 9268
746 7 1791 1794 4491 6773 7520 7643 8871
747 7 702 2809 5583 6298 6318 7033 9048
748 3 617 2916 8178
749 5 324 2856 4076 7385 9747
750 4 3083 4751 6443 7406
751 1 6669
752 7 1603 2660 3077 3992 4397 6192 6629
753 5 284 4056 4795 5681 8589
754 0
755 2 1975 6753
756 4 1146 5879 6787 9625
757 4 449 1552 5203 5681
758 3 555 4508 9469
759 6 2416 3396 3426 3702 8220 9034
760 5 2078 5783 6317 8117 8599
761 4 316 1523 6837 7917
762 3 4839 8767 9469
763 2 3476 7114
764 1 9887
765 2 1613 6359
766 6 708 1485 7553 7658 8434 9836
767 6 241 282 841 5600 6094 8103
768 5 1077 1145 3017 4143 8273
769 8 1320 1960 2260 3174 4767 5703 7432 8293
770 3 460 5496 7151
771 3 3300 6062 7977
772 3 1057 5160 8248
773 4 3936 4351 6489 9065
774 3 2867 3353 4787
775 2 5027 5746
776 4 1731 2199 7729 8034
777 3 4103 5237 6076
778 2 2355 3130
779 2 4569 6800
780 3 1268 5220 9085
781 3 482 6418 9755
782 1 4040
783 4 153 3451 4426 9131
784 4 4127 6113 7338 9211
785 2 1406 3141
786 5 447 3209 3632 8193 8633
787 3 403 6225 7267
788 5 969 5980 7847 8046 9568
789 5 1376 4481 7290 8439 9086
790 4 16 920 4487 9004
791 2 1499 1976
792 6 1229 3192 3941 4300 4407 4940
793 4 732 1396 3274 9991
794 2 5512 7034
795 4 150 733 1853 3847
796 4 958 4649 9109 9354
797 6 3716 5578 5858 8302 8785 9008
798 4 2014 2536 6120 7689
799 3 1703 6824 8249
800 5 752 3715 4329 5024 6520
801 3 2027 8917 9053
802 5 1949 3459 6235 6501 7986
803 5 626 5291 7984 8403 9817
804 3 623 5421 7934
805 5 1637 2116 4276 8858 9990
806 5 691 3248 3563 3796 3860
807 0
808 6 912 1851 2036 3272 3437 4739
809 6 1351 4517 5147 6343 7756 9929
810 5 4062 6996 7065 8570 9385
811 2 1021 3305
812 2 553 954
813 3 5808 8428 9380
814 5 1362 1929 2029 9196 9814
815 5 849 2299 3585 4024 6543
816 5 1320 3202 6302 6585 7958
817 3 145 797 6186
818 2 2162 6788
819 7 248 3658 3717 4264 4963 6609 8455
820 7 486 1332 2401 2494 3158 3635 3927
821 3 119 383 8750
822 5 2469 4527 4935 6469 7371
823 0
824 5 152 2331 3944 5911 7770
825 4 5973 6397 7424 8535
826 8 434 854 3960 5967 6600 6951 9046 9721
827 7 230 799 1920 7472 8475 8557 8626
828 1 2711
829 3 2022 3938 7347
830 3 2541 3284 8848
831 2 1143 2128
832 2 4786 7689
833 4 2416 5367 9084 9126
834 3 3276 5108 8270
835 2 4618 5814
836 5 1776 4384 4785 6262 6647
837 8 2585 3780 3913 3957 4542 4612 6885 8714
838 1 1926
839 6 227 4239 5344 5365 5529 5623
840 2 751 1289
841 3 613 5289 6925
842 5 250 1117 4069 4438 8047
843 7 405 2642 4595 7075 7186 8527 9526
844 2 9653 9794
845 3 1033 2667 8964
846 5 4146 5512 9214 9504 9992
847 4 1347 4372 5122 9036
848 5 1071 3887 5341 8704 9824
849 9 265 4431 5312 6758 6796 8171 8683 9416 9857
850 7 814 998 1478 1784 2289 5321 7497
851 3 2214 5565 9599
852 2 4895 7576
853 2 3129 7776
854 5 1443 4289 5943 7430 9320
855 1 8032
856 0
857 5 1689 5109 6299 6776 8575
858 2 4226 9505
859 3 2135 3198 6307
860 3 1376 1655 5971
861 6 338 4562 5103 5125 6885 8967
862 1 2726
863 2 3548 8430
864 2 665 8910
865 6 812 1231 3133 4554 7020 7552
866 5 420 2897 6557 7846 8278
867 2 6825 8922
868 6 456 2267 3612 3995 4258 6643
869 1 7145
870 2 5795 6084
871 2 1637 6128
872 5 295 676 2724 3200 7551
873 4 901 4603 7739 8355
874 4 1590 3329 6660 9442
875 2 3158 4127
876 8 751 1565 3283 4661 6231 8589 8863 9773
877 4 3718 4236 5038 7954
878 4 430 718 2552 5022
879 7 543 597 1180 3984 5272 6308 7447
880 1 7389
881 4 2283 7472 8333 8368
882 2 2634 5983
883 7 1848 2559 4472 5124 6324 7023 7909
884 1 3396
885 3 2438 7588 8949
886 3 5417 5938 9579
887 11 39 1003 1528 3445 3641 4112 4676 4929 5352 8439 9927
888 2 6137 8421
889 1 3730
890 4 75 1369 6725 9514
891 2 2683 5929
892 3 1763 2716 9017
893 5 515 838 1460 3507 7013
894 5 463 1654 1947 7774 8444
895 5 707 2372 2940 8161 8784
896 6 756 935 3768 4089 5844 8639
897 3 1206 4595 7041
898 5 2931 4774 4904 6901 9577
899 9 34 876 1567 2001 3611 6339 6373 7224 9944
900 7 1506 2546 2669 4495 5465 6873 9473
901 7 1429 2425 2648 5047 5914 9354 9482
902 5 1264 2386 6479 9140 9286
903 5 763 1729 3964 4123 9751
904 3 2375 4797 6047
905 5 79 455 2986 8455 9918
906 6 634 1321 1901 5580 7048 7182
907 2 3906 9420
908 3 4034 7941 8183
909 7 613 4047 4660 5413 5624 6322 7684
910 8 941 1103 1184 2422 6529 7758 8282 9262
911 3 302 3405 5570
912 3 1454 2028 7135
913 3 1830 3770 5027
914 6 1029 1163 3446 7517 7806 8117
915 6 373 2732 4659 4667 6110 7203
916 3 2530 7148 7724
917 1 3531
918 5 2690 3825 6029 6338 7881
919 4 3371 4785 5659 7529
920 6 253 894 963 1851 4838 8967
921 9 844 965 2298 3025 3651 4485 7394 8848 9978
922 8 66 4700 6158 6796 7540 8062 9222 9870
923 5 699 3924 4590 4969 8708
924 1 2912
925 3 1333 7380 7736
926 6 3164 3851 6036 7086 8185 8278
927 5 1560 4902 5934 8791 9520
928 4 5018 5426 5445 5941
929 11 1356 4396 4918 4964 6637 7487 7493 8236 9046 9478 9858
930 2 1795 7098
931 5 1669 1678 1687 6088 7399
932 5 22 2423 6226 6845 9971
933 6 3109 3603 4739 7445 8184 8768
934 5 674 2803 5679 7699 9071
935 3 308 8281 8881
936 7 412 1084 2954 4785 5911 7529 8135
937 3 151 930 8884
938 4 1276 2950 6203 7117
939 5 204 1202 5006 7485 7960
940 7 947 2398 2612 3626 5038 6829 8692
941 3 815 5696 5938
942 3 3938 5819 8092
943 2 908 7552
944 2 4169 8017
945 5 4899 5479 5542 6046 8934
946 0
947 2 330 3251
948 3 2217 7219 7273
949 3 1134 5904 9772
950 6 334 2648 3690 3698 8433 8527
951 3 1259 2276 3185
952 5 691 3613 5132 9514 9870
953 7 625 2061 3396 5430 8111 8745 9287
954 8 2031 3725 6213 7306 7877 8895 9772 9969
955 3 3868 4605 8518
956 4 1525 1546 7937 8628
957 3 6186 7127 9348
958 5 1461 1831 4664 5298 6155
959 2 9311 9939
960 5 1847 2880 4873 7167 8080
961 7 687 1657 1844 2171 6663 7053 8418
962 1 373
963 4 357 5844 6038 9412
964 7 4106 6167 6262 8313 8904 9461 9979
965 3 6045 8043 9635
966 4 296 6616 6675 9036
967 4 3079 4603 5193 8023
968 6 2318 4290 4498 6371 7074 9874
969 3 4221 5491 6416
970 6 745 3407 4060 4956 5155 8704
971 4 3168 3887 5345 6438
972 4 529 966 2362 5142
973 3 204 6278 9373
974 5 1041 2989 3531 8067 9400
975 5 2728 2891 3230 5912 6931
976 3 678 4230 9714
977 8 244 2450 4848 5389 7962 9172 9576 9786
978 2 2214 3059
979 6 589 1713 3602 4920 5280 8432
980 3 6114 6529 9734
981 6 3844 5543 6297 6343 6497 7630
982 4 22 2612 3136 4568
983 5 717 1711 2642 2666 8351
984 2 5394 9286
985 5 155 3127 6293 6316 9346
986 6 1679 7152 7346 8307 8662 9531
987 2 1053 1106
988 1 9670
989 6 687 784 3202 5103 6368 9765
990 5 350 1391 1826 3011 5052
991 2 3255 3678
992 5 3622 4419 7716 8219 9992
993 2 5004 7252
994 8 1117 1177 2588 3308 3807 6495 8768 9360
995 5 2757 5280 7169 8574 9483
996 1 6565
997 7 2813 7799 7906 9091 9813 9850 9963
998 7 691 3572 6326 6385 6524 6986 7111
999 6 17 2099 2881 6003 7013 9130
1000 3 2577 6596 8807
1001 7 325 655 2682 3080 3186 5182 7771
1002 3 969 7904 8671
1003 3 2289 8683 9630
1004 3 393 616 3635
1005 1 9005
1006 5 3174 4174 4923 6559 9725
1007 2 478 7765
1008 4 2614 3754 4864 6609
1009 4 1144 5521 5860 8923
1010 1 9214
1011 2 2704 5560
1012 6 2304 3763 3956 5866 7142 8949
1013 4 2370 3674 6131 9573
1014 11 991 1837 2098 3080 5486 5815 6126 6990 7433 8392 8624
1015 5 2286 4572 4816 6692 9537
1016 5 434 3963 4758 6256 6665
1017 5 87 366 6428 7345 8720
1018 6 2680 4090 4542 7417 8372 8605
1019 2 250 9059
1020 6 1256 3852 5729 6040 6240 7903
1021 4 1172 1483 3992 6622
1022 2 5554 7825
1023 6 3161 4529 5819 7022 7499 9980
1024 2 3194 7665
1025 3 4793 6628 9150
1026 4 77 2939 6678 8872
1027 2 1980 4271
1028 3 560 4055 6092
1029 2 4618 8533
1030 5 3591 4150 5089 7418 7736
1031 4 3398 4426 6989 9523
1032 2 664 5994
1033 0
1034 3 5443 5779 9319
1035 3 5636 6621 8092
1036 4 3503 5144 7170 7816
1037 5 857 3913 5390 6074 6078
1038 7 2706 3697 4995 5958 7584 8696 9076
1039 5 2181 4457 5970 7666 7753
1040 1 8796
1041 5 552 919 1014 8349 8954
1042 3 288 3543 7511
1043 5 3058 3110 5558 6994 8964
1044 5 1941 2488 5086 8661 8903
1045 4 2268 2674 7333 9174
1046 4 150 328 6052 8016
1047 2 4166 8906
1048 2 2438 4414
1049 7 2083 3213 4038 4698 7939 8489 9438
1050 7 1469 4621 5689 5722 8016 9458 9629
1051 1 5136
1052 4 3026 6664 7508 7537
1053 7 1326 2793 5362 5867 6125 8607 8782
1054 4 858 6094 7036 8379
1055 7 2031 3667 3785 4833 6254 7015 7100
1056 1 2592
1057 3 1475 2916 3388
1058 6 501 5035 6701 7153 8733 9411
1059 6 490 1056 1496 6117 7012 7049
1060 3 936 2483 5002
1061 4 318 427 4279 4351
1062 6 1119 1687 4344 4520 7536 9665
1063 3 170 6540 8600
1064 8 1401 3232 4239 5152 6035 6764 7732 7878
1065 2 1471 3533
1066 4 5392 5685 6296 8068
1067 4 310 2483 7839 8697
1068 4 196 3664 6069 9082
1069 5 92 122 453 2809 5173
1070 3 4056 6369 9353
1071 4 648 3672 6439 7318
1072 7 1220 2888 5942 6109 7015 7100 9142
1073 3 1518 6919 7011
1074 8 2680 5496 6286 6876 7020 8345 8578 9482
1075 4 2528 2969 7002 7323
1076 3 434 2290 6537
1077 4 2947 3003 4759 8897
1078 3 291 5417 9636
1079 8 2386 3056 3150 3301 3463 6212 7781 7892
1080 6 1712 3031 5862 7451 7725 7736
1081 9 1686 1688 1929 2320 2340 3332 7350 7379 7508
1082 4 1516 3567 5194 6698
1083 7 344 1577 2090 3467 3507 5078 6053
1084 4 2738 3472 5061 8513
1085 4 4993 5819 8431 8764
1086 7 217 756 1199 1959 4849 6299 8309
1087 4 324 999 2476 5265
1088 2 5766 6088
1089 6 1624 4614 7056 8350 9294 9497
1090 3 2584 4689 8023
1091 3 2477 3298 9194
1092 2 2780 3665
1093 5 763 830 5576 9172 9351
1094 5 7736 7936 8129 8625 8700
1095 2 8132 9592
1096 2 4072 6671
1097 5 851 5391 5650 7782 8973
1098 2 52 2410
1099 4 73 4703 4949 8871
1100 1 8739
1101 3 3535 5535 6957
1102 6 2360 2490 5969 7236 8049 8529
1103 1 3859
1104 6 220 2951 3161 6909 8866 9320
1105 6 642 2475 4138 7131 7654 9397
1106 6 775 2991 5938 6408 9321 9709
1107 2 726 4731
1108 4 3297 4404 7390 8497
1109 5 2474 5939 7071 7884 8483
1110 4 686 2398 5421 7801
1111 4 2694 4724 4757 6804
1112 2 7062 7232
1113 7 241 2751 5249 6109 7749 7904 8134
1114 8 797 3766 4368 4686 6689 8837 9223 9829
1115 2 1442 2591
1116 9 146 529 2096 3434 4516 7160 7450 7693 9154
1117 2 1056 5017
1118 6 3111 3413 4083 6272 6841 9099
1119 3 1374 7127 8391
1120 2 6391 6483
1121 4 259 6130 6191 9030
1122 4 1241 1954 6777 9220
1123 5 299 4854 5978 9063 9602
1124 5 2482 2832 4627 5619 6754
1125 3 4094 9010 9311
1126 4 4379 6365 8483 9239
1127 5 1239 3370 4519 5721 6496
1128 1 7713
1129 4 89 2715 5135 6262
1130 6 130 613 1692 1995 6661 9103
1131 6 1395 1449 3251 4740 4809 6947
1132 1 1119
1133 2 3747 6463
1134 5 1410 1770 5481 6480 8257
1135 5 1442 1910 4368 8804 9572
1136 7 1417 1533 4041 5926 7700 7733 9570
1137 5 3802 4919 6474 8259 9848
1138 0
1139 4 2067 2960 5039 7885
1140 4 2533 3140 6322 8904
1141 2 23 5527
1142 6 145 3100 4960 6601 8478 9289
1143 4 1068 1562 4737 6560
1144 2 3095 7215
1145 8 2152 3313 4526 4983 6559 7996 8283 9820
1146 6 733 3724 4669 5919 6575 9995
1147 4 1729 1885 6625 8095
1148 6 190 1892 5561 6747 8496 9109
1149 7 350 4326 5153 6011 6276 7808 9321
1150 3 2115 3850 8067
1151 6 3561 3639 4491 5023 5797 8519
1152 1 7875
1153 6 2570 2637 4418 5850 7237 7562
1154 2 7651 9707
1155 5 1082 2523 2979 4438 9363
1156 2 1942 9297
1157 2 6956 9109
1158 7 543 1921 3071 3801 7657 7916 8145
1159 2 174 2274
1160 3 1860 2228 4372
1161 8 60 693 2344 4666 4753 5329 7635 9724
1162 3 2971 4269 6598
1163 2 487 9103
1164 7 2220 2569 3171 6313 6736 7510 8779
1165 4 55 2182 7721 8102
1166 4 1040 2384 8532 9413
1167 3 649 2932 8241
1168 6 694 1268 4291 4595 7573 8405
1169 3 2581 5749 8959
1170 3 4065 4649 5688
1171 7 3070 3957 4185 5107 6382 7004 9220
1172 4 3238 3308 5931 8655
1173 5 2987 4244 6554 8034 8827
1174 4 1548 4795 6225 7563
1175 2 395 8571
1176 7 4034 4446 5422 6214 7071 8562 8717
1177 3 932 1339 3711
1178 3 5473 6254 9618
1179 3 551 1788 3766
1180 6 2518 2571 3491 6916 7751 8604
1181 4 590 3645 3742 8237
1182 3 2281 6965 9130
1183 4 1505 3936 8399 8685
1184 3 152 812 1669
1185 3 1061 7619 9110
1186 3 737 1072 3326
1187 5 1086 3330 6371 8955 9994
1188 1 5068
1189 2 6766 7820
1190 3 3194 4731 8729
1191 5 4446 4578 5131 6555 9318
1192 3 1119 1833 3839
1193 10 863 1289 2639 3300 4230 5944 5950 7585 7596 8084
1194 2 6349 8740
1195 1 8811
1196 5 4196 6188 6192 7272 9182
1197 3 695 3291 7397
1198 6 659 3170 3346 5492 7935 9344
1199 5 1014 2293 5687 6403 9979
1200 5 28 342 3280 5909 7194
1201 6 553 4676 5359 5974 7380 7982
1202 3 2392 8892 9809
1203 5 2542 3214 4818 6377 8980
1204 2 3618 6641
1205 6 366 1427 1438 1915 2433 7954
1206 5 2031 4452 5175 5303 6421
1207 5 383 1037 6448 8495 9963
1208 5 318 518 1904 1924 6005
1209 3 5961 7810 8648
1210 5 7402 8965 9062 9381 9966
1211 2 5894 6600
1212 4 242 951 3566 5969
1213 4 2037 4931 7436 8219
1214 7 1281 3743 4068 4753 5021 8917 9679
1215 2 677 8158
1216 6 1126 2260 4917 5038 5823 8338
1217 3 1404 3749 6466
1218 4 2913 3965 6900 8801
1219 2 5613 6635
1220 3 7223 7656 9893
1221 2 2106 9776
1222 3 2388 4289 5189
1223 5 1208 1843 1880 2952 6373
1224 3 1970 6363 8539
1225 7 222 1094 5383 5585 6658 6754 6808
1226 4 7040 8323 8957 9196
1227 4 4615 4784 5871 8527
1228 2 7327 8143
1229 7 803 1677 2297 5281 6103 8339 8626
1230 1 8072
1231 6 301 614 1234 7690 8778 9998
1232 2 816 7835
1233 5 1160 3830 7285 9351 9629
1234 2 7233 9679
1235 1 548
1236 5 4014 5487 8083 8414 9359
1237 3 1166 4251 8368
1238 11 932 2389 3646 3702 4959 6881 7196 7838 9041 9428 9827
1239 4 2412 5061 5244 6059
1240 2 3919 9338
1241 4 6226 6807 8245 9918
1242 4 265 3919 7399 8843
1243 3 1153 5328 5901
1244 6 1961 1992 5652 6615 6732 6744
1245 5 1600 2225 5305 7165 8882
1246 2 1200 2991
1247 9 1574 2114 3266 4975 5298 6691 6947 7988 8311
1248 2 6534 9259
1249 4 3213 5612 6980 7990
1250 6 1030 2556 2633 3275 4834 5098
1251 1 1711
1252 4 656 2742 3305 4551
1253 4 210 1564 5057 5433
1254 4 648 2090 6043 7797
1255 5 149 839 6687 8363 9002
1256 6 1729 2173 4865 7146 7518 8701
1257 5 1430 2180 5962 7177 8009
1258 1 4145
1259 4 1147 1657 2489 4525
1260 3 1840 2168 7167
1261 3 4971 5254 8960
1262 2 8802 9918
1263 5 3034 3327 3380 7436 7832
1264 2 1027 8942
1265 2 515 9833
1266 3 925 6839 8369
1267 3 1984 2510 8869
1268 3 5723 7475 7902
1269 3 3386 6496 6567
1270 2 6018 9600
1271 0
1272 1 7362
1273 2 3470 4318
1274 4 409 448 2389 8041
1275 8 1349 4437 4915 5679 5717 6442 8615 9187
1276 4 4381 4751 5301 6904
1277 9 1719 1942 2294 2370 3027 3196 4017 5390 9664
1278 1 165
1279 6 786 5943 7244 7344 9134 9748
1280 4 635 4594 4738 8603
1281 2 6742 8671
1282 7 1687 1862 2821 3510 6399 7297 8135
1283 4 547 5272 5480 9055
1284 4 3563 5034 5363 8794
1285 5 83 1750 6415 7043 9699
1286 6 2767 4832 6192 7831 8965 9319
1287 5 5123 6202 7224 8986 9681
1288 7 2226 3468 3836 4088 4154 6237 6349
1289 4 645 1305 3650 5556
1290 4 2384 3400 7407 8136
1291 2 3278 6567
1292 2 618 9592
1293 8 1759 2266 2623 4747 5650 6237 7759 9448
1294 5 990 1735 3084 3707 5207
1295 5 596 1944 2141 3299 7247
1296 6 1375 3056 4699 6977 8284 8912
1297 9 1000 1875 4441 5971 6882 7692 8445 8956 9274
1298 6 2150 2507 2748 3811 4191 8670
1299 7 617 1215 1420 1652 2739 4341 8365
1300 6 446 4657 5140 6854 8172 8725
1301 4 2439 4365 6971 9502
1302 4 3616 5201 8704 9800
1303 3 5808 7051 9188
1304 6 796 1203 1788 1801 3199 9577
1305 2 195 5912
1306 8 1156 2661 3597 4696 6090 6418 7021 8476
1307 6 1800 2500 4564 5563 6703 7160
1308 2 239 8795
1309 2 1187 5106
1310 2 940 6578
1311 2 6978 9657
1312 1 1975
1313 4 1218 1728 4804 9800
1314 1 7160
1315 6 805 4307 5543 7756 8863 9567
1316 2 2351 9801
1317 3 1798 5887 7056
1318 3 4949 5326 8039
1319 5 1106 3834 4906 5108 9744
1320 4 4249 4950 5615 5685
1321 3 1464 7946 9692
1322 4 4965 8044 9029 9121
1323 6 2092 2846 3379 3745 8359 8500
1324 3 2028 2310 7188
1325 4 36 942 1603 2703
1326 7 2715 2751 4678 5693 9612 9807 9840
1327 5 754 2293 5111 9425 9811
1328 2 1943 9719
1329 3 2046 7369 9061
1330 7 797 2157 2883 5448 6389 7146 9143
1331 4 767 5874 6019 6460
1332 2 54 481
1333 4 37 330 709 9287
1334 4 1276 1873 6215 9814
1335 3 1293 4712 5561
1336 4 2014 2635 4058 4693
1337 6 2420 4039 4249 6074 8658 8747
1338 6 634 2918 7659 7918 8224 8987
1339 2 2795 9133
1340 6 1670 1682 2038 7673 7959 8295
1341 3 1579 2112 7396
1342 3 985 1099 9956
1343 7 1933 2072 2528 4691 5446 8633 8831
1344 5 4258 4511 5042 5047 9086
1345 5 1313 3763 4235 6151 7473
1346 5 5769 6027 7554 8702 9950
1347 1 2717
1348 2 2630 2738
1349 4 2285 4401 4829 9446
1350 5 3587 4559 4669 5239 5377
1351 2 6277 7649
1352 6 4486 5487 8426 8666 8954 9799
1353 1 1209
1354 6 2389 2724 4698 4971 8012 9770
1355 5 813 4413 6384 6897 7582
1356 4 870 7261 8366 8643
1357 4 227 3370 4068 6362
1358 5 331 3161 5302 8805 9347
1359 5 1763 4839 7658 8794 8890
1360 5 2765 4097 7613 8079 9444
1361 6 747 3165 6090 7124 7185 8883
1362 4 2913 8269 8454 9576
1363 4 4168 7622 9277 9295
1364 7 7 3007 3624 6001 8388 8620 9521
1365 2 6450 6802
1366 4 2555 2866 3276 3285
1367 2 4414 8433
1368 6 320 678 936 3287 5190 9854
1369 5 1444 1571 1719 4331 9953
1370 2 872 6925
1371 3 5714 6220 8947
1372 4 3021 4863 8908 9915
1373 4 2320 7269 7947 8031
1374 7 2403 3453 3519 5645 6771 7689 9524
1375 3 1788 3425 5950
1376 3 1942 5804 7083
1377 3 262 2839 3743
1378 1 6784
1379 1 6837
1380 5 197 5932 7357 7839 8404
1381 4 2243 4652 8570 9654
1382 3 211 1294 2364
1383 5 8543 8560 8836 9284 9851
1384 4 535 4861 5304 7141
1385 5 681 1451 2516 4705 9300
1386 3 1923 1983 3015
1387 6 2114 2905 4396 7503 7854 9316
1388 5 1160 4790 5009 6133 7607
1389 3 4594 5047 8754
1390 2 2235 8869
1391 6 2498 4901 6087 7280 8306 8813
1392 1 2982
1393 3 1113 1992 5376
1394 3 2885 3556 5846
1395 3 1283 8364 9491
1396 6 1604 2073 4744 6427 7585 8427
1397 1 9724
1398 3 3685 6967 7454
1399 4 201 2722 8341 9209
1400 5 432 882 938 3660 8208
1401 3 1585 2074 4023
1402 2 661 5115
1403 8 2943 3827 4019 5281 5959 7881 8753 9467
1404 2 3190 9554
1405 3 189 2618 4274
1406 3 3672 4207 9742
1407 3 247 4093 9037
1408 3 1730 1746 9581
1409 6 1143 1189 5590 6233 6701 7004
1410 6 1966 2303 6845 7698 8221 9437
1411 4 657 2057 4369 7097
1412 3 1006 2893 7169
1413 2 4485 5571
1414 5 954 1631 3079 5944 9835
1415 1 436
1416 8 644 1945 3347 3640 4139 7887 8826 9266
1417 4 856 2434 4683 6203
1418 5 4132 5873 6001 9353 9520
1419 4 1 1044 3245 5568
1420 4 35 2067 6452 7692
1421 2 368 9321
1422 5 4126 4353 6852 7443 9583
1423 4 3714 4512 4513 7631
1424 3 2107 6495 9102
1425 1 9474
1426 3 361 528 8299
1427 3 501 2973 2975
1428 5 1598 4675 6545 7689 8354
1429 3 1329 5604 7222
1430 6 30 3240 3902 5163 6848 7223
1431 3 3880 4064 8873
1432 5 2038 2673 3918 4005 9068
1433 5 1040 1455 1537 2589 6402
1434 6 1969 3472 4829 5077 7449 8585
1435 3 7197 8274 8654
1436 4 1568 1746 4828 4917
1437 6 4474 4930 4964 6991 8291 9216
1438 8 988 1993 2042 2921 4887 9152 9860 9942
1439 4 1563 8607 9344 9385
1440 4 126 2993 7703 9302
1441 2 4278 5303
1442 2 938 8940
1443 4 1408 1536 2197 4393
1444 2 1972 8581
1445 3 22 2292 6144
1446 4 5644 6108 8712 9570
1447 2 4929 6073
1448 3 182 926 6092
1449 6 2680 6214 7940 8240 9044 9182
1450 2 6221 9573
1451 4 5297 6825 7252 7461
1452 4 1730 3605 5296 7015
1453 3 79 6332 8442
1454 3 25 3902 9389
1455 2 207 3699
1456 4 4237 5232 8940 9107
1457 4 287 1279 1829 4216
1458 8 223 3928 4175 6214 7257 7596 8309 8793
1459 4 1915 5713 6605 8699
1460 3 1966 3626 8429
1461 1 4766
1462 3 4270 5524 5698
1463 2 1534 2629
1464 5 1148 2475 6506 7721 7809
1465 5 1943 6195 7351 7461 7546
1466 2 4604 4835
1467 6 1079 3663 6028 7087 8156 8909
1468 4 265 4734 6918 8662
1469 6 3193 3850 5322 7156 8007 8350
1470 4 3341 3742 9011 9895
1471 8 2163 3201 4080 4879 4935 6328 8006 8688
1472 7 767 1908 5032 6272 7663 8997 9963
1473 7 4865 4890 5924 6606 8901 8951 9519
1474 3 1924 6493 8227
1475 2 1803 5176
1476 4 815 1668 4440 9226
1477 8 657 3001 3354 4029 4172 7068 8437 9206
1478 7 696 1087 1164 1669 3047 4831 7505
1479 3 197 1476 8469
1480 6 1638 3786 4295 6556 7455 9585
1481 5 644 1280 2885 9516 9831
1482 3 1813 5267 7811
1483 1 6749
1484 2 3120 6227
1485 1 4823
1486 4 118 4353 7561 8154
1487 3 411 3903 4089
1488 4 604 3660 4991 5545
1489 1 7937
1490 3 1237 4751 5486
1491 4 860 946 6177 7245
1492 2 544 8989
1493 4 94 2614 3629 8246
1494 1 6138
1495 4 3049 3712 4821 8864
1496 8 1003 1370 1386 3567 3681 3805 5311 6620
1497 9 1062 1748 2176 3950 7615 7858 7894 8771 8917
1498 4 5986 7543 7976 8995
1499 8 978 1361 2036 2449 3752 6559 6610 8138
1500 6 1237 2756 5526 6582 6970 7707
1501 8 767 1225 2014 2583 3414 4889 6812 7141
1502 3 4977 6693 7487
1503 3 11 2501 6746
1504 8 829 2961 3033 3389 3444 6687 7008 7922
1505 3 2648 8092 8246
1506 3 1102 4197 8071
1507 4 2511 4204 7642 9421
1508 8 750 1915 3646 4230 4410 6457 8830 9615
1509 4 169 4664 4778 5878
1510 6 407 454 1007 1318 2521 6727
1511 5 747 6675 7190 7329 9232
1512 6 117 498 1334 1532 2848 7770
1513 3 3597 4584 7907
1514 4 340 1109 2726 8994
1515 4 891 1449 3478 9390
1516 4 895 1945 3330 4674
1517 3 2902 5633 6466
1518 3 5611 5836 6001
1519 6 3552 4900 5663 7178 7774 9503
1520 8 568 3889 4419 6551 8007 8341 8513 9063
1521 0
1522 2 422 7958
1523 2 1978 3986
1524 4 1605 5830 9434 9698
1525 2 2012 6893
1526 6 1366 1868 2990 4115 5179 5641
1527 3 1122 1274 1822
1528 3 5424 7849 8334
1529 4 265 2548 4558 5676
1530 1 2793
1531 8 1711 3650 5317 6130 6752 6870 8032 9778
1532 7 6664 7222 8260 8742 9134 9563 9869
1533 7 1951 3152 4153 4868 7948 8838 9454
1534 7 527 3589 3879 6232 7097 7479 8902
1535 2 8999 9323
1536 2 734 7917
1537 2 1085 8191
1538 1 9497
1539 6 4012 4091 4746 6275 7026 9262
1540 2 1038 2586
1541 6 115 1515 1692 4338 4608 5864
1542 4 2250 4162 4431 5623
1543 5 1757 3694 4886 6058 8100
1544 3 1670 7291 9712
1545 2 2299 4895
1546 11 420 1538 2923 3132 4178 5459 5664 5835 8052 9139 9597
1547 6 2837 3571 3788 3826 8615 9073
1548 4 1076 3481 6840 8073
1549 5 984 1718 4310 8450 9217
1550 7 469 989 1608 2423 3974 5129 8631
1551 3 3192 7790 8950
1552 5 1255 4153 4995 8178 8842
1553 3 3598 8334 8369
1554 4 264 1060 2980 7147
1555 5 1776 2624 7224 7460 9159
1556 4 3307 5299 6098 8000
1557 4 4 1767 3815 7711
1558 2 5422 7845
1559 8 2168 2880 4642 5358 7125 8613 9052 9084
1560 7 541 1270 1638 3816 4007 6264 9838
1561 3 2870 7190 8490
1562 6 797 1224 2328 2393 3252 8498
1563 2 2251 4625
1564 2 8046 9901
1565 9 28 823 1004 2630 2830 5001 5697 5771 5858
1566 5 139 493 3857 8121 9390
1567 4 2643 2647 6878 9720
1568 1 5784
1569 4 711 1966 2166 8005
1570 3 1416 6667 9749
1571 4 275 504 1411 4138
1572 2 6480 8161
1573 4 4708 6917 9281 9416
1574 1 939
1575 6 3802 4983 8478 8864 9297 9466
1576 3 4963 5922 9510
1577 4 4103 4304 6393 7529
1578 9 2959 3797 4104 5001 6391 6508 6775 7805 8140
1579 7 2056 3073 3199 3484 5138 5273 6053
1580 7 2990 4373 4795 6319 9320 9690 9769
1581 1 7790
1582 3 3776 5869 9918
1583 6 970 5778 6721 7989 9079 9373
1584 7 906 2734 3932 7151 7840 8039 9759
1585 7 1040 2296 2309 2847 5302 8201 8259
1586 1 2282
1587 2 1580 3290
1588 5 2183 3304 5101 8387 8969
1589 7 1031 1193 1309 2208 4126 6020 9229
1590 5 545 1751 5505 7616 9770
1591 6 610 633 907 6624 7260 9982
1592 6 1035 1222 2388 3120 7687 8402
1593 4 2156 3751 6285 6527
1594 6 1569 2435 5913 6285 6466 6695
1595 5 203 1288 5253 8773 9344
1596 3 6808 7802 7876
1597 0
1598 5 6182 6329 6537 9257 9999
1599 5 504 733 3892 4782 9919
1600 3 574 1616 8741
1601 4 1300 1791 2180 2317
1602 3 2845 3304 9054
1603 6 1585 2893 3144 3199 4605 9068
1604 5 201 2567 3022 9163 9965
1605 2 3537 4306
1606 2 3670 5385
1607 4 2024 2785 5061 8510
1608 3 1190 3986 7674
1609 4 256 5764 6185 8569
1610 5 996 1544 5664 7649 8231
1611 4 1877 2385 4438 5702
1612 3 1645 2245 4541
1613 7 1997 2211 2669 2998 3211 7971 9414
1614 4 1964 5240 7336 9973
1615 3 2862 5365 9492
1616 2 9335 9737
1617 2 809 3205
1618 3 1575 5496 6315
1619 6 516 2820 6511 6560 6625 9679
1620 4 3667 5532 7872 8800
1621 2 5165 6436
1622 5 1007 1306 7488 9601 9970
1623 0
1624 1 9449
1625 1 6472
1626 6 136 1501 1763 2089 6755 9387
1627 4 418 1933 3707 8436
1628 4 647 1502 5199 7923
1629 3 396 5105 5838
1630 5 1705 1784 4256 6572 8557
1631 1 4045
1632 3 3032 3701 7091
1633 2 892 1575
1634 2 1227 8455
1635 2 241 2364
1636 6 3197 5570 6012 6436 7468 8727
1637 3 2546 6325 7292
1638 4 4236 7092 7101 8436
1639 8 520 653 4177 6390 6856 7257 7424 8152
1640 3 521 5205 8218
1641 9 758 1007 2490 5019 5291 5488 6282 6656 9839
1642 4 1369 2904 3139 9655
1643 5 1990 2652 5244 8634 8992
1644 5 4429 4501 5001 6262 9800
1645 2 2342 2747
1646 3 3324 3554 6274
1647 6 2574 3571 3607 6529 6990 7975
1648 4 3266 6959 7116 9391
1649 6 312 436 945 4695 5010 9802
1650 6 1196 5087 6309 9598 9658 9749
1651 3 1400 2273 6310
1652 3 2185 2873 7668
1653 3 2735 3278 4600
1654 1 7225
1655 11 554 868 1990 2256 4282 5500 5855 5953 6713 7625 9531
1656 3 4090 4255 5540
1657 9 194 315 2419 3197 4782 6912 7315 8426 9434
1658 4 1188 6018 6652 9038
1659 1 1792
1660 2 3833 9916
1661 6 162 2578 3822 4816 7505 9830
1662 4 3233 5335 7029 8487
1663 3 1301 2351 7453
1664 3 1764 3013 4699
1665 4 1194 2296 2978 8681
1666 4 2832 3077 4220 9320
1667 6 302 1716 3592 6881 8731 9540
1668 2 6809 7754
1669 5 3631 5724 6055 8962 9248
1670 2 2100 2240
1671 6 2312 3910 4964 6091 7138 7177
1672 2 1918 2389
1673 4 1064 4029 4733 5364
1674 6 1240 3121 5266 5373 8473 9991
1675 3 2480 6288 7923
1676 8 1391 3685 4203 5397 5480 8919 8943 9775
1677 1 6325
1678 8 2129 3048 3603 4815 6024 7503 9211 9529
1679 5 2480 3172 4684 4703 7348
1680 2 713 7468
1681 3 3896 7034 7319
1682 3 697 1703 5528
1683 3 828 7217 8381
1684 4 4637 5168 6528 6679
1685 8 1010 2061 2234 4211 5916 6675 7482 9361
1686 6 937 1340 3387 3920 5188 9589
1687 7 117 212 934 1499 1938 6079 9409
1688 5 3019 3938 4856 7129 9294
1689 2 1567 5913
1690 11 412 2105 2218 3014 3392 3420 3817 3864 6729 8631 9613
1691 5 1392 2326 3433 4887 8781
1692 1 4757
1693 2 257 1412
1694 2 8665 9698
1695 5 2352 2997 4166 6615 9655
1696 2 4906 9699
1697 5 573 1628 3254 3777 5864
1698 4 1796 2767 2943 9819
1699 2 7034 7686
1700 6 1124 1202 7356 7646 8423 9785
1701 2 4331 8094
1702 4 2198 5759 7393 7477
1703 3 9543 9870 9990
1704 3 1419 2481 8986
1705 4 3868 6680 6736 8632
1706 6 1130 4035 4215 4441 6960 8407
1707 5 760 2199 2784 5290 5704
1708 4 1779 4316 4859 7926
1709 5 3667 4355 5819 6391 7752
1710 2 3295 3559
1711 2 155 6374
1712 2 3842 9126
1713 2 3436 4745
1714 5 2198 2599 3494 4844 9590
1715 3 716 6564 7267
1716 6 1045 1199 2415 5268 5725 6951
1717 4 401 889 3373 6995
1718 2 6269 9599
1719 6 2177 2809 4046 5235 6953 8278
1720 6 42 255 2768 5108 5124 9285
1721 8 386 1156 2542 3553 4570 4818 6982 9543
1722 4 5733 6126 7627 9205
1723 4 2488 5426 6618 7855
1724 4 2019 4077 6234 9586
1725 3 6450 8051 9814
1726 7 556 643 1081 2023 4702 5397 7722
1727 5 3975 5260 6391 7637 9799
1728 7 1948 3190 3504 4730 8479 8943 9830
1729 4 2243 2905 6387 9346
1730 2 7659 8922
1731 4 341 426 2803 6098
1732 3 67 2930 9985
1733 3 1167 5664 7643
1734 5 1766 2788 3507 3818 9428
1735 2 1745 1834
1736 3 2862 4260 6191
1737 0
1738 8 2511 3800 5696 7208 8528 9349 9808 9922
1739 3 4114 5288 5544
1740 6 340 678 1047 1304 4613 5859
1741 4 3015 5506 8289 9485
1742 3 2556 3719 4754
1743 7 531 1029 5024 5204 7269 8040 8439
1744 4 2305 4316 4400 5644
1745 4 1142 3549 5581 5839
1746 5 477 6039 6628 9681 9739
1747 4 42 1471 6849 8804
1748 3 894 3082 9533
1749 4 3175 6434 6918 9853
1750 7 1671 3959 4837 7544 8532 8927 9075
1751 7 1471 2015 4577 5761 5799 7319 8959
1752 6 99 3305 5505 6618 9352 9495
1753 2 582 4870
1754 7 1837 2197 2792 3690 4775 6850 7587
1755 3 836 5411 6785
1756 3 5289 6142 8556
1757 4 2466 5855 6230 9337
1758 5 340 1319 5275 6618 8983
1759 5 208 1323 2000 3090 7558
1760 3 2241 5766 7018
1761 3 87 556 655
1762 6 4404 5279 5528 5806 7702 8840
1763 2 2834 7916
1764 3 3026 6378 7977
1765 3 799 3578 4208
1766 4 117 2832 4335 5954
1767 7 3122 3834 4851 4977 5722 7243 7835
1768 4 2219 2821 5509 8629
1769 3 4640 5049 5462
1770 3 4316 4731 8037
1771 1 931
1772 1 7186
1773 5 787 2549 8413 9064 9747
1774 1 1095
1775 4 231 699 6419 8393
1776 5 36 152 4867 5102 8248
1777 6 690 1685 3162 6181 7113 7492
1778 5 607 2517 2776 5332 9575
1779 7 3566 5378 7324 7836 7972 9897 9977
1780 6 126 1502 5011 5389 5398 6751
1781 2 2076 7974
1782 4 3169 4090 7900 8948
1783 3 2173 5914 7481
1784 2 6347 9458
1785 10 827 1278 2014 2152 2395 3093 4110 4841 6200 7017
1786 6 2696 3292 3520 3576 5541 6853
1787 7 2790 4272 6161 6647 9486 9782 9823
1788 7 765 3108 5798 7829 8958 9108 9185
1789 1 4517
1790 1 1855
1791 5 3099 4121 4917 5934 6595
1792 4 5402 6431 7699 8963
1793 2 6247 6826
1794 3 308 3841 3966
1795 3 163 2121 6133
1796 2 182 9078
1797 6 1873 2785 5884 6875 7558 7610
1798 6 2834 4192 5736 5810 6046 8439
1799 2 6071 9552
1800 3 760 898 9496
1801 7 3602 3913 4144 4374 6539 7294 7657
1802 5 2904 3982 4062 6800 8177
1803 4 0 769 3758 7121
1804 5 3794 4155 5029 6536 7790
1805 2 7620 7884
1806 5 1184 1241 4008 7218 7983
1807 6 2190 5735 7819 7823 8478 9791
1808 4 642 3136 3148 9050
1809 2 2269 6573
1810 1 4152
1811 4 1305 2532 5481 6137
1812 2 594 852
1813 5 1048 5290 5373 7168 8443
1814 2 2221 8579
1815 8 1091 2620 2968 6754 7614 7689 9201 9732
1816 4 2037 6358 7133 9425
1817 2 430 9743
1818 4 2537 3902 6082 6408
1819 3 3667 3778 8633
1820 5 4423 6998 8266 8387 9295
1821 3 4079 5894 8586
1822 4 1036 1343 2413 4810
1823 3 8909 9188 9190
1824 4 3060 4254 8517 9158
1825 5 988 2599 3341 4628 6169
1826 6 1655 2154 2244 6406 7235 7817
1827 3 105 4282 5621
1828 4 354 655 9460 9871
1829 4 328 3155 5140 6971
1830 5 1289 1492 4458 5413 7060
1831 6 5424 5918 6508 7288 7649 9360
1832 0
1833 4 3698 3969 4743 5633
1834 3 5451 7652 8728
1835 7 1480 3221 3892 5092 5845 6369 9219
1836 8 1117 1167 1258 1674 3636 3687 3783 9761
1837 2 2714 9678
1838 4 4404 7643 7811 9321
1839 6 2259 2814 3251 3906 5902 7823
1840 4 1091 1181 3832 9712
1841 2 5135 8168
1842 5 1427 2484 4015 6026 7897
1843 3 4492 4732 7812
1844 4 164 6397 7792 8552
1845 3 665 4476 7339
1846 5 2627 3836 4270 4390 4760
1847 2 1339 4468
1848 6 948 2877 3968 6678 8180 8837
1849 9 818 1947 2368 2918 3665 3985 4106 5253 8116
1850 2 2572 7083
1851 6 316 609 1906 4104 5054 9462
1852 6 3912 6131 7396 8187 8984 9352
1853 3 4033 7368 7721
1854 5 230 3506 4736 4765 9765
1855 6 858 1673 3207 7781 8919 9453
1856 5 3059 3325 4882 5115 8980
1857 6 1179 2737 4064 5230 5820 7701
1858 3 1431 6466 9057
1859 7 166 756 1373 1758 5916 6449 6500
1860 4 1691 4307 4941 9678
1861 4 5444 5490 7131 8421
1862 7 1531 2676 3255 5293 5652 7364 8892
1863 6 1738 2801 4434 7288 7494 9135
1864 3 1459 5526 5836
1865 4 1235 8026 9279 9350
1866 5 1793 2387 7878 7892 8524
1867 5 409 506 1255 5470 6500
1868 7 2630 2868 4742 6105 6276 6633 7476
1869 2 267 609
1870 1 70
1871 4 3577 4529 7483 8033
1872 2 5719 6922
1873 3 2589 6313 9324
1874 7 1415 2223 3012 5488 6786 7364 8757
1875 4 4563 7979 8225 9641
1876 5 1670 2117 3014 8943 9304
1877 5 1418 3734 5010 9290 9651
1878 3 2380 3732 4156
1879 2 2476 3991
1880 9 134 3500 3803 4639 5552 8276 8598 8655 9000
1881 2 4674 9487
1882 2 294 6179
1883 5 1630 5483 6670 8954 9170
1884 6 4692 5051 6374 6514 8764 9105
1885 5 1152 1373 2548 4178 8106
1886 3 298 2277 5865
1887 7 516 5016 5908 6114 6541 8269 8466
1888 4 1024 2169 6504 9338
1889 6 2966 3684 4048 6448 7130 9905
1890 4 4398 4625 6233 9202
1891 4 2785 4618 5226 6300
1892 6 3384 5829 7394 8550 8794 9522
1893 4 9 5523 5682 6206
1894 3 1863 5669 7892
1895 4 1347 2367 5659 8381
1896 6 139 1890 3718 5337 5547 6142
1897 3 5295 5601 9276
1898 7 1406 4808 5160 6603 8685 9383 9859
1899 2 371 6771
1900 6 1841 2916 4053 5761 8409 9281
1901 2 8231 8935
1902 3 429 554 1025
1903 5 3868 4446 4851 5556 5672
1904 5 674 2931 6199 6397 7145
1905 2 2390 6849
1906 7 995 1271 2051 2226 2315 6533 8246
1907 5 746 3693 3872 5136 8781
1908 5 1298 2237 8469 9547 9691
1909 6 789 1521 1614 3509 3842 7719
1910 1 1920
1911 8 155 3481 5615 7035 7581 7736 8346 8857
1912 8 187 989 3530 3892 5769 7092 9090 9654
1913 4 666 1416 3689 8627
1914 3 1896 2534 3585
1915 2 4767 6864
1916 8 1906 3076 4477 5281 5684 8758 9331 9612
1917 2 5966 8665
1918 6 1641 6637 8660 9283 9326 9695
1919 5 138 6700 6888 7069 8380
1920 7 389 2172 4735 5972 8112 8349 9423
1921 3 5927 6687 9689
1922 4 1424 5903 6476 6505
1923 3 1062 4093 7950
1924 4 1660 1720 6325 9819
1925 3 5667 7438 9316
1926 7 830 5092 5849 6077 6674 6694 9208
1927 5 2732 2865 3397 7174 8650
1928 5 1967 2083 2886 3020 6914
1929 2 468 7352
1930 6 456 4897 6957 8570 8591 9694
1931 5 1528 2080 2542 4167 9767
1932 3 2483 5727 5882
1933 8 1788 2085 2510 6747 6816 8103 9803 9955
1934 4 2103 2939 5767 7117
1935 5 1285 1565 5403 5885 6702
1936 5 926 1934 5405 6608 7165
1937 4 4671 5752 6865 7575
1938 3 1632 3910 4316
1939 4 938 6392 6929 8429
1940 3 5115 5366 7422
1941 6 6585 7073 7312 7354 8817 9492
1942 4 724 5170 7512 9604
1943 1 9378
1944 6 13 1566 3781 5348 5953 6429
1945 3 4463 5622 7839
1946 3 174 1630 8025
1947 4 405 5333 5423 7331
1948 2 101 2679
1949 8 1784 1855 3125 4314 4489 4776 8122 9227
1950 6 3652 4571 5516 7316 8651 9525
1951 3 5696 7675 9822
1952 3 258 904 7038
1953 5 5070 6641 8681 8983 8987
1954 6 1167 1667 2764 6403 6520 8508
1955 5 2326 3725 4916 6491 7746
1956 3 1859 4453 5605
1957 1 8500
1958 5 1424 2035 3924 7079 7275
1959 2 465 3095
1960 5 1906 2077 4510 5108 6540
1961 1 7890
1962 1 717
1963 5 546 1270 2217 3507 5847
1964 3 3965 5831 7619
1965 3 1185 7574 7678
1966 3 1309 3348 6592
1967 3 3073 6509 9845
1968 4 400 8065 8781 9564
1969 9 94 1791 2750 5459 5718 6364 7078 8509 9242
1970 4 734 7118 7768 8189
1971 1 4288
1972 3 1695 7067 9531
1973 1 5556
1974 2 4006 9299
1975 4 1443 1730 3575 7026
1976 5 976 1351 1490 4413 5778
1977 3 434 2266 8508
1978 5 591 4432 7597 9365 9788
1979 4 2246 2927 2956 4437
1980 10 2461 4195 4456 6561 6938 7190 7252 7568 7715 8761
1981 3 2434 2441 9940
1982 6 115 3722 7138 7827 8294 9328
1983 5 3264 3889 7055 8651 9221
1984 1 5548
1985 5 321 1894 2709 3525 7384
1986 1 5559
1987 5 2567 2826 3233 6356 6656
1988 4 1617 2115 3920 5436
1989 5 1726 3523 4879 8499 9751
1990 3 5410 7728 7782
1991 2 8094 9661
1992 3 2041 6154 9163
1993 3 2161 4757 8163
1994 6 2064 2842 3842 7375 7988 9120
1995 2 3548 8820
1996 4 1877 3825 7380 9389
1997 7 1070 4343 5432 6924 7197 7305 8742
1998 5 904 2664 2846 3652 4797
1999 3 63 1015 9263
2000 2 5195 5253
2001 5 158 2655 5449 5633 6056
2002 4 5916 8056 8392 9292
2003 9 1435 1492 2912 3080 3128 3868 6534 7909 9997
2004 1 1945
2005 6 561 1972 5785 7026 8341 9583
2006 7 1423 2358 6175 6791 6857 6919 8808
2007 4 3512 4487 9580 9982
2008 8 211 2262 2579 4903 6474 7899 8117 8127
2009 5 3949 4609 6650 8558 8766
2010 4 782 3292 6602 8637
2011 5 1131 1623 4633 8141 8392
2012 2 4408 9380
2013 1 3410
2014 4 2201 3509 8404 8917
2015 2 2012 9150
2016 1 9046
2017 6 2645 3568 3836 4105 7503 7538
2018 2 2420 9611
2019 4 913 1141 1237 4591
2020 5 919 4806 6491 6861 8022
2021 3 1892 3171 5607
2022 0
2023 6 1782 3187 3395 3636 3826 9297
2024 6 325 4756 4911 5710 5759 6265
2025 4 2848 4830 7555 8999
2026 1 9165
2027 5 83 717 6019 8237 8571
2028 3 4186 4828 8037
2029 11 148 307 807 989 3323 4870 5330 8069 8496 8816 9981
2030 5 184 2552 3442 4035 9798
2031 3 2027 3141 8281
2032 5 1668 3904 6451 6603 7643
2033 4 505 3626 4199 8776
2034 2 1105 2289
2035 3 3185 3878 9952
2036 5 1 5253 5645 6003 9126
2037 7 423 1828 5294 6043 6414 7501 8193
2038 8 482 3310 4216 4394 4862 6306 7976 8987
2039 3 3827 8055 9317
2040 5 125 1988 4353 5127 9971
2041 3 56 4982 9810
2042 0
2043 1 5678
2044 4 1379 4761 5994 9147
2045 4 276 3442 4366 6402
2046 1 7904
2047 4 5375 5800 7856 9426
2048 2 8007 8146
2049 4 2269 7948 9143 9581
2050 3 7869 8402 9003
2051 5 4719 6087 7064 8259 8385
2052 2 1013 1588
2053 4 7752 9012 9039 9126
2054 9 2680 6420 7082 7426 7584 8821 9389 9654 9697
2055 3 118 8360 8537
2056 3 1019 3191 3695
2057 2 3322 6449
2058 1 3949
2059 5 1928 2576 2861 5539 6269
2060 3 115 541 3072
2061 3 3357 4918 5656
2062 3 4684 6364 9659
2063 4 4256 5513 8078 9306
2064 3 134 3771 7397
2065 9 1886 2600 2821 3948 4359 5553 6196 8997 9583
2066 1 8282
2067 3 3651 6155 9139
2068 2 8901 8992
2069 6 842 3414 5645 6467 7736 9054
2070 7 3930 4186 4632 5056 5704 6488 8298
2071 4 1117 1291 2341 9172
2072 4 369 6203 6537 9794
2073 4 1717 2396 8138 9733
2074 3 149 1689 3778
2075 2 4672 7693
2076 5 2013 5746 7448 7532 7902
2077 2 1597 6360
2078 4 213 249 9408 9887
2079 3 104 692 9188
2080 5 655 1639 1888 5964 7043
2081 4 3294 8271 9983 9990
2082 1 9433
2083 3 3526 6175 7898
2084 9 2034 3310 4121 4634 5306 6916 7820 8334 8679
2085 6 535 4217 6264 6340 6797 8321
2086 7 693 1155 1356 1945 5047 5613 8408
2087 4 2603 3805 4699 4857
2088 4 1861 2614 4332 7538
2089 8 51 374 1173 1419 1636 1820 2975 5638
2090 5 1174 4623 8119 8427 9552
2091 4 21 1392 1915 4679
2092 8 1808 2232 2808 3095 4801 5056 5100 6374
2093 2 1090 1636
2094 1 1647
2095 3 3881 7568 8009
2096 2 558 1689
2097 4 155 5913 6189 6746
2098 5 435 2659 4556 6307 7828
2099 5 1792 2162 5443 8836 9216
2100 6 492 678 5160 6443 7655 8609
2101 2 1773 8417
2102 0
2103 4 82 2037 2482 8672
2104 4 5329 6509 7315 7960
2105 0
2106 5 1006 1849 4167 4937 7933
2107 4 3091 6474 6702 8240
2108 2 2375 5660
2109 4 2649 4203 8974 9436
2110 9 1802 3034 3834 4234 4418 5745 7017 8563 8636
2111 6 3846 4984 6260 6810 7825 7882
2112 6 2715 5290 5929 7805 8064 8507
2113 3 1220 2137 4290
2114 2 2106 5566
2115 5 3955 5798 5966 7002 7852
2116 5 2354 3532 5247 8867 9862
2117 4 1282 1394 2181 3082
2118 7 1859 2136 4893 5498 6908 8057 9232
2119 4 3314 5466 7344 9700
2120 1 9447
2121 3 255 2207 6417
2122 4 982 3320 4898 8133
2123 3 643 778 4035
2124 7 2509 2773 2898 6500 7776 8318 9148
2125 3 4491 5234 7617
2126 6 1081 2640 4493 5020 6632 8750
2127 7 1548 1621 2261 4399 5857 7829 7861
2128 2 1142 2440
2129 5 1015 1133 5511 7644 9953
2130 6 4976 6164 6731 7415 8912 9035
2131 5 916 1603 6809 7329 9469
2132 5 2376 4210 6674 7428 8856
2133 13 492 550 2492 2564 3154 4716 5249 5422 6844 8383 9390 9729 9851
2134 4 1903 2375 6777 7719
2135 4 951 1111 4094 6611
2136 6 678 5256 5508 6517 7177 9829
2137 3 6078 7637 7755
2138 3 2447 8691 8936
2139 3 2881 7150 7923
2140 8 2708 4238 4404 4650 5363 5789 6879 9141
2141 6 1435 3051 4096 8623 8656 8913
2142 3 81 7717 9022
2143 4 368 3566 7627 8653
2144 4 402 3365 6638 9846
2145 5 1680 2072 4546 6765 7164
2146 0
2147 2 271 7271
2148 1 3717
2149 5 2205 2465 4645 6705 8138
2150 2 832 3530
2151 7 1582 2142 2201 2423 2494 5573 8996
2152 2 1202 6250
2153 1 4433
2154 2 5810 7846
2155 8 1482 3584 5422 5435 7564 7896 8178 8868
2156 2 1356 8748
2157 4 4673 8414 8424 9909
2158 6 1769 6737 7509 8806 8932 9770
2159 6 1573 1629 3551 5028 5401 5682
2160 4 2783 3196 5509 6097
2161 6 848 2461 3904 5395 5903 9175
2162 7 40 3077 5701 5948 6495 6830 9532
2163 4 97 2465 4889 7143
2164 2 284 1185
2165 3 4157 6668 7318
2166 6 1341 5877 6280 7617 8069 8923
2167 1 9005
2168 3 5215 8821 9759
2169 3 2754 4661 6099
2170 10 343 658 1140 3151 3491 4020 6906 7103 7454 7818
2171 2 1777 7228
2172 3 708 4220 9283
2173 3 1144 4900 7341
2174 5 685 2579 5342 8529 8686
2175 3 1468 3751 8064
2176 4 4011 4665 6200 9334
2177 6 3857 4879 4886 5158 5765 5842
2178 1 6113
2179 7 2395 2863 5257 6831 8401 8529 9391
2180 5 426 2872 3781 7292 8594
2181 3 838 7655 8623
2182 4 0 2013 6000 6009
2183 2 1633 6758
2184 2 5271 6769
2185 1 4690
2186 4 1082 5013 6220 8027
2187 4 1971 5703 7572 9424
2188 4 6670 8187 9747 9958
2189 5 860 4197 5114 5346 5422
2190 2 250 7009
2191 2 120 4105
2192 8 656 687 3600 4500 4896 5639 6792 9125
2193 5 5101 6682 7663 8332 8802
2194 4 742 2905 5599 6457
2195 3 4974 7636 8607
2196 3 1077 3860 6695
2197 4 4380 7834 8461 8697
2198 4 4195 5212 7228 8998
2199 5 797 4974 6253 7079 7335
2200 4 236 836 2809 3645
2201 8 2077 6027 8385 8662 8939 9125 9801 9997
2202 4 4241 4996 6728 9607
2203 3 201 330 1611
2204 5 2057 3018 7311 8234 8853
2205 1 7948
2206 4 585 4182 4511 6388
2207 5 2497 7164 7775 8051 8881
2208 2 3703 9931
2209 1 5752
2210 5 3750 5090 6061 9870 9971
2211 6 3911 4353 5529 7607 8320 9793
2212 1 5498
2213 3 5949 8187 9788
2214 4 1779 5150 6334 7679
2215 5 517 989 3361 5339 6163
2216 5 2379 2484 2674 9210 9992
2217 4 136 3337 3433 6984
2218 3 40 2630 8391
2219 3 3133 3202 7083
2220 7 2861 3640 3720 5343 5372 7249 8252
2221 7 717 2370 5397 5741 6038 6323 6755
2222 4 3341 6612 8337 9161
2223 3 2068 6767 9324
2224 2 586 3293
2225 1 8923
2226 2 3489 8833
2227 2 1009 5456
2228 4 920 3272 8600 9042
2229 0
2230 7 571 712 4832 5129 6633 7888 8193
2231 5 4368 4755 5116 5420 8715
2232 6 165 308 1671 3142 3838 9287
2233 4 1095 2462 5422 6104
2234 6 2666 2840 4457 7431 7582 8864
2235 1 7328
2236 8 418 1915 3722 4456 6013 9039 9070 9758
2237 3 2405 2473 8458
2238 2 1463 3958
2239 8 29 1053 1934 3205 4263 6365 6837 8044
2240 4 2571 2928 7280 9316
2241 3 4271 5022 5992
2242 4 763 1692 8829 9088
2243 7 1473 3649 5020 6881 7410 8643 9739
2244 2 3279 8458
2245 3 3815 4869 5161
2246 3 4598 5475 6774
2247 2 3325 9781
2248 6 2131 4124 4377 4897 7509 8200
2249 3 685 1561 6744
2250 6 1136 3130 4005 4249 8989 9376
2251 1 562
2252 4 2875 3272 7509 9384
2253 3 3161 3334 6899
2254 6 5242 5888 7033 8099 8484 9073
2255 4 832 2783 3988 5418
2256 4 555 1578 2824 4572
2257 5 2063 5247 7742 8023 8603
2258 3 1476 7179 7780
2259 3 1192 5332 5852
2260 5 1166 1423 2012 7220 9514
2261 3 2472 5358 6788
2262 3 6344 6744 7696
2263 5 696 1614 1885 1976 5581
2264 5 3260 4725 5386 5642 8455
2265 3 498 2721 8292
2266 3 1156 6391 9429
2267 5 1808 2304 4279 4574 6852
2268 5 1621 4405 4666 4971 7050
2269 3 2751 3144 6675
2270 8 238 938 3041 4811 6195 6332 7261 8940
2271 4 772 2261 3549 8219
2272 10 1107 1564 3649 4163 4689 5678 7444 7816 8690 9258
2273 4 6342 6506 8860 9293
2274 2 2420 5600
2275 0
2276 2 2103 4628
2277 7 159 1971 3285 3880 5928 6791 7516
2278 3 4101 6450 6781
2279 4 317 1817 6329 8379
2280 4 1591 5586 6162 7490
2281 2 390 6204
2282 3 5780 6889 7751
2283 3 1069 5470 9623
2284 7 1979 2148 2460 8878 8897 9195 9378
2285 6 3883 4480 4504 6318 9285 9668
2286 5 4389 5048 5246 7302 9384
2287 5 913 2682 5520 6298 7259
2288 2 4476 9868
2289 2 3517 4478
2290 10 923 5536 5691 5881 6723 8059 8348 8947 9527 9603
2291 2 412 8088
2292 7 800 1973 3321 5029 9064 9092 9449
2293 3 2434 5942 8625
2294 5 1032 1401 5965 7968 9761
2295 6 2073 3285 4682 7108 7350 7859
2296 5 2382 3242 3325 6602 7636
2297 6 1328 2591 4462 8144 8512 8721
2298 1 520
2299 5 4806 5436 5613 5735 9603
2300 4 2670 2695 4463 5292
2301 6 995 6142 6271 7086 7907 8069
2302 8 961 1760 2905 3757 6774 7526 7555 9775
2303 4 3408 4443 5399 9250
2304 3 2141 2573 7592
2305 4 1872 2243 2685 5022
2306 3 2916 3801 6335
2307 1 2
2308 6 1496 2370 7822 8728 9209 9385
2309 2 3275 8102
2310 2 3557 6895
2311 1 2145
2312 6 2773 2869 2890 8449 8475 8881
2313 6 1243 3553 3673 4966 7501 8961
2314 2 6673 7202
2315 9 117 245 496 1434 1907 3521 7090 7185 9582
2316 9 144 149 1846 4616 4839 6598 7251 7710 8564
2317 1 5491
2318 1 5627
2319 3 1050 3112 7748
2320 5 23 1051 2776 4058 6874
2321 2 8500 8918
2322 3 6340 6741 8714
2323 6 2999 5687 6034 8384 8645 8908
2324 6 438 3579 6241 7070 9013 9586
2325 2 1052 4520
2326 9 1654 5330 6054 7431 7981 8118 8185 9013 9819
2327 1 6727
2328 6 2552 2765 4620 5517 6364 8608
2329 3 18 5301 6968
2330 4 5097 5467 6565 8168
2331 1 9440
2332 7 68 398 2354 4784 4830 5297 5318
2333 10 886 1567 3295 3847 4417 5026 5082 7182 8951 9566
2334 5 612 3381 3623 4895 6922
2335 5 1289 3403 5564 5653 7037
2336 4 2374 3444 7685 8048
2337 7 3151 6639 7501 7962 8007 8803 8878
2338 2 1166 8472
2339 4 570 3134 7795 9358
2340 5 514 2463 3333 6316 9289
2341 3 6675 8187 8762
2342 1 9697
2343 2 5939 7050
2344 2 6105 7768
2345 5 432 1328 2617 6935 7242
2346 4 2241 5117 7506 8545
2347 4 3137 5924 7657 9048
2348 6 2697 3279 3705 4622 8317 9490
2349 3 563 8513 9337
2350 1 3725
2351 8 490 710 755 1217 1385 2277 4165 5847
2352 4 2010 4900 7537 8366
2353 2 1731 7246
2354 4 444 1457 9031 9860
2355 3 3175 3753 6722
2356 2 1383 1725
2357 2 2804 5338
2358 3 2949 5382 8876
2359 4 244 753 2958 6412
2360 3 999 8151 8391
2361 1 7614
2362 3 2053 3108 5718
2363 4 1359 2421 3746 5679
2364 3 51 5451 8718
2365 8 1255 2558 2865 3547 7357 8623 9260 9947
2366 4 3678 5493 7493 7833
2367 0
2368 4 6020 6666 9366 9415
2369 5 3574 5437 6280 7196 9425
2370 3 6729 8782 8906
2371 2 4111 7203
2372 4 353 3874 6986 7860
2373 6 2870 3993 5014 6575 6827 8989
2374 6 247 3828 4225 4644 6187 9438
2375 5 192 3949 3974 6127 9869
2376 3 7798 8322 8813
2377 5 3928 4751 6925 7866 8180
2378 8 353 783 1193 6146 6557 7731 8305 9382
2379 3 533 764 3986
2380 1 8977
2381 3 8573 8912 9999
2382 8 309 935 1165 1656 1736 4951 5730 9515
2383 6 1920 4832 5826 8921 9144 9282
2384 4 5132 5526 7646 9733
2385 3 3590 5071 8767
2386 3 3865 3916 8942
2387 4 1325 1338 5621 7092
2388 1 8600
2389 0
2390 5 4720 6690 7751 8687 9416
2391 4 2341 3184 3597 4667
2392 5 2841 3241 3550 7094 9733
2393 5 2774 3477 6857 7896 8524
2394 5 1468 1639 2077 7671 8535
2395 4 1676 2458 6348 6408
2396 4 346 2278 3114 7243
2397 2 4131 8806
2398 7 1646 3257 7222 7286 8297 8884 8923
2399 1 8507
2400 2 3159 6250
2401 5 1913 2556 3769 5042 7936
2402 3 558 1939 4384
2403 2 5029 7497
2404 1 6809
2405 5 1292 2381 2949 3885 6773
2406 5 3179 6274 6754 7112 8774
2407 0
2408 6 190 4975 5851 5906 8929 9578
2409 3 65 6487 8473
2410 2 1525 7242
2411 1 3848
2412 4 4576 4624 4797 8472
2413 7 1539 3844 4198 4363 5766 6200 8265
2414 4 388 2838 3689 8441
2415 3 1137 5425 8117
2416 4 3966 5209 9393 9966
2417 4 2052 5704 7873 8284
2418 5 5567 5644 6412 9676 9782
2419 5 2017 4575 4794 5723 8936
2420 3 5670 8277 8764
2421 4 970 2751 2767 3542
2422 3 4092 4271 6701
2423 6 587 3184 4188 5525 7584 9941
2424 4 981 1030 2736 7760
2425 4 710 2002 7122 9812
2426 3 452 1091 1810
2427 3 10 2268 9949
2428 6 391 3168 3418 6243 6300 8163
2429 3 1005 1958 2317
2430 2 3668 9421
2431 6 491 2269 3450 4326 8621 8834
2432 7 239 305 2062 3556 4540 4963 7003
2433 2 3271 3544
2434 2 804 4160
2435 7 2114 2977 4876 6107 6413 6752 8663
2436 2 5214 8682
2437 6 1311 1409 1843 4908 6448 6953
2438 8 341 1102 1792 1881 2509 3515 5444 9396
2439 5 1585 4191 5861 7072 7820
2440 1 1939
2441 3 4306 7193 8733
2442 5 787 4237 4449 5796 8459
2443 5 228 490 2917 5992 7945
2444 4 2465 2995 3261 7741
2445 5 764 2550 5291 5383 7868
2446 2 1819 7551
2447 3 307 1930 1963
2448 5 114 519 2017 4093 4755
2449 5 28 980 4630 5435 7852
2450 3 231 457 9821
2451 4 1373 2872 3055 9602
2452 6 621 2077 4008 5085 5348 6722
2453 3 3456 3472 8538
2454 3 2197 7761 8138
2455 1 5919
2456 1 9566
2457 3 917 4878 6692
2458 5 1128 2264 2619 3402 8292
2459 11 42 580 1109 1450 2237 3589 4618 4794 6332 6892 8150
2460 2 5860 7449
2461 3 3883 7310 8721
2462 3 2607 8272 8716
2463 1 1690
2464 3 5846 5997 9402
2465 3 760 3995 6232
2466 2 3893 4559
2467 2 4837 7984
2468 4 402 1610 5282 6829
2469 1 2731
2470 4 964 3855 4051 6615
2471 7 2418 3545 6024 7641 8633 8750 9143
2472 3 168 6720 7146
2473 6 2970 4744 5412 8080 8860 9210
2474 3 4021 4879 6462
2475 3 1577 4708 8938
2476 6 2054 2973 3420 6854 8017 8937
2477 2 3145 3899
2478 6 634 1703 1869 6467 7539 9990
2479 7 11 712 2513 3550 4416 4757 5646
2480 8 2874 3532 4521 5523 6873 7447 7620 8790
2481 0
2482 8 494 1116 1498 2603 5669 6915 9374 9859
2483 5 16 895 6416 7021 7927
2484 5 318 1629 5286 8590 9833
2485 5 796 4335 5005 5833 8412
2486 1 869
2487 3 930 3784 7603
2488 5 2012 2311 3541 8514 8874
2489 5 296 1012 3212 5533 9836
2490 3 25 2633 5849
2491 2 2202 5113
2492 2 4438 8573
2493 5 756 789 1785 6713 8741
2494 1 74
2495 3 4021 5376 9100
2496 5 1995 4238 4254 7243 8676
2497 6 1209 1879 2423 5014 8297 9829
2498 1 8622
2499 3 933 7266 7665
2500 6 2897 6070 7441 9473 9505 9595
2501 5 700 2692 6035 7617 8523
2502 2 1546 7092
2503 4 2726 3516 3833 9328
2504 5 2967 4253 4723 6323 7421
2505 6 1697 4353 5199 7149 7923 7998
2506 5 4286 4542 5969 7252 9804
2507 2 8229 8541
2508 6 478 2937 5511 8324 8884 9391
2509 3 547 997 9409
2510 6 2802 2880 4515 4750 6471 9184
2511 5 1394 2555 2983 5500 7358
2512 4 1239 2651 3359 8890
2513 6 5079 5781 6357 7045 7341 7364
2514 5 649 3044 3500 4897 9970
2515 5 2224 6655 7300 7458 8240
2516 4 1202 2111 3560 7590
2517 6 725 1209 2350 4119 5417 8875
2518 4 1537 6474 9254 9464
2519 5 4 1262 2294 7565 9029
2520 3 629 4185 8026
2521 6 871 1626 3996 4301 5319 7375
2522 5 3447 4852 6092 7684 8510
2523 7 891 1811 2700 3341 6553 7909 9933
2524 5 466 2443 3917 4155 8926
2525 4 3189 4397 4972 9987
2526 9 373 1663 2344 2618 7475 8170 9201 9837 9912
2527 2 6303 9946
2528 7 1164 1569 3417 5027 7073 8081 8850
2529 3 3686 5451 5941
2530 8 1575 2090 3165 3507 5366 7825 9069 9079
2531 3 4011 7923 9746
2532 5 1729 2971 6035 6253 9593
2533 3 3866 4722 5730
2534 4 853 2034 3688 9042
2535 8 601 1795 2925 3421 3751 5359 7405 8841
2536 5 1597 5272 5841 7363 9608
2537 5 3683 3717 4967 7169 8077
2538 4 448 3655 4088 8967
2539 3 3383 6457 7582
2540 4 8192 8764 8849 9940
2541 3 303 304 7018
2542 2 680 7568
2543 6 1876 2730 6310 7829 8476 8768
2544 4 1574 3641 4216 7354
2545 4 169 3166 5561 6102
2546 4 3826 4528 6199 9299
2547 2 1565 3346
2548 3 5110 6239 6618
2549 5 4241 4666 6443 7340 9184
2550 6 3465 3807 6966 8037 9205 9997
2551 3 688 1353 4570
2552 5 339 1403 2753 4237 6033
2553 6 741 1463 1926 6659 8164 9052
2554 6 489 1454 2253 5605 8396 8820
2555 7 1500 1657 2304 4679 4774 6472 9223
2556 3 794 4464 7585
2557 6 1065 1595 2662 5453 7143 7957
2558 3 7018 9277 9659
2559 5 108 2209 3930 6985 8518
2560 3 4329 6070 7736
2561 1 7810
2562 5 1170 1549 5297 6585 8296
2563 5 870 1667 2841 3117 9632
2564 5 3609 4166 4241 4890 5300
2565 7 791 4617 4977 5172 5344 8678 9226
2566 6 952 1903 1905 2519 5445 6232
2567 3 182 604 3875
2568 4 2463 8380 9858 9891
2569 4 3898 3929 4946 8111
2570 1 1477
2571 4 5743 6477 7351 8420
2572 4 916 2640 4699 8379
2573 4 2535 8567 8750 9597
2574 4 2082 5375 5903 9432
2575 1 4815
2576 5 56 2648 2691 3085 6321
2577 5 922 3921 4719 6946 9918
2578 4 1010 4260 4692 9808
2579 2 1601 9445
2580 4 2493 4155 4214 8353
2581 3 6589 6856 8009
2582 3 379 3922 7110
2583 3 2320 3320 9324
2584 8 2284 2367 3241 3331 4111 4420 4755 9380
2585 5 644 729 7154 9410 9760
2586 4 2267 6703 7670 8658
2587 5 3139 4644 6264 8420 8658
2588 6 1499 2849 4509 4538 5374 5883
2589 5 3276 3487 3514 4853 4961
2590 2 553 3084
2591 3 686 2889 5266
2592 2 276 2498
2593 9 2736 4220 4395 4704 5447 5623 6514 6753 8991
2594 7 700 1863 4179 4802 5299 9473 9920
2595 6 2014 4453 4553 6416 8027 8871
2596 2 7363 9584
2597 2 6646 9558
2598 6 1186 1747 2065 2541 3332 7318
2599 4 2725 5960 5996 6060
2600 3 2905 4984 9907
2601 2 1166 6714
2602 1 3963
2603 6 1594 2522 4351 7389 8901 9662
2604 7 87 1024 1201 2330 3629 5340 8739
2605 7 1623 1877 3926 5650 6767 6778 8086
2606 1 1756
2607 6 201 1072 2529 7705 8212 9411
2608 2 6097 8822
2609 2 8578 8776
2610 5 2443 3939 3964 4983 6144
2611 3 368 3591 6937
2612 3 969 1837 9253
2613 3 3815 8312 8439
2614 1 9368
2615 6 856 3901 4809 6366 6479 8226
2616 0
2617 4 1594 4420 5292 6318
2618 3 8355 9099 9339
2619 1 7508
2620 4 1656 2918 5301 6906
2621 7 2009 4120 4529 5297 6163 6206 9999
2622 4 453 5488 7030 7338
2623 3 7549 9124 9770
2624 0
2625 2 5937 8025
2626 2 2149 4494
2627 2 4136 6475
2628 3 1458 4985 9872
2629 4 3 5368 5775 8906
2630 6 2775 2810 5992 7220 9048 9386
2631 3 4372 8528 8573
2632 5 2233 4950 6672 8236 8737
2633 3 334 3869 6203
2634 10 1569 1738 2009 2115 3042 4453 4762 5061 6518 8357
2635 3 3867 4448 5382
2636 2 3039 7439
2637 2 2905 9520
2638 5 2301 3783 3841 4778 6505
2639 2 890 2855
2640 8 1829 3688 4701 5421 5615 7550 9335 9956
2641 6 1322 2965 3944 4936 8557 8735
2642 3 1155 1396 4502
2643 6 2692 3579 5464 6001 8826 9439
2644 2 1355 4971
2645 2 730 6374
2646 2 3140 4964
2647 4 2563 5103 7968 8090
2648 3 1787 3540 5718
2649 3 185 1337 4410
2650 2 2457 3937
2651 5 3617 6264 6391 8066 8193
2652 9 844 1724 2522 2660 5122 5415 6349 8692 8988
2653 3 6006 6312 7168
2654 8 778 969 1188 3739 6061 7954 9299 9304
2655 5 246 4332 4853 6626 9879
2656 4 214 4968 6690 7633
2657 6 187 1201 3316 4849 5020 8404
2658 2 7136 9441
2659 3 817 6086 7069
2660 8 48 3944 5375 6190 6807 6970 7441 9265
2661 6 878 1640 1774 4891 5650 8661
2662 1 1250
2663 4 257 710 3638 8507
2664 9 230 778 2274 3462 5121 5290 7794 9685 9987
2665 1 1928
2666 7 1016 3084 5291 6021 8693 9343 9925
2667 3 3194 7863 8434
2668 4 726 1214 5213 8024
2669 3 442 2682 6035
2670 6 4800 5853 7947 8088 8249 9620
2671 3 1939 4113 6239
2672 3 6096 6164 9488
2673 7 1604 2233 2728 2936 6166 7969 9211
2674 9 1163 1605 2695 3780 6375 6590 8319 8670 9607
2675 2 3363 9502
2676 0
2677 7 4518 4794 4910 5945 6014 9176 9298
2678 6 3806 6201 6313 7973 8392 8740
2679 5 1173 5450 6112 7543 9064
2680 5 582 605 3181 4712 9215
2681 3 1481 8722 9690
2682 2 1300 7824
2683 3 2066 6651 9974
2684 5 596 2625 2645 5128 9917
2685 3 3924 5385 5445
2686 5 4956 5161 5900 7761 9479
2687 1 8724
2688 5 1927 3093 3156 4427 4821
2689 1 430
2690 3 5865 7609 8113
2691 4 3620 4576 6405 7882
2692 3 632 1702 4474
2693 6 2329 3028 3747 6860 7750 9892
2694 1 8925
2695 6 645 4938 8266 8622 9076 9127
2696 3 950 6170 9043
2697 3 760 1313 2023
2698 3 1527 2580 9974
2699 1 7878
2700 4 875 3841 4519 5591
2701 1 3174
2702 5 1089 5456 6401 6755 9918
2703 1 3020
2704 3 6104 7246 8967
2705 5 2366 3854 5020 9630 9955
2706 2 4560 8081
2707 3 1944 3918 9568
2708 4 1010 1177 5943 9089
2709 5 443 4990 8138 8515 9259
2710 1 1170
2711 3 5499 8154 8785
2712 4 1746 6074 7811 9225
2713 3 7427 9347 9586
2714 6 1657 4485 5803 6579 7651 9144
2715 3 359 1406 2646
2716 1 1645
2717 5 2730 3685 7651 7763 8954
2718 2 1561 4163
2719 1 2081
2720 5 4158 4598 5397 9003 9860
2721 2 4751 5010
2722 5 1860 5361 6752 7668 8071
2723 5 2840 4811 5257 5688 8489
2724 4 796 4924 8303 9039
2725 1 979
2726 2 8160 9965
2727 6 863 1901 3509 7664 8606 9834
2728 3 761 5023 9232
2729 5 6519 6704 8980 9567 9767
2730 3 2463 4264 8577
2731 2 3014 8140
2732 6 665 3366 5903 5983 6763 8771
2733 2 5134 9391
2734 4 2262 3593 6411 9384
2735 2 1273 5391
2736 4 3839 6364 8532 9953
2737 4 121 594 1513 1855
2738 3 96 4779 8683
2739 6 1003 4115 4704 7612 8359 8588
2740 0
2741 5 4457 4793 6367 6491 8888
2742 3 568 3889 5652
2743 4 510 1512 5535 8428
2744 3 3362 3633 7684
2745 4 1707 7431 8914 9635
2746 1 2280
2747 1 3938
2748 2 2119 9817
2749 6 2664 3063 5915 7774 7852 9820
2750 2 562 5260
2751 4 1531 3000 6951 7409
2752 3 177 6196 9455
2753 7 899 3144 6259 7331 7647 7807 9659
2754 3 816 8048 8321
2755 2 5573 6872
2756 3 2821 8106 9735
2757 5 993 4433 8178 8521 8818
2758 3 1853 6428 6834
2759 6 4078 7376 8204 8254 8532 9723
2760 4 1501 2438 2992 3042
2761 3 2589 3289 5186
2762 3 1246 1658 2600
2763 4 5649 6284 6867 9005
2764 3 1705 2531 4686
2765 4 5067 5961 9620 9904
2766 2 1248 8712
2767 3 1129 3607 4748
2768 2 3957 7777
2769 8 1074 1383 4145 6183 6293 7514 7992 9317
2770 3 177 4570 5131
2771 6 4374 4386 5341 5677 8354 9139
2772 2 3961 8538
2773 3 6912 7937 8988
2774 3 1024 1609 9919
2775 5 1359 4004 4281 5125 8315
2776 1 4980
2777 2 2178 9043
2778 3 3436 6168 8947
2779 2 2653 4996
2780 5 1283 2996 5274 6376 9792
2781 2 2811 7046
2782 8 136 3315 3972 4360 6775 8452 8554 9804
2783 4 1074 3363 6694 8369
2784 5 3305 3765 8774 9719 9853
2785 5 320 1203 4989 5891 7526
2786 3 2063 8996 9762
2787 3 3237 4661 5802
2788 6 1111 3028 3046 6592 7432 9481
2789 4 3611 4648 6016 8916
2790 3 1185 1607 3653
2791 0
2792 2 369 5843
2793 6 873 1241 3637 7422 9306 9705
2794 5 2272 7780 7799 8443 9970
2795 3 1896 1952 2695
2796 3 1076 3264 5472
2797 4 3631 3742 5025 7329
2798 4 806 6374 6556 8168
2799 4 1435 1924 3923 5924
2800 5 120 793 2193 2226 5023
2801 7 951 1697 3133 7048 7783 9112 9994
2802 6 1787 2679 4071 5522 8108 9205
2803 5 809 3928 5275 6436 8224
2804 2 4247 9625
2805 4 2107 2803 7507 8744
2806 7 3518 3548 3997 4065 5362 6203 7784
2807 5 3581 7934 8404 9536 9978
2808 3 4957 5509 5732
2809 1 608
2810 2 3582 4446
2811 5 900 3612 5267 7420 7795
2812 4 27 1705 2376 2837
2813 6 226 356 4374 5244 6952 9135
2814 6 452 4227 6139 9585 9693 9747
2815 3 4309 8291 9807
2816 5 1378 2050 3012 4371 7980
2817 5 58 701 3662 3856 8575
2818 3 2600 2652 2883
2819 8 501 1651 2232 4806 4932 5449 6712 9808
2820 5 2517 6387 6828 7763 9475
2821 3 623 2991 6998
2822 1 7967
2823 9 795 950 3462 4654 6403 7608 7725 7941 9245
2824 1 9918
2825 4 1806 3423 5015 9909
2826 5 1043 1473 4415 6468 8366
2827 4 5907 7046 9155 9530
2828 6 3737 4725 5029 7300 7319 7506
2829 5 3626 4494 5975 6514 8623
2830 2 1427 2025
2831 2 740 5403
2832 4 2907 3405 4558 5910
2833 5 2025 4522 4834 5369 9616
2834 7 894 1965 5393 5995 7440 7995 9519
2835 3 1817 9541 9947
2836 2 6659 8437
2837 3 296 9243 9903
2838 1 1482
2839 2 2062 9973
2840 10 738 3397 4944 5258 5928 6439 6819 7475 8482 9565
2841 3 6078 7056 9797
2842 3 3110 5276 7590
2843 1 945
2844 6 2516 3387 3598 6274 7912 8089
2845 3 2422 8925 9753
2846 7 3062 6248 6301 7476 8864 9499 9979
2847 1 9443
2848 8 11 865 995 3399 6786 8760 9319 9473
2849 2 4061 7638
2850 4 7580 8320 8435 9088
2851 3 4117 8674 9482
2852 3 1147 1988 8335
2853 7 819 2113 5051 5877 6461 8039 9451
2854 1 2057
2855 7 2873 4165 4219 5193 6257 6654 8105
2856 5 1476 4437 5864 7537 8156
2857 3 2826 8765 8942
2858 4 6986 7648 9472 9794
2859 1 4189
2860 2 2492 3231
2861 7 346 653 1641 3358 3365 8040 8314
2862 4 2771 6192 7431 9623
2863 2 2498 3282
2864 5 190 717 6960 9226 9695
2865 6 1454 1677 2087 3005 3781 5224
2866 1 1122
2867 4 2069 2899 5758 8747
2868 8 357 1525 2192 3871 6170 6556 6697 7194
2869 3 130 5542 7953
2870 4 41 1039 6763 7238
2871 3 1756 4009 5847
2872 4 2085 3164 5252 7974
2873 7 4865 5115 5251 6380 6888 8158 8707
2874 5 6354 7551 7810 8982 9798
2875 2 1963 3136
2876 3 5238 5656 9736
2877 3 4936 8189 8535
2878 0
2879 4 6480 7935 8387 8650
2880 0
2881 5 6669 6888 8456 9009 9244
2882 4 3861 4988 5472 5526
2883 1 9678
2884 3 4519 6040 9751
2885 2 5409 8655
2886 7 1108 1440 2337 3627 4160 8086 9518
2887 7 531 3099 3323 5940 7623 9025 9525
2888 1 3854
2889 4 924 4718 4743 6597
2890 4 1455 3966 8233 8506
2891 1 8104
2892 2 4944 7823
2893 6 62 1435 1800 3289 6698 8515
2894 5 1815 3271 7217 8102 9836
2895 3 992 1239 4961
2896 5 1022 1499 4184 6837 9458
2897 7 247 1281 1371 2695 5407 6923 7466
2898 7 765 3149 3978 5230 5577 6266 7792
2899 4 78 635 1520 4572
2900 3 1061 1307 4772
2901 4 1799 5457 6878 9171
2902 5 376 2816 3312 6168 9176
2903 6 145 1654 4425 5371 6394 7033
2904 5 610 1414 6468 8879 9043
2905 3 911 4317 6761
2906 5 2309 3321 5277 6248 6684
2907 4 4663 4831 7362 8453
2908 2 3674 6265
2909 4 3306 4535 5518 5777
2910 5 4447 5939 8299 8773 9792
2911 5 349 2960 3427 7483 8630
2912 3 250 8042 9274
2913 4 1673 2900 5859 6594
2914 6 1522 3323 3518 4949 5041 5795
2915 4 71 3449 5820 8915
2916 6 390 449 1106 2393 8833 9979
2917 4 910 2431 4039 4116
2918 4 1017 2759 3579 5489
2919 6 514 2195 3975 5391 5688 8410
2920 3 2869 4605 5632
2921 3 6017 6636 7245
2922 5 3357 4964 6281 7433 8358
2923 6 2287 2583 2961 4744 5247 5304
2924 1 6907
2925 7 1142 1214 1573 3954 4801 8640 8762
2926 1 1981
2927 3 3347 5625 9193
2928 2 2381 7905
2929 6 1434 2690 5924 7086 7174 7760
2930 6 652 729 1871 2566 4431 5928
2931 5 2080 4473 6863 6899 9486
2932 1 4786
2933 5 795 1720 3838 8867 9264
2934 3 396 1209 2984
2935 1 1865
2936 5 2107 2908 3402 3746 4624
2937 5 404 2729 3118 6002 8767
2938 4 1343 3322 3814 8241
2939 2 1952 2819
2940 2 2513 3134
2941 3 70 3163 7451
2942 3 344 7833 9915
2943 7 291 401 1235 3420 5039 8285 9477
2944 2 772 6716
2945 7 2457 2717 2921 4851 6656 6860 7346
2946 2 8510 9537
2947 3 551 6756 7578
2948 4 1177 1474 1960 8515
2949 2 1746 9848
2950 3 3991 5669 7842
2951 2 2396 5491
2952 5 2425 3337 8071 9361 9608
2953 3 3362 3837 5009
2954 4 146 1623 5277 9223
2955 4 1167 2120 7581 7912
2956 4 262 2652 9407 9627
2957 6 170 1448 3602 4446 7102 8375
2958 4 1606 3682 3755 9145
2959 1 4009
2960 4 1023 4530 4840 7295
2961 8 761 1512 4821 4869 6089 6851 6863 8214
2962 0
2963 4 1587 2393 6976 9000
2964 3 1268 1844 2208
2965 4 1574 4292 6886 9982
2966 1 5172
2967 7 18 1481 1822 4177 5032 7794 7945
2968 4 1098 4731 6028 8376
2969 4 1711 2070 3495 7869
2970 4 353 441 2502 8829
2971 7 1507 2876 2904 3336 6488 7477 8574
2972 5 3713 5141 6922 7126 9955
2973 3 2450 8605 9405
2974 4 391 1409 3112 9438
2975 4 2938 3862 4370 9864
2976 4 337 2405 3013 4272
2977 5 418 3550 4683 8915 9741
2978 10 3092 3226 4997 5981 6373 7229 7933 8537 9463 9877
2979 5 517 1888 3019 5773 7167
2980 7 314 2589 2818 5674 5856 8770 9741
2981 4 1791 4241 7930 9465
2982 6 80 843 1701 6184 7535 9382
2983 8 1268 2334 5512 6094 6540 6722 7389 8055
2984 4 2948 6088 8627 9132
2985 8 186 1414 1747 3044 3620 6216 7899 8192
2986 6 867 4113 8339 8559 9795 9976
2987 2 2526 3469
2988 3 1875 3422 8430
2989 5 87 1696 2983 5709 8717
2990 2 6089 7976
2991 6 1261 1440 4808 5996 6801 7249
2992 2 4138 6119
2993 4 1410 4502 4735 7848
2994 4 509 3428 5052 5521
2995 1 4364
2996 2 5543 6751
2997 3 3371 5067 6746
2998 0
2999 6 3055 3188 3612 6684 7196 8870
3000 3 1276 5757 6068
3001 6 77 4523 6938 7706 9221 9394
3002 8 1151 2599 4427 4498 5169 6735 7915 8018
3003 5 571 2511 3232 5134 9927
3004 2 6157 6308
3005 1 1997
3006 6 2174 2259 3958 4571 4985 6099
3007 2 4512 8298
3008 0
3009 3 2784 3225 6252
3010 3 1231 3909 5681
3011 4 1367 4290 5155 9726
3012 2 8722 9529
3013 4 6950 7013 9073 9132
3014 1 8045
3015 3 1838 4199 9204
3016 4 827 2082 7533 7561
3017 3 2160 3061 3377
3018 3 508 7370 8794
3019 5 3910 6682 6947 8281 9253
3020 5 0 933 2090 4574 9963
3021 5 786 3334 4455 7769 9589
3022 2 4369 7138
3023 6 421 2278 4317 5079 6125 8343
3024 6 859 3437 4080 4981 9363 9844
3025 3 3394 3464 4463
3026 4 930 1337 6037 7447
3027 5 993 2291 4246 8227 9750
3028 5 4123 4820 7383 8614 8880
3029 7 1700 3025 3642 3695 5261 5270 7804
3030 4 4598 6205 9047 9248
3031 4 1847 4475 6594 9011
3032 1 5752
3033 2 2900 7805
3034 1 1724
3035 3 3724 6134 8858
3036 6 28 625 2348 5348 8671 8890
3037 5 217 2510 2601 6347 6984
3038 2 4960 8027
3039 4 3767 4449 7130 8035
3040 6 1663 2113 4720 5132 7366 9256
3041 7 312 1680 2431 2777 2917 6861 7680
3042 1 6314
3043 5 530 819 2521 5840 8062
3044 3 6478 7626 9313
3045 5 487 1332 7396 8690 9248
3046 2 4651 9539
3047 5 726 2437 7470 7615 9036
3048 4 485 4635 5740 6232
3049 3 2359 3542 5052
3050 6 3607 6464 8495 8768 8828 9410
3051 3 5378 7158 9567
3052 2 2239 9840
3053 3 1788 6688 8976
3054 5 901 3410 6152 6702 9186
3055 3 1029 1264 7497
3056 5 4020 4900 4979 7309 9705
3057 4 2384 3614 6788 7198
3058 5 157 2842 4034 6258 8801
3059 4 3568 4922 5929 6529
3060 3 119 4966 7699
3061 4 1340 4938 5517 7794
3062 1 9770
3063 5 181 469 641 8414 9025
3064 8 2859 5957 6223 7177 7315 8043 8590 8647
3065 4 6514 7403 7502 7681
3066 2 5291 9337
3067 4 2657 2840 4160 8312
3068 11 2013 3043 3805 3862 5213 6509 8152 8218 8402 9149 9560
3069 4 254 764 4046 6939
3070 4 176 510 1494 4354
3071 3 1276 2755 5833
3072 0
3073 7 486 2233 3013 3545 4040 6254 7306
3074 4 903 6748 9652 9871
3075 7 2589 3827 4941 6884 7023 7066 9348
3076 4 3325 6812 8147 9327
3077 6 485 887 2987 5768 7345 9162
3078 5 297 2484 5644 6917 8865
3079 2 4308 6737
3080 3 2103 5116 8251
3081 3 2067 5140 9462
3082 3 601 6317 7156
3083 2 3959 6561
3084 3 664 3198 5453
3085 5 682 3981 5442 8422 9535
3086 4 1484 2566 6537 8306
3087 7 1125 2503 3159 3250 7164 7832 8420
3088 8 740 1330 1520 2800 4983 6544 8874 9404
3089 1 1292
3090 7 1416 1473 5678 6170 6558 6823 9579
3091 5 792 6868 7130 7857 8351
3092 5 471 3417 3426 4515 8879
3093 5 2112 4552 5634 6583 8624
3094 7 218 1922 5681 6706 7415 8997 9202
3095 5 1138 1165 1414 4668 8731
3096 5 3590 4219 5918 7637 8280
3097 4 483 848 6502 6745
3098 6 2928 5075 5442 5926 6738 9097
3099 5 4318 5268 7428 7687 7854
3100 5 396 2139 6569 8410 8444
3101 3 1745 5474 7888
3102 3 312 2984 8894
3103 7 407 553 1305 1446 3468 7985 8423
3104 6 664 1618 2129 2404 8203 9724
3105 5 1041 1614 5068 6831 7589
3106 1 1154
3107 3 641 1733 5383
3108 2 4771 6317
3109 1 747
3110 2 1124 4991
3111 6 4159 5755 7710 9053 9434 9626
3112 3 831 2498 6557
3113 3 4071 5713 8396
3114 2 3171 5994
3115 3 2306 4352 4465
3116 6 68 464 503 4544 6714 9687
3117 2 3886 8368
3118 2 4658 7791
3119 7 340 973 3060 5151 5386 7438 7680
3120 1 7323
3121 4 1442 6951 7623 9327
3122 5 2869 4763 5645 6823 8868
3123 1 676
3124 2 1560 7867
3125 6 1916 2800 2987 6368 9666 9807
3126 7 1293 2295 4580 5948 6070 6746 8585
3127 2 1604 9700
3128 8 1598 1788 2385 5611 5855 6272 7860 9803
3129 6 1203 1324 2426 2727 5903 9789
3130 6 1963 3243 5237 7583 7905 8611
3131 5 1612 1978 4654 7514 7926
3132 4 3582 4428 8023 9761
3133 5 636 2797 2919 7346 9506
3134 3 130 513 7265
3135 1 9035
3136 4 85 3137 3526 5098
3137 3 91 2363 4807
3138 3 1391 2371 8797
3139 5 1479 1616 3990 5487 9552
3140 6 3706 3772 4135 5528 7885 8733
3141 2 1293 1990
3142 2 753 8261
3143 3 4701 5381 7313
3144 5 2272 3129 4124 6210 7428
3145 4 5417 5861 8765 9894
3146 6 52 1965 5148 5986 6730 7150
3147 4 169 1108 2030 3941
3148 5 2562 2691 4536 8005 9586
3149 4 355 4417 5289 6334
3150 7 205 1486 2553 4872 7191 8330 9208
3151 1 9550
3152 4 326 6691 8813 9453
3153 3 1230 7214 9307
3154 3 948 2601 2644
3155 3 4276 4284 8928
3156 3 685 6521 6926
3157 2 5479 6395
3158 4 7613 8903 9405 9769
3159 5 955 4283 5410 5536 8659
3160 3 3029 4924 7687
3161 7 251 2527 3138 3728 4237 5676 6132
3162 5 213 2212 3218 3533 7838
3163 6 2175 4426 5889 8962 9235 9501
3164 3 650 4499 5735
3165 6 820 845 2150 2841 4907 5624
3166 5 1524 3726 4179 4292 5636
3167 4 2118 2250 7359 7833
3168 4 5349 5608 7450 9692
3169 6 908 5064 5286 8092 8349 8428
3170 2 4445 6491
3171 4 9 6284 8602 9549
3172 3 3691 7340 9517
3173 3 1581 1715 4146
3174 6 2642 3387 3715 3835 4107 6903
3175 6 3079 3236 3256 4709 5173 5963
3176 1 7831
3177 3 457 7801 9276
3178 3 2850 3736 5500
3179 5 180 1681 4106 4845 4876
3180 4 835 2533 6139 8828
3181 3 2131 4311 9315
3182 3 2813 3627 5566
3183 3 2420 2431 5119
3184 2 966 9684
3185 4 883 1221 2711 2876
3186 7 1668 5080 5320 5900 6599 8647 9203
3187 8 2909 3336 3987 4250 4542 7294 7749 8918
3188 2 1627 6948
3189 1 8235
3190 2 4338 7957
3191 7 223 337 691 3034 3582 7609 9724
3192 3 1192 7096 7902
3193 6 4454 5089 6411 7120 8228 8405
3194 2 818 8662
3195 1 7774
3196 8 104 545 916 1939 2421 6370 8478 9602
3197 3 1031 1403 7940
3198 1 4724
3199 5 201 3653 9417 9695 9838
3200 4 2824 6472 7278 8239
3201 3 1122 3256 6318
3202 3 2667 5878 7707
3203 8 1276 3021 3646 6280 7223 7344 7869 9873
3204 5 3257 3483 4620 5404 7626
3205 2 2972 5750
3206 3 719 1063 4521
3207 3 2625 9816 9868
3208 5 2375 2745 4527 6270 6626
3209 8 1768 2050 2236 2439 2519 5993 7349 9862
3210 3 2739 3378 5736
3211 3 614 4528 8849
3212 5 1425 3503 7566 8177 8650
3213 0
3214 3 89 8812 9174
3215 5 266 2058 2555 4557 7188
3216 5 3820 6769 7306 7433 9630
3217 7 211 608 2077 3159 3823 4501 5118
3218 6 7225 7696 9519 9549 9830 9872
3219 5 3435 4583 4685 5121 5630
3220 4 2402 3910 6689 9895
3221 5 3662 5018 6146 6687 7839
3222 3 1112 6564 8812
3223 4 2830 3652 5882 8393
3224 2 7764 9275
3225 2 3725 9766
3226 1 4420
3227 2 4271 7121
3228 8 2144 2402 2454 4256 4760 5084 7414 7573
3229 3 6293 8023 9787
3230 5 2449 2910 6804 8235 8517
3231 4 75 1614 2567 6201
3232 5 4596 7178 7464 9295 9962
3233 9 2596 3164 3915 4961 6345 7655 8441 9291 9656
3234 4 166 6192 6978 9026
3235 3 649 3489 6934
3236 5 576 1295 3813 4458 9579
3237 5 2892 6883 7827 8193 9371
3238 6 688 1958 2523 3333 6712 9229
3239 6 300 7189 8681 9004 9109 9185
3240 6 2758 2985 3323 5355 7787 9207
3241 6 409 913 1496 2049 4239 9488
3242 8 250 1852 2340 3859 4126 4930 8496 9593
3243 6 111 222 4784 6144 6157 7782
3244 5 210 743 3573 9033 9659
3245 3 1936 7101 9584
3246 4 217 1465 2934 7586
3247 4 2911 3778 4252 7955
3248 4 2064 5948 7221 8833
3249 5 6541 7360 7710 8514 9254
3250 5 1377 1848 8255 8886 9649
3251 3 5253 9146 9460
3252 4 566 1178 3757 8819
3253 3 1776 2216 4374
3254 7 2241 2856 3840 6354 8312 9127 9307
3255 8 639 1703 2763 3797 4917 4954 5616 6360
3256 5 656 664 4242 5084 9619
3257 3 58 1506 6659
3258 0
3259 4 1490 2034 3687 9462
3260 4 896 2765 5136 9128
3261 3 1179 3036 7950
3262 3 459 1055 5552
3263 3 2043 3528 8728
3264 4 1 556 3076 4191
3265 2 1809 9862
3266 5 1631 2333 4910 6875 7590
3267 2 3784 6542
3268 5 1084 4001 5850 8438 9443
3269 0
3270 7 953 3168 3677 4469 5953 7600 9099
3271 2 5182 7759
3272 7 561 620 2924 4267 6973 7003 8986
3273 6 2351 3653 5222 7558 8021 9850
3274 5 1107 2481 6792 7559 8362
3275 0
3276 4 3606 4229 7248 9459
3277 3 507 5306 7248
3278 4 244 1070 2379 9379
3279 5 3362 4559 8532 9242 9933
3280 5 742 4320 5753 6178 8688
3281 4 6550 6998 8149 9148
3282 2 970 7242
3283 0
3284 3 117 8514 9653
3285 2 2655 9434
3286 7 1587 1691 4174 4977 6834 6862 9077
3287 2 4132 9412
3288 2 3580 9405
3289 8 15 682 1230 2575 3029 5370 6458 9547
3290 0
3291 3 4542 4748 5818
3292 5 1768 1904 3407 8150 8179
3293 3 4081 7570 9423
3294 6 25 1479 2284 4009 4073 8194
3295 0
3296 4 313 527 7988 8556
3297 3 716 1088 4701
3298 6 317 2102 3523 3558 3567 7015
3299 3 1393 5685 9545
3300 7 550 2275 3250 4081 4945 9118 9982
3301 3 172 7305 7593
3302 2 184 3113
3303 3 648 665 5554
3304 4 7291 7455 7964 9893
3305 2 137 315
3306 5 408 2375 3980 6750 7559
3307 4 2240 2627 3671 5364
3308 1 6312
3309 4 1580 1942 3132 7812
3310 1 7170
3311 4 83 1040 4726 7038
3312 2 7812 8915
3313 5 3334 3493 4304 7354 8861
3314 4 4658 4968 5878 8307
3315 4 350 6083 6945 7832
3316 1 3449
3317 4 1 3112 4031 5976
3318 4 4519 4824 7608 8025
3319 2 5661 6884
3320 1 861
3321 4 1442 1914 2567 6668
3322 0
3323 4 2335 3022 6600 8424
3324 7 918 1254 2584 3454 3473 6607 8777
3325 5 909 2931 5082 7433 7560
3326 2 4904 6844
3327 5 29 5168 6450 6554 7333
3328 5 2469 4944 5305 6794 9611
3329 5 908 2093 4880 7013 9057
3330 4 5215 7651 8516 9648
3331 4 1962 4119 6291 8554
3332 4 498 1762 2418 4640
3333 1 5006
3334 8 28 616 3839 4284 5300 6511 8149 8467
3335 2 7214 9656
3336 5 3160 3632 6582 8530 8777
3337 4 4057 4835 8290 9393
3338 1 7680
3339 4 627 5993 6127 6153
3340 5 2206 2344 3370 7853 8288
3341 3 1289 2365 3212
3342 5 659 1179 1959 3841 7672
3343 4 4084 5349 6834 7176
3344 8 2270 3610 4944 5539 5578 5785 9123 9963
3345 3 916 2484 9200
3346 6 1629 4496 5730 7749 8171 8749
3347 6 169 3862 4365 5016 5606 9110
3348 3 1096 3743 5173
3349 5 3279 3921 5307 6123 6764
3350 4 4060 6913 7952 8913
3351 4 1457 3674 4395 5150
3352 2 4167 5034
3353 4 90 330 1093 2914
3354 5 2586 3618 5245 5985 8361
3355 6 865 1503 2614 5544 6141 9477
3356 4 1765 5075 7230 8126
3357 1 7358
3358 2 3259 5265
3359 3 5023 5820 8696
3360 5 1622 3640 5563 7554 8777
3361 4 1191 2375 5874 6729
3362 7 304 2339 2574 3364 3417 3791 4436
3363 8 484 4096 4221 4351 5119 6932 7753 8722
3364 5 2896 4608 5871 9710 9754
3365 3 2588 2600 9296
3366 7 73 1662 3179 4882 7115 7403 9455
3367 1 7752
3368 2 1778 9507
3369 3 443 2776 2822
3370 4 6879 7085 8306 9498
3371 6 207 527 4535 4864 5325 7940
3372 2 3278 6276
3373 4 1777 1801 5480 6583
3374 9 1328 3213 3785 5036 5802 7248 7776 9493 9737
3375 5 1566 2826 4410 7389 9379
3376 4 534 2270 5859 5861
3377 4 836 5191 7069 9014
3378 3 2237 6334 6932
3379 3 372 915 7224
3380 6 1715 3464 4166 5837 7312 8919
3381 6 4232 4615 5406 6306 6667 8949
3382 5 2068 3098 3925 7168 7682
3383 8 255 1090 2558 5389 5691 7618 8520 8856
3384 2 6965 7233
3385 5 4794 5091 6944 8779 8898
3386 2 3122 7584
3387 4 3925 4920 7675 9113
3388 3 1266 6193 9912
3389 5 401 2396 6577 8931 9729
3390 5 364 1027 1177 8268 8576
3391 4 4387 4574 6377 8371
3392 4 3732 4137 6492 7453
3393 5 293 3382 3982 5319 8690
3394 3 2867 3974 7148
3395 4 2871 3823 4736 9531
3396 6 1515 1974 3598 4799 7084 7668
3397 3 2074 4289 9879
3398 2 7195 8104
3399 0
3400 8 1324 2264 2278 4554 6274 8038 8056 9540
3401 5 23 1438 2379 6198 7758
3402 3 870 2540 5309
3403 8 49 2045 3869 4547 6833 7407 7426 8518
3404 2 7094 9806
3405 4 3835 5336 7776 8811
3406 3 3346 5564 6052
3407 5 166 632 2698 6822 9421
3408 4 4938 5205 6849 7676
3409 6 733 2395 6477 8060 8091 9915
3410 3 52 1687 6747
3411 4 2373 4189 4405 7874
3412 6 144 702 3204 4867 5001 7977
3413 5 1246 3313 6532 7821 8129
3414 5 341 4020 4753 7230 8928
3415 5 3799 4780 5720 8005 9457
3416 6 619 1364 5159 5247 7033 7925
3417 7 780 1090 2473 4813 6567 7243 9852
3418 4 519 3813 5438 8828
3419 5 3005 3273 5003 6858 9634
3420 7 470 1804 2307 6329 7126 7977 9705
3421 3 187 5286 6520
3422 2 5072 7510
3423 1 7597
3424 2 4710 9885
3425 5 1044 1113 1306 5429 8954
3426 3 323 2442 8778
3427 3 165 2288 2806
3428 6 761 958 7405 7461 7633 8978
3429 2 5385 5679
3430 1 3068
3431 5 1152 4773 6866 7258 9769
3432 0
3433 6 1272 2187 2665 3520 8016 8976
3434 2 6278 9798
3435 4 1815 2935 5918 6170
3436 5 293 426 4323 4895 5332
3437 2 4557 8034
3438 5 1490 2046 2545 8031 8383
3439 2 4461 4818
3440 7 1239 1451 2351 3496 4949 8254 9066
3441 6 2122 2577 4315 7386 8118 9868
3442 3 1719 5089 7109
3443 6 1396 6265 6343 6885 7963 8933
3444 4 3933 5219 7658 7998
3445 4 3988 5360 8345 9760
3446 2 5481 6306
3447 1 9669
3448 5 874 1300 3697 8083 8660
3449 5 119 2848 3524 3535 6365
3450 3 1464 2348 6406
3451 2 3211 3876
3452 6 3850 4115 4824 5711 8640 9072
3453 1 4727
3454 3 5405 6944 7845
3455 5 716 4944 5302 7576 8895
3456 6 1561 2034 2665 5314 5925 9130
3457 8 392 1216 2044 4594 4792 5564 6313 9444
3458 4 1653 2713 4532 7672
3459 4 3427 3717 8277 8387
3460 4 513 4442 6060 8724
3461 7 998 3965 4437 5310 6132 9388 9467
3462 5 1540 1759 5570 7854 8255
3463 2 4015 7390
3464 5 40 1301 2941 5726 9679
3465 4 2689 7393 9355 9489
3466 4 1646 2359 5193 6290
3467 2 4981 9407
3468 3 2018 8649 8785
3469 7 1137 3774 4120 4521 7602 8285 8476
3470 2 6039 7096
3471 3 6334 8971 9072
3472 3 3540 5064 9379
3473 3 68 1076 2176
3474 5 1124 3308 5636 6443 6635
3475 2 3394 7893
3476 4 2011 4333 7100 8242
3477 7 1895 2116 2777 5052 5261 6084 8975
3478 5 1291 1317 4007 5475 5524
3479 4 4041 5647 5652 7846
3480 3 360 5393 6331
3481 5 3012 5802 6595 8123 9388
3482 2 1079 9153
3483 2 7844 9836
3484 6 4170 4895 5480 6379 7076 9436
3485 7 1553 2641 3718 3975 6809 7456 9646
3486 2 2866 9087
3487 8 1543 1798 3185 4210 4515 5786 6193 9907
3488 9 588 638 4142 4334 4981 7681 8694 8962 9132
3489 5 3309 5407 6842 6952 7828
3490 5 2012 2223 7163 7387 8886
3491 7 1846 2018 2037 2364 3372 4143 9586
3492 4 2030 4896 5812 9573
3493 3 1687 8058 8475
3494 6 398 1203 3740 7014 7500 8362
3495 10 597 1474 1476 1485 2848 3336 4560 4756 4804 8250
3496 7 2730 3067 3318 6776 9387 9622 9713
3497 3 680 5243 7343
3498 3 975 1449 9813
3499 8 379 1042 1880 3926 5428 6045 7204 7920
3500 5 1250 1342 1882 3425 5719
3501 3 2322 3037 9296
3502 1 3713
3503 7 48 1768 2358 6472 6481 6968 9153
3504 7 2385 3680 5936 7999 8545 8931 9802
3505 3 5202 8488 9014
3506 4 2198 3988 4102 8152
3507 7 18 654 1463 5486 6550 7431 9694
3508 2 39 8368
3509 2 284 8278
3510 7 733 1593 2061 2395 3968 3992 4352
3511 4 122 3910 7085 9597
3512 3 1152 4152 9609
3513 3 718 3567 5942
3514 3 1830 4249 6179
3515 6 2026 2316 2666 3179 5836 6334
3516 3 1940 5931 7159
3517 9 2332 2540 2677 4965 6316 6505 6600 6750 7232
3518 4 4682 5719 5785 9276
3519 1 8706
3520 1 2110
3521 7 1477 3005 3381 4733 6979 7830 8780
3522 6 701 733 1148 5085 7415 8652
3523 4 3996 4605 4945 5789
3524 1 7826
3525 6 924 1891 2262 3105 3414 3694
3526 5 916 1431 2209 3137 3299
3527 2 5254 5387
3528 6 44 3498 4905 5631 8032 9592
3529 0
3530 7 1318 2981 6438 7022 7462 9232 9353
3531 3 237 7762 9511
3532 6 600 939 1024 4144 5258 6040
3533 3 4944 5667 6434
3534 5 1598 2069 2556 3859 8721
3535 5 1925 2827 3006 5104 8276
3536 2 1549 5754
3537 5 1818 7110 7535 8009 8209
3538 2 1939 6812
3539 4 2695 4481 5250 7332
3540 5 543 3884 4757 5047 9888
3541 6 3189 3918 6026 6676 7141 8544
3542 8 2422 3820 4907 6441 6937 7275 7546 9483
3543 3 546 1892 3782
3544 2 5824 9202
3545 7 843 2946 3239 5698 5906 8675 8872
3546 6 127 1557 2037 6036 6901 8097
3547 4 363 3449 5919 8682
3548 1 1102
3549 4 526 682 6752 7727
3550 9 4140 4735 6401 6409 6557 7502 8007 9075 9729
3551 2 5057 8114
3552 6 1417 3337 3893 3928 7488 7686
3553 3 621 2882 9184
3554 2 606 4077
3555 6 941 2168 2761 3935 5974 8579
3556 5 1532 2587 3997 8740 9022
3557 8 298 1277 2845 3566 4080 4525 8092 8628
3558 4 5745 5920 7385 9540
3559 4 3042 3252 5336 5788
3560 3 72 1350 7651
3561 2 1784 9986
3562 7 1761 5708 6850 8336 8619 9738 9801
3563 7 1137 2786 3184 4823 5569 8031 8516
3564 1 7250
3565 5 1316 2924 7733 8010 8486
3566 4 1687 4738 6111 6473
3567 4 1343 3858 4323 6380
3568 1 4381
3569 6 1019 3721 5393 6837 9330 9380
3570 2 1048 3053
3571 7 1208 3144 3484 3628 6084 8101 8823
3572 3 4348 4397 7634
3573 1 4847
3574 4 3748 9313 9386 9793
3575 2 2510 3202
3576 5 362 1132 5793 6315 8586
3577 4 4302 4914 6573 9483
3578 1 9837
3579 5 1075 5259 5761 6826 8855
3580 1 9522
3581 4 1691 5279 5650 8208
3582 3 620 7035 9167
3583 2 418 2768
3584 2 7454 9189
3585 3 102 4963 5830
3586 4 2606 2794 3051 7428
3587 2 693 4309
3588 0
3589 6 521 1213 1930 6768 8728 9019
3590 8 774 1784 4557 6482 7722 8147 9423 9841
3591 7 377 423 669 2753 3474 5991 7631
3592 9 1038 3292 5271 5381 5794 6975 7130 7486 8011
3593 6 836 1176 1756 5973 6307 9947
3594 3 4932 5870 7238
3595 3 1506 3663 7314
3596 1 9427
3597 7 429 1128 1573 1599 4176 7136 9321
3598 3 2526 3130 6275
3599 1 9675
3600 3 422 2567 4249
3601 4 477 2410 4832 6480
3602 7 904 2599 3759 5617 6987 8949 9329
3603 4 2606 8088 8113 8304
3604 5 792 1356 4720 5371 5591
3605 7 1029 5061 5106 6979 7304 9392 9958
3606 4 1079 2355 3702 9945
3607 5 2952 4993 5313 8459 9944
3608 2 5003 9019
3609 3 1141 8406 8514
3610 1 9976
3611 8 1393 1520 2261 2476 3004 4251 8901 9418
3612 8 509 746 4873 6056 6242 7503 8853 9039
3613 4 4038 5165 5776 6556
3614 4 2487 6513 8019 9870
3615 4 2208 3721 5240 7740
3616 6 1581 2496 2759 3648 5564 8217
3617 7 1237 3445 4876 6671 8442 9434 9714
3618 1 1309
3619 2 1357 6064
3620 3 3723 6625 6988
3621 2 1661 6849
3622 1 9946
3623 2 3419 3592
3624 4 2746 6103 7334 7877
3625 5 4988 5574 5669 6544 7920
3626 11 83 1599 2521 3079 3597 3833 4386 5025 7799 8591 8614
3627 5 2237 5174 5440 8782 9154
3628 2 167 5752
3629 2 4928 8829
3630 4 1545 1548 5907 9698
3631 5 1409 4096 4163 6857 8578
3632 4 4840 8760 9773 9943
3633 5 1687 3388 4534 4783 8879
3634 0
3635 2 3446 3683
3636 4 2367 4469 5597 7851
3637 3 21 177 2310
3638 3 911 4909 7111
3639 7 3804 4063 4952 5049 6531 7492 8755
3640 2 874 3002
3641 3 153 2507 8073
3642 2 1434 9825
3643 2 2240 3385
3644 1 6906
3645 5 2068 4888 8643 9009 9461
3646 4 2178 3362 6220 7811
3647 5 668 1152 4429 5187 6255
3648 2 73 2972
3649 2 2462 5628
3650 5 3322 3437 3478 6800 9996
3651 4 4142 6966 7697 9285
3652 7 272 377 4171 4485 5620 9541 9828
3653 7 2387 3030 3496 3965 4180 4360 7837
3654 3 335 3509 9541
3655 2 79 3239
3656 1 9130
3657 2 4821 7517
3658 6 1572 2460 5455 6152 7527 9140
3659 2 7821 7860
3660 3 3038 5534 8144
3661 1 7416
3662 3 5131 6237 8552
3663 1 9336
3664 2 5186 7469
3665 4 96 4077 5870 6900
3666 4 1118 2756 5004 9903
3667 5 780 3223 3399 5279 8253
3668 5 119 1937 2721 3974 5737
3669 7 4720 4826 6037 7271 7488 7928 8696
3670 6 1089 1697 3418 5442 7356 9746
3671 6 164 2324 2941 4384 6226 6965
3672 4 159 1850 4517 8762
3673 4 4067 4130 6738 9869
3674 1 2589
3675 4 2283 3832 3962 5312
3676 0
3677 4 5947 7739 7916 9987
3678 1 5544
3679 4 1570 2859 3998 7687
3680 5 927 1443 1661 2092 5277
3681 5 213 5697 9111 9332 9826
3682 8 1108 1282 1301 2473 3546 5159 5928 6736
3683 2 6398 7909
3684 5 2814 3101 3785 4615 7879
3685 3 17 7720 9314
3686 0
3687 6 360 629 1864 5069 7472 8762
3688 3 12 359 2340
3689 5 2525 4456 6950 8984 9356
3690 3 300 7838 9949
3691 6 2772 3436 3836 4403 7398 8020
3692 5 339 4980 5846 9545 9983
3693 3 2888 3489 7742
3694 2 47 5015
3695 5 637 2749 3353 8549 9010
3696 2 3683 6961
3697 2 660 3789
3698 2 1069 7678
3699 3 4732 6092 9740
3700 3 322 761 8651
3701 8 141 503 1615 2743 3550 6858 7071 9062
3702 4 1901 2258 4779 8013
3703 6 524 832 1508 4054 9016 9807
3704 6 12 6332 7738 8235 9319 9388
3705 4 4581 6695 8801 8849
3706 4 3445 4291 6118 8129
3707 3 4037 5475 5656
3708 5 864 1500 2580 5149 8054
3709 4 3274 3931 4827 7265
3710 3 975 2843 3154
3711 7 2702 4138 8052 8398 8459 9095 9632
3712 3 141 3112 4038
3713 2 4343 9424
3714 3 3201 4583 5286
3715 3 1509 1576 9625
3716 8 102 1664 6041 7266 7610 7901 8764 9354
3717 6 397 529 4624 6196 7084 9660
3718 2 1115 7053
3719 1 1506
3720 4 1204 2813 2909 4736
3721 7 72 2228 4676 5568 6451 6635 9981
3722 5 1820 2012 5993 6943 9577
3723 0
3724 1 1527
3725 4 96 856 1474 7659
3726 3 1112 2880 8880
3727 5 1699 4435 5304 6539 9493
3728 6 2553 2929 5221 7274 7403 8185
3729 2 3813 5505
3730 5 3428 3952 5531 6799 8967
3731 3 5644 5904 7979
3732 6 2607 3528 6038 6500 8769 9827
3733 5 1393 1824 4620 4804 7950
3734 5 166 6492 8611 9365 9553
3735 6 319 418 1213 5222 7487 7717
3736 4 2337 3692 5344 7434
3737 5 2628 3824 6553 8632 9133
3738 3 3308 9573 9853
3739 0
3740 3 771 4998 9986
3741 2 6151 7242
3742 2 1811 6806
3743 7 107 1615 2071 5054 5115 5809 8694
3744 7 2885 2981 4736 5826 7181 8221 9218
3745 4 1329 5262 9125 9134
3746 6 1129 3267 6880 7448 8903 9548
3747 1 1605
3748 7 171 413 648 1813 4027 5706 9361
3749 5 1202 1771 2102 7178 8190
3750 6 0 356 1570 2953 9212 9262
3751 4 21 312 1876 8622
3752 4 5276 5989 7130 9794
3753 8 4333 4334 4558 5094 5738 7885 7908 8294
3754 1 4898
3755 5 23 4403 5053 5883 8146
3756 2 2749 8489
3757 5 1101 3232 4613 7859 9149
3758 5 1466 2243 5717 6444 8689
3759 4 670 1120 4346 8581
3760 6 671 747 3125 3476 5904 8908
3761 4 860 1528 9412 9808
3762 6 1493 2599 3340 6994 8595 8832
3763 3 3758 8877 9357
3764 10 1250 4065 4067 4361 6027 6033 6134 6141 6550 8377
3765 6 16 1750 1914 2270 2934 8004
3766 1 8207
3767 3 5602 6214 7003
3768 5 2837 6112 7900 8640 9264
3769 4 2383 3571 8111 9097
3770 6 578 979 2453 2629 3392 9515
3771 6 146 2360 6071 6740 6754 7995
3772 2 6467 9143
3773 5 5647 6188 6817 7304 9213
3774 4 292 945 3548 7841
3775 7 1705 2000 2004 2457 5434 5825 8571
3776 6 4166 6910 7742 8682 9722 9834
3777 3 1773 1902 9554
3778 6 326 2265 4115 6207 6769 8071
3779 3 3861 7202 7244
3780 5 1724 2750 3190 6971 9422
3781 6 1677 2255 3245 4523 8905 9122
3782 5 350 3039 3432 5928 8572
3783 2 2643 6398
3784 0
3785 6 1191 3013 4615 6373 7686 9632
3786 4 6709 8397 8405 8904
3787 3 4398 8555 9645
3788 8 2387 2522 2845 4903 6659 7333 7432 7972
3789 3 3283 3952 4966
3790 4 768 1218 6258 7629
3791 1 7883
3792 2 2611 7016
3793 3 2176 3599 8973
3794 3 3528 6146 9961
3795 6 2854 4809 5039 6305 6503 7680
3796 3 6056 7430 8533
3797 4 1156 1933 3319 5407
3798 4 3097 3662 6003 8856
3799 3 1795 2744 7294
3800 2 2463 8984
3801 4 931 3288 3379 8577
3802 3 1502 2918 3752
3803 3 271 2510 7919
3804 0
3805 3 3514 6087 7931
3806 4 1440 1640 6079 9205
3807 7 25 1826 2263 3333 6746 8548 9519
3808 7 555 2273 3230 6765 7980 8018 8470
3809 4 537 5961 6103 6949
3810 4 951 4709 7062 9621
3811 1 5733
3812 3 2139 3478 8816
3813 7 8 5007 5938 6158 6448 8228 8409
3814 3 4782 8965 9593
3815 7 894 1540 3990 5225 7793 8894 9105
3816 5 58 1547 2319 6613 8370
3817 5 1110 2843 5012 6464 9536
3818 4 1240 1474 8733 9928
3819 3 6985 8406 9979
3820 5 718 1544 5526 6690 9844
3821 5 943 1672 2064 2352 6865
3822 2 610 9064
3823 6 835 3235 4129 7100 8435 9992
3824 3 145 1647 7625
3825 3 745 2008 8918
3826 9 89 2117 3944 5586 5607 7362 8285 9475 9703
3827 2 2721 8246
3828 1 8298
3829 3 1356 2457 2918
3830 4 356 1834 3013 3478
3831 5 2061 3472 7389 8630 9352
3832 7 1600 2774 3005 3181 5395 5667 6163
3833 4 3199 5606 7374 9840
3834 4 2067 7783 8779 9657
3835 4 74 1140 6749 9714
3836 3 276 7301 7662
3837 1 8320
3838 5 3002 4286 4562 6957 9871
3839 2 7604 8795
3840 4 525 3099 4273 7942
3841 2 3729 4805
3842 2 4065 8713
3843 6 713 1625 1949 5268 5698 5874
3844 7 16 977 4781 4905 5038 6310 7335
3845 2 8216 8533
3846 5 636 1721 2039 2699 6491
3847 3 78 4775 8711
3848 3 2662 2699 8368
3849 2 2931 4416
3850 8 384 722 2055 5418 5443 7554 8085 8583
3851 2 3839 9862
3852 6 817 2632 4503 7245 7714 9477
3853 5 2171 2564 4756 5208 8996
3854 6 2372 4639 6830 8620 9801 9815
3855 3 2366 5418 5699
3856 3 4561 6542 8715
3857 4 2498 5297 5610 5877
3858 8 445 1525 3617 5625 6142 8730 9985 9990
3859 7 3270 5582 6611 6838 8042 8846 9504
3860 3 181 2452 7020
3861 0
3862 4 2302 2592 3453 5027
3863 5 2560 4403 6253 7216 7271
3864 2 221 9548
3865 2 4714 8213
3866 3 629 7222 7665
3867 3 79 5887 5972
3868 3 169 6027 7534
3869 7 1084 4018 7244 7371 7372 9137 9226
3870 5 739 2003 3258 3372 5412
3871 3 6417 8230 8285
3872 3 223 3488 5924
3873 6 1368 2069 3515 3818 5705 7103
3874 3 391 5026 9236
3875 4 980 1708 3240 3420
3876 4 3872 5392 6981 9493
3877 3 2078 2148 8526
3878 0
3879 4 3311 4813 8297 8552
3880 5 1102 2939 6987 8434 9711
3881 5 1822 1959 2627 3291 5628
3882 4 1938 2554 7648 8348
3883 5 910 1927 2695 4356 7975
3884 3 2892 8519 8809
3885 3 600 3881 5483
3886 4 1748 2140 2958 8219
3887 6 603 1813 5559 5931 7202 7591
3888 5 2817 5876 6676 8354 8719
3889 1 4611
3890 2 1919 5091
3891 3 930 3759 6698
3892 1 2316
3893 6 3334 6418 7304 8632 9448 9494
3894 6 1038 2723 4578 6884 7426 9415
3895 6 2498 6256 7341 8965 9200 9423
3896 4 4685 8371 8581 8667
3897 3 1933 4679 8057
3898 6 1611 2143 2816 4248 6063 9000
3899 3 5094 7590 9892
3900 3 731 8494 9111
3901 4 1507 5131 5559 8138
3902 3 2264 4309 8725
3903 2 9397 9586
3904 9 2269 2631 5697 6605 6762 8354 8438 8881 8935
3905 2 340 4647
3906 1 8738
3907 3 6264 6280 9378
3908 3 1117 1888 3476
3909 5 1178 2539 4930 9387 9869
3910 4 2992 3595 5289 6857
3911 6 1626 2273 3852 4744 5359 6996
3912 5 1041 5410 6203 6919 7191
3913 3 2445 3791 9141
3914 5 743 2043 2758 3585 9767
3915 2 5386 9721
3916 5 56 515 4649 6284 6727
3917 3 2496 3370 5107
3918 2 3202 3720
3919 3 5203 5732 8828
3920 3 664 8642 9803
3921 9 1314 2733 3740 5132 5945 6290 8198 9626 9692
3922 7 1537 1944 3473 3551 3986 8605 8883
3923 2 6295 9783
3924 4 1382 3831 9004 9689
3925 3 2507 3753 8117
3926 4 15 1975 2326 6606
3927 1 9764
3928 4 1158 2094 3781 4295
3929 6 5248 5420 5671 6341 7159 8632
3930 2 1847 6822
3931 3 111 7344 9824
3932 4 1890 4054 9390 9916
3933 7 2680 4127 6137 6711 7479 8323 9429
3934 10 453 971 2142 3742 3886 6124 6250 6612 6614 8227
3935 8 470 5375 6355 6438 6877 8252 8684 9432
3936 7 131 159 2890 6248 8787 9297 9960
3937 2 5094 6873
3938 5 12 1914 4049 7726 8602
3939 4 1074 3040 4646 5305
3940 4 1358 3990 4354 5246
3941 9 2634 3181 3639 5649 7343 7806 7872 8126 8894
3942 0
3943 5 1766 7044 7475 8245 8799
3944 2 6583 8017
3945 0
3946 6 1834 2669 4194 4238 4685 6626
3947 6 4165 4715 7404 8294 8701 9792
3948 4 4872 5720 6301 6559
3949 2 1360 7625
3950 3 466 2073 2721
3951 3 251 2118 4633
3952 5 3352 4386 7022 7032 7260
3953 4 2966 5273 6998 7178
3954 5 1422 4188 5445 9640 9699
3955 3 81 4169 6711
3956 2 4998 7868
3957 0
3958 5 165 699 943 2829 3213
3959 5 3407 6050 7110 7641 7846
3960 7 1060 1533 5394 5604 7277 8268 9173
3961 1 3752
3962 3 3708 3722 7927
3963 6 552 941 1547 4788 6263 9954
3964 4 4036 4245 7491 8764
3965 0
3966 3 6249 7037 7170
3967 1 8700
3968 5 2691 3742 5996 6166 6981
3969 1 4653
3970 4 3642 5433 6183 8970
3971 4 2934 4569 9010 9437
3972 0
3973 1 1307
3974 5 1136 1779 3525 8243 9050
3975 6 712 1298 2087 5619 6079 6871
3976 7 1077 2547 4458 4849 7350 8090 9384
3977 6 652 1306 2571 4839 7298 9737
3978 2 7169 9363
3979 2 2807 4806
3980 3 3764 4081 4115
3981 7 152 713 784 5004 6853 6934 8287
3982 6 1572 2833 4042 5898 8976 8982
3983 6 1665 3976 4257 5252 6369 9101
3984 7 428 1561 3569 3820 6072 6503 8655
3985 7 1302 1905 2814 4307 4478 6251 7255
3986 2 1898 9492
3987 3 579 2100 2723
3988 7 2605 3288 4371 6876 7531 9779 9793
3989 3 1296 2085 3444
3990 4 1645 4550 4722 5133
3991 1 5995
3992 4 161 7739 8844 9866
3993 3 214 3508 9765
3994 4 2741 4228 7343 9732
3995 5 700 1693 1808 2966 8991
3996 5 179 1423 5070 7688 8876
3997 6 4100 4474 4506 7984 8790 9212
3998 1 336
3999 6 579 3552 4057 4137 7728 9264
4000 1 4355
4001 7 38 3574 5570 6135 6171 6300 7140
4002 2 232 1163
4003 4 1690 2066 3808 8329
4004 1 6977
4005 3 634 4702 8108
4006 3 415 3387 8715
4007 3 4933 8011 8720
4008 2 5961 9933
4009 3 766 3894 7114
4010 6 2654 2707 3718 8466 8884 9702
4011 2 3464 6791
4012 4 3895 9304 9661 9801
4013 1 5087
4014 4 6756 7242 9085 9091
4015 6 1056 1138 4484 4647 6294 9674
4016 2 3567 8666
4017 7 718 2821 3450 5546 8299 8749 8761
4018 7 1549 2427 3468 5395 5868 7785 9092
4019 4 694 3215 4174 6006
4020 1 3691
4021 5 2064 5566 6717 8496 9139
4022 3 3161 3628 9535
4023 7 294 2590 5282 6776 8703 9757 9758
4024 6 278 2658 3606 5628 8642 9603
4025 3 3392 5615 7240
4026 6 4541 5014 5690 7869 9271 9650
4027 5 1574 4416 6320 6734 8361
4028 1 1220
4029 6 1856 3638 5951 6659 7256 8073
4030 5 3960 7324 8244 9110 9579
4031 4 4876 5076 6959 9957
4032 4 471 2582 2705 7596
4033 4 506 4034 4757 9453
4034 6 1437 6410 7133 8647 8795 9528
4035 5 41 1707 7079 9467 9626
4036 4 2093 3468 7126 7535
4037 4 854 5462 6940 7404
4038 5 5093 5148 5667 6982 9752
4039 6 894 5579 9093 9187 9322 9733
4040 4 6066 7129 9089 9893
4041 5 2622 3850 4301 6626 7393
4042 6 778 3288 4020 4976 9106 9248
4043 3 2927 4909 7289
4044 7 2620 4746 5481 6591 6826 9792 9945
4045 3 3860 5234 7931
4046 6 1396 1691 3625 5175 8512 9071
4047 8 384 2225 5060 6830 7146 7210 8835 9125
4048 3 1217 6124 9153
4049 4 838 5348 8081 8378
4050 1 3714
4051 3 112 6572 9821
4052 5 2834 3654 3882 4369 7630
4053 5 5915 6076 7955 8129 8305
4054 4 733 1025 7795 8369
4055 2 5663 6929
4056 2 1376 8247
4057 2 436 6758
4058 3 676 879 6815
4059 6 566 2586 3707 4575 4906 5770
4060 7 319 324 523 762 4391 5456 7966
4061 5 4935 5124 6065 8112 9152
4062 4 1771 6391 6532 7861
4063 0
4064 3 6690 7035 9540
4065 0
4066 1 9633
4067 4 3317 4325 5812 8350
4068 4 717 2454 8386 9579
4069 1 4331
4070 4 157 2386 3031 8125
4071 3 4004 5997 9213
4072 3 3221 4081 8902
4073 6 626 2389 2628 3107 5784 9466
4074 12 120 468 580 2499 2531 3511 4037 4276 5635 5734 6621 7101
4075 6 164 712 4872 4944 7820 9777
4076 4 684 964 1977 3737
4077 3 4132 4441 7255
4078 5 911 1647 3463 3742 5768
4079 7 1736 2037 2737 3140 3567 3739 5682
4080 8 695 1462 2046 3061 5109 5203 5815 9252
4081 7 2366 4254 6347 6511 6815 8805 8966
4082 2 1253 4297
4083 4 2307 2567 2757 5168
4084 5 2475 4266 6936 7352 8365
4085 3 2680 5698 9194
4086 1 4528
4087 4 512 1330 7304 8437
4088 6 173 625 2390 2946 6945 8006
4089 4 2422 6887 8503 8816
4090 3 4224 8154 9053
4091 4 1463 5134 8199 8887
4092 6 121 4495 4864 5567 8128 8155
4093 5 3255 8111 8225 8269 8671
4094 6 2828 4563 5354 6285 8216 9844
4095 1 2886
4096 7 704 2411 5263 6867 8340 8801 9018
4097 3 1260 1840 8894
4098 5 3383 5486 8985 9402 9610
4099 4 3814 4806 7356 9785
4100 3 4809 8555 8656
4101 5 1510 4686 6732 7030 7524
4102 3 505 4213 4615
4103 7 1523 1959 2871 3784 4735 5801 9902
4104 4 1202 3564 7359 8855
4105 4 5634 5918 6281 9675
4106 6 450 834 2869 6903 7098 7313
4107 3 4491 5035 9904
4108 8 2008 3085 4360 4531 5331 6997 7542 8854
4109 7 195 1869 3882 7448 7463 7939 9115
4110 3 286 9552 9680
4111 4 1643 2000 5887 7449
4112 3 6401 8669 8957
4113 4 1833 3794 4799 6374
4114 3 7070 8318 9938
4115 6 5244 5966 6012 6467 8553 8812
4116 2 1785 3668
4117 8 397 2846 4017 7243 7912 8171 8772 9993
4118 5 2497 3481 3692 3703 6618
4119 3 2728 7669 8313
4120 3 1628 8955 9715
4121 5 128 2595 5842 7893 8488
4122 3 2748 3027 9542
4123 2 3343 5850
4124 8 1174 2180 4764 6040 7927 7996 9004 9892
4125 6 1228 4464 5764 6117 9038 9972
4126 3 755 1609 5386
4127 8 98 2897 5646 6047 6091 6234 6907 8877
4128 5 191 764 3261 4771 7257
4129 3 2210 7306 7454
4130 3 4251 6871 7708
4131 3 936 2919 6760
4132 2 3844 7244
4133 6 2990 3883 4114 4989 5553 5613
4134 7 1167 1445 1581 4008 5392 6243 8012
4135 3 506 7527 8956
4136 3 462 5044 6899
4137 9 741 2476 3949 4775 6923 7467 8062 8753 9780
4138 4 3926 5660 6395 8961
4139 7 1317 4175 5119 5777 7432 7483 9538
4140 6 236 1057 2141 5203 5330 5920
4141 1 6932
4142 2 1005 2821
4143 4 776 1975 9065 9657
4144 4 4560 5310 5809 9749
4145 2 2608 3992
4146 6 2792 3345 4678 7077 9491 9529
4147 2 6405 6963
4148 3 4650 5021 8301
4149 4 2940 5274 6852 8437
4150 6 1188 4578 5210 6092 7539 8978
4151 4 2833 5124 7977 8570
4152 2 6765 7796
4153 3 373 6658 7558
4154 4 1981 3587 3667 5623
4155 1 4366
4156 3 340 7105 7553
4157 2 3099 6531
4158 4 623 5589 7227 9267
4159 4 201 4109 8461 9368
4160 7 2823 2929 4125 4269 4394 7056 9855
4161 5 2215 3064 7067 8737 9705
4162 11 1869 2852 3874 3918 7108 8101 8172 8715 8900 8906 9458
4163 4 3393 4844 5661 9771
4164 4 1352 6334 7619 9282
4165 5 219 834 1414 5967 8292
4166 4 4582 7909 8329 8542
4167 5 1820 1955 2647 5617 8772
4168 3 2195 4044 9685
4169 7 1031 2830 7686 7756 7774 8885 9929
4170 5 4765 6825 7896 8762 9764
4171 4 463 1095 8836 9669
4172 4 525 590 5345 6185
4173 11 1688 2703 3000 3080 3259 7537 7835 9044 9235 9573 9638
4174 4 742 2199 2967 7747
4175 4 2671 2991 3459 6043
4176 0
4177 5 1667 4044 4242 7053 9186
4178 2 2726 3361
4179 3 4827 7488 8784
4180 2 2274 7775
4181 4 406 4534 4967 5324
4182 3 4143 6728 8501
4183 1 9528
4184 1 8904
4185 5 1359 2315 4441 7083 8268
4186 4 1292 7333 7870 8102
4187 4 1578 4567 4671 7768
4188 6 729 2521 3954 5695 6854 8005
4189 6 1481 2755 3713 5680 6299 6768
4190 6 946 1860 3149 4106 4585 8753
4191 5 57 791 1600 7724 9045
4192 6 1789 1989 3551 9001 9153 9734
4193 4 2526 4394 5431 9727
4194 3 1366 7752 8514
4195 4 2124 3022 5287 8259
4196 8 4308 6691 6740 7390 7635 7874 8095 9025
4197 3 1433 6107 7424
4198 9 21 308 890 1615 3459 4591 5775 7913 8235
4199 5 338 2323 2362 5388 7035
4200 5 459 2768 4479 8188 9250
4201 2 4087 7487
4202 4 2197 4250 5959 7062
4203 4 1576 3241 4455 6260
4204 4 2234 2557 3797 5143
4205 2 2049 8243
4206 5 110 1806 3495 8104 8687
4207 3 1093 8204 9407
4208 6 1102 1214 3162 4887 7942 8010
4209 4 1697 2587 5874 6547
4210 3 3348 5939 9412
4211 2 3504 9511
4212 2 2864 8333
4213 3 1211 4169 8964
4214 6 2683 5556 7353 8763 9499 9614
4215 7 2837 3012 4611 5446 5846 6734 8458
4216 1 38
4217 6 4521 4524 4700 7789 7969 8931
4218 2 1305 8684
4219 5 1186 1381 3843 7489 7691
4220 5 2134 3034 5132 7508 9737
4221 6 313 2938 6492 7713 9868 9943
4222 3 7520 8732 9137
4223 7 1947 2474 3385 5185 5513 7843 9592
4224 1 6651
4225 3 875 1370 1816
4226 5 2901 4412 4422 5119 8382
4227 3 7347 7747 9320
4228 1 6522
4229 4 1589 7356 7867 8684
4230 3 1406 3653 9951
4231 1 3405
4232 5 468 1559 5092 7488 8371
4233 4 15 1852 3230 7014
4234 2 642 6026
4235 2 9121 9455
4236 6 5 730 2482 3597 5692 9439
4237 5 4515 5259 8001 8190 9512
4238 3 1061 2587 8705
4239 3 3894 3976 4303
4240 2 3345 8031
4241 3 2385 2616 9255
4242 2 6266 7912
4243 4 1592 4384 8095 8820
4244 3 5413 9515 9989
4245 3 3685 6316 8370
4246 0
4247 3 4260 5829 9208
4248 4 2563 3123 7865 8275
4249 1 6152
4250 4 4984 5578 9018 9967
4251 3 1617 5190 6380
4252 8 158 749 1427 4131 6791 8955 9434 9645
4253 3 3087 3325 5166
4254 6 1971 2523 4187 5523 5583 7929
4255 5 1779 1973 3090 4251 4685
4256 6 660 808 1368 5012 5765 6256
4257 3 4705 5785 6730
4258 3 874 1939 6682
4259 3 338 641 2724
4260 4 92 1256 2832 4801
4261 2 4555 8466
4262 4 2604 7216 9149 9282
4263 6 419 519 4997 5123 8116 9270
4264 4 165 2057 6487 6747
4265 4 1434 5472 8013 9897
4266 3 1800 5131 7481
4267 7 2384 3348 3679 5329 6680 6764 8610
4268 4 1905 2104 4831 8941
4269 5 3075 4609 5838 9395 9511
4270 1 5973
4271 2 2843 7516
4272 6 2375 4725 6911 8046 9189 9195
4273 2 956 4156
4274 8 1534 2375 3536 4490 6111 6373 6675 9008
4275 3 3987 5191 7385
4276 5 1154 1292 1297 5696 9188
4277 3 2718 4094 6445
4278 4 1292 4856 5014 8609
4279 3 1536 1793 6642
4280 5 2192 2400 3443 6267 8690
4281 2 933 8480
4282 3 2103 4203 4404
4283 2 4831 5874
4284 7 215 815 1619 1892 4368 6456 9812
4285 4 639 1731 3745 7530
4286 3 2941 4795 8438
4287 4 16 1478 4479 5303
4288 3 2565 4858 7297
4289 4 4312 5053 5742 6018
4290 3 4633 5329 9064
4291 4 1728 3354 4774 6009
4292 2 7039 7103
4293 0
4294 3 3687 6661 8445
4295 1 5493
4296 6 1643 3154 4582 6460 7724 7943
4297 4 3394 6231 7676 8277
4298 4 1106 5247 7774 9147
4299 4 2420 4465 4780 5369
4300 4 28 2127 3620 5270
4301 2 2780 5184
4302 4 1715 1737 5865 8125
4303 1 9845
4304 3 2167 8526 9290
4305 2 2844 5805
4306 2 4828 6930
4307 6 1634 2210 4956 5107 6254 7689
4308 4 1375 5706 8123 9372
4309 5 215 5657 6023 8336 9591
4310 4 575 1386 5498 6114
4311 5 6 897 3251 4636 6013
4312 5 3648 4291 4499 7078 7357
4313 3 4170 6486 7051
4314 3 5719 6069 8719
4315 6 174 1696 3943 4190 7578 9525
4316 3 2009 3463 5631
4317 4 5001 5529 7543 7942
4318 7 2249 2566 4866 5784 7148 7648 8312
4319 8 285 588 3032 4290 5382 6395 9792 9820
4320 2 5480 9728
4321 6 2283 2936 4834 7073 7953 9569
4322 2 3807 8153
4323 1 3148
4324 4 364 4653 5983 7110
4325 2 7722 7777
4326 3 5031 5085 9467
4327 3 2136 8627 9636
4328 5 784 4405 4566 4922 5388
4329 6 2668 4052 4268 4700 8688 9280
4330 3 2753 3323 3693
4331 5 1688 1740 4457 7364 9869
4332 4 8469 8770 8936 8938
4333 4 327 3680 6578 9010
4334 5 1722 1871 2879 3263 6714
4335 4 2196 5283 7624 8054
4336 5 1091 2423 6279 9084 9173
4337 4 617 6285 8169 9447
4338 2 1278 9237
4339 6 491 2521 3335 5150 6841 9292
4340 3 424 4072 9259
4341 5 1906 4693 6004 7171 7844
4342 7 1320 2780 3543 5037 6334 6910 9055
4343 4 1891 4463 5907 7068
4344 7 1025 1818 4265 7660 7951 9178 9617
4345 4 384 6574 7168 9307
4346 2 4504 9226
4347 4 2239 4538 8122 8798
4348 4 1359 4624 6928 8121
4349 4 3103 3749 4986 6277
4350 3 1591 4107 9450
4351 6 597 1809 4865 5536 6732 9888
4352 3 3018 6508 7876
4353 5 592 1491 2438 8289 9648
4354 3 1598 2638 3518
4355 6 1553 3145 3572 6126 8309 9784
4356 5 6591 6676 7271 7607 9944
4357 6 464 1307 1450 1538 1851 8041
4358 5 1176 3343 4194 7797 8929
4359 1 2833
4360 1 14
4361 5 30 2754 2895 5374 6648
4362 3 569 3691 7295
4363 3 1282 4371 9908
4364 4 34 7065 9551 9616
4365 3 899 4633 6695
4366 6 565 2044 2210 2535 4359 5064
4367 6 1307 2995 4701 5415 9145 9537
4368 0
4369 3 3452 7020 7257
4370 1 6171
4371 5 1097 2759 3220 7797 8091
4372 2 666 3722
4373 5 2678 3019 6804 8007 8685
4374 3 8188 8332 9729
4375 2 369 4179
4376 6 469 1100 1239 3097 4177 7383
4377 3 2809 4143 6871
4378 6 1282 3630 4837 7919 8406 9167
4379 4 2862 7487 7748 9633
4380 3 1242 1476 1738
4381 4 2368 6153 7048 8217
4382 3 911 5048 9693
4383 2 2458 8971
4384 2 4875 5921
4385 8 1093 1166 1922 2855 3423 6690 8423 8825
4386 4 745 3618 7040 7625
4387 3 8112 8249 8841
4388 2 4356 7225
4389 3 378 1350 3233
4390 9 913 1354 1417 2450 3786 5338 5350 5876 7573
4391 4 755 7063 8055 8099
4392 2 7468 8613
4393 8 1021 1422 4073 5045 5691 7585 9709 9856
4394 3 1053 6224 7361
4395 3 1502 2778 5264
4396 4 3428 4452 8570 9985
4397 5 166 1102 4224 5314 9540
4398 2 2695 9011
4399 4 3027 6894 7243 8722
4400 5 3077 4142 6109 6736 7572
4401 4 2589 2798 3590 4185
4402 7 60 3331 3916 4174 4430 8291 8725
4403 1 5831
4404 4 96 2120 4113 7208
4405 3 22 415 9678
4406 5 3005 3032 5541 6745 7677
4407 2 313 4799
4408 1 5897
4409 7 1319 1627 2899 5547 5789 6629 9818
4410 4 1985 3980 7093 8564
4411 2 8603 9768
4412 7 1619 5108 5445 6360 7092 9075 9266
4413 5 772 2791 2998 9843 9967
4414 6 1127 1372 2054 6843 8254 9405
4415 2 4513 6744
4416 4 230 879 2869 9630
4417 3 2074 5043 5941
4418 3 3855 4010 8673
4419 2 3143 3468
4420 6 139 449 2761 3186 6860 9748
4421 3 3601 5196 6133
4422 3 1071 4461 7973
4423 1 2237
4424 3 4224 5590 7876
4425 2 528 2912
4426 3 3210 6410 9859
4427 8 281 4877 6347 6722 6795 9485 9585 9677
4428 6 662 3468 5173 7967 8992 9998
4429 2 1817 4417
4430 7 462 757 4060 4492 6604 7037 8677
4431 9 72 239 1861 2379 3180 4619 6136 7195 7482
4432 8 1513 2303 2332 2770 4863 6355 8340 9896
4433 4 983 2610 3988 8046
4434 4 570 5369 8786 9316
4435 2 5215 9890
4436 2 975 4798
4437 3 1019 1748 2152
4438 4 2855 6938 7337 9759
4439 1 4660
4440 5 2118 3385 4032 4969 9474
4441 4 2236 4826 7700 7797
4442 3 987 3171 5690
4443 2 3240 5624
4444 8 1583 3008 3272 4844 5134 6153 7950 9659
4445 4 527 2723 3408 7305
4446 6 2706 3284 4301 5031 7185 9099
4447 2 1619 7699
4448 5 2653 5710 8595 8817 9625
4449 4 3632 4950 8281 8344
4450 2 974 5910
4451 4 36 311 793 3426
4452 5 1634 1921 2351 5130 9397
4453 8 1157 2607 3792 4003 7247 9043 9604 9922
4454 1 8977
4455 1 5622
4456 5 517 3023 4476 6843 9144
4457 3 2436 2980 9583
4458 7 3065 3951 5263 7018 9252 9498 9862
4459 2 3917 4726
4460 5 471 1914 4690 5304 7245
4461 3 472 2505 5364
4462 9 2184 2498 2643 3467 3540 6145 7559 7800 8251
4463 6 144 517 4724 5079 6961 9999
4464 1 8162
4465 3 952 3492 4404
4466 3 2790 6630 7212
4467 4 75 575 3497 9909
4468 4 61 3598 6548 6581
4469 4 2913 5121 6993 8251
4470 5 501 1507 3007 3393 6812
4471 2 8379 9221
4472 1 4881
4473 5 1262 3241 6476 8162 9602
4474 3 3120 4135 4394
4475 7 941 1205 1485 2868 3480 4026 7692
4476 4 259 1942 3546 4526
4477 4 958 5348 7577 9696
4478 6 4070 4852 4914 6484 7208 7509
4479 5 4133 6261 7648 8736 9161
4480 5 40 1573 5899 6568 9115
4481 5 1212 6556 7088 8088 8910
4482 5 2387 2642 3468 3699 8291
4483 6 3162 4194 7302 7665 9033 9268
4484 6 2804 3106 3204 7178 7711 8644
4485 8 833 1935 2064 4407 6925 8607 9369 9391
4486 2 3328 5491
4487 5 1120 3033 8561 9271 9276
4488 4 353 991 6332 6337
4489 3 933 2855 4431
4490 3 2907 3622 4060
4491 2 262 1023
4492 3 7360 8695 9011
4493 3 62 1629 6596
4494 4 2395 5346 6238 7516
4495 7 86 139 629 1450 4793 6354 7435
4496 3 361 5108 6269
4497 6 2537 2790 4202 6728 7522 9890
4498 8 471 486 933 2716 3466 5757 6629 9197
4499 5 2354 4818 5321 6043 8177
4500 2 4513 8651
4501 5 1058 3001 3848 5075 5197
4502 1 5267
4503 2 2236 6046
4504 4 1056 4677 5407 6501
4505 7 1794 5060 6404 6516 6596 8019 9344
4506 7 714 3014 3148 6984 9152 9210 9401
4507 2 1401 9685
4508 5 2474 5525 5660 7082 9280
4509 4 3168 3840 7025 7542
4510 7 259 1055 2133 2831 3130 3217 9109
4511 1 9630
4512 5 918 3368 6512 9721 9752
4513 1 876
4514 2 9641 9841
4515 2 2936 8521
4516 5 2153 2829 7763 8502 9290
4517 2 6073 7681
4518 6 2495 3469 4710 7487 8233 8720
4519 2 3236 9336
4520 1 1911
4521 3 4135 5237 7160
4522 4 1232 1431 6127 7559
4523 4 289 1653 3712 7118
4524 6 1564 1903 1989 2872 4532 8358
4525 3 6284 6779 7805
4526 9 256 1132 1200 1981 3157 3268 7239 7491 7755
4527 2 112 1564
4528 3 2628 3037 4601
4529 2 438 1835
4530 5 851 903 4133 5373 9368
4531 3 2847 4220 9863
4532 6 1403 1920 2272 6438 7092 7987
4533 6 2162 3337 4365 4366 5614 9424
4534 8 453 517 2574 6381 8030 8155 8287 9491
4535 3 1273 3628 4489
4536 2 7120 8858
4537 7 462 3796 4854 5526 5804 7180 9843
4538 3 2839 6688 8506
4539 5 874 3014 3096 4345 9932
4540 5 577 4262 5107 7347 8547
4541 5 1006 2533 3096 3392 8486
4542 1 7258
4543 4 84 2320 6318 8375
4544 8 1951 2815 4658 4963 7608 7837 8730 8847
4545 1 1514
4546 6 2081 3366 4562 5424 6793 7098
4547 5 2808 4763 5623 6879 7108
4548 4 5630 5676 8416 9501
4549 8 1426 2327 3468 5474 5516 7191 8212 8958
4550 4 1112 3692 5516 9966
4551 4 2771 4355 8711 9314
4552 7 734 4569 4729 5869 6747 8389 9646
4553 1 1442
4554 2 2306 4937
4555 3 1882 2015 7994
4556 1 3665
4557 1 1476
4558 3 738 863 5162
4559 5 938 2854 4144 9285 9769
4560 4 829 1381 6755 8782
4561 4 573 7679 8418 8749
4562 6 433 710 2095 4938 6967 7089
4563 6 2317 4466 7042 7404 9009 9256
4564 4 3216 3999 6546 8168
4565 4 3766 4346 5954 6408
4566 5 2138 3754 5036 7038 8433
4567 2 5956 9506
4568 5 2081 2561 3887 8013 9978
4569 5 421 616 7639 7879 8877
4570 4 83 5177 5401 7941
4571 3 1665 3146 6291
4572 5 1621 3824 4063 9343 9729
4573 7 784 1257 3859 5263 5427 8395 9129
4574 4 420 5832 6778 8550
4575 6 739 750 1097 5024 7009 9687
4576 4 1759 2361 6296 6483
4577 4 1693 4128 7010 8050
4578 6 227 661 1578 2022 2423 5862
4579 1 6227
4580 6 521 1322 1351 1377 5351 7600
4581 6 499 1689 3764 4022 4155 5156
4582 3 555 3638 7085
4583 5 322 894 2365 4313 7139
4584 8 3226 3628 3968 6111 6779 8109 8945 9854
4585 7 693 938 1873 2950 5629 5868 8233
4586 4 5000 6886 7968 9395
4587 4 4065 5679 8431 9655
4588 4 1893 4579 6083 7074
4589 4 1725 7481 8807 9923
4590 3 831 3478 9957
4591 4 924 5083 7311 7928
4592 3 3415 3734 9117
4593 4 1823 2692 3209 8426
4594 7 1728 3630 5537 6070 6208 6749 9133
4595 3 1389 8145 8967
4596 6 2003 3365 3737 7613 8099 9288
4597 3 6719 6770 8499
4598 5 1624 1903 2844 4031 9698
4599 2 6559 6707
4600 3 906 1422 8659
4601 3 4783 4812 8977
4602 6 208 1317 1972 5505 5665 7382
4603 3 300 361 1807
4604 4 66 3427 4103 7564
4605 5 433 2530 7356 7561 7745
4606 5 1009 3254 4989 5041 8305
4607 6 2358 3342 3427 3750 6304 6546
4608 5 5077 5182 5681 9217 9773
4609 3 579 878 6576
4610 0
4611 3 1297 4788 7588
4612 5 5133 6002 6550 8313 8457
4613 4 897 2293 2687 5818
4614 4 4023 7151 7214 7836
4615 3 684 3739 9735
4616 3 5826 8086 9383
4617 5 961 1640 3884 7624 9565
4618 4 4412 5993 6989 7476
4619 0
4620 2 3049 8850
4621 7 35 1858 2806 2936 4845 6256 8818
4622 5 2323 4484 5128 5439 9140
4623 6 872 2510 3013 4230 4739 5546
4624 4 685 3074 9404 9742
4625 3 2812 5351 8829
4626 3 4934 5520 5797
4627 1 3475
4628 2 2676 8622
4629 6 37 3866 5985 6164 7534 7618
4630 6 596 2754 2921 6484 7238 8990
4631 5 127 497 2872 6113 9044
4632 5 4684 7539 8704 9179 9517
4633 3 348 2332 9921
4634 3 2343 4001 8723
4635 3 1953 5170 8521
4636 4 1258 1945 5093 7259
4637 0
4638 9 745 2136 3249 3699 4342 5007 5466 7046 9435
4639 6 2056 2550 3242 3586 4005 9241
4640 3 1319 1892 8198
4641 4 3204 4923 9058 9653
4642 1 9427
4643 5 1088 3459 5267 6693 7572
4644 6 1359 4622 5427 6869 8202 9634
4645 5 835 1756 3848 4464 8744
4646 6 914 979 1086 3327 4924 8891
4647 3 6598 6830 7459
4648 4 4372 5373 6154 9037
4649 5 1627 1760 4396 4976 6344
4650 3 5279 5732 5959
4651 3 1053 3228 5753
4652 0
4653 4 2391 6718 6989 9619
4654 3 1099 1536 9684
4655 1 6840
4656 4 1041 4790 7697 9942
4657 3 1879 3058 3710
4658 6 56 1764 4069 4984 7933 9466
4659 2 6330 8973
4660 1 2087
4661 7 1096 2968 3224 5686 5934 7644 8056
4662 2 1382 7714
4663 4 120 429 7485 7976
4664 5 3767 4690 7052 9184 9825
4665 6 895 3143 3698 5162 6478 9459
4666 4 4444 5294 6674 8086
4667 3 5308 7150 7722
4668 4 1084 1935 5088 8905
4669 5 67 1732 5034 6865 7068
4670 4 4731 6093 6463 6934
4671 2 8202 8634
4672 2 3694 5076
4673 4 798 1344 8978 9441
4674 8 2372 4217 4241 6070 7116 7453 8566 8929
4675 6 436 2354 3429 5840 6783 9224
4676 3 2900 2927 6492
4677 4 3453 3757 4678 9599
4678 3 1083 1642 7349
4679 5 736 2786 3224 5023 8818
4680 2 3535 5754
4681 3 5669 5694 6713
4682 5 369 1207 3554 7118 9473
4683 2 6494 9164
4684 11 67 994 1009 1036 1142 5088 6540 7158 7348 7734 9781
4685 3 3095 6157 6291
4686 2 3934 7752
4687 4 481 1486 7422 8628
4688 7 17 1575 2248 5108 6562 7508 9839
4689 1 9541
4690 2 404 2119
4691 4 2004 6404 8001 9884
4692 4 1340 3629 4683 9113
4693 1 9450
4694 5 1793 3552 4568 5980 7674
4695 1 7683
4696 2 3143 6771
4697 4 467 3301 6945 9870
4698 3 2510 3359 5239
4699 8 1410 1706 1902 2631 4069 4702 5265 7270
4700 3 5193 6173 6798
4701 7 856 1661 1690 2015 2028 2261 4711
4702 2 1150 5415
4703 6 1612 3797 4269 4680 5195 6177
4704 4 472 1086 4438 8993
4705 3 3490 4503 8046
4706 3 4175 8123 9688
4707 3 3744 5930 8586
4708 4 1693 3787 5512 9860
4709 6 2952 5094 5329 5818 8881 9094
4710 4 2455 2914 6459 6810
4711 5 513 573 5383 8562 9010
4712 2 2120 9834
4713 3 585 5394 9317
4714 1 7021
4715 2 326 4187
4716 3 488 1355 5192
4717 7 737 926 985 5118 8427 8570 9379
4718 5 967 2692 4844 5667 7868
4719 2 437 8464
4720 2 5387 9031
4721 6 2077 3559 3738 3891 6149 6977
4722 7 730 1515 3430 4198 4968 8382 9656
4723 10 495 515 875 1063 2283 3433 4836 5912 6470 9540
4724 5 6332 7375 8663 9478 9886
4725 7 5057 5516 6395 7596 7703 8337 9018
4726 5 2348 3899 4891 6579 8553
4727 4 5824 6969 7811 8941
4728 7 189 353 488 5050 7978 9621 9884
4729 4 2730 6893 7659 8488
4730 4 916 2083 3359 8103
4731 5 2463 3993 5609 7982 8802
4732 3 2424 3015 8822
4733 7 1773 2035 4553 9190 9340 9661 9898
4734 2 4827 7705
4735 5 1977 2723 3735 5970 7588
4736 3 4010 7874 9016
4737 4 2518 4557 7210 9469
4738 2 2464 4259
4739 4 1412 2107 7366 9214
4740 3 328 3133 9485
4741 5 1655 2519 2724 7265 8130
4742 5 507 1549 4262 4655 4667
4743 6 1991 3694 4328 4611 5671 5953
4744 2 8014 8022
4745 5 5026 5493 6374 6430 6451
4746 7 1154 5011 5736 5989 6185 8007 9364
4747 4 1677 5567 7495 9147
4748 2 7781 9782
4749 4 1093 1883 6456 7820
4750 2 1231 9189
4751 6 5 6329 6380 7599 7913 9600
4752 6 669 7234 8478 8583 8789 9385
4753 4 3080 4233 6562 9297
4754 5 1237 1342 1771 4867 5350
4755 3 1620 7096 9330
4756 8 1009 1532 3264 5147 5883 6090 6879 6992
4757 6 611 2567 3015 4229 6356 7381
4758 7 85 2723 4682 5900 6112 8158 9452
4759 4 240 2734 3042 3421
4760 3 2925 3004 6936
4761 4 4821 5633 6941 8501
4762 1 2549
4763 5 138 558 2180 5079 6208
4764 3 6024 6886 9902
4765 3 1839 5305 6370
4766 7 4245 6229 7005 7468 8377 8391 9291
4767 5 1245 2304 4306 9094 9700
4768 7 1140 2076 2377 4200 4217 5437 7146
4769 4 5549 7229 8570 9338
4770 8 477 902 1095 1280 3509 3904 4653 8124
4771 5 470 1257 2261 3713 8418
4772 6 2792 3014 4964 5008 6854 8264
4773 5 257 1745 5286 5447 7729
4774 3 221 6117 9373
4775 5 1021 3662 8722 8899 9766
4776 2 8641 9259
4777 7 185 2195 3158 3360 7316 7828 9653
4778 1 4149
4779 6 925 1244 2221 3591 4972 6852
4780 3 2837 5315 7174
4781 5 1381 2786 6967 7065 7539
4782 3 1000 7383 9949
4783 1 4162
4784 3 2856 3290 4688
4785 3 2422 7925 9625
4786 0
4787 2 1538 6753
4788 2 2744 4131
4789 3 418 5451 6774
4790 4 412 586 4504 9885
4791 3 99 554 7338
4792 2 2972 3248
4793 2 3027 6019
4794 7 1597 1857 2929 6278 6458 6763 8413
4795 4 3648 5741 7164 9804
4796 1 9996
4797 6 3100 5551 8141 8461 8579 9718
4798 4 378 794 5888 8571
4799 7 955 1412 2114 2864 2873 5137 5207
4800 2 4492 5284
4801 4 4665 8829 9143 9915
4802 1 2475
4803 5 3431 4227 4640 6178 9009
4804 3 2131 2186 8068
4805 5 2166 4756 5857 6126 8169
4806 1 3890
4807 4 2958 4394 7606 7877
4808 5 6699 6855 7672 9068 9933
4809 5 197 5234 8150 8905 9738
4810 3 3326 6294 8411
4811 1 2209
4812 3 7469 8926 9368
4813 4 86 2607 7985 8627
4814 3 1716 5361 5870
4815 1 6342
4816 4 6 5257 7503 7890
4817 4 1824 2210 6229 6888
4818 3 3754 8579 9387
4819 5 1031 1225 1552 7902 7993
4820 3 4713 4778 8870
4821 3 912 1353 1608
4822 6 1806 6418 6713 7554 8071 9055
4823 3 2339 7191 8289
4824 6 1640 3637 3871 4232 6989 8765
4825 6 3583 6585 6640 7642 9658 9742
4826 6 2496 2995 3089 4011 5724 8765
4827 2 5735 7137
4828 4 4222 5596 5609 8327
4829 6 931 1210 2012 2354 3323 9394
4830 4 4263 6165 6465 7097
4831 3 1553 5017 7899
4832 1 9964
4833 8 323 1522 2792 3194 4115 5178 5638 6729
4834 4 38 1483 4012 4321
4835 0
4836 5 1964 4175 4782 5713 9884
4837 2 5797 6567
4838 6 114 326 1014 5115 8043 9383
4839 2 4071 8169
4840 2 2032 8214
4841 2 2817 6269
4842 1 7511
4843 2 332 3764
4844 6 1382 1593 2208 5694 6844 9945
4845 3 256 1111 2964
4846 9 1155 3191 3567 4190 4826 5772 7117 7139 8597
4847 5 1524 5368 5627 7898 8539
4848 5 1385 2636 3748 6179 7013
4849 5 2804 4647 6135 8148 8556
4850 3 1873 4571 9223
4851 3 891 1713 6450
4852 9 1405 2041 3797 4502 6206 6868 7178 7284 9381
4853 6 1412 3209 5338 7668 8396 8625
4854 4 445 2625 3764 8600
4855 3 4538 8669 9560
4856 5 967 3196 6087 6395 9231
4857 3 999 5227 7398
4858 7 821 923 4072 4446 6728 8787 9506
4859 3 3044 4582 7715
4860 2 2453 3308
4861 6 1964 4963 5431 6209 6281 8255
4862 3 5413 5763 7916
4863 1 3014
4864 8 1441 1867 2068 3793 4933 5431 5990 7932
4865 3 4635 8216 9912
4866 7 1535 2316 4608 4873 6885 6935 9171
4867 5 3371 4059 4355 5792 9668
4868 4 346 3778 4038 8938
4869 2 732 9288
4870 3 1074 3693 9258
4871 3 1087 7119 7926
4872 2 1178 2858
4873 3 1339 2731 7834
4874 3 1118 2585 4105
4875 6 697 1251 2701 2830 7739 7936
4876 3 3 4147 4966
4877 1 3396
4878 1 401
4879 2 5955 8708
4880 4 2659 3261 6856 9343
4881 4 1336 3758 4555 6134
4882 3 936 1713 3894
4883 3 2491 4964 6091
4884 1 9379
4885 5 840 5575 7271 7736 9442
4886 8 1690 2160 2778 3258 4787 8123 9108 9965
4887 5 2328 6283 6644 7055 9737
4888 5 3362 6336 6532 9280 9472
4889 2 2502 6864
4890 4 423 2272 4470 8351
4891 3 709 1175 8668
4892 5 509 1873 7090 7109 8796
4893 5 599 3212 4344 6347 8749
4894 3 3147 3171 3562
4895 3 2269 5577 8298
4896 2 3016 9095
4897 4 4277 4912 6472 8402
4898 2 4566 7950
4899 5 3236 3324 3350 9067 9780
4900 5 3718 6046 9071 9079 9620
4901 4 776 4781 5358 9180
4902 1 4208
4903 5 566 1225 3232 6835 9553
4904 4 1179 4442 8614 9456
4905 7 645 3473 4332 4859 8037 8862 9010
4906 4 673 1036 7657 8275
4907 5 1930 4536 4633 6005 6673
4908 9 1101 2426 3661 3751 4381 4916 5501 6763 7237
4909 2 535 8152
4910 5 4532 4558 5393 7093 7968
4911 5 307 3112 6017 7198 8400
4912 3 22 642 7722
4913 5 889 1899 3667 4587 5825
4914 0
4915 4 4037 4563 6668 8897
4916 3 2725 8347 9021
4917 5 3007 4772 6298 6592 9117
4918 3 2063 2351 7170
4919 1 5749
4920 2 138 4533
4921 4 724 2394 5165 5542
4922 2 3236 9771
4923 3 5903 7868 9204
4924 1 7896
4925 1 9177
4926 5 1051 2817 3079 5494 7689
4927 2 5326 9123
4928 6 7 1283 3074 3433 6984 8938
4929 4 3400 6902 7955 8390
4930 3 3462 6760 7148
4931 1 4676
4932 5 943 3161 4273 4459 9883
4933 3 1197 1278 6719
4934 3 4444 6237 6732
4935 2 5321 8093
4936 2 1009 7718
4937 9 305 2130 2646 2802 3074 5591 6947 7855 8615
4938 4 5882 6443 6586 7569
4939 4 2725 3403 8445 8919
4940 1 4552
4941 4 732 1424 7001 7633
4942 0
4943 1 8381
4944 2 352 3661
4945 4 4101 4159 4253 5396
4946 4 2480 2598 5692 7899
4947 1 2882
4948 6 271 2236 5000 6765 7486 8958
4949 3 151 1621 7370
4950 5 2092 5274 7090 7319 8411
4951 5 2092 2776 3878 4253 8398
4952 6 3612 6376 6870 7381 8472 8712
4953 1 7334
4954 6 1089 3147 3678 3818 5950 6594
4955 3 139 1978 5649
4956 2 8946 9375
4957 4 3093 3460 8844 9811
4958 4 1257 5839 6211 6719
4959 6 1185 1229 2662 3955 6469 9853
4960 0
4961 6 217 1465 3499 4549 5867 5992
4962 2 2202 9920
4963 6 1679 1848 2751 5372 7596 7873
4964 3 1833 1944 7589
4965 4 920 4743 5934 9210
4966 5 4272 5862 7772 9145 9298
4967 8 1217 4557 6761 7391 8051 8720 9323 9808
4968 6 226 2244 7622 7955 8863 9919
4969 7 2992 3970 5912 6797 7407 7806 8446
4970 4 2851 5759 8509 8663
4971 4 2019 3837 3866 9612
4972 5 1589 2054 5520 7353 9174
4973 1 7914
4974 5 682 4865 6912 7023 9609
4975 2 686 6825
4976 7 310 2069 3742 5624 6557 6866 8665
4977 5 950 4820 5334 5881 6064
4978 8 666 7120 7289 8412 8507 8775 9264 9957
4979 4 292 1802 6697 9391
4980 6 1261 2514 2804 8114 8732 9007
4981 4 4146 4167 4610 4934
4982 5 2317 4083 6619 7046 9513
4983 5 1027 1718 3726 7009 7806
4984 3 1021 3047 7765
4985 4 2415 3599 6405 8922
4986 4 3498 5146 5365 6343
4987 7 2609 2844 3421 5068 7267 8034 9308
4988 3 2483 3238 8149
4989 6 1432 1987 4455 6217 7663 8718
4990 4 1982 2268 4020 7549
4991 1 6048
4992 3 737 4273 5852
4993 4 131 322 6098 7640
4994 2 607 8543
4995 4 1614 4365 6391 7460
4996 8 202 1318 1363 1495 3160 4159 6648 8729
4997 6 84 1109 1350 4154 4678 7322
4998 8 906 1029 2533 2695 2727 4009 8394 9042
4999 6 1322 7056 7085 7160 7325 7433
5000 5 811 3489 5645 5752 7651
5001 3 973 8793 9006
5002 3 2668 3374 6321
5003 2 1084 3104
5004 4 219 606 1895 4540
5005 3 298 1855 3541
5006 3 1151 5317 5416
5007 4 4983 6025 7749 7839
5008 2 4892 7080
5009 3 3236 9064 9106
5010 11 335 2805 4791 4808 4906 5351 5961 6632 7982 9736 9951
5011 2 2061 3657
5012 8 3425 4651 4757 4923 5395 7482 9639 9732
5013 4 972 5933 6703 9861
5014 3 720 2505 4846
5015 2 3795 4762
5016 4 2960 3093 3612 9064
5017 6 883 985 1062 1975 4410 6379
5018 6 1194 1671 4241 5790 6033 7317
5019 6 1109 1455 3153 3537 4920 9064
5020 3 1766 3426 9465
5021 6 1685 1899 2289 2554 8169 9569
5022 4 34 110 4594 7384
5023 3 36 424 934
5024 5 1600 1933 7006 9700 9736
5025 1 2812
5026 1 4477
5027 4 26 124 3188 9649
5028 4 2488 3832 6778 7029
5029 12 126 516 1193 1592 1804 2166 2323 2344 3182 4583 5594 9090
5030 2 1788 3267
5031 6 755 1204 2367 4679 7912 8123
5032 2 4022 7357
5033 4 2445 3924 4137 9092
5034 4 3246 3255 6122 7952
5035 8 1575 6202 6964 7962 8399 9281 9327 9885
5036 7 1064 1545 2769 2969 8163 9443 9526
5037 4 666 5879 7609 9558
5038 0
5039 6 2401 2904 3933 4323 8250 9019
5040 8 1040 1233 2041 3617 5931 6092 8688 9311
5041 3 1115 4859 6520
5042 5 16 1198 1347 4497 9025
5043 3 392 6626 9175
5044 2 1907 4661
5045 6 2579 3376 3495 7272 9394 9494
5046 3 235 1816 7803
5047 4 4724 6404 6946 8405
5048 0
5049 4 3737 4454 7704 9106
5050 4 1634 2850 3828 9166
5051 5 464 3445 4630 6746 9661
5052 7 1057 2582 3691 3707 7381 8859 9008
5053 3 1151 4906 6854
5054 5 1015 5076 7842 9614 9635
5055 4 104 5793 7046 8023
5056 1 646
5057 2 6027 8316
5058 4 1301 1559 9933 9936
5059 9 629 2422 3341 3356 5427 5687 5701 6457 8954
5060 2 6408 7707
5061 1 206
5062 5 2492 4864 7156 7204 9799
5063 0
5064 3 1334 3648 3752
5065 2 2482 9083
5066 3 416 3027 9835
5067 3 195 2726 3807
5068 7 1752 3454 7660 8523 8701 9464 9935
5069 4 1182 4296 6216 6693
5070 5 4802 6280 6397 7282 9083
5071 4 797 4615 7334 8073
5072 3 2009 3349 7527
5073 5 3065 3732 3876 7560 9316
5074 4 916 2489 5858 8689
5075 8 1620 1842 4519 5516 6102 6519 7625 9656
5076 9 2064 3179 4832 6088 6157 7850 8213 8572 9697
5077 5 38 569 1497 6156 9707
5078 9 1305 2189 2908 3347 4631 7235 8361 8615 8976
5079 4 408 1390 7110 9501
5080 5 352 4284 5064 5471 7898
5081 4 3449 3475 8344 9840
5082 3 5430 6653 9637
5083 2 1734 5996
5084 4 2473 4701 8959 9899
5085 5 6 2743 3537 5594 8026
5086 4 2294 2444 6193 7872
5087 4 7578 7838 8560 8671
5088 7 5609 5757 6647 8847 9029 9371 9406
5089 0
5090 6 430 4885 5084 5417 6342 6429
5091 5 959 3383 5641 7510 8318
5092 4 2567 6733 7834 8803
5093 8 3049 3531 4820 5761 6206 8043 8044 8646
5094 6 3059 6569 6904 8477 8588 9000
5095 3 262 2402 3336
5096 0
5097 7 1598 1903 2181 2435 5540 5668 8826
5098 4 66 1281 5106 5816
5099 7 1678 2446 3273 5549 6849 7115 8571
5100 3 637 5276 6790
5101 7 1063 2209 3797 5067 5206 7729 7992
5102 3 1414 4055 8102
5103 4 1513 6408 8304 9169
5104 3 106 1228 3531
5105 7 356 557 1772 2530 3636 6587 7487
5106 0
5107 5 1296 1542 3161 6908 7169
5108 6 1558 1596 2242 6679 9370 9850
5109 5 3205 3608 6713 8377 8539
5110 2 5363 6001
5111 4 1658 2798 4095 4631
5112 3 2283 3908 8191
5113 5 5344 7841 7913 9446 9894
5114 2 2750 7886
5115 6 2343 3311 4871 6563 9013 9707
5116 5 2061 3527 4621 6764 8467
5117 3 997 3906 7961
5118 7 1410 3593 3762 5006 5137 6889 9708
5119 1 3925
5120 8 886 2496 2642 3427 4725 4858 6852 8401
5121 4 308 1378 2077 3656
5122 4 682 1588 9268 9428
5123 3 3576 6862 8931
5124 3 2821 5037 6186
5125 4 2593 3122 6530 8790
5126 3 3308 8669 8988
5127 5 2888 6622 6784 8557 9912
5128 5 230 3503 4645 5147 8813
5129 4 4937 6320 7081 9633
5130 3 586 4754 8497
5131 3 3793 7679 7965
5132 2 1865 6027
5133 3 206 1589 2785
5134 4 1762 2723 3077 9204
5135 4 2946 4471 5266 7035
5136 6 408 2242 2390 4193 6372 6443
5137 3 1237 1852 9676
5138 3 23 728 1612
5139 4 2173 2385 7154 7835
5140 7 1679 1950 5969 6068 7304 9827 9884
5141 7 1454 1940 3319 4109 7118 7574 9651
5142 5 919 5778 6644 7352 9288
5143 7 370 3750 5197 5861 7079 9322 9387
5144 3 5831 6653 7061
5145 3 1140 2451 7968
5146 6 3 235 4609 5317 5704 9820
5147 4 180 4822 6010 9174
5148 5 1996 2329 4150 5144 7478
5149 2 1625 4468
5150 3 853 9329 9894
5151 2 2951 5791
5152 4 341 1512 1882 4309
5153 6 636 1969 3748 8375 9494 9887
5154 5 4068 5244 6688 8771 9189
5155 8 425 2878 3093 4897 6453 6787 8709 8832
5156 3 3014 3337 4301
5157 3 89 811 1469
5158 3 4850 6017 7137
5159 2 720 1502
5160 5 1009 5924 8043 8332 9691
5161 6 2841 4720 6603 6844 7033 9005
5162 8 1073 2247 2407 2495 4561 5001 5045 6924
5163 4 3012 5595 8066 9202
5164 5 6019 6198 8106 8260 9155
5165 2 4611 9840
5166 5 944 4282 4902 5146 8219
5167 2 4808 7579
5168 5 3211 3575 3658 4150 6736
5169 2 744 8618
5170 2 3275 6134
5171 3 1366 2151 5132
5172 6 2992 8048 9256 9266 9612 9731
5173 2 2413 8401
5174 1 3243
5175 4 781 1641 8534 9569
5176 0
5177 4 482 2348 2685 5341
5178 3 1478 7418 8208
5179 3 3328 7347 9759
5180 3 1626 3538 6518
5181 3 1001 5877 7025
5182 4 1513 1916 4016 5947
5183 2 7136 9116
5184 5 103 1581 3599 6439 8072
5185 5 1949 4192 4694 5090 6324
5186 6 1881 1952 2122 3574 7858 8679
5187 2 471 4987
5188 2 1461 8103
5189 4 6 6402 6921 8409
5190 5 497 1425 1870 6031 7093
5191 3 934 1234 9047
5192 3 978 5221 8088
5193 0
5194 7 255 622 3200 4040 4444 4678 7932
5195 6 3566 3983 8178 8575 8839 9816
5196 6 248 2119 5345 7586 8899 8941
5197 6 3389 4123 7940 8555 9284 9439
5198 4 1504 1941 5094 6732
5199 5 796 813 1592 2278 9635
5200 4 1158 1257 2881 7277
5201 6 770 1708 4387 4836 8894 9587
5202 4 920 3046 4096 5978
5203 3 2707 4489 4705
5204 1 5424
5205 8 307 1687 2644 3680 5347 6945 8571 9992
5206 1 4133
5207 2 886 5176
5208 6 600 2337 2668 5269 7207 8271
5209 4 1702 1854 4391 9068
5210 2 4298 5306
5211 3 2947 4662 7228
5212 3 6057 6346 9732
5213 5 2688 2988 4027 7582 8950
5214 8 1165 2038 2711 4668 5595 7961 9159 9758
5215 4 2983 4015 6112 8306
5216 7 62 2305 5442 6261 7113 7289 8235
5217 2 1209 4664
5218 3 6390 6644 8001
5219 6 1194 2123 3800 8700 9670 9828
5220 3 7731 7735 7972
5221 2 1200 9870
5222 1 902
5223 3 8695 9439 9547
5224 3 1512 6085 9222
5225 6 276 3298 3768 5831 8048 8982
5226 6 1168 1362 4323 5321 7252 8097
5227 5 3008 3459 4254 7245 9992
5228 1 2004
5229 1 6999
5230 5 1622 4570 6013 6521 9683
5231 6 2554 3563 6208 6460 6650 8893
5232 2 605 4767
5233 3 2591 6354 6933
5234 4 3178 3639 8146 8659
5235 6 414 4705 5666 6547 7055 8980
5236 3 3270 7560 8750
5237 5 4325 5451 6596 7556 9652
5238 2 1985 3273
5239 4 4417 6894 7562 9321
5240 7 1541 2130 2340 3965 4282 8327 8742
5241 1 9977
5242 6 1082 2813 3043 4415 5099 5584
5243 6 235 3331 5762 6029 7006 9669
5244 7 433 3919 4096 5345 5368 5666 9164
5245 2 5629 5733
5246 3 7306 8757 9734
5247 3 4798 6278 6325
5248 1 5409
5249 5 1874 3449 5901 7902 9572
5250 1 5176
5251 4 2262 2860 4052 6987
5252 5 1099 1735 5255 5849 9498
5253 8 1590 5942 7335 8017 8045 8626 9644 9902
5254 2 4971 5456
5255 3 3411 6772 9510
5256 2 3665 8213
5257 4 2533 7383 8069 9880
5258 2 1929 7091
5259 1 4917
5260 2 334 1216
5261 5 317 2012 3614 5702 5902
5262 5 1243 2583 3803 5369 6021
5263 5 36 689 1287 2271 7688
5264 6 680 2377 3863 6504 6581 8563
5265 3 1254 1842 7096
5266 4 2918 7738 9208 9730
5267 1 5800
5268 8 1156 1239 1339 1427 2388 5092 9493 9545
5269 1 5583
5270 3 2320 3036 8502
5271 2 1963 8105
5272 7 832 2635 2895 3238 6170 7797 9397
5273 5 3391 4206 4553 4808 5398
5274 3 4549 4887 7243
5275 1 4731
5276 0
5277 4 979 1809 5592 7042
5278 4 700 1293 1959 6971
5279 7 1492 3421 4927 5948 6495 7557 9550
5280 2 2589 2746
5281 6 294 1152 1274 5689 7804 9670
5282 6 1767 1888 5099 5398 9206 9753
5283 5 1165 2480 3112 4202 7851
5284 6 568 725 1238 3913 7120 7314
5285 3 820 2259 4407
5286 4 385 3785 5967 7987
5287 2 2837 3442
5288 1 9692
5289 2 118 1511
5290 4 2234 2589 3539 6991
5291 11 1656 1859 2178 3994 4893 6484 7298 7659 8512 9110 9364
5292 2 6745 7578
5293 7 129 1345 3730 6767 6781 9156 9707
5294 6 1059 3074 3275 3687 8573 8722
5295 4 3237 8069 8395 9801
5296 7 1806 1899 2578 6175 6694 8010 8441
5297 3 609 2564 6330
5298 2 71 1685
5299 5 217 3861 5090 6361 7392
5300 4 5577 8226 8415 9019
5301 4 4966 5403 7138 7746
5302 5 1651 2546 4873 5868 9040
5303 4 1646 3847 8281 8535
5304 1 4940
5305 5 1045 4053 4113 4908 5859
5306 5 2571 3012 4662 7201 7311
5307 2 1822 9090
5308 5 2658 5358 7600 8643 8862
5309 4 689 1803 4960 6728
5310 3 1805 3573 6616
5311 2 2430 7433
5312 8 112 2968 3686 4370 5552 8560 9026 9141
5313 4 3516 3833 3995 6193
5314 8 4158 5191 5571 6128 6796 7753 8107 9355
5315 2 865 4631
5316 6 1410 1472 1490 2257 4077 7667
5317 5 2184 3091 7029 7453 8422
5318 2 5334 9426
5319 5 657 922 1947 4877 6766
5320 0
5321 6 868 1124 2165 2987 5066 5644
5322 4 1136 1565 3376 9783
5323 0
5324 3 1177 5036 7321
5325 8 1199 3101 4722 5053 6340 7614 8195 8904
5326 3 5751 7401 9805
5327 2 7107 9924
5328 4 1664 2009 2369 3269
5329 2 6469 8908
5330 4 23 3153 5758 6100
5331 3 1300 5951 7410
5332 2 1666 4768
5333 8 421 958 2483 4143 4991 7276 8131 9967
5334 2 4671 5050
5335 4 1893 4117 8976 9093
5336 6 4648 7901 8075 8273 8395 9622
5337 3 1949 3374 4746
5338 8 1354 2311 3696 4142 4340 5274 6569 7145
5339 6 1243 3957 5581 5909 6472 7675
5340 4 626 2923 4288 9389
5341 3 1670 4730 6282
5342 2 3782 7175
5343 3 756 838 6357
5344 5 2662 3652 5087 6931 6940
5345 5 746 1668 3609 7840 8264
5346 5 1573 6347 8331 8661 9545
5347 3 2354 4259 5201
5348 1 7256
5349 7 1104 2039 2181 2828 5008 5809 8521
5350 2 4134 9828
5351 5 123 194 2266 3196 5934
5352 6 549 3148 6574 6584 7237 8154
5353 4 246 2211 8600 9518
5354 1 7518
5355 5 915 2365 4159 9028 9952
5356 5 1390 1424 6466 7738 8603
5357 2 1331 4901
5358 4 577 695 1761 2976
5359 3 490 636 7561
5360 0
5361 1 3255
5362 4 1345 1974 5948 9199
5363 3 107 765 8033
5364 6 2487 3398 4586 7975 8130 9083
5365 6 1246 5876 6608 7073 9181 9712
5366 1 6930
5367 2 1331 6845
5368 3 2490 4911 5577
5369 5 829 3436 3532 7073 9033
5370 8 1388 1605 2216 3091 7351 7646 8663 8849
5371 5 1764 3222 3227 4063 7247
5372 6 844 3394 5583 8059 8681 8838
5373 7 4525 4875 6184 7310 7401 8151 9600
5374 7 899 900 2063 3299 4902 8031 9349
5375 4 93 695 1584 3902
5376 6 3999 6280 8340 8603 8968 9007
5377 3 2167 3132 9735
5378 3 1741 3146 4150
5379 4 73 263 6707 7866
5380 5 2982 3724 5792 6032 6523
5381 4 1257 2368 6715 7124
5382 1 235
5383 6 630 1149 1514 2928 6620 6953
5384 3 4173 6226 9863
5385 2 360 2805
5386 4 870 4368 4382 4494
5387 3 1396 2127 3853
5388 6 267 1151 1754 2080 2098 5160
5389 4 172 2157 5875 6994
5390 3 281 3068 9965
5391 5 1556 1817 2702 8706 9985
5392 2 7287 9528
5393 3 3491 8134 8776
5394 3 926 5200 9447
5395 5 1020 1892 3013 3342 5948
5396 1 2004
5397 2 6611 8894
5398 2 876 2870
5399 7 396 4585 4936 5674 5748 7330 9878
5400 6 191 402 727 1543 7575 9751
5401 8 459 774 999 3665 5192 6685 7648 7783
5402 7 2768 3397 6894 7002 8480 9013 9922
5403 1 3063
5404 3 5487 5848 7036
5405 5 1023 9039 9123 9322 9661
5406 4 1891 4013 7153 7649
5407 4 90 4875 4962 5506
5408 4 2934 7947 8305 9834
5409 1 1484
5410 1 3869
5411 5 3166 6412 8236 8283 9322
5412 2 1017 3461
5413 9 1532 3246 4525 5466 6033 7799 7897 8022 8138
5414 5 1329 3327 4696 9232 9973
5415 3 6669 7012 8543
5416 5 1527 3386 4088 6467 9375
5417 4 5983 8472 8681 9150
5418 6 729 799 1807 2778 6876 8362
5419 3 140 733 6214
5420 3 572 3486 4722
5421 1 1345
5422 1 1229
5423 2 1242 4620
5424 4 99 5856 8489 8659
5425 5 3965 4836 5108 5956 6100
5426 6 681 1846 5184 7511 9005 9475
5427 4 994 2889 6628 9432
5428 6 1433 2768 4497 4871 6559 9120
5429 4 44 1627 3344 5787
5430 2 7262 9747
5431 6 784 3141 4230 7843 9116 9225
5432 2 3551 4900
5433 3 381 4733 5831
5434 3 4338 5981 8320
5435 6 1441 1454 5225 5719 7248 7296
5436 2 4139 7117
5437 2 5222 6416
5438 0
5439 6 351 4483 5882 6580 6842 6963
5440 1 4691
5441 3 4053 4666 7432
5442 2 5876 9647
5443 3 7703 8418 9613
5444 1 6546
5445 6 992 2991 4374 6612 7843 9176
5446 4 757 7106 9794 9991
5447 5 1782 3529 4936 7215 8132
5448 2 1056 7162
5449 8 182 657 1675 1932 2975 6426 6919 9635
5450 7 1015 1136 1725 1741 3423 5185 5874
5451 7 4 2389 4016 4794 6613 7807 8896
5452 5 5046 5799 6667 8076 9744
5453 5 1655 2229 4440 6407 9701
5454 4 229 4290 6934 9185
5455 3 1008 2090 3583
5456 4 383 5027 6744 6826
5457 5 653 3118 3569 4316 6024
5458 2 1285 5478
5459 4 151 5388 7008 8635
5460 3 3463 7463 9124
5461 2 177 6882
5462 3 3859 5264 5293
5463 4 2277 3535 7115 7344
5464 4 3817 5168 5554 5731
5465 5 455 4721 6153 7699 8629
5466 2 766 6796
5467 2 3765 4885
5468 4 98 4582 7297 9870
5469 5 2969 3383 7326 7808 7918
5470 4 1142 1571 1685 6820
5471 4 1705 3028 3197 6693
5472 4 4676 5865 6693 7179
5473 5 1585 2094 2198 2985 9576
5474 4 1761 2212 3681 5583
5475 4 57 2930 6140 9106
5476 2 2329 7366
5477 8 2272 4862 5024 6167 6420 6708 8315 8693
5478 4 1135 1934 6051 8522
5479 5 1015 3564 3676 6937 9047
5480 3 1989 2592 8192
5481 2 3530 4399
5482 3 4342 7168 8914
5483 4 6615 6753 7174 8392
5484 4 416 4286 5542 9623
5485 4 388 2709 4618 7180
5486 6 709 3673 5447 5552 7821 8162
5487 2 627 5722
5488 4 1633 2929 3927 8816
5489 3 1362 2489 8447
5490 5 1580 4303 5217 7489 7874
5491 1 8661
5492 6 1124 1970 2504 3009 3889 8721
5493 4 672 4388 8882 9680
5494 3 277 382 5088
5495 7 2244 2254 2915 9075 9586 9613 9712
5496 1 527
5497 6 286 1424 4151 6264 6615 9046
5498 4 680 5185 8663 9026
5499 4 2910 3775 8706 8884
5500 4 1756 1920 4657 7716
5501 4 1961 3895 8813 9387
5502 0
5503 4 4155 7286 7501 7596
5504 2 1337 1487
5505 7 1371 1890 2691 4798 6521 6854 7370
5506 5 3826 4065 5084 5482 5755
5507 6 959 5231 8992 9061 9347 9653
5508 4 3027 3029 3054 4732
5509 3 2748 5676 5991
5510 6 3123 3989 6774 8037 8516 9308
5511 1 8455
5512 4 1692 6576 7241 9147
5513 4 2182 2331 5180 7354
5514 7 1410 3405 4440 5616 6568 8267 8634
5515 5 4231 4362 7064 7229 8532
5516 12 289 328 2350 3349 3816 5075 6590 7712 8051 8124 8127 9454
5517 5 424 5633 5733 6434 8186
5518 7 3182 4890 8204 8232 8490 8805 9561
5519 3 1435 6911 7471
5520 3 2606 7144 9149
5521 5 1209 1886 2901 4935 9738
5522 5 2941 6262 7439 8334 8771
5523 3 1109 7761 9512
5524 5 2355 3515 6993 8809 9447
5525 3 3859 6810 6994
5526 5 2561 3271 8325 8702 9586
5527 3 837 958 2524
5528 3 321 5676 6279
5529 4 52 1030 2246 6136
5530 9 468 1296 3918 4676 5686 6372 6899 7022 8768
5531 4 1269 1543 3559 5139
5532 3 1998 3650 7452
5533 4 1949 4327 7473 9425
5534 6 2689 4250 4317 5833 6663 6862
5535 7 3459 3969 4842 5723 7373 7707 9043
5536 3 8563 8783 9579
5537 3 7360 7436 9491
5538 3 2599 4792 5697
5539 3 1465 2633 5804
5540 4 1733 3063 5171 6686
5541 7 172 708 1998 6725 8212 8521 8770
5542 7 2626 2753 4534 6580 8178 8799 9163
5543 5 253 1429 1651 9112 9411
5544 5 597 1813 1889 6925 9883
5545 3 763 2705 8372
5546 9 882 1021 1195 2242 3023 3081 4557 4707 9417
5547 3 157 2451 3675
5548 3 2433 5879 9272
5549 5 494 2802 3191 3302 9065
5550 2 2210 8253
5551 5 3454 3593 4773 7400 7941
5552 3 3308 3465 7719
5553 4 228 2503 4429 9355
5554 3 8545 9038 9490
5555 4 1181 4722 6204 7142
5556 5 417 1026 5723 8127 8890
5557 9 319 789 2087 2574 3341 3777 7340 7623 7909
5558 2 3598 7469
5559 0
5560 2 2383 6076
5561 4 1266 5059 5806 9275
5562 5 3190 3843 3919 6210 7669
5563 2 143 5854
5564 3 708 2597 3566
5565 8 107 2856 4363 5374 5517 6744 6859 9582
5566 0
5567 4 1794 2419 3340 5024
5568 9 306 1094 1156 1621 4186 4899 4915 5925 6877
5569 1 1525
5570 10 4235 4605 7168 7304 7999 8416 9206 9621 9818 9883
5571 3 636 1714 5291
5572 3 1378 2639 3777
5573 4 465 5082 8019 8035
5574 4 2910 6274 9508 9611
5575 6 1019 1183 2099 6374 6491 7720
5576 5 3442 4129 5517 7602 8437
5577 2 3066 4282
5578 4 555 1143 5724 7168
5579 5 798 837 2778 6375 9021
5580 1 9896
5581 6 366 1815 3768 3826 7040 9931
5582 7 363 883 1129 1247 1707 2525 4355
5583 6 714 2436 5127 7583 7746 9474
5584 6 539 3679 4112 5617 7597 7851
5585 3 5936 9089 9759
5586 6 3943 5007 6357 6756 9198 9268
5587 3 30 5853 7223
5588 3 2535 6439 7781
5589 5 803 1201 4303 5858 9547
5590 3 782 3529 5038
5591 4 5834 6684 8000 9539
5592 4 3584 4198 7131 9027
5593 7 209 239 1518 2074 6044 6590 8419
5594 9 230 642 1609 3324 3446 4403 7489 8672 9491
5595 6 1700 2999 4815 5948 8022 8564
5596 5 3000 3552 5218 6616 8740
5597 5 554 1680 2640 3720 7413
5598 3 3897 4761 5216
5599 2 2975 7325
5600 6 466 2188 3050 6894 9217 9479
5601 4 4794 8207 8486 9372
5602 5 3161 4518 6252 8292 8484
5603 9 141 1613 2869 3174 3878 6221 7004 7612 9244
5604 5 183 1460 2686 6781 9728
5605 3 1072 4948 5198
5606 7 91 684 1328 1855 6270 7260 9983
5607 5 1759 5484 6004 8059 8252
5608 4 38 307 3464 9516
5609 4 167 2878 5150 9143
5610 5 1371 2161 5030 6197 7000
5611 3 108 2150 3620
5612 5 2465 2747 3510 5118 9982
5613 2 1733 1842
5614 3 1473 5730 8222
5615 6 3075 4182 4642 4916 8680 8916
5616 5 359 1828 2593 5177 6354
5617 6 320 5071 6361 7262 8431 9383
5618 6 577 4177 5665 6536 9703 9966
5619 7 1513 2178 3541 4650 9469 9567 9817
5620 4 1915 6250 7936 8617
5621 5 2204 6233 7537 9261 9313
5622 5 185 331 2826 3345 6056
5623 7 1977 3861 5156 5262 6963 8823 9436
5624 4 3110 5232 6003 7669
5625 3 5417 9553 9698
5626 3 1018 1061 3203
5627 5 4316 4727 7002 7707 8183
5628 3 832 7019 9428
5629 2 1602 7471
5630 5 3387 4081 4304 5052 9393
5631 6 238 2846 4818 5768 6834 7107
5632 4 534 2303 3944 7412
5633 2 6981 7355
5634 5 1723 2746 4581 6352 8172
5635 2 317 5559
5636 7 647 4627 5209 5354 6061 7420 8592
5637 2 7661 8461
5638 3 2279 2510 6177
5639 1 9709
5640 3 6287 7031 8916
5641 5 142 1037 3735 6555 9504
5642 3 506 4209 9887
5643 2 6339 6861
5644 3 65 4055 6138
5645 1 5697
5646 3 734 1210 5023
5647 6 136 806 2889 4636 6016 6838
5648 2 3152 7854
5649 3 3531 8834 9817
5650 3 5741 6520 7058
5651 3 960 3477 7941
5652 3 3501 6951 9337
5653 4 792 3294 7300 9591
5654 2 3511 7836
5655 3 3043 3678 4387
5656 5 2455 3893 6064 7812 9935
5657 3 1695 3174 7807
5658 5 1838 2367 5300 5577 5706
5659 3 3089 9437 9472
5660 3 357 415 9781
5661 1 7939
5662 6 304 2357 2456 4197 7278 9614
5663 3 864 5293 9524
5664 4 2272 3758 4322 8153
5665 3 996 5299 5609
5666 5 1622 2114 2135 2583 4195
5667 5 129 4103 4286 7403 8503
5668 6 2175 2996 4431 7476 8487 8967
5669 2 3192 3963
5670 5 1410 3748 4752 7848 8388
5671 1 9512
5672 4 2878 3255 4062 7956
5673 0
5674 2 5319 7755
5675 6 2896 4565 5094 5310 8162 9188
5676 2 1718 4925
5677 2 1533 5062
5678 3 519 8351 9851
5679 5 140 840 2834 3378 7302
5680 5 1583 1989 2241 2628 4950
5681 3 818 4917 5920
5682 3 287 883 1318
5683 5 575 3741 6195 8314 9190
5684 6 234 2201 2330 2755 3007 7939
5685 3 1490 5692 6429
5686 2 2510 9259
5687 1 6185
5688 6 869 1821 3405 6324 7027 9001
5689 6 2152 4198 6634 7692 7726 8392
5690 1 5068
5691 4 1103 2200 6336 8131
5692 5 3004 3978 4554 4724 6101
5693 5 1082 4786 5038 6767 7723
5694 3 8046 8683 9100
5695 1 2944
5696 4 230 540 2350 7124
5697 6 1614 1859 4672 7000 8332 9341
5698 4 812 2517 3746 6357
5699 8 196 485 1129 3685 4062 4506 8221 9683
5700 2 533 2274
5701 5 157 940 4530 5400 8004
5702 6 829 1408 2065 2800 7958 9214
5703 4 526 2548 4167 5136
5704 5 452 3337 6929 8708 9190
5705 5 241 2329 3371 6286 8123
5706 4 778 1158 3099 4287
5707 5 2116 3265 7847 8392 9567
5708 5 1941 2145 3131 6883 9264
5709 9 2984 3401 3532 3695 4883 6158 7142 7220 7601
5710 5 719 3843 5205 8965 9265
5711 3 260 4163 8192
5712 1 2063
5713 3 2229 5724 9370
5714 6 438 912 1791 4104 6326 8829
5715 3 5285 7310 9814
5716 6 1467 1789 4558 4842 4874 7397
5717 8 516 1612 2371 4647 5064 7466 7662 8757
5718 3 1465 8240 9385
5719 4 1808 2604 5155 8810
5720 3 1574 2405 4483
5721 5 5789 7769 8330 9481 9915
5722 4 3361 4263 4446 7832
5723 9 346 353 766 3033 3858 5385 5684 7262 9656
5724 3 2337 7064 9990
5725 3 2325 3650 8035
5726 4 554 3567 5176 8172
5727 5 999 3493 4669 6222 9885
5728 3 3401 7645 8949
5729 4 2388 2713 9003 9373
5730 4 58 546 2906 8341
5731 6 1721 1780 2412 3344 4312 5302
5732 0
5733 6 254 2514 2739 3228 9326 9587
5734 6 3150 5038 6383 6954 8428 9405
5735 7 167 1810 2675 4662 4746 6429 8734
5736 3 2429 2601 9732
5737 3 1029 1925 6331
5738 4 647 5953 7934 8645
5739 5 191 7659 7874 8102 8473
5740 4 141 469 4222 8201
5741 3 1128 3315 9842
5742 7 1876 3059 3330 5704 5743 6643 8806
5743 6 2436 2679 4574 8741 8878 8940
5744 4 1798 2199 3298 9042
5745 1 8219
5746 1 5531
5747 7 1497 1849 3267 6268 6612 8756 9825
5748 5 240 649 3074 5678 9666
5749 1 7925
5750 5 1382 1579 3749 5504 9480
5751 3 79 2222 2462
5752 7 1372 2454 2494 3323 7252 7514 7654
5753 5 1093 7241 7373 8749 9060
5754 4 5439 7882 9926 9953
5755 1 5960
5756 6 980 1936 3067 4263 7336 7437
5757 1 8619
5758 5 214 2994 5148 5155 5684
5759 4 2297 5978 7479 9301
5760 3 1575 2385 7687
5761 2 4617 7346
5762 4 44 2748 4556 7491
5763 4 1316 2607 3240 6224
5764 4 421 800 3109 5374
5765 7 340 656 735 2834 8426 8655 9703
5766 7 406 1434 2582 6453 9022 9316 9322
5767 3 2073 5977 9763
5768 9 74 2328 3112 3250 5098 5131 5523 7297 9290
5769 7 2026 3413 4286 5273 8359 9232 9341
5770 6 120 254 502 3393 4827 5256
5771 3 6204 6629 7718
5772 4 3665 4008 7062 7378
5773 7 3181 3911 6750 6982 7008 9199 9206
5774 3 3355 3519 5168
5775 5 2627 5110 9413 9713 9879
5776 8 1192 2316 3350 5346 7443 7825 9040 9320
5777 4 2956 6978 7512 7575
5778 6 2187 2375 3890 4580 5354 7525
5779 5 3072 5344 5488 6280 9287
5780 4 4525 4935 6139 8305
5781 4 717 1957 7371 7980
5782 7 1439 1846 2696 3220 6030 7039 7159
5783 5 945 3094 3269 5667 8519
5784 5 2767 3030 4607 6863 8645
5785 2 1250 3433
5786 5 95 777 4150 5217 9404
5787 4 1112 1278 5395 7079
5788 3 1233 1562 2109
5789 2 2136 7590
5790 2 2971 4449
5791 7 284 1512 4866 5289 5886 6035 7096
5792 5 1515 5340 6643 9247 9314
5793 7 1660 4652 5558 6231 7414 8580 9877
5794 3 1272 5657 8483
5795 2 4756 9987
5796 0
5797 6 2130 2437 5349 6589 7017 8285
5798 3 5556 7646 8071
5799 3 2302 3026 6706
5800 5 5200 5408 6996 8537 9777
5801 4 3761 4469 5462 8017
5802 6 677 3473 4992 6999 8624 9042
5803 5 505 2509 2693 4643 8710
5804 7 911 2392 3049 3389 4973 6341 8234
5805 3 1178 3165 9062
5806 4 6403 6419 7718 8814
5807 4 9 444 3598 6277
5808 3 2561 3765 9894
5809 3 3547 5436 5496
5810 2 5851 6776
5811 4 2714 2942 7979 9872
5812 4 233 3258 3655 4185
5813 4 4850 5728 8073 8344
5814 4 2713 5033 6171 7040
5815 5 1539 3125 4703 5179 5614
5816 6 77 251 1361 1523 3875 7387
5817 7 307 1070 1565 3086 5260 8593 8848
5818 8 2395 3190 3914 4813 8234 9023 9797 9891
5819 7 1960 4145 5485 8730 9357 9364 9610
5820 5 75 3483 4816 5133 7999
5821 4 3844 4688 8905 9686
5822 6 389 2541 4756 5126 5682 9991
5823 5 1419 1833 1876 3872 5939
5824 1 3487
5825 4 6208 7703 9474 9762
5826 0
5827 6 373 1569 2499 2907 8460 8824
5828 2 8242 8529
5829 5 1780 2503 2649 4178 5720
5830 5 517 1315 5642 6419 8307
5831 3 4103 4491 8170
5832 5 2954 3002 3741 4423 9968
5833 0
5834 3 2924 9407 9910
5835 1 2465
5836 2 981 3324
5837 4 1241 5667 8198 9523
5838 2 74 3004
5839 4 1091 6120 7501 7566
5840 2 2587 7357
5841 2 7117 9834
5842 7 340 591 1867 3012 6872 7424 9624
5843 6 372 629 1192 3038 3071 5172
5844 5 5070 8543 9191 9214 9849
5845 7 189 664 1308 2628 3467 4929 5529
5846 4 5689 7168 7322 8361
5847 3 98 2589 6580
5848 6 397 703 1479 6924 8673 9197
5849 2 746 3125
5850 2 2000 4030
5851 6 1359 3017 4575 6372 6903 8749
5852 4 4308 8699 9412 9561
5853 7 709 2031 2594 2700 4903 7079 7157
5854 2 335 2002
5855 7 169 1548 4395 4651 5721 6839 7428
5856 2 183 1982
5857 3 3544 5256 8271
5858 3 9118 9432 9934
5859 5 2412 5281 8010 9107 9434
5860 4 1328 2149 7503 9344
5861 4 884 5641 7270 8023
5862 6 3031 4939 7312 7338 8878 9779
5863 6 3543 5170 5844 8786 8792 9393
5864 2 7691 8077
5865 3 96 3934 7610
5866 7 322 2039 4625 4906 7478 9507 9717
5867 4 2153 4428 6069 7674
5868 4 333 2008 4950 9769
5869 6 2385 4139 5311 5668 6565 9746
5870 3 3364 6203 8502
5871 1 3575
5872 3 1451 5320 5799
5873 11 447 489 1972 6266 6310 8353 8371 8935 9069 9557 9755
5874 7 344 2119 2396 4652 4756 5637 9843
5875 7 1810 3577 5098 5423 5873 7619 7847
5876 3 3281 6853 7589
5877 2 1653 8834
5878 7 390 2502 2660 2994 3771 5419 8678
5879 4 2345 6103 7284 8095
5880 5 1426 3984 5168 5301 6915
5881 7 514 5203 5800 6308 6523 6956 8426
5882 5 3987 4219 5267 5720 8850
5883 3 2224 3558 8822
5884 0
5885 5 195 298 3601 5571 6611
5886 3 3630 4844 6884
5887 4 7500 7509 7931 8972
5888 5 2661 3670 4468 4655 6190
5889 4 1520 2418 3191 9360
5890 5 1589 1646 3365 3645 7792
5891 5 15 3343 4216 7369 7719
5892 5 1503 2501 3820 5654 7878
5893 1 2682
5894 3 423 1014 1753
5895 2 7409 7604
5896 5 992 5863 8203 8373 8745
5897 3 5045 8150 9337
5898 5 464 2801 5204 5572 9990
5899 7 500 1423 1440 1466 1946 5615 9881
5900 5 852 4671 7443 8456 8621
5901 4 2149 2981 4414 7428
5902 3 565 3940 4598
5903 7 1329 3861 4999 5063 8601 9112 9503
5904 7 2120 3583 3844 6180 6235 6581 8163
5905 4 1327 4999 5013 9744
5906 6 4203 4325 5975 6538 6855 7871
5907 1 3304
5908 3 6103 6580 7495
5909 4 54 6806 9281 9291
5910 3 1759 2205 6195
5911 7 2504 2647 3179 4087 4953 7277 8877
5912 4 28 463 5445 6114
5913 6 487 4748 6569 6756 8314 9253
5914 4 140 782 4596 5561
5915 4 984 1951 4015 5301
5916 5 1232 3759 6219 8429 9086
5917 2 7845 9491
5918 2 5223 7477
5919 5 541 4350 5144 5914 8774
5920 4 517 7142 7650 9493
5921 4 3735 4428 6870 7972
5922 6 2382 2515 3132 8526 8745 9473
5923 6 761 2469 7888 7963 8539 9176
5924 2 7551 8071
5925 8 1272 2260 2703 3088 4379 5759 7162 9150
5926 4 3038 8473 8755 9385
5927 7 338 798 949 2612 2632 6001 9349
5928 7 555 1470 3682 5329 5638 7218 9231
5929 1 443
5930 4 1716 4661 5601 8260
5931 5 1820 2126 2854 4139 5706
5932 1 9440
5933 2 3495 4739
5934 3 56 259 6760
5935 2 5183 7759
5936 2 2118 2660
5937 5 2437 3349 5619 5800 7643
5938 2 2989 7641
5939 5 932 2477 3196 5142 7990
5940 7 24 1347 3242 3474 5753 8458 9122
5941 2 1381 9529
5942 5 2680 3175 4845 6346 7122
5943 3 5171 5830 9626
5944 3 2540 5693 7564
5945 6 580 1015 2297 5234 7124 8218
5946 4 271 1651 4817 7913
5947 1 4342
5948 3 3911 5483 5700
5949 5 2715 2923 3064 3737 9831
5950 4 1464 1663 2114 4635
5951 5 634 2615 3258 5180 5427
5952 5 1961 4559 8680 9039 9928
5953 5 2104 5652 6300 6743 9809
5954 3 2267 3458 9347
5955 4 776 1616 5307 8075
5956 6 495 2604 2953 3083 3633 8672
5957 2 291 8837
5958 7 2575 3542 3566 4350 5585 5610 5715
5959 5 1440 4051 5899 6659 9779
5960 4 2470 2512 5559 8076
5961 7 1435 1454 1563 1639 1862 9425 9448
5962 3 1733 7681 9441
5963 4 3023 4784 7471 7758
5964 4 609 1013 1778 4765
5965 2 1440 9797
5966 2 5247 7030
5967 3 1701 6347 7014
5968 4 724 1911 2768 3467
5969 2 5988 9005
5970 3 918 4966 7279
5971 2 575 8176
5972 4 2373 3146 6472 6507
5973 4 3468 5375 9102 9914
5974 3 1888 7473 8593
5975 6 1025 4066 4584 5444 7115 9485
5976 2 3067 9736
5977 3 215 1513 7638
5978 8 1245 3488 3687 4171 4826 5473 7664 9579
5979 5 154 1314 1649 3809 9852
5980 2 5906 7740
5981 2 284 6417
5982 2 1788 5472
5983 3 3942 9840 9969
5984 3 1406 3196 5685
5985 4 3295 3605 4915 8740
5986 6 210 1845 2803 4308 9662 9912
5987 3 298 1414 7722
5988 4 2936 8280 8746 9203
5989 2 3197 3660
5990 0
5991 4 1304 2246 5158 8364
5992 2 7152 9262
5993 6 767 2735 3420 3730 4482 7464
5994 5 618 2309 8836 9111 9847
5995 2 6866 8494
5996 2 311 9839
5997 3 413 3975 6856
5998 5 1368 2282 2647 5561 9371
5999 6 2968 3381 5780 6519 6710 9807
6000 1 354
6001 6 1213 4733 6681 6808 9464 9919
6002 4 518 3084 3244 3657
6003 0
6004 6 2070 2348 2603 8689 9319 9526
6005 8 1893 1990 3019 4335 6369 6961 9532 9869
6006 4 4608 6878 8366 8814
6007 1 6754
6008 2 3863 6792
6009 1 7180
6010 2 2593 4285
6011 9 1930 4558 5060 8374 8922 9157 9262 9932 9951
6012 5 530 1683 4774 5619 6398
6013 5 1831 5312 6537 7710 7942
6014 3 2879 4544 6570
6015 5 73 2463 7478 9028 9912
6016 4 2575 4099 5550 9886
6017 4 3342 5725 7159 7646
6018 4 1645 5773 7943 8582
6019 2 902 8398
6020 4 3603 4200 6117 8306
6021 4 455 3143 4518 4751
6022 6 895 4371 7233 7241 7650 9567
6023 3 2847 5876 9856
6024 5 160 1460 2996 3320 8832
6025 4 2406 2751 5091 5816
6026 1 8100
6027 4 774 2292 6995 7365
6028 2 756 5039
6029 4 668 1237 3602 7714
6030 2 8540 8721
6031 6 794 2476 2836 4802 7070 7986
6032 3 806 3312 9751
6033 1 7507
6034 3 1827 5438 7631
6035 6 115 2349 2714 4039 6407 9143
6036 3 4331 5104 8482
6037 4 823 928 6180 7147
6038 5 167 1828 2141 2894 8740
6039 5 717 1569 4645 8769 9034
6040 2 739 3212
6041 8 256 1123 3860 4015 5733 6875 9635 9821
6042 5 2156 2263 3356 5565 5594
6043 5 2816 3106 6184 6853 7772
6044 1 5624
6045 5 325 1925 4892 5986 7271
6046 2 2669 4472
6047 3 4543 5477 6763
6048 1 3849
6049 2 9143 9877
6050 6 293 3614 3975 5312 5580 9306
6051 2 120 3129
6052 3 654 3274 9827
6053 6 1976 3782 4163 6496 6940 7718
6054 2 5688 8959
6055 4 4316 7886 8103 8252
6056 3 919 8104 9504
6057 4 3482 3985 4762 5061
6058 3 1412 2488 9596
6059 3 4142 6272 6616
6060 3 992 7251 9643
6061 4 2364 3115 4144 5577
6062 3 1102 7955 9017
6063 8 1952 2427 3670 4235 6455 7121 8318 8984
6064 6 4022 4130 5276 7601 8174 8411
6065 5 2165 2223 5384 6674 9621
6066 6 1052 1893 2660 3157 9361 9464
6067 6 1615 2917 5847 6652 8790 9664
6068 8 591 709 3678 3739 4781 5806 6973 8498
6069 7 1762 1979 3533 8265 9048 9509 9896
6070 1 2722
6071 2 7558 9757
6072 9 63 343 2989 5691 6559 7771 9283 9543 9890
6073 4 336 557 4735 7801
6074 4 5432 6123 7779 8238
6075 1 9452
6076 6 32 1518 5070 5450 5705 6617
6077 6 2662 3373 4379 6724 8276 8666
6078 6 1569 2107 2242 3666 8145 8897
6079 2 7594 8135
6080 5 1862 2263 4796 5324 6143
6081 2 2267 3669
6082 4 2284 2488 6672 6848
6083 4 2060 5022 7805 7882
6084 4 1477 2735 2763 7209
6085 8 769 2635 4828 8591 9341 9517 9606 9798
6086 5 669 2509 3607 5860 8486
6087 8 501 881 1590 5207 7213 7840 7977 9599
6088 3 4147 9434 9806
6089 7 1779 1898 3868 5207 5356 8228 9025
6090 13 461 867 1138 2270 3161 3554 4865 5005 6030 6307 8261 8390 9110
6091 10 2642 2978 2998 3585 5134 5482 7466 8506 9433 9509
6092 2 2201 8362
6093 6 1611 2181 3899 5029 5972 6029
6094 5 739 2211 5360 8359 9785
6095 7 1526 1963 7668 8349 8737 8748 8980
6096 6 401 629 3479 3850 6070 6654
6097 2 1635 7616
6098 4 2242 3301 3372 4636
6099 6 16 223 2440 3554 7525 8914
6100 3 1717 2900 8429
6101 5 444 3328 4844 8104 9385
6102 2 1576 4640
6103 2 3514 7195
6104 6 3859 5312 5866 7579 8539 8604
6105 3 430 2455 9538
6106 1 7906
6107 4 2116 4560 8893 9109
6108 1 9998
6109 6 598 665 2532 6808 7476 8459
6110 4 2822 4007 4384 8484
6111 6 524 988 1526 3374 4978 7557
6112 3 7290 8080 8165
6113 6 1789 4000 4662 8076 9330 9362
6114 4 2721 3470 6808 7630
6115 3 241 1521 7787
6116 6 429 1491 2176 2351 6727 8016
6117 7 34 236 2047 2252 3385 9377 9626
6118 1 7715
6119 6 716 1540 3169 5872 6795 8352
6120 3 2901 4001 7165
6121 3 6090 6692 9016
6122 5 881 2630 3555 7536 9462
6123 7 80 3920 5444 5856 6829 7411 8415
6124 2 4983 7283
6125 6 723 3591 6526 7335 7521 8656
6126 5 683 1865 2678 3444 3467
6127 5 1093 2745 6988 7580 8641
6128 3 855 9608 9646
6129 2 680 2679
6130 6 3527 7145 7601 7612 8510 8750
6131 0
6132 9 385 1026 1267 2354 5058 5768 5803 7100 7743
6133 3 6649 7380 9874
6134 6 1271 1437 3330 4503 5254 6215
6135 2 4701 9809
6136 3 1655 5429 5656
6137 2 3547 3595
6138 6 297 1579 6408 7162 7442 7544
6139 2 7156 9599
6140 5 1336 5321 6475 6634 9502
6141 6 108 605 2588 5139 8473 9066
6142 3 3313 5663 6666
6143 4 3223 7284 9293 9854
6144 3 2899 5339 7072
6145 3 2013 4371 6015
6146 1 1454
6147 3 5835 6090 8921
6148 4 2078 3265 3571 3639
6149 3 480 2779 7178
6150 2 1036 2049
6151 4 1934 4617 6613 8220
6152 2 8877 9490
6153 2 687 8727
6154 0
6155 6 32 5905 5992 6719 6805 8091
6156 7 537 1357 2115 3129 3176 5375 6328
6157 3 465 5360 5915
6158 5 1029 3652 5275 7172 7272
6159 1 947
6160 8 639 1412 4649 5913 7168 7594 7662 9204
6161 3 567 874 5745
6162 6 2575 3108 3492 3791 5749 7458
6163 4 326 1996 4006 7104
6164 5 526 2824 3377 6095 6185
6165 2 1954 3608
6166 0
6167 4 114 1582 4593 9794
6168 7 500 1168 5819 7269 8353 9177 9276
6169 2 1261 9999
6170 1 390
6171 7 820 4534 4616 5989 6834 7211 9819
6172 5 825 5581 6461 6653 6754
6173 4 453 903 7729 9036
6174 6 1017 3097 3284 5707 7925 9019
6175 2 3332 8974
6176 2 1253 5873
6177 4 18 4194 5402 6225
6178 5 1679 2077 3747 5802 8510
6179 6 1103 1500 2402 5529 6200 7798
6180 2 706 4057
6181 6 145 356 717 5537 5751 9585
6182 0
6183 4 970 7166 8985 9513
6184 7 1629 3360 3876 6908 7185 9380 9940
6185 3 536 1964 5579
6186 3 1908 7799 9348
6187 2 4401 8637
6188 2 1188 2395
6189 5 807 4940 7664 8277 9690
6190 0
6191 5 661 1615 2084 6073 9418
6192 7 535 1074 1251 3301 4737 8805 9351
6193 3 2352 6583 8298
6194 6 354 1573 1833 5262 7719 8597
6195 4 1342 5355 5566 9838
6196 2 7557 7595
6197 6 847 2712 4524 6211 6595 7560
6198 6 1471 1696 2138 3194 3428 6462
6199 1 4977
6200 5 2524 4352 4874 5779 8763
6201 2 2770 9260
6202 4 1355 1944 2863 9597
6203 5 153 1094 2731 5371 6805
6204 2 280 4199
6205 3 2454 6304 6332
6206 4 1044 1251 6191 7135
6207 4 1339 3026 3253 9499
6208 5 2559 3812 7391 7542 9568
6209 2 6225 9380
6210 4 2550 3202 4054 7915
6211 4 1465 5774 6928 7198
6212 3 194 3294 5314
6213 5 2917 6256 7244 7537 8717
6214 3 3160 6500 7326
6215 4 2607 2852 3427 5633
6216 1 526
6217 3 3800 4896 8317
6218 2 4469 9410
6219 6 2443 2826 2895 4437 6400 7548
6220 2 960 5926
6221 3 3369 3616 6936
6222 6 2623 4417 4502 5010 6590 7084
6223 5 2388 4456 4871 7129 8773
6224 5 859 4845 5892 6385 8775
6225 3 933 4694 9481
6226 7 2083 2114 4261 6589 7627 8112 9815
6227 3 2714 2865 6369
6228 1 4038
6229 4 3485 7778 9278 9309
6230 2 4460 4746
6231 4 1889 3867 6429 9531
6232 4 3091 7485 7910 7947
6233 8 723 882 3071 3418 6382 6605 6714 7714
6234 10 261 3429 5070 5525 5712 7268 7491 7673 8357 9037
6235 3 3006 3452 9957
6236 1 5418
6237 4 2947 4522 8460 9516
6238 4 2035 2333 3493 4379
6239 8 966 1277 4065 5551 6614 6750 7147 8440
6240 2 8339 8753
6241 5 308 1432 3883 6822 7482
6242 4 2189 5374 5915 5929
6243 3 6871 7720 9657
6244 5 551 2791 4581 7150 9031
6245 2 2400 7891
6246 2 348 3978
6247 3 3845 4132 5459
6248 3 2323 3999 6877
6249 6 155 591 801 1407 3582 9296
6250 4 2117 5244 6957 8438
6251 5 6004 6020 6702 8333 9402
6252 3 3437 9213 9295
6253 3 7347 8618 9500
6254 2 4570 8441
6255 5 100 507 1141 3889 4591
6256 7 1041 2966 4837 5072 5233 7389 7390
6257 5 892 1046 4970 5071 8763
6258 1 1641
6259 4 1056 5968 6661 9688
6260 2 4070 5446
6261 8 572 1760 1786 4453 5987 6330 6607 7209
6262 9 354 400 438 2652 3711 4386 6353 6610 8565
6263 2 7700 8827
6264 5 534 595 2330 5365 9574
6265 3 131 3422 4149
6266 3 1102 1155 9401
6267 4 4636 7565 8808 9957
6268 3 4609 6531 9168
6269 0
6270 7 1500 2386 2576 3501 3567 4545 7180
6271 1 3930
6272 3 952 6002 7597
6273 5 1608 2030 2220 2860 8768
6274 6 1818 2236 4455 4985 6780 7430
6275 6 442 539 3158 6160 6638 7084
6276 4 84 5827 6325 8662
6277 5 440 896 2791 3564 9810
6278 4 299 8281 8293 8445
6279 2 6093 9290
6280 1 6654
6281 6 1452 1841 4219 5147 8552 8642
6282 4 49 5141 6207 9055
6283 3 560 765 934
6284 8 103 2215 2941 4790 5159 5236 6686 8181
6285 6 1447 3284 4035 6134 7013 8900
6286 1 1960
6287 4 2991 4478 6959 7877
6288 10 343 820 1727 3013 3706 6022 6292 6596 7403 8089
6289 6 815 1300 5289 6322 6838 8891
6290 6 209 1002 1690 2483 2494 7261
6291 7 657 695 2632 3314 4835 7106 8180
6292 3 1018 8209 9259
6293 5 1345 3637 5856 6080 6741
6294 3 2888 4295 9414
6295 5 3732 6108 6458 6824 7836
6296 3 2697 5526 9999
6297 4 456 757 5701 9165
6298 3 1983 5615 7856
6299 7 1014 1120 2246 3381 6896 6983 7524
6300 3 3272 3547 6142
6301 5 435 5519 6358 7628 9329
6302 4 1051 7713 8614 9170
6303 3 2092 5041 7745
6304 1 8416
6305 3 6822 7886 9211
6306 2 5248 9728
6307 3 646 2744 5321
6308 3 1944 2612 8181
6309 3 1968 7543 8661
6310 4 681 3288 5225 5369
6311 5 4689 5667 6612 7342 9514
6312 6 737 3772 4383 7704 9321 9804
6313 5 1758 2777 3856 7125 8652
6314 3 1388 3215 3968
6315 4 431 3372 5638 9663
6316 5 869 1017 2511 4774 5322
6317 4 3014 3995 6262 7089
6318 5 535 4562 4777 5762 9604
6319 4 4391 6447 7406 9210
6320 7 608 1953 4636 5926 6312 8393 8822
6321 9 74 3167 3726 3880 3943 4397 5701 6513 7550
6322 3 3606 5032 9627
6323 5 635 3115 4791 7564 9159
6324 8 303 1692 5853 6076 7627 8266 8803 9463
6325 4 1655 4772 5265 8708
6326 9 1062 1277 1529 2830 4479 6111 7064 8372 9748
6327 5 2523 7569 7950 8239 9121
6328 5 1233 1747 7436 8224 9199
6329 5 2501 4940 4990 5768 7881
6330 4 5629 8290 9418 9877
6331 7 857 1825 3661 4209 7320 8964 9113
6332 11 33 37 529 635 1206 3160 3924 6450 6893 6897 6941
6333 4 33 3579 5761 7499
6334 9 2029 2696 3170 4021 5541 5796 6873 8478 8728
6335 3 251 280 4693
6336 9 2301 2845 2989 3097 3638 5462 7419 8855 9532
6337 2 2518 7650
6338 0
6339 5 3018 4680 4750 7363 9702
6340 3 3763 7656 7833
6341 5 1392 2707 3439 3699 7562
6342 6 1057 2196 2269 5149 6379 7558
6343 4 1789 5991 7508 9959
6344 1 7907
6345 1 6419
6346 2 5288 8268
6347 4 667 1138 4373 5992
6348 6 2825 4199 4743 6545 7658 8017
6349 2 7548 9703
6350 3 1097 2530 4567
6351 6 856 1327 3483 5666 6269 7836
6352 3 6197 7213 9335
6353 1 1717
6354 3 1005 1759 3167
6355 3 4281 6753 8519
6356 2 1876 5608
6357 1 5374
6358 6 1329 1685 1686 3137 6174 9941
6359 3 178 3164 6039
6360 2 2361 4125
6361 3 374 821 5598
6362 3 1460 4899 5059
6363 6 1446 3525 3701 4719 7820 9575
6364 1 6040
6365 1 2423
6366 3 4690 8434 8763
6367 4 254 3971 7972 8467
6368 2 603 7652
6369 2 7527 9251
6370 3 6970 9149 9267
6371 5 313 518 1060 2252 8664
6372 2 3142 4479
6373 1 2433
6374 6 367 3051 4477 6079 6866 7329
6375 6 163 749 2322 6925 7883 9450
6376 3 7252 7589 9303
6377 3 4852 5766 9100
6378 1 4839
6379 3 3980 6063 7546
6380 5 4519 5064 6315 8035 8419
6381 2 485 8869
6382 5 171 4109 5966 6871 8914
6383 4 2669 2760 4694 5363
6384 3 3088 8231 9769
6385 6 5273 5947 6210 6672 7498 8249
6386 2 5160 8080
6387 3 1910 3226 5636
6388 4 6015 6505 7073 7907
6389 2 4665 4983
6390 3 2430 8065 8774
6391 6 2515 3495 4015 8833 9046 9356
6392 6 1067 2695 3555 7241 9517 9772
6393 2 499 2133
6394 1 1962
6395 4 5509 6247 9660 9724
6396 3 3368 5763 6144
6397 4 2075 3010 5743 9457
6398 1 3910
6399 6 3201 3278 3341 6039 6610 6634
6400 5 1568 7324 7373 7392 9077
6401 3 1438 1990 6998
6402 4 2140 5919 6334 8558
6403 3 6280 6694 6929
6404 1 7502
6405 1 9677
6406 3 590 1457 8063
6407 1 3298
6408 4 2611 2851 3973 5366
6409 6 2076 6022 7663 7942 8296 9476
6410 3 2378 8268 8589
6411 7 668 2015 2612 3768 4917 5229 8557
6412 4 1064 5625 6036 9180
6413 2 27 7492
6414 6 970 1932 3489 3526 5390 6596
6415 5 3025 3795 5106 5163 5681
6416 3 141 7555 7990
6417 9 398 1426 2650 4937 4941 6325 8568 8676 9354
6418 1 4882
6419 6 735 788 1172 2923 4143 9638
6420 4 5574 6405 8873 9335
6421 4 700 5924 8350 9824
6422 8 32 123 4670 5003 5555 7601 8369 9920
6423 3 2756 5239 5921
6424 4 4429 7213 7951 8960
6425 5 255 2326 2396 6116 8251
6426 5 913 5370 5731 7335 7611
6427 2 5274 9767
6428 5 686 5382 6033 8893 9699
6429 4 1009 7293 7971 8939
6430 7 2246 3117 4741 4874 5045 5320 8973
6431 6 580 2491 3566 7119 7780 7850
6432 5 2561 4282 5450 8212 8366
6433 5 1777 3700 4003 6800 8342
6434 2 1655 8688
6435 2 2951 9886
6436 3 1786 1807 3866
6437 4 313 3616 5818 6141
6438 4 2593 7192 7303 8596
6439 1 1508
6440 5 1804 2978 4712 5244 6007
6441 5 3645 4059 5222 5477 7856
6442 1 8408
6443 2 6477 8175
6444 3 1243 2318 8490
6445 1 5285
6446 5 674 2847 4954 8856 9596
6447 5 2265 6059 6207 6726 8259
6448 7 1540 3043 4862 5096 5898 5974 8837
6449 6 277 757 2376 2704 4142 5451
6450 3 1654 8373 9987
6451 1 8972
6452 1 8667
6453 7 563 1367 1416 2729 7838 8528 9616
6454 2 3232 3865
6455 4 3974 5837 7037 8183
6456 5 3182 3342 4233 6050 7415
6457 2 8653 9233
6458 3 6742 8112 9105
6459 4 3911 5340 8227 9142
6460 3 2093 2922 4730
6461 6 2735 2892 4931 5344 5480 8086
6462 4 3626 5739 7163 9795
6463 4 2636 4573 5444 8091
6464 3 1141 6217 8041
6465 6 1517 1822 1866 3279 3735 4275
6466 0
6467 7 3252 4142 4709 5096 5561 6458 8266
6468 3 1965 7654 7682
6469 6 93 2932 3815 6866 7799 9643
6470 2 819 1847
6471 4 7554 7776 7971 9651
6472 4 331 650 3102 9582
6473 5 2198 2655 5731 7021 8365
6474 4 2366 4530 5193 9691
6475 5 301 1454 4247 5239 9566
6476 1 1244
6477 7 1351 2986 3826 4713 5227 8470 9456
6478 4 1933 2010 7485 9571
6479 6 569 2306 6097 6261 8690 9753
6480 4 1743 3937 7673 8580
6481 5 1475 1725 3014 3731 7071
6482 3 1338 7830 8644
6483 3 380 2877 6571
6484 6 1127 4167 7136 8583 9424 9719
6485 6 1747 3446 4087 4798 9171 9656
6486 1 2113
6487 3 3095 8759 9575
6488 1 6397
6489 1 7128
6490 2 251 4637
6491 2 3824 6021
6492 2 7485 7802
6493 6 73 2011 2107 5874 6888 7416
6494 4 1517 2588 4306 8618
6495 2 310 8013
6496 5 615 2026 4260 5261 8990
6497 3 1284 2948 5448
6498 2 5722 7165
6499 6 2388 3298 3505 7191 7817 7890
6500 1 5383
6501 7 562 2659 5450 5484 7194 7853 9997
6502 4 3562 3688 4425 7680
6503 2 5798 8705
6504 4 250 629 1322 5257
6505 1 5405
6506 4 1655 2490 2709 7080
6507 5 1709 2741 5314 7952 8913
6508 5 205 3400 3567 5446 7095
6509 5 3749 3952 5908 6375 7360
6510 5 4592 5533 7403 7569 8784
6511 4 4270 4466 4491 6501
6512 7 910 2655 3847 3998 7696 9343 9599
6513 7 115 3109 4183 6559 7522 8712 9877
6514 2 1205 1312
6515 4 840 3880 4189 5178
6516 6 1606 4752 5453 7090 7648 9704
6517 5 843 1812 9085 9171 9692
6518 1 1413
6519 3 1407 3853 8823
6520 4 261 3211 3998 7075
6521 4 930 3604 4975 5777
6522 3 665 1039 9911
6523 5 1563 2174 3648 7321 7724
6524 3 2348 3593 4477
6525 4 194 1472 3353 8787
6526 0
6527 7 1153 2383 3560 4182 7822 7901 9549
6528 9 222 2198 3344 3786 5551 5976 8145 8435 8779
6529 5 239 984 5108 5553 6672
6530 3 3142 7784 9579
6531 3 2492 8131 9805
6532 5 283 2503 2530 6467 8884
6533 5 2342 4685 6432 8102 9450
6534 2 2786 5543
6535 1 8342
6536 4 5818 6215 7793 8768
6537 3 1553 3698 7268
6538 5 353 3210 3617 5906 9031
6539 2 1647 9284
6540 7 2875 3650 5448 7454 8357 8466 8823
6541 3 6649 7277 8424
6542 4 2515 6606 8931 9951
6543 2 4231 7243
6544 1 7559
6545 4 233 1563 3970 7077
6546 3 1765 3734 4875
6547 2 2702 5505
6548 4 886 4175 9085 9700
6549 4 1605 4863 5658 9585
6550 5 802 2386 2469 6472 8661
6551 3 4404 7814 8960
6552 3 1426 9253 9325
6553 5 658 903 2198 4404 8479
6554 5 747 4130 4985 5061 9705
6555 4 1607 1686 3372 9842
6556 5 3364 4226 4957 9893 9925
6557 4 589 3651 5032 6592
6558 2 6282 6953
6559 4 965 7787 7820 8604
6560 6 593 1631 2577 3587 3996 5756
6561 5 340 5281 6367 6468 7470
6562 3 1563 6499 8228
6563 2 1048 2407
6564 2 7040 9078
6565 8 4619 4842 6743 7058 8679 9712 9858 9983
6566 2 2665 8225
6567 2 5622 7822
6568 8 557 630 1882 4240 4382 6473 6795 9027
6569 6 1311 1512 5969 8542 9663 9745
6570 1 7729
6571 4 452 3092 4953 9757
6572 4 4782 5012 6155 9892
6573 2 6049 7257
6574 3 3861 9478 9745
6575 5 1223 3116 7322 7604 9479
6576 2 7564 8834
6577 3 1384 8511 9515
6578 2 1763 5352
6579 2 8590 8776
6580 6 548 966 1939 4112 5025 8608
6581 3 183 2141 8237
6582 3 311 317 5950
6583 5 915 1200 1734 7742 8019
6584 1 7780
6585 4 1286 4091 4142 4564
6586 6 382 4520 5960 6692 7497 9167
6587 5 5130 5494 7536 8217 8773
6588 2 3298 3879
6589 2 3601 4829
6590 3 1786 7636 8879
6591 7 380 564 3511 6435 8330 8682 9205
6592 2 5121 6705
6593 4 2169 7623 8284 9328
6594 10 1247 5486 6518 6996 7345 7502 8869 9112 9389 9597
6595 4 2905 3035 4109 8929
6596 3 669 3741 8790
6597 3 1248 2675 8258
6598 4 684 2517 4603 5412
6599 6 390 2035 2714 6739 7504 9937
6600 3 3007 5415 5570
6601 1 7288
6602 6 1027 2923 4330 6248 7351 9521
6603 2 3106 4979
6604 2 3873 5061
6605 2 3984 6419
6606 6 368 453 1751 2086 6592 9347
6607 2 8899 9042
6608 3 5724 8001 9278
6609 4 5227 5862 6488 8138
6610 4 3977 6047 6574 9602
6611 4 512 1291 1744 3849
6612 2 5038 7298
6613 4 2044 7054 7287 7609
6614 5 669 2136 2585 4048 6208
6615 8 2878 3829 7237 7753 8209 8849 8880 9343
6616 3 2564 5902 6226
6617 5 607 1582 5718 7251 7525
6618 0
6619 4 833 8578 9101 9886
6620 1 1230
6621 4 3828 5971 6491 9542
6622 5 8001 8107 8349 8796 9467
6623 3 259 1586 3336
6624 6 630 4111 6706 6925 7310 9014
6625 6 498 5593 6437 8276 9221 9233
6626 2 4009 6557
6627 1 7159
6628 6 85 4780 4976 8719 9626 9627
6629 4 5711 6620 9479 9665
6630 3 1786 7971 9787
6631 3 72 8678 9009
6632 2 95 9220
6633 3 7474 9042 9318
6634 3 1074 1636 9466
6635 5 411 2039 5687 7209 8211
6636 3 122 4570 7793
6637 3 594 3750 8071
6638 4 5668 8202 8256 9804
6639 4 3494 7923 7982 8719
6640 2 7849 9192
6641 3 3885 8427 9612
6642 2 3723 6773
6643 3 3241 3841 4212
6644 6 290 2020 4421 8222 8888 9992
6645 5 5501 7021 7335 9717 9806
6646 6 716 3191 4051 5471 6324 9782
6647 4 2871 6223 6723 8268
6648 2 3088 4402
6649 5 308 944 5367 7866 9234
6650 2 774 5419
6651 4 716 1695 5252 8024
6652 4 321 3028 4252 5010
6653 4 4252 6519 7395 8283
6654 2 507 8820
6655 4 3830 5411 7455 8896
6656 5 560 2944 6631 7451 9716
6657 3 3935 5434 7314
6658 5 534 1132 2123 5510 8156
6659 4 4131 4250 4416 9626
6660 6 2328 2331 3320 4674 5626 8084
6661 4 1471 4337 6973 7789
6662 6 1358 1381 4820 5122 7575 9448
6663 3 4584 5027 6020
6664 3 792 992 2581
6665 7 788 935 1585 3520 6234 8057 9740
6666 1 2041
6667 3 3477 6452 8141
6668 5 2758 5487 6940 7092 8793
6669 4 421 8493 9076 9851
6670 5 26 162 608 5673 7861
6671 9 26 199 333 1383 2491 4445 4649 7292 7957
6672 2 6069 8244
6673 5 532 3569 5922 8157 8235
6674 4 1807 4857 7260 7697
6675 3 2742 3754 9250
6676 1 7691
6677 2 845 4994
6678 3 4339 5560 6822
6679 2 330 4858
6680 2 137 499
6681 6 239 970 1178 1738 4049 8301
6682 1 1074
6683 5 2551 2763 3325 9427 9430
6684 4 3890 4689 5377 5470
6685 10 2238 2814 4371 4682 4742 5208 5968 6524 8126 8935
6686 7 116 1179 3070 5587 6231 7834 9743
6687 3 422 2431 2518
6688 5 2180 4286 4370 6889 7969
6689 4 8088 8118 8177 9812
6690 1 9456
6691 3 2813 3256 7073
6692 4 664 2089 3964 7566
6693 9 1313 2056 2327 3028 5608 7694 7858 8992 9561
6694 2 5268 8498
6695 4 1966 3738 3922 7290
6696 1 268
6697 3 306 1319 3073
6698 2 1905 3552
6699 2 2696 3415
6700 3 2225 2652 7420
6701 1 8541
6702 3 4513 5595 9550
6703 5 863 948 3640 4834 8096
6704 5 634 1420 3020 6708 9186
6705 3 1971 2420 8966
6706 4 1684 2143 8767 9139
6707 2 7043 7885
6708 7 869 1023 1116 1958 4092 7492 9540
6709 0
6710 4 269 874 6322 9523
6711 6 1193 4974 5282 5730 7935 8971
6712 4 806 4104 8001 8777
6713 2 8895 9785
6714 4 2011 2111 5106 8354
6715 3 5744 6255 8009
6716 7 1428 1484 3285 6771 6814 7897 8394
6717 4 345 4180 5752 8099
6718 6 5383 7503 9058 9817 9877 9928
6719 3 418 6946 8100
6720 7 1130 3851 4359 4395 4816 5006 8944
6721 2 2560 8488
6722 2 5014 9495
6723 2 229 8084
6724 4 922 2459 3525 9860
6725 4 1750 3688 4613 8954
6726 7 4772 5622 5926 7477 7708 9562 9841
6727 1 7290
6728 2 4950 6791
6729 5 135 2023 2502 5663 8294
6730 4 1929 6183 6419 9055
6731 4 1124 3155 5464 6644
6732 4 1119 3661 5272 6308
6733 3 1851 4205 4225
6734 2 1744 8003
6735 8 1877 3225 5288 5708 7200 7571 8530 9469
6736 4 1077 2352 8490 8780
6737 5 1687 4520 6214 7458 8428
6738 6 342 1187 3203 4979 7250 8652
6739 6 1331 5078 5338 6829 6932 7422
6740 3 673 6051 9526
6741 5 3540 5054 6895 7921 9481
6742 2 442 6340
6743 4 959 3809 4295 5070
6744 5 3809 4475 5333 7337 9668
6745 4 1132 4703 7394 9592
6746 3 6967 7238 8303
6747 4 3692 6800 8254 9572
6748 3 2453 6559 7222
6749 4 1513 5439 6958 9827
6750 4 1508 3794 4593 7726
6751 5 601 2092 4415 4849 5229
6752 3 709 6256 8417
6753 6 499 3033 3167 4932 6675 9188
6754 4 913 1319 5506 7253
6755 5 2247 4749 5187 8175 8864
6756 10 538 843 1031 1605 1840 2255 5382 5805 6700 9974
6757 3 7083 7185 9589
6758 3 1917 3798 5698
6759 5 848 4660 5163 6094 8861
6760 3 2078 5448 7148
6761 1 1249
6762 3 3126 6247 7871
6763 6 253 374 2053 2072 3208 8002
6764 6 328 734 2888 4615 8346 8589
6765 6 2689 3501 7542 7755 8017 8815
6766 3 4106 4667 6798
6767 3 331 4892 9664
6768 3 1380 5176 5600
6769 3 50 1333 8808
6770 3 1530 6743 6943
6771 3 641 7923 9936
6772 1 8390
6773 7 467 1869 2809 4643 7077 7747 8662
6774 7 603 2516 2866 4192 6806 8988 9301
6775 2 2762 9382
6776 2 1915 8881
6777 4 726 2990 4777 7437
6778 3 2222 5322 8654
6779 5 6824 7192 7320 8709 8835
6780 0
6781 3 1518 6229 7010
6782 6 891 2044 4110 5279 7379 7883
6783 4 5281 7934 8776 9083
6784 3 2695 4344 6052
6785 2 1905 4516
6786 3 453 3300 5491
6787 4 1014 9155 9274 9690
6788 5 1100 4285 5513 8552 9638
6789 4 1898 3891 4627 7662
6790 2 3495 6328
6791 3 273 1482 4245
6792 4 382 516 2174 3490
6793 2 6563 7887
6794 1 4258
6795 4 1722 1770 4376 7339
6796 4 3745 5903 7516 9980
6797 2 2045 5293
6798 5 488 2392 5080 5956 8803
6799 2 4807 8869
6800 3 147 1791 1880
6801 2 3423 7889
6802 4 514 671 6782 8796
6803 1 3563
6804 2 4792 7850
6805 3 1100 3568 4826
6806 8 337 960 1741 3755 6790 6960 8097 9389
6807 4 4111 6933 9193 9893
6808 5 266 646 740 4082 8060
6809 6 2462 4270 5057 7296 7702 9821
6810 2 3238 3396
6811 2 5298 8442
6812 2 5940 8950
6813 4 292 2966 5700 7157
6814 1 2166
6815 0
6816 4 1493 4978 4981 8184
6817 4 593 3332 4732 8771
6818 7 1809 4256 4265 5310 6263 7345 7632
6819 5 2757 3430 3564 6215 7840
6820 6 420 2207 8171 8652 9555 9734
6821 7 2746 2983 3353 4688 6114 7028 9388
6822 3 3960 4980 5121
6823 2 5189 5294
6824 3 886 2096 9585
6825 3 316 2813 7814
6826 9 1216 1298 4093 6455 6708 7450 7904 7929 9473
6827 0
6828 3 1043 7084 8987
6829 5 1418 2420 5193 8273 8369
6830 3 679 2799 4438
6831 1 1975
6832 0
6833 3 1736 3448 9472
6834 5 285 5618 6943 8308 9574
6835 1 8038
6836 4 3788 5061 5243 6275
6837 1 5728
6838 2 677 7740
6839 5 1813 3720 5684 6874 8831
6840 2 3623 5646
6841 2 3938 6979
6842 7 888 1935 2533 3116 3911 4842 7381
6843 5 350 1237 1429 4698 6572
6844 7 1165 1628 5095 5985 7398 7816 9677
6845 11 464 2533 2965 3260 4026 6276 6397 6905 7477 7838 8842
6846 4 2595 4171 4940 9472
6847 3 178 834 9350
6848 4 2864 6360 6724 9735
6849 7 1043 1534 2094 4211 5117 5964 6379
6850 4 419 1508 5438 6982
6851 2 3505 3668
6852 1 5923
6853 10 1213 1262 1730 3137 4971 5992 6099 7575 8303 9371
6854 1 8086
6855 0
6856 2 1021 6707
6857 5 1774 5816 6701 8317 9480
6858 2 5144 6354
6859 2 1868 2315
6860 6 4940 5340 7270 7394 8681 8755
6861 4 1148 3310 4463 5157
6862 1 5192
6863 5 1076 2116 5952 6764 9497
6864 4 1304 4959 6500 6979
6865 8 443 765 3142 3409 4943 5325 7926 8494
6866 6 1571 2364 4180 5622 6149 7618
6867 2 6525 9951
6868 3 2748 3719 4595
6869 4 913 1821 8028 8914
6870 4 2107 4035 4808 5437
6871 2 680 6490
6872 5 176 1834 2350 5756 7682
6873 7 126 172 1929 5094 8294 8338 8601
6874 6 569 2859 3164 6594 7586 9524
6875 4 326 4417 4694 7477
6876 5 993 6769 6869 7295 9302
6877 2 2245 8603
6878 2 1854 9401
6879 1 9932
6880 3 1550 6875 7896
6881 3 1021 2693 9228
6882 6 2713 4314 4320 4689 6276 6840
6883 2 2343 9722
6884 1 1942
6885 1 2047
6886 2 8343 9506
6887 6 4458 4682 6745 6897 7433 8929
6888 4 3214 7203 8209 9748
6889 6 49 425 1361 5352 7780 9079
6890 6 453 4166 4519 6021 7733 9012
6891 4 5763 8411 8434 9949
6892 4 3447 4578 6516 9474
6893 4 4422 8710 8931 9068
6894 4 2612 4061 4519 5445
6895 1 234
6896 4 1215 1593 5051 9596
6897 4 2622 3399 6089 7384
6898 4 2347 5074 6512 9278
6899 2 788 8020
6900 3 371 5447 9374
6901 3 2144 5579 6433
6902 8 1225 1234 1311 2314 3534 4102 8508 9805
6903 6 4097 5248 5828 6928 7945 8553
6904 4 305 2545 6587 7180
6905 6 904 975 1350 6346 7309 8230
6906 4 1499 4978 7305 9479
6907 5 6879 6880 7232 8412 8810
6908 3 6800 8359 9146
6909 3 769 4618 6475
6910 1 2590
6911 3 4420 7770 8703
6912 13 208 259 1266 1906 2168 2515 3552 4339 5314 5390 6250 8239 8477
6913 1 2862
6914 2 6517 9883
6915 6 309 2362 3199 4993 7482 9131
6916 6 880 1628 3480 7465 8280 9649
6917 4 6050 6753 7298 8139
6918 2 1506 3651
6919 5 1231 2405 4752 9081 9584
6920 5 219 2252 4340 7167 9834
6921 5 2625 5421 6116 7797 8388
6922 4 329 3822 5560 6211
6923 3 5048 9748 9767
6924 4 3108 4491 8401 9234
6925 9 529 728 3468 3767 5280 8525 8657 8811 9947
6926 7 318 656 1798 1860 6427 7494 9332
6927 2 5742 6232
6928 3 4366 5027 9995
6929 6 1456 1757 2196 5111 7209 8946
6930 4 1802 2421 7261 8828
6931 4 497 2623 9042 9822
6932 7 258 2476 3385 3462 5799 6574 8657
6933 2 5420 7685
6934 3 1932 5501 6142
6935 3 1722 6829 9599
6936 1 6251
6937 0
6938 2 3011 6612
6939 10 806 869 1941 2016 5163 5841 6245 6356 8724 9336
6940 5 1614 3154 4060 4556 4692
6941 3 3088 4082 6102
6942 3 5118 7795 7800
6943 3 5289 7529 9150
6944 3 2831 6871 7818
6945 5 172 2738 3353 5785 6984
6946 4 144 332 3118 6232
6947 7 757 867 1676 4264 7679 8388 8643
6948 1 7401
6949 5 807 2779 4153 5275 7906
6950 6 3409 3756 3935 4233 4450 4727
6951 4 2682 3142 7087 9627
6952 3 1390 3793 6136
6953 1 7415
6954 4 1790 3072 5371 7671
6955 4 255 655 8383 9155
6956 2 1196 6685
6957 2 6651 9064
6958 7 548 807 2828 3953 4285 7849 7979
6959 4 548 3352 4969 9447
6960 5 3016 4524 5184 5573 9774
6961 2 2563 5620
6962 4 3996 4232 8581 9945
6963 7 89 683 3106 6842 6906 7549 7693
6964 3 162 7903 8395
6965 2 1321 7333
6966 4 6162 6254 9082 9742
6967 3 682 1975 6199
6968 8 673 1458 3305 4665 6861 7573 9044 9084
6969 6 493 606 1588 2639 4119 7167
6970 4 5810 6016 6631 7375
6971 2 7132 8517
6972 7 2301 2331 5441 7097 9348 9839 9937
6973 5 332 2700 3593 5058 6347
6974 9 964 1911 2188 3190 3821 4112 5636 6508 9852
6975 3 6055 8826 9588
6976 6 910 1369 1697 3173 3483 4756
6977 5 614 1081 2913 8118 9203
6978 2 5624 7559
6979 5 2217 3992 4488 7246 8814
6980 3 1026 5317 9690
6981 6 14 27 1596 3427 5688 9581
6982 4 975 4213 5089 7280
6983 2 4575 5014
6984 5 381 1704 6924 7219 8805
6985 3 3079 4226 6765
6986 4 5177 9090 9568 9678
6987 4 601 5143 7696 8031
6988 5 5353 5709 6076 6521 9646
6989 3 3909 8557 9647
6990 2 2961 8078
6991 2 4420 9776
6992 6 564 1804 3726 3896 4766 7365
6993 3 72 2657 5346
6994 2 2311 8338
6995 4 1804 2859 5114 7339
6996 3 1148 7560 9881
6997 5 1523 2415 2727 3356 5224
6998 4 1481 1893 2514 5260
6999 4 669 777 6568 7404
7000 3 1883 4372 5057
7001 5 11 1220 5230 5799 7925
7002 1 5139
7003 3 1942 3029 4150
7004 5 1344 6881 8102 8511 8902
7005 7 700 1110 3575 6289 6671 7837 9516
7006 5 692 853 1179 4369 8285
7007 6 777 1317 3221 8012 8320 8493
7008 4 434 4415 7061 9373
7009 2 1345 2482
7010 5 192 2111 2134 2211 8508
7011 1 6585
7012 4 2209 2254 5184 7039
7013 15 401 1049 2346 2531 2866 3212 3293 4094 4483 7884 7949 8705 8911 9057 9557
7014 4 1607 1846 2278 3506
7015 3 1500 3044 8472
7016 4 619 3551 4433 7179
7017 4 6267 6367 7453 7967
7018 4 24 3382 4104 8042
7019 5 228 2201 3106 9394 9855
7020 3 568 4549 5058
7021 2 5082 9192
7022 3 1155 3765 5985
7023 1 5103
7024 4 3055 4227 4998 5066
7025 3 4095 6695 6927
7026 5 2447 2891 4233 5273 7303
7027 2 4799 5840
7028 4 1875 2553 7985 9899
7029 6 4208 4660 6036 6694 6714 6952
7030 6 1617 4344 4735 4806 5803 8150
7031 4 1893 2146 2906 5016
7032 2 3275 6271
7033 1 2144
7034 1 578
7035 4 491 759 1809 9082
7036 5 76 1788 1808 2886 4448
7037 4 177 2687 4028 8205
7038 7 21 1057 2679 3440 3581 4516 5363
7039 7 3958 4513 4612 6870 8565 9182 9830
7040 7 910 1000 1299 3829 5503 6203 8542
7041 6 3358 6905 6912 7913 8564 8761
7042 1 2475
7043 3 4897 5424 9379
7044 4 1238 2841 5326 8086
7045 5 1345 1402 5213 5744 6248
7046 4 3563 6341 7168 8362
7047 0
7048 1 3102
7049 6 3615 4391 4511 6397 8093 8598
7050 2 2266 8788
7051 2 3279 4306
7052 4 57 1694 6167 6329
7053 1 5485
7054 4 3930 5178 6685 9559
7055 8 1201 4881 5682 6522 7350 7845 8439 8998
7056 3 8580 9437 9592
7057 3 559 1354 2964
7058 2 6787 7787
7059 7 1001 4919 5864 8225 8410 9344 9727
7060 2 97 8674
7061 5 3797 5182 5412 7227 8596
7062 4 1281 2303 5025 9267
7063 4 2714 3020 3320 5392
7064 4 316 2423 3876 4332
7065 3 4480 4984 9615
7066 3 1486 4578 8790
7067 6 3166 4872 6489 7449 8965 9491
7068 1 518
7069 6 1029 1377 1513 2212 2300 6392
7070 2 1953 8668
7071 2 2818 3659
7072 3 1338 4775 6047
7073 3 1575 5782 5971
7074 7 1597 1694 3117 3235 3260 3740 6745
7075 3 121 3218 4811
7076 7 3578 5599 5660 6619 7114 7469 9139
7077 2 4055 9051
7078 5 2283 5291 6777 7632 8461
7079 4 255 2183 4197 8265
7080 7 2637 2734 4760 5371 6083 6266 7969
7081 3 6575 8585 9374
7082 3 1312 3117 9649
7083 4 3766 4568 5466 6400
7084 4 1550 1736 4525 7876
7085 5 845 6145 7569 8261 8731
7086 3 2249 3622 6173
7087 5 420 899 7783 8533 9148
7088 2 6322 7204
7089 6 569 1806 2284 7413 8175 8439
7090 10 479 645 1107 1392 1480 2369 3005 4478 5510 8775
7091 3 2115 3990 7782
7092 4 303 2329 2577 9946
7093 4 3456 4972 6705 7262
7094 3 5165 7985 8510
7095 5 6231 8320 8375 9326 9516
7096 4 6899 7998 9244 9252
7097 5 2230 3942 6950 8160 8460
7098 5 1635 4616 5589 5674 8477
7099 1 6334
7100 2 1526 8812
7101 4 395 3130 6560 9035
7102 5 680 3362 3414 7805 8124
7103 3 1935 2733 9231
7104 4 4185 6510 8415 8473
7105 3 2423 6594 8071
7106 1 6593
7107 2 6824 7802
7108 1 232
7109 8 3375 3544 3692 4877 6509 6555 7157 9802
7110 6 3087 5749 6191 7674 8112 8646
7111 3 1851 5775 6811
7112 3 466 705 7335
7113 5 1240 1576 3974 4931 9884
7114 0
7115 5 2468 3838 4422 7112 7288
7116 5 1667 3215 3465 5047 7013
7117 4 3180 3958 4572 6927
7118 1 8830
7119 2 5248 9677
7120 4 531 1169 3492 5545
7121 4 2320 3218 4030 4348
7122 2 3283 8021
7123 5 1810 2121 2581 3297 9105
7124 3 3257 3825 8402
7125 3 4045 8533 9108
7126 5 629 2397 2868 3003 8044
7127 4 1264 2991 5910 6555
7128 2 9304 9636
7129 5 3198 4206 4830 4881 7057
7130 4 2133 4877 6712 8853
7131 2 1338 5506
7132 3 3089 6504 7772
7133 3 1596 2262 9025
7134 3 512 6786 7249
7135 6 1126 1772 4552 5229 6354 8635
7136 3 805 3217 5128
7137 5 1138 1553 5244 5612 7165
7138 4 420 967 1891 2425
7139 5 583 2544 6953 7712 8013
7140 4 1065 2502 4588 7410
7141 5 1274 4598 5028 5882 8807
7142 3 3723 4844 8233
7143 6 2234 2640 2703 3353 7932 8404
7144 3 1808 1934 3863
7145 4 1858 5674 6042 7091
7146 9 536 2892 3265 3863 4441 5287 6139 6519 9714
7147 4 189 4722 9750 9955
7148 5 1149 4850 7381 7735 8884
7149 5 2398 3393 5395 9489 9726
7150 3 5101 6513 8628
7151 3 1653 4544 6382
7152 5 1539 4115 5808 7844 9273
7153 3 2507 3706 3927
7154 3 2311 2742 7868
7155 1 6414
7156 8 1274 2362 2599 2816 3014 4817 7656 9287
7157 8 105 1482 2703 3015 6294 7376 8944 9571
7158 4 3232 5545 5883 8347
7159 3 914 4576 6754
7160 4 541 4063 7072 8709
7161 4 209 378 6323 9532
7162 1 2203
7163 4 1887 3270 5618 9772
7164 4 2510 7579 8606 8802
7165 1 4445
7166 1 3928
7167 2 477 4081
7168 8 1902 2223 4506 6494 6773 7001 8461 9198
7169 6 1075 3742 6290 8022 8510 9721
7170 3 4645 4895 8674
7171 1 2678
7172 2 3487 8050
7173 5 2279 2509 5501 5599 7848
7174 4 833 3982 5468 9614
7175 2 4917 7844
7176 5 765 1597 2534 5321 5875
7177 5 3489 4818 5660 5965 8824
7178 3 5467 5634 7682
7179 3 463 2556 3825
7180 4 575 2279 3223 9036
7181 9 340 1875 3035 3466 5051 5135 5331 5963 9720
7182 4 678 2665 3389 6997
7183 3 27 7192 9428
7184 1 4048
7185 1 701
7186 6 2086 5632 6131 6277 6515 8947
7187 6 567 2467 4092 4403 9516 9678
7188 2 4234 7874
7189 7 1602 2889 4447 4657 7059 7604 8403
7190 6 247 383 1407 7633 8626 8828
7191 3 22 2587 9349
7192 3 2983 3924 9995
7193 3 2476 8315 9889
7194 6 998 1733 4529 6236 7999 8319
7195 5 746 1389 3886 7848 9839
7196 2 976 4057
7197 1 4642
7198 4 2924 3265 4252 9280
7199 6 201 1174 6068 6163 7913 8473
7200 4 3656 4274 4793 5167
7201 3 2619 4038 9306
7202 5 909 2294 5912 6187 8470
7203 6 1343 5259 5825 6350 6888 8582
7204 5 4343 5593 7969 8347 9766
7205 2 6594 7978
7206 4 1145 6204 8121 9811
7207 4 1435 4100 6080 9286
7208 6 495 1204 1708 7862 8539 9284
7209 0
7210 0
7211 4 3441 6367 6703 9980
7212 2 7613 8616
7213 5 4360 5855 8587 9692 9785
7214 6 510 1763 2802 7252 8470 8623
7215 1 467
7216 4 75 1060 1792 8975
7217 2 403 2516
7218 4 4515 4735 6717 9166
7219 5 1853 2000 7273 8359 9994
7220 1 4276
7221 7 354 2084 4834 7316 7347 7500 9750
7222 1 38
7223 2 1410 7781
7224 2 20 1879
7225 5 3129 5367 6670 6918 8718
7226 8 1473 2456 3129 3634 4787 6651 8572 9669
7227 7 208 2247 4116 6244 6674 9132 9554
7228 2 2033 3469
7229 0
7230 1 1625
7231 0
7232 4 1526 2575 4457 5938
7233 4 2043 2102 4146 6455
7234 2 129 1625
7235 4 4727 5313 7954 8916
7236 3 3520 3806 8328
7237 2 811 2439
7238 3 330 9068 9540
7239 5 843 3278 3285 4219 5485
7240 5 1192 2528 3559 6360 7024
7241 5 1455 2408 5709 7564 9420
7242 6 439 1586 4661 6606 7016 8428
7243 5 4497 4900 5993 8421 9533
7244 2 8385 9105
7245 2 6005 6404
7246 4 1771 2643 3610 6144
7247 5 1487 3069 3092 7114 7843
7248 3 537 2996 7150
7249 1 8650
7250 4 62 3678 7487 7728
7251 6 350 3618 4283 6146 9408 9608
7252 4 1109 2865 5130 7912
7253 4 2271 5113 5852 6445
7254 1 4931
7255 3 1817 4388 5845
7256 3 6526 6613 8698
7257 4 2942 4155 4206 7946
7258 4 379 4970 9182 9692
7259 5 1120 1530 7053 8853 9935
7260 11 763 828 1812 3659 4331 5146 6194 6265 6991 7509 7846
7261 5 2278 4034 7449 8673 9451
7262 2 399 9511
7263 9 47 310 2811 3829 5774 6930 7079 9484 9543
7264 3 4920 6838 9705
7265 5 3482 6351 7235 7413 9833
7266 1 7675
7267 2 6460 8326
7268 5 375 2416 6670 8961 9476
7269 5 1174 3649 7179 8372 8673
7270 7 1982 2028 3442 6824 7010 7162 8630
7271 3 1442 2809 6315
7272 6 520 3014 6711 7992 8435 9854
7273 4 5611 6780 7161 9159
7274 3 3159 4180 4231
7275 5 716 5500 7693 7798 8124
7276 7 874 2956 4646 4747 6899 8275 9430
7277 3 3145 4083 7671
7278 6 1466 2203 3514 4067 9008 9026
7279 1 6377
7280 3 2770 3639 6367
7281 8 547 877 1168 2237 2629 4768 9038 9826
7282 4 420 1369 1625 3627
7283 6 874 2551 3449 6070 6600 8343
7284 3 1364 8788 9130
7285 3 2003 2971 8348
7286 3 1922 7651 7988
7287 8 273 548 2745 6525 7862 8686 9434 9686
7288 1 8057
7289 5 153 156 339 3140 8818
7290 2 4532 8812
7291 4 2343 4552 8589 9874
7292 3 3571 4112 9608
7293 3 1046 1915 2679
7294 7 2425 3025 5284 5773 6515 7518 8242
7295 4 1125 6152 7745 9019
7296 3 4704 5908 8274
7297 4 2694 5257 5650 8712
7298 3 2893 3347 7702
7299 5 3479 3805 8580 9606 9689
7300 4 2026 2345 3256 9074
7301 3 3288 4360 7175
7302 6 2183 2287 4830 6719 7320 8688
7303 9 337 544 2128 3879 4891 5333 6405 8110 8617
7304 3 2733 7086 9765
7305 4 4600 6550 7967 9066
7306 3 2929 6331 9393
7307 1 9295
7308 1 385
7309 4 731 1411 3289 8008
7310 0
7311 1 7094
7312 5 649 1250 3258 4794 9765
7313 2 7222 9130
7314 5 616 3143 3690 4560 5692
7315 3 1849 8843 9645
7316 5 827 1528 2738 3063 9261
7317 4 1369 1993 5779 8828
7318 4 138 3261 8029 8134
7319 2 1068 2119
7320 6 1290 4589 7213 8279 8967 9278
7321 5 3558 5313 5902 7675 9012
7322 2 5281 7136
7323 8 411 2611 2820 5048 5550 6770 6977 8943
7324 6 508 4191 6803 8236 9087 9714
7325 3 3245 5370 7875
7326 5 368 652 6289 7239 8613
7327 4 2428 3846 4175 6840
7328 1 31
7329 1 4921
7330 2 2372 3615
7331 5 178 199 3535 7590 7859
7332 3 7002 7686 8970
7333 8 50 1710 2390 2655 3998 5570 7188 8014
7334 5 214 4257 4527 5993 7485
7335 7 1067 1848 2509 4062 4641 8306 9193
7336 2 51 5500
7337 7 55 1278 1380 2518 2797 5762 6723
7338 6 1372 3153 4438 4979 9446 9808
7339 4 244 2537 7211 9074
7340 4 1783 2095 8965 9320
7341 5 884 1045 5111 6549 6643
7342 3 270 726 1618
7343 1 7835
7344 4 3699 4769 6822 7059
7345 5 2168 3692 5617 6609 7155
7346 4 3669 5928 7437 8691
7347 3 478 6079 9035
7348 7 3152 3632 3684 4609 5379 6184 8710
7349 6 1211 2092 5654 6066 8915 9554
7350 3 969 5454 7069
7351 6 206 308 3514 4356 4664 6127
7352 2 176 9534
7353 1 5791
7354 7 1599 2458 2548 3050 3348 5350 7545
7355 4 350 1676 7807 9867
7356 5 111 1051 4553 4973 9264
7357 5 5266 6660 7342 7882 9743
7358 3 867 1461 3202
7359 4 2600 3092 4129 6137
7360 4 1317 3796 6615 8810
7361 6 673 1316 3090 4615 5257 7860
7362 7 330 2276 2429 3741 4203 4855 6273
7363 4 3931 5048 7619 9274
7364 2 711 3922
7365 3 1311 1420 3519
7366 4 258 1379 2616 3742
7367 5 1106 4734 6924 7162 8988
7368 2 7329 7374
7369 6 1403 1987 4771 6240 8979 9202
7370 3 6644 7999 9950
7371 4 1108 1303 1879 3885
7372 5 1025 1843 4229 4601 5169
7373 7 5322 7363 8078 8456 8617 9361 9567
7374 0
7375 4 2596 5006 5018 6873
7376 4 1630 2068 2283 9401
7377 5 737 1221 1311 2836 4566
7378 2 2116 6705
7379 4 2273 2938 6102 9394
7380 2 261 3685
7381 3 1449 1825 4492
7382 6 1741 2399 7551 7697 8863 9345
7383 3 692 6325 6685
7384 7 3177 3396 3989 6086 6332 9248 9370
7385 7 3735 5034 6430 8149 8290 9246 9976
7386 1 8666
7387 2 1770 2332
7388 5 1019 4230 6662 7375 8634
7389 1 5737
7390 5 2275 3047 5467 6804 9434
7391 2 714 4707
7392 2 6712 7632
7393 5 698 2078 3231 4670 9841
7394 4 5526 6512 7211 7537
7395 9 754 1009 1915 2687 2978 3628 6392 8570 9085
7396 6 248 761 1906 3114 5044 9298
7397 4 1409 5225 5307 5999
7398 7 202 2723 3564 5051 6931 7826 8847
7399 3 239 280 7919
7400 0
7401 2 1322 3440
7402 7 1020 1844 1855 2167 8284 8646 9111
7403 7 118 1956 2648 5051 6801 8757 9899
7404 3 2863 3174 5005
7405 4 3021 4322 5632 6248
7406 4 1264 3622 4781 7114
7407 2 4703 7506
7408 1 7
7409 8 460 1401 3052 4115 6848 8515 8990 9241
7410 6 3244 3624 3816 6768 7279 8582
7411 4 565 2604 7592 8116
7412 9 1346 1466 2216 3312 4982 7226 7329 9476 9726
7413 6 3917 4746 6665 8806 9884 9999
7414 10 3023 4244 4256 4645 5573 6605 7391 7530 7664 8098
7415 9 217 1318 1336 1944 2658 2923 4193 6387 9408
7416 6 402 1300 5941 6509 8201 8442
7417 4 1466 3883 5151 8874
7418 4 597 7043 7888 8238
7419 3 1318 5633 7566
7420 2 4581 7197
7421 2 828 8339
7422 6 1545 2211 3663 4714 4814 7033
7423 6 637 2146 3559 4739 4876 6640
7424 3 999 8336 9501
7425 2 4876 4954
7426 5 31 150 845 3501 8862
7427 4 847 3891 4529 7828
7428 3 1639 4325 7294
7429 7 2097 3040 4552 4784 6115 7478 9642
7430 3 2613 8222 8379
7431 4 2574 4878 5949 9121
7432 5 239 1977 2804 5223 7095
7433 5 557 2243 2945 7633 7860
7434 6 113 4314 7209 7645 9289 9578
7435 4 221 5551 6653 7000
7436 7 1900 2303 3548 5890 6039 6497 8589
7437 7 167 4274 4715 5421 6808 8172 8944
7438 5 2263 2382 2852 5366 8199
7439 6 370 558 3527 3922 4447 7098
7440 4 3565 7492 9087 9791
7441 4 1847 5047 7331 7836
7442 4 2455 3783 6230 8091
7443 2 4395 4950
7444 0
7445 7 644 2125 2460 5120 6628 7187 8531
7446 2 3415 7868
7447 9 673 1311 1898 2248 2480 2729 3212 5965 6786
7448 3 2426 4597 9774
7449 6 2575 2610 4929 5426 5544 9191
7450 3 1140 3340 4557
7451 3 6509 6544 7943
7452 3 3227 7477 8172
7453 4 4815 6537 8489 9774
7454 3 344 2131 2763
7455 5 4493 4707 7749 8179 8629
7456 3 463 2919 6245
7457 5 990 1788 3561 7320 8177
7458 3 1686 9212 9914
7459 6 1428 1503 2503 2982 4640 7814
7460 1 5031
7461 3 2107 2505 8289
7462 4 2308 5738 6560 8339
7463 6 130 5627 6159 6937 7058 7223
7464 3 2980 3119 3969
7465 1 5177
7466 5 2070 3406 6535 7141 7372
7467 6 1345 1518 1796 5087 6258 6555
7468 4 82 135 8055 8680
7469 2 565 6745
7470 4 284 3887 5391 6033
7471 5 17 1312 4453 5340 8253
7472 5 1598 2041 3932 4505 4687
7473 3 333 919 3687
7474 6 267 2566 2732 2941 4473 7616
7475 5 159 2904 6182 8845 9474
7476 3 3567 6383 8889
7477 4 5676 6056 6422 6499
7478 7 1049 1301 1924 4897 7536 9432 9893
7479 3 3252 3294 6062
7480 3 500 2084 2572
7481 2 3257 6909
7482 5 639 904 6374 7272 8536
7483 3 959 8870 9858
7484 3 5550 6501 7953
7485 5 76 830 1894 7636 8578
7486 4 3993 4060 5242 8955
7487 4 63 2763 9058 9780
7488 3 2745 3277 8403
7489 5 1715 5229 5420 5598 9908
7490 2 3008 4580
7491 2 1406 3498
7492 5 2861 5045 6738 7594 9752
7493 4 176 1960 3564 7239
7494 2 4889 8260
7495 6 994 6867 7278 7669 9016 9964
7496 3 259 2114 8894
7497 2 2265 9785
7498 4 4055 4752 7199 8446
7499 8 2663 4522 4697 4904 5043 5521 6775 8915
7500 5 788 4721 5430 6846 9685
7501 2 2933 3564
7502 4 1219 2332 2562 5613
7503 3 2242 2825 3188
7504 0
7505 4 2247 3362 3956 4849
7506 4 400 700 5164 6170
7507 2 951 9512
7508 5 2002 2777 4692 7455 9522
7509 3 77 3364 6867
7510 5 2290 2454 5088 6679 8934
7511 3 1332 2698 4665
7512 7 1063 3982 5620 6165 7686 8966 9792
7513 2 5762 8844
7514 7 976 979 1347 3199 5264 7836 8903
7515 7 477 4727 5463 6322 7825 8434 8697
7516 3 1633 3626 5614
7517 3 5026 6304 7992
7518 1 3336
7519 4 2816 3013 4672 5187
7520 6 153 3698 4034 6435 6887 9406
7521 1 8436
7522 3 4912 5974 9170
7523 5 2087 2691 2750 3536 9051
7524 6 1384 3064 7046 8723 8953 9063
7525 1 2259
7526 3 2915 5251 6833
7527 3 579 912 2773
7528 6 1242 2171 2807 4183 9622 9781
7529 4 2650 7378 8385 9432
7530 2 4113 5211
7531 2 3224 5610
7532 3 31 1381 5465
7533 4 2663 4261 5245 7688
7534 3 2015 4029 6162
7535 2 1054 3848
7536 4 2548 3601 6146 7995
7537 3 5024 6753 9706
7538 8 1066 1262 2007 2921 5244 5949 7044 7803
7539 4 5086 5622 6068 8632
7540 4 2023 5780 8536 8926
7541 5 1 1158 1212 2605 9535
7542 6 3550 4736 5187 8863 9945 9957
7543 1 8601
7544 7 1102 1521 1889 3944 4678 4745 7681
7545 8 457 1645 2787 2941 3365 3630 8102 9775
7546 3 2915 7490 9623
7547 5 2005 3744 5471 7439 9900
7548 9 490 880 2005 2398 3116 3179 4312 4813 8359
7549 4 1943 2011 4755 6000
7550 1 9107
7551 6 1593 3041 4761 6166 9159 9706
7552 5 2052 3355 5025 5874 7259
7553 3 4103 5663 9040
7554 1 4566
7555 4 2553 4729 5513 8716
7556 5 4337 5096 6006 6891 7798
7557 4 1123 2301 4266 8624
7558 4 1125 2408 2421 2748
7559 2 895 9343
7560 8 42 62 1133 1633 5783 6102 6476 7615
7561 4 1864 5431 6531 9193
7562 1 2521
7563 2 5903 8991
7564 2 5388 5987
7565 2 6993 7996
7566 5 3815 8054 8461 8702 8784
7567 2 1952 7056
7568 4 899 1646 6105 7275
7569 2 1284 6300
7570 3 5295 9058 9909
7571 5 1098 3306 6395 6985 7786
7572 4 5022 6683 8239 8708
7573 5 252 2668 3802 5646 7738
7574 2 763 2558
7575 6 434 806 2187 3567 6486 7903
7576 4 2818 4388 9643 9869
7577 6 3081 3116 3766 5621 6373 7604
7578 5 700 1250 1543 5597 7104
7579 1 4840
7580 5 3995 4676 7358 7594 8334
7581 7 1175 2402 3637 4339 4857 9039 9998
7582 3 592 668 1387
7583 3 329 6026 6120
7584 5 305 2939 3579 6667 9095
7585 3 2298 4924 8868
7586 5 977 1461 2671 4292 6751
7587 6 1652 2003 2715 4862 6188 6695
7588 2 661 6680
7589 12 18 399 561 2814 3466 4232 4849 5029 6914 7002 7337 8336
7590 3 3739 4516 9430
7591 5 1194 4076 5287 7205 8025
7592 2 6975 9500
7593 3 1891 6467 7197
7594 1 378
7595 4 710 1120 1248 6669
7596 4 1894 4645 6924 7764
7597 4 1928 2723 6096 6989
7598 3 1960 3318 5589
7599 2 8349 9098
7600 4 1994 8496 8784 8831
7601 3 3043 4933 8469
7602 4 727 6751 6773 9715
7603 1 6153
7604 5 2947 4704 5800 6135 6499
7605 8 1176 1443 1523 2681 4025 6407 6739 9551
7606 10 59 1281 1836 4601 5168 5575 6410 6832 6833 7765
7607 0
7608 4 626 2526 4952 7825
7609 1 6166
7610 4 2164 4764 5956 6851
7611 5 2068 4802 6851 7030 9602
7612 3 7895 9015 9135
7613 1 8735
7614 1 2110
7615 12 425 892 1166 1913 3445 3631 7073 7961 8667 8673 8912 9389
7616 4 1142 2977 7653 7772
7617 4 1171 1789 2069 2732
7618 3 6872 8999 9222
7619 4 696 4931 5352 7416
7620 7 31 57 1828 1849 3199 4643 5189
7621 3 145 6857 8783
7622 9 207 995 2018 3045 4857 5126 6031 8469 9332
7623 4 436 1013 4702 9753
7624 3 1624 3223 4284
7625 3 4542 5238 5376
7626 5 814 1370 3420 4300 7380
7627 0
7628 5 4222 4537 6529 7041 8224
7629 3 222 899 3279
7630 3 5552 6263 7939
7631 7 841 2449 4455 5816 6436 7237 8609
7632 3 3416 6059 8735
7633 3 1160 3889 8408
7634 5 1463 1792 2591 8625 9251
7635 6 4191 4196 5546 6492 6741 7352
7636 3 2695 9909 9965
7637 1 9947
7638 6 3809 5160 5475 5904 8589 9441
7639 3 2802 6917 7004
7640 6 707 875 1548 2840 9733 9807
7641 1 4370
7642 4 9 1834 2176 9546
7643 0
7644 8 505 1575 3188 5727 9284 9447 9487 9736
7645 1 2033
7646 3 1532 2928 3526
7647 7 2979 3871 3886 4303 5051 7125 8732
7648 2 5073 8279
7649 10 3947 4387 5034 5423 6611 6902 7259 9189 9372 9813
7650 1 3650
7651 7 1929 3074 4317 5527 7259 7937 8540
7652 3 545 1714 5678
7653 5 447 4141 6839 7075 7241
7654 3 1232 4839 6633
7655 4 4722 4857 7494 7898
7656 3 1126 6211 9933
7657 4 1170 1406 3097 8304
7658 2 3099 8596
7659 9 843 1695 1971 2247 3548 4020 7701 7716 8264
7660 5 499 3365 8028 9382 9585
7661 3 3026 5867 7935
7662 6 528 2124 4269 5493 8094 9822
7663 1 5445
7664 1 5936
7665 5 1761 2368 4183 4464 6686
7666 4 1186 2948 5685 8361
7667 5 2619 3194 4327 9701 9756
7668 2 226 1020
7669 5 2353 2767 3454 9083 9273
7670 3 2120 6959 7092
7671 4 2850 7917 9058 9789
7672 6 5053 5661 7223 7702 8865 9470
7673 2 757 1619
7674 4 154 1455 1847 8370
7675 7 3686 4269 4734 5527 7966 9308 9419
7676 6 433 3892 4101 6556 7524 8916
7677 4 505 3363 5087 7600
7678 4 1702 1747 3216 3726
7679 3 2849 4915 8177
7680 5 455 6341 8322 8377 8869
7681 4 1752 7622 8250 9939
7682 2 573 2007
7683 3 4731 5279 5438
7684 3 3015 5483 5564
7685 4 467 690 6969 9089
7686 5 3934 4090 4757 5545 5933
7687 5 953 1832 5586 5827 7747
7688 6 1864 5748 6229 7927 8242 8766
7689 3 4183 7220 7657
7690 5 1111 3240 6222 9164 9766
7691 2 73 2122
7692 3 2965 7239 8772
7693 4 1301 3573 8655 9684
7694 4 621 1796 5373 9133
7695 6 3620 5112 6225 6493 9301 9459
7696 1 9605
7697 4 1893 3565 3659 9415
7698 8 149 457 933 1507 6490 8743 9725 9944
7699 6 1751 1765 1917 2321 3755 4160
7700 5 1250 2212 2480 5679 7131
7701 7 760 1045 3127 5116 5646 5838 7387
7702 4 2367 3449 3474 4228
7703 2 5417 9253
7704 3 2852 4421 5464
7705 4 4506 6005 6420 7021
7706 4 2942 5348 9468 9485
7707 6 4661 5676 5931 5977 8177 9293
7708 5 1910 2163 3672 3821 4632
7709 4 4848 5349 6286 8278
7710 3 1727 4465 4672
7711 1 8541
7712 7 275 2717 4898 5616 6308 9203 9969
7713 3 2750 3565 9798
7714 6 935 2512 3358 4075 5127 5147
7715 9 896 2435 2604 6152 6586 7034 8989 9025 9616
7716 4 2450 3325 3656 5057
7717 5 1084 5878 7515 9246 9824
7718 2 987 8296
7719 1 3037
7720 5 3020 3536 4392 6416 7539
7721 3 5232 7035 9009
7722 5 1079 1829 3174 6412 8223
7723 7 1847 4310 5811 6051 6118 6366 7891
7724 5 1356 2543 2796 3005 6630
7725 2 5006 6096
7726 5 595 619 2293 5066 6723
7727 5 917 1668 2388 2932 3870
7728 7 369 1085 1496 3798 3921 6926 8853
7729 2 4160 8241
7730 5 3168 3849 5558 7837 7921
7731 3 6104 7850 8605
7732 6 1135 1773 1793 3771 7385 7471
7733 4 3712 8006 8996 9560
7734 4 2857 3958 8044 9085
7735 6 3484 3712 3883 5581 8547 8643
7736 4 1963 7335 7555 7979
7737 5 52 3294 3568 7945 8546
7738 4 2851 4383 6770 7812
7739 3 2868 3468 9125
7740 2 1871 9356
7741 7 122 1155 1787 3342 5092 6619 9248
7742 4 2236 3909 5585 6978
7743 2 4088 8437
7744 5 654 2867 4132 8047 9850
7745 3 4020 5436 9985
7746 3 1588 8847 9125
7747 4 1724 3463 8092 9426
7748 4 2295 4177 6075 7373
7749 2 645 1815
7750 5 357 782 4128 6839 7665
7751 1 5187
7752 5 90 1459 1992 3021 7585
7753 1 6461
7754 2 943 8914
7755 3 3924 7158 9774
7756 2 1805 7308
7757 3 61 5402 7780
7758 4 1182 6263 6685 7375
7759 5 7926 8032 8503 8595 8692
7760 1 7916
7761 2 5135 6515
7762 5 5731 6887 7528 9461 9502
7763 4 132 1323 1339 6982
7764 3 5203 5947 6775
7765 3 3867 5684 8758
7766 7 189 703 3835 5966 7800 9491 9929
7767 7 1722 2064 4545 4669 8194 8792 9106
7768 2 6465 8145
7769 2 2425 4420
7770 1 8536
7771 4 1618 1806 3371 4702
7772 2 1102 2283
7773 3 1111 2629 3261
7774 7 3603 4741 5721 6635 7258 9180 9257
7775 5 816 3064 5257 7740 9718
7776 3 7721 8369 9650
7777 4 97 5455 6015 7338
7778 4 2537 2754 2805 9948
7779 3 794 8671 9136
7780 3 5763 7398 8896
7781 8 1111 1864 1889 2142 2877 3390 8394 8645
7782 2 3572 8760
7783 2 5849 6478
7784 4 287 6970 7516 9935
7785 9 389 1367 1960 3073 5580 6153 8204 8389 9893
7786 7 4711 5689 6521 6608 8362 9022 9231
7787 4 6846 7212 9475 9478
7788 2 1415 4501
7789 2 3519 5576
7790 2 209 5558
7791 3 94 9204 9317
7792 1 5776
7793 2 4666 7879
7794 7 1416 1829 2580 3016 3400 3782 9986
7795 2 2697 9831
7796 2 6718 7394
7797 3 2912 5214 8728
7798 1 1488
7799 3 3999 5806 9973
7800 3 1029 1526 6463
7801 2 7140 9381
7802 6 663 2035 4030 4179 6349 6619
7803 3 3068 3532 5117
7804 5 2081 2152 4775 6073 9107
7805 5 2389 4307 5785 5866 8811
7806 3 4183 5298 6518
7807 6 220 2947 5765 6446 6530 6899
7808 3 1420 6573 9038
7809 3 5391 6047 7574
7810 5 1579 5228 6345 7488 9851
7811 4 580 3327 8844 9574
7812 4 4105 4653 4889 6519
7813 3 1092 3242 6140
7814 2 5175 6233
7815 4 1269 3706 6895 7954
7816 4 4265 5448 5862 8173
7817 4 1264 1702 7476 9650
7818 4 5071 5332 7915 7924
7819 3 1375 8267 9607
7820 3 4265 7302 8445
7821 5 270 2837 4646 7355 9111
7822 5 1464 1874 5066 5370 6314
7823 5 881 3225 5965 6008 7572
7824 3 4008 5373 7942
7825 3 1850 3943 6687
7826 2 1068 4085
7827 5 4201 4898 5808 6097 8322
7828 7 559 2463 4855 6208 6312 7418 9172
7829 3 3869 7287 8798
7830 2 756 6583
7831 2 3762 8722
7832 7 648 4235 5722 5816 6549 7773 9154
7833 3 138 2542 8015
7834 3 7621 7793 9900
7835 7 725 3581 3879 3989 5148 5896 9172
7836 5 1908 4781 5212 8709 9687
7837 7 856 1829 2974 4989 5556 5621 7814
7838 6 353 417 1296 7940 8825 9275
7839 6 721 1087 2377 5596 6743 9308
7840 2 255 1026
7841 6 39 1676 2253 3642 7423 8336
7842 3 502 1439 8482
7843 5 2477 6780 6844 7196 9227
7844 7 1320 1513 3705 4752 6251 6654 9639
7845 5 138 2302 7866 8018 9299
7846 6 2449 3007 6436 6708 6836 7603
7847 5 258 658 1144 1269 1641
7848 3 3973 6903 9702
7849 6 1355 2570 3473 4366 5927 6077
7850 1 3826
7851 2 2981 7954
7852 3 2456 7187 7649
7853 2 4342 5532
7854 7 698 871 2200 4454 6621 6665 6941
7855 1 9687
7856 5 1794 4350 6418 8762 9751
7857 7 159 2062 3081 3087 3932 5239 9019
7858 2 1225 1302
7859 2 6199 8479
7860 3 2743 3860 8577
7861 7 99 5201 5702 5813 7516 8019 9688
7862 4 3125 3243 4958 7920
7863 1 9058
7864 2 3988 6504
7865 2 6815 7523
7866 6 800 2309 3995 4887 6221 6733
7867 9 1048 2985 3110 3423 3481 4739 5249 8329 9129
7868 1 2940
7869 5 2530 3802 5922 6726 6921
7870 2 111 1942
7871 6 3047 3387 5124 5792 5836 6759
7872 8 76 2954 3308 4650 5678 5768 6353 8592
7873 5 2132 3835 7432 9628 9901
7874 8 439 987 1753 7042 7829 8289 8680 9508
7875 4 431 891 3008 7933
7876 3 2038 5151 5704
7877 7 230 2501 4287 5720 6237 8571 9604
7878 3 530 2978 8887
7879 4 999 3379 6102 6745
7880 2 1573 6282
7881 4 1941 5007 5382 5866
7882 5 2006 2718 2923 4693 9874
7883 2 153 1720
7884 3 3594 6192 8222
7885 6 1536 5799 6832 7228 8266 9931
7886 6 1013 1534 3718 5039 9167 9870
7887 5 382 1452 1598 2860 7877
7888 7 1291 2404 4491 4984 6011 6382 7879
7889 4 5502 5703 6788 8151
7890 5 1495 1613 1931 2174 5320
7891 2 5114 6201
7892 1 6697
7893 1 9381
7894 3 679 2697 9664
7895 7 3341 4842 6039 6851 8468 8616 8839
7896 6 1102 1219 3178 4846 4973 7403
7897 6 826 989 3077 3428 9783 9909
7898 2 76 8998
7899 3 3037 5360 6978
7900 4 2029 5014 6504 6805
7901 2 776 2840
7902 5 387 1127 3963 4539 8885
7903 2 578 1672
7904 5 5273 6193 8237 8333 9389
7905 4 3891 3968 5522 9106
7906 1 5349
7907 4 390 4116 8393 9808
7908 3 2217 4085 4717
7909 6 1652 4133 4776 5673 8847 9294
7910 4 1962 4825 9119 9672
7911 1 3835
7912 4 177 558 7081 9865
7913 3 1762 5891 9850
7914 4 215 4692 6996 7054
7915 1 5149
7916 4 6145 6846 7791 8028
7917 5 686 2273 4383 4677 6326
7918 3 2028 8787 9016
7919 3 224 8006 9214
7920 2 4310 5349
7921 6 2053 3968 5141 5309 7353 9548
7922 5 2154 2265 3924 4696 9735
7923 3 2405 6737 7664
7924 4 9 4342 5587 9550
7925 3 1550 2891 9665
7926 3 1084 7866 9292
7927 3 5291 5865 6466
7928 4 505 4509 4734 4801
7929 2 7987 8163
7930 4 6047 8866 9690 9838
7931 6 215 449 2034 2739 3749 4004
7932 6 1210 1512 1576 1803 3596 6222
7933 1 767
7934 2 2351 5746
7935 3 32 1246 4038
7936 4 933 2094 6214 6498
7937 2 9328 9980
7938 4 1802 2524 2764 5919
7939 10 457 661 1882 2466 2636 2699 3137 3533 3577 6046
7940 4 371 7568 7896 9633
7941 5 514 2906 3078 5571 5955
7942 3 3834 5254 8275
7943 3 3098 7010 9114
7944 5 3517 6231 6406 7387 8065
7945 4 2111 4709 7951 8795
7946 5 5025 5092 5439 6276 6884
7947 11 1032 1205 1466 1570 2086 2994 3649 3816 4785 6350 9120
7948 4 162 660 777 4730
7949 4 293 4498 4797 9958
7950 1 6424
7951 6 393 1284 6974 8118 9518 9884
7952 3 1459 1476 4419
7953 2 4572 5478
7954 2 4955 6359
7955 3 2767 2991 8726
7956 2 201 2117
7957 3 247 1208 7190
7958 3 2140 4497 7321
7959 5 2222 2605 3337 5841 9606
7960 6 392 943 1894 3586 5674 6333
7961 3 2405 3769 5828
7962 3 4496 6036 8528
7963 5 727 2930 3552 4226 5715
7964 3 1111 5524 8144
7965 5 4734 5471 7314 8666 9307
7966 6 35 718 1540 2028 9402 9457
7967 3 1179 6764 8388
7968 6 754 978 2460 4844 6475 9003
7969 4 2663 6148 6635 8661
7970 7 1756 4814 5454 6596 7766 8424 9871
7971 7 1475 2308 4121 5465 6137 8024 8294
7972 3 2581 4800 6765
7973 2 331 3989
7974 3 1830 4015 9509
7975 2 6338 8677
7976 1 551
7977 4 1078 3176 4691 9998
7978 7 905 2415 3802 4698 5057 5236 7074
7979 3 2641 2923 3758
7980 5 679 965 5638 8469 9521
7981 8 1414 2211 2843 4186 6846 6923 8194 9039
7982 3 3698 3734 8613
7983 7 1715 2038 2742 3140 3681 4287 7480
7984 2 4464 6419
7985 1 1710
7986 4 964 2378 4800 8769
7987 2 1509 8781
7988 1 8451
7989 1 5508
7990 0
7991 6 498 3719 3841 5985 6519 6614
7992 1 3917
7993 5 2621 3261 3431 4382 9274
7994 3 235 743 7962
7995 3 7301 7907 8436
7996 8 1278 1891 4438 5206 5553 7106 7336 9400
7997 5 353 3025 6082 8126 9754
7998 0
7999 5 1419 1878 2438 5562 5759
8000 3 3219 4906 7544
8001 6 268 1837 4867 5281 6446 9580
8002 6 311 1202 3529 5157 6374 7205
8003 3 1063 1915 6559
8004 4 2172 3477 3910 6833
8005 4 2855 4088 7842 8326
8006 3 3678 5017 7257
8007 3 1523 1742 7511
8008 2 7818 9060
8009 1 1748
8010 0
8011 1 8814
8012 2 1656 5185
8013 3 3214 5280 9945
8014 0
8015 4 1825 2422 2574 9858
8016 4 1428 6341 8015 9776
8017 5 1656 1795 5924 8039 9137
8018 4 541 703 9213 9409
8019 4 4504 5811 6026 6930
8020 4 1205 3903 3949 8519
8021 2 3253 4490
8022 5 2340 2916 3238 6159 8155
8023 8 1590 3023 3068 4865 6492 6515 6834 9911
8024 4 691 1868 9427 9488
8025 2 922 1950
8026 2 9190 9866
8027 8 190 673 3597 4423 4565 5402 8769 8832
8028 7 2275 2932 3359 4280 6247 7989 9624
8029 3 4759 4845 8670
8030 1 8272
8031 4 265 2658 5721 6582
8032 4 51 1652 2829 9766
8033 5 1754 3342 5704 6302 9592
8034 0
8035 2 3383 7935
8036 3 3630 6022 7798
8037 5 4369 7776 8137 8222 9000
8038 1 9665
8039 4 4909 7712 8193 8905
8040 7 1914 3072 5462 7014 7254 8650 9137
8041 3 2447 5887 9679
8042 4 1938 6496 7366 9016
8043 7 639 1467 3914 4719 6704 6948 8652
8044 2 2218 3947
8045 5 2840 4103 5470 8340 8552
8046 7 871 2412 2472 2486 3086 4975 9279
8047 7 1826 2732 5927 6236 7347 9025 9223
8048 7 1 322 1355 8699 9189 9208 9848
8049 1 8269
8050 4 1040 1540 7212 9271
8051 6 2511 3202 5028 5896 8571 8656
8052 9 1825 5617 6167 7253 7470 8144 8772 9044 9193
8053 4 5616 7123 8057 8566
8054 4 1267 2181 4534 7627
8055 4 5041 6735 8894 9969
8056 5 306 3597 5156 6798 7498
8057 6 641 4844 4866 8540 9225 9468
8058 4 66 340 1826 4315
8059 3 5948 8161 9769
8060 5 1364 2177 2717 4054 9383
8061 6 401 944 1885 4623 4829 7326
8062 4 1837 3708 4756 6678
8063 4 1435 5508 5607 9923
8064 4 3195 5164 5811 8346
8065 9 1080 5411 5888 6086 7450 7608 8785 9740 9831
8066 4 441 754 6435 9766
8067 7 1525 2029 3991 4664 4897 8442 8618
8068 3 3061 4525 4928
8069 1 9174
8070 7 1358 3689 4859 5527 9071 9264 9839
8071 1 9206
8072 3 3677 4704 9272
8073 1 1499
8074 1 2961
8075 5 534 3673 3736 9115 9950
8076 3 627 9639 9722
8077 7 2574 4480 4774 5149 5415 6307 9241
8078 2 1466 5614
8079 7 1131 3335 5994 6043 7449 8767 9677
8080 2 9050 9537
8081 4 1780 3139 3454 4035
8082 1 8684
8083 6 1433 2754 6531 6754 8157 9979
8084 7 1658 4592 4749 5823 6594 7109 9263
8085 3 2590 4596 5100
8086 6 1851 2848 5177 8173 8473 9355
8087 1 5380
8088 6 1349 2039 3379 5071 6149 6844
8089 2 5987 8952
8090 6 25 732 1600 3705 5441 9284
8091 6 82 2024 6111 6610 6731 8386
8092 2 1271 4427
8093 0
8094 6 2261 2716 3172 4374 8246 8525
8095 3 3695 5665 8511
8096 7 157 4734 5112 5635 6359 7084 9209
8097 5 2524 2891 3704 7605 7803
8098 1 2455
8099 4 977 3503 9275 9797
8100 2 2895 8275
8101 3 796 4442 5532
8102 1 9875
8103 4 366 5120 7057 8256
8104 2 5459 7186
8105 8 765 3554 4830 8044 8069 8151 8322 8953
8106 4 765 3695 5522 6877
8107 2 2228 2632
8108 8 235 632 1214 1641 3197 4180 4935 7593
8109 4 2403 3552 8407 9794
8110 3 1535 7701 7867
8111 8 760 4215 4656 5332 6105 8766 9174 9577
8112 4 477 4037 5547 8254
8113 2 6966 7944
8114 5 2591 5326 6721 8569 8723
8115 1 8133
8116 3 90 5280 8728
8117 4 1399 5491 7471 8510
8118 5 4682 6610 7788 8546 9300
8119 3 5329 5589 9317
8120 3 2449 9308 9903
8121 3 1336 3092 8792
8122 6 2563 3520 4425 6329 6948 8389
8123 3 5058 5387 8476
8124 4 660 3219 5514 5652
8125 2 6229 6329
8126 4 2316 5815 7729 9233
8127 4 1445 2818 3903 5756
8128 6 4035 4095 5319 6185 8351 9795
8129 1 6424
8130 4 310 3114 5470 8485
8131 1 8595
8132 2 7014 7201
8133 5 745 4112 4641 7912 9044
8134 5 38 1140 1954 6699 7005
8135 5 877 2525 7044 8933 9164
8136 1 5141
8137 5 2846 3405 3852 7535 7700
8138 4 2271 4335 7418 9081
8139 5 1426 2124 7772 8225 9306
8140 1 7882
8141 4 2138 5167 5251 8978
8142 9 186 1262 2155 2541 4782 7709 8213 8323 9818
8143 6 2101 5346 5796 6159 8369 8701
8144 3 2025 6018 6699
8145 6 777 1678 3751 6069 9603 9704
8146 1 4316
8147 3 3499 3955 7587
8148 6 1756 2166 4324 7276 7901 8351
8149 6 1026 2036 3693 5034 7506 7567
8150 4 1328 2401 5031 8116
8151 4 1560 2143 4661 7576
8152 6 661 4327 7749 8362 9238 9264
8153 5 1992 6072 8531 8630 9335
8154 3 1570 2031 2371
8155 3 415 4167 9709
8156 6 948 1786 1971 3535 4660 6320
8157 2 3328 8733
8158 8 976 2049 2507 3133 3847 4670 4807 9763
8159 4 58 1370 2017 9684
8160 2 1432 3876
8161 5 654 1235 5242 5368 9571
8162 3 5468 7152 9841
8163 3 771 1195 4021
8164 6 1273 4232 5190 5422 6049 6366
8165 8 1575 3140 4641 5999 6074 6943 6950 7120
8166 6 266 1351 2884 3971 4099 9083
8167 3 5894 5955 8057
8168 2 1707 8051
8169 6 844 4028 4519 6806 7595 9983
8170 4 110 2927 5159 9597
8171 5 249 971 1484 2299 7314
8172 4 4668 5533 7102 8526
8173 3 3575 3862 8027
8174 6 617 1791 2029 4770 7252 7321
8175 3 3008 6051 7665
8176 3 1570 7406 8878
8177 5 1750 4588 4858 6654 9024
8178 9 122 1009 1078 4045 4252 5546 7007 7085 8678
8179 0
8180 6 959 1521 1958 2374 7497 9785
8181 4 1804 2203 2433 5616
8182 5 1605 5166 5809 6848 9814
8183 2 7998 9620
8184 6 1172 2476 2814 5186 6859 7557
8185 1 9180
8186 6 291 1218 1719 5842 6060 9562
8187 6 334 451 3534 7026 7776 8262
8188 6 127 934 2932 3229 5314 7555
8189 0
8190 7 2906 3439 4744 4787 5123 6058 8350
8191 3 2017 4723 6486
8192 6 66 4510 6145 8675 9828 9942
8193 3 2515 4947 6709
8194 4 1229 2013 8270 9666
8195 4 3770 5591 6402 8416
8196 3 273 1378 4495
8197 8 2836 2892 5236 5276 5919 6994 7820 8570
8198 7 41 2224 2303 4661 5505 5861 8868
8199 2 5734 6921
8200 5 1203 2426 2669 3623 6311
8201 6 1321 3211 4291 4494 8398 8751
8202 4 1709 2456 5103 9827
8203 6 2697 3329 3583 6671 7105 7429
8204 3 788 6449 8956
8205 5 1600 3678 4735 5311 7123
8206 1 1111
8207 3 1128 1755 3828
8208 5 312 2549 3531 6130 7412
8209 8 445 626 1354 2151 3342 4333 6481 6670
8210 5 1833 1961 3351 3409 7695
8211 3 890 4810 5559
8212 7 593 6169 6494 6922 7535 7809 9364
8213 3 3501 5526 7722
8214 3 1499 2596 8646
8215 2 2562 8397
8216 5 262 3372 5003 6000 9940
8217 4 5127 5539 5614 7823
8218 4 450 4797 6676 7523
8219 8 5346 5358 6909 7358 8344 9318 9776 9907
8220 2 1491 4968
8221 6 223 2431 3375 4259 4278 8033
8222 8 481 2677 4404 6884 8235 8457 8825 9869
8223 5 1458 1636 2032 3403 5393
8224 4 2959 5064 7739 8268
8225 4 1491 1581 7636 8394
8226 4 1833 4268 7548 9293
8227 6 1623 2053 3857 6488 7514 8054
8228 2 4460 7080
8229 5 84 2605 2617 5590 7707
8230 4 1890 5412 8938 9032
8231 5 3508 4232 4453 5611 8879
8232 3 3618 3885 9375
8233 1 8379
8234 4 2708 3553 9265 9662
8235 3 1270 3718 8643
8236 6 6 1373 1921 3848 4849 8986
8237 2 1613 4405
8238 3 5735 8390 8395
8239 5 3810 4413 5076 6104 7881
8240 7 1794 1867 4395 4632 6327 8645 8738
8241 5 3295 3958 4636 4734 5221
8242 3 1335 1351 8573
8243 4 4102 4111 7546 9626
8244 1 6943
8245 5 4551 5152 6055 7071 9502
8246 2 7158 8896
8247 4 3003 3821 4997 9268
8248 1 8878
8249 2 5802 7284
8250 11 551 993 2647 3902 5208 6175 7700 8521 8770 8950 9328
8251 2 2366 5479
8252 2 2452 9032
8253 3 2714 6527 9406
8254 7 243 1077 1627 5168 7904 9314 9838
8255 6 838 971 3318 5611 8715 9742
8256 8 587 625 1588 2614 3541 3802 4239 7613
8257 4 3082 4727 6299 7146
8258 6 737 2187 3625 3886 4955 6609
8259 2 1074 2244
8260 3 170 7476 7542
8261 3 3412 3837 6800
8262 7 329 691 2123 5465 7002 8406 8593
8263 3 2700 2832 7124
8264 6 102 5717 6969 7569 7583 8950
8265 9 1180 1187 1351 3680 7014 7567 8040 8326 9101
8266 5 2239 4845 5073 5496 6245
8267 3 254 524 9808
8268 9 2653 3507 3517 5097 5170 7497 7935 9109 9485
8269 6 1534 2170 6516 6525 8451 8585
8270 4 2320 4308 4350 9690
8271 3 3168 3681 9248
8272 5 2239 5271 7763 8469 8873
8273 3 2800 4173 4698
8274 4 808 2329 3193 8258
8275 6 41 4994 5019 7610 9456 9957
8276 3 4821 6768 7944
8277 3 5135 6837 9522
8278 3 424 4785 7577
8279 3 3202 8378 9314
8280 4 345 2520 7046 9787
8281 8 684 2376 3678 4695 5008 6515 6587 8713
8282 2 3968 8095
8283 5 138 2890 3336 4811 7951
8284 3 3721 5109 6070
8285 7 78 511 4080 4081 5410 6873 8540
8286 5 1270 1598 3255 5181 7513
8287 3 2229 3706 7061
8288 3 3126 5835 6591
8289 2 467 3969
8290 5 1644 3413 5986 8626 8940
8291 3 253 5154 9090
8292 4 2361 2626 3176 3413
8293 4 2272 2575 8227 8614
8294 3 3715 8209 9093
8295 1 7343
8296 5 591 4293 5030 7653 8036
8297 2 9459 9869
8298 5 86 2225 2766 7968 8415
8299 3 5400 7643 8189
8300 6 878 3258 5613 8936 9378 9591
8301 2 6185 9736
8302 1 8144
8303 4 4129 6133 7188 8386
8304 1 718
8305 3 258 2551 5454
8306 1 2558
8307 4 1069 3734 4556 9184
8308 8 945 5603 6225 7101 7273 8003 8103 9438
8309 6 440 1185 2218 4862 6473 9474
8310 3 2196 8291 8612
8311 1 6536
8312 6 241 4365 5927 6400 6687 9838
8313 1 8372
8314 7 3642 3739 4416 4475 7991 8184 9405
8315 3 1733 2580 3846
8316 4 1084 1866 3409 7358
8317 3 3912 5554 6670
8318 4 2945 3244 5892 9868
8319 5 5354 5430 5693 7391 8196
8320 2 8223 8959
8321 5 2049 7365 7757 8641 8790
8322 1 367
8323 7 658 848 3046 3361 3623 7200 7765
8324 4 1207 2093 6920 7798
8325 6 634 2658 5006 8562 8878 9252
8326 6 137 3403 3431 4937 8207 8361
8327 4 562 2716 5163 6328
8328 5 2913 5073 5153 6998 7395
8329 5 614 2287 6750 7810 9791
8330 4 2613 3504 8155 9097
8331 4 692 2181 5189 6908
8332 1 1801
8333 3 998 7759 8513
8334 7 3013 3814 3858 5306 6261 6519 8899
8335 2 6214 8394
8336 7 60 165 654 1600 1677 8927 9169
8337 7 304 1412 1438 3554 5134 7472 7535
8338 2 1547 9529
8339 4 503 866 1109 6865
8340 5 1305 3169 3207 8050 9596
8341 4 159 2459 8016 8749
8342 4 1163 4888 6108 6478
8343 6 2802 3160 3591 4945 6296 7782
8344 2 1138 8025
8345 4 2769 6185 7577 8013
8346 3 1032 6540 9568
8347 4 5281 8085 8265 9458
8348 2 4871 9709
8349 3 2720 7574 8764
8350 1 3442
8351 3 1829 7962 9941
8352 5 2752 2940 6335 6449 9282
8353 3 3258 5761 9922
8354 5 2268 4078 5139 6984 9752
8355 5 3804 4074 7704 7743 8380
8356 2 1121 2078
8357 6 1942 2565 7682 8367 8582 9418
8358 6 360 1144 1740 2942 5826 6693
8359 2 3062 3731
8360 6 2214 3651 5266 5629 5737 7038
8361 1 8335
8362 5 3208 5162 8236 8565 9747
8363 6 2004 2939 3006 3805 4890 7488
8364 5 464 1217 3624 7303 9652
8365 5 1938 6316 7307 8513 9162
8366 3 787 6022 6658
8367 5 825 3063 6367 6652 7597
8368 1 4833
8369 3 4411 9242 9714
8370 2 263 3970
8371 8 506 1310 2218 4580 4818 7229 7568 9339
8372 2 1176 1951
8373 4 4861 6281 9755 9968
8374 6 2304 5078 7388 7668 8828 8879
8375 4 556 6986 9504 9809
8376 2 8364 9543
8377 3 3460 3961 7816
8378 4 4569 4620 6747 7392
8379 7 32 1730 2851 4199 5412 8141 8626
8380 0
8381 6 2693 3237 5241 6016 8333 9705
8382 9 287 1823 2689 4159 4311 4821 7085 7178 9830
8383 2 7843 8633
8384 4 166 1179 4032 9303
8385 6 2248 6450 6508 7008 7892 8436
8386 6 2454 2866 3956 4087 4242 9049
8387 5 323 1608 4846 6864 8771
8388 5 1999 3212 4141 8728 8790
8389 3 2646 6974 8775
8390 0
8391 3 750 3187 8569
8392 5 2666 2812 3309 5232 6201
8393 6 2387 3249 3498 3941 7787 8504
8394 4 502 1289 2050 9566
8395 4 179 1717 3002 7885
8396 4 1244 4297 7058 8205
8397 6 3320 4644 5420 5866 6417 9899
8398 5 5470 5597 6134 6286 6350
8399 4 2004 3359 4793 9565
8400 3 704 1308 9259
8401 5 897 2189 6066 7543 9020
8402 9 65 1784 4069 4517 5678 5929 6816 8587 9096
8403 3 1699 3192 6246
8404 4 4069 4943 8588 8935
8405 2 7264 7431
8406 2 2780 7833
8407 6 273 851 2933 6845 9385 9513
8408 3 73 4550 5584
8409 6 131 2552 4182 5427 6347 6636
8410 2 3792 6713
8411 4 1795 4081 5590 7964
8412 7 261 587 1582 1812 2410 7156 9832
8413 3 1254 1717 5284
8414 5 1030 2239 4954 8218 9027
8415 2 7835 9073
8416 2 357 7749
8417 2 141 2121
8418 4 1450 4092 8260 9715
8419 1 6351
8420 4 2413 2443 5329 7788
8421 3 2117 4905 7736
8422 5 1389 1425 6740 7679 9174
8423 1 5078
8424 7 380 2554 2982 3863 5914 6847 7748
8425 2 4747 7987
8426 4 7 700 1924 2748
8427 7 609 3546 5767 5829 6358 7287 9412
8428 5 3686 5449 5745 6301 8455
8429 4 605 1968 4798 4841
8430 3 1217 4090 5223
8431 3 5809 6527 8773
8432 3 1052 3809 5713
8433 3 5012 7133 8342
8434 7 307 1556 3555 5160 6975 8258 9974
8435 3 3703 5381 5659
8436 6 669 3266 5086 6154 7149 9242
8437 3 2729 6504 8968
8438 2 2337 9794
8439 2 3595 3936
8440 5 481 1903 2711 6055 6158
8441 8 2452 5862 6048 8422 8490 8579 8642 8750
8442 4 3104 4640 4977 8058
8443 3 365 1097 5255
8444 5 4285 6662 7571 8131 8323
8445 3 2991 4248 5120
8446 1 1257
8447 5 4141 5231 7594 8355 9994
8448 6 761 1950 2407 5739 6747 7126
8449 6 2555 2656 4965 5370 5455 9547
8450 6 421 558 2792 6011 7331 8755
8451 1 2565
8452 3 2947 5922 8809
8453 5 2263 3522 4343 4580 9510
8454 2 1189 1629
8455 5 1412 4328 4861 5510 6982
8456 4 4741 4964 5630 7440
8457 4 1667 2761 3379 8900
8458 4 5521 7670 8701 9330
8459 3 4522 7078 7680
8460 3 274 6917 9530
8461 2 9124 9619
8462 0
8463 5 1362 2107 3769 5212 6103
8464 5 379 1099 7552 8848 9997
8465 6 1697 3344 3363 4220 4271 8775
8466 8 4063 4754 5063 6243 6884 8455 8663 8707
8467 7 2256 2258 6259 6750 7121 7382 8916
8468 3 184 1740 6551
8469 5 708 1415 4749 7489 8357
8470 5 518 5759 6335 8217 9066
8471 3 2606 7945 9607
8472 8 644 2790 2802 3924 4925 5302 7155 8223
8473 4 133 1100 2186 8032
8474 4 1157 2891 4007 9134
8475 2 1883 7331
8476 2 2829 7066
8477 4 2009 2437 6191 8567
8478 3 1336 1466 3950
8479 1 7264
8480 4 78 1021 5004 7863
8481 3 1519 5133 5978
8482 3 4643 7282 9733
8483 4 4554 5399 5513 9711
8484 2 8159 9204
8485 4 600 1200 1585 7065
8486 4 2845 6536 8140 9538
8487 1 9976
8488 8 78 846 2232 2949 4078 4685 4771 4817
8489 6 386 710 4007 5904 7143 7921
8490 4 551 4583 7054 8992
8491 5 1474 1575 6417 7424 9903
8492 4 377 4584 6321 9045
8493 6 1730 1804 6401 7729 8035 9887
8494 3 1350 4412 5718
8495 5 562 5585 6389 7119 9817
8496 2 103 7459
8497 5 2326 2901 5727 6136 7469
8498 2 829 8657
8499 2 5721 6142
8500 2 5862 9007
8501 5 2139 6194 6509 8450 9882
8502 8 606 3204 6198 6325 7343 7784 8709 9265
8503 3 5767 6536 9159
8504 2 2584 5549
8505 1 4738
8506 2 683 7793
8507 7 1073 1121 4970 5005 5692 7225 9004
8508 3 1420 3946 5367
8509 2 3464 5837
8510 3 3131 4348 6112
8511 1 5068
8512 2 3108 3441
8513 6 1018 2052 3524 4003 7105 7234
8514 4 1295 1448 4885 5639
8515 7 2037 2767 3597 5944 6092 8685 8811
8516 4 6725 7022 8737 9097
8517 1 2353
8518 1 7927
8519 1 2293
8520 4 1975 5148 5243 9609
8521 3 2710 6621 7891
8522 6 267 3684 7808 9049 9113 9871
8523 7 2918 4022 4069 6717 8755 9208 9952
8524 5 1698 6059 8069 8934 9078
8525 3 2174 3937 4096
8526 6 1124 2813 3255 4165 7884 9151
8527 3 5907 8378 9567
8528 3 108 2884 9200
8529 5 140 627 1350 2014 5675
8530 4 161 4920 6536 7290
8531 3 2565 4025 4397
8532 3 6450 6931 7009
8533 3 2528 2570 9308
8534 1 2709
8535 6 970 1803 3608 4900 5331 7714
8536 6 465 1749 2462 4306 6036 9350
8537 7 2999 3793 4753 5857 6017 6852 6887
8538 2 5983 9656
8539 2 1572 3670
8540 5 6241 6357 6761 8294 9802
8541 3 510 7820 8492
8542 2 2039 8144
8543 2 2222 6175
8544 2 2422 8210
8545 2 1881 9957
8546 4 2500 2887 4010 5728
8547 6 537 567 2586 4852 4853 5886
8548 3 4922 5346 6085
8549 4 835 3777 4376 7312
8550 8 2768 3113 4726 4733 7186 8018 8190 9824
8551 2 1901 6810
8552 4 5146 6400 9159 9541
8553 6 1733 3077 3113 3270 4005 7727
8554 1 9915
8555 2 6996 8058
8556 3 1469 7752 9643
8557 4 124 1801 3473 9709
8558 5 3275 4597 4740 4928 8882
8559 2 1190 8276
8560 6 1630 2051 2093 3825 3998 7217
8561 4 1425 1515 5075 9496
8562 5 434 1937 3545 5713 7055
8563 2 4905 9407
8564 2 266 487
8565 4 347 2523 8735 9585
8566 6 188 191 5351 7141 7641 8170
8567 2 1870 8904
8568 4 28 3412 4053 4204
8569 4 480 2385 8366 8724
8570 5 428 967 3074 5037 7948
8571 6 1544 2468 3860 5550 7021 8338
8572 5 2347 3165 3462 5609 6490
8573 2 6167 8149
8574 3 3011 3394 8215
8575 11 2379 2680 3434 7045 7788 8074 8306 8476 8802 9027 9116
8576 2 184 1971
8577 1 7380
8578 2 8342 9530
8579 3 1652 1816 9761
8580 3 706 4018 6937
8581 5 79 1115 3907 5954 9796
8582 4 2616 2706 3106 7981
8583 1 7294
8584 5 132 3834 4626 8644 9566
8585 1 9381
8586 5 1529 1714 2046 2592 6118
8587 7 246 542 4643 5625 5978 9053 9959
8588 1 5823
8589 6 2546 3752 3993 4004 9739 9993
8590 3 4383 4563 8303
8591 1 2118
8592 2 1877 4234
8593 4 182 378 7056 8197
8594 4 204 2104 2958 4735
8595 5 2523 5799 7494 7773 9834
8596 2 61 392
8597 4 3778 8194 8215 9511
8598 0
8599 3 1605 7578 8286
8600 7 347 2157 3057 3890 6286 6633 9261
8601 3 3328 9605 9959
8602 4 1399 1802 1922 3585
8603 4 509 7153 7994 9719
8604 6 6094 6749 7031 8098 8749 9123
8605 4 354 3137 5344 9522
8606 2 1203 4867
8607 4 2104 2188 4793 7784
8608 6 2368 4565 5480 5937 7822 8558
8609 4 1701 2323 7206 8761
8610 2 4334 7246
8611 7 769 1072 1799 3576 5074 8755 9131
8612 3 135 1077 5971
8613 5 139 1183 3766 6589 6886
8614 6 1335 2325 3959 4203 4748 9264
8615 4 916 7057 7801 9009
8616 4 4278 5233 7186 8049
8617 1 5631
8618 2 1399 2620
8619 5 1643 3143 5827 7860 9967
8620 2 4501 8698
8621 5 1046 1353 2310 3078 3229
8622 7 1251 2674 5422 6595 8906 9626 9632
8623 4 3324 5383 7767 9182
8624 6 1210 3222 3319 3517 4186 8050
8625 5 2291 6621 7519 9078 9969
8626 6 106 2747 3185 3639 3763 6264
8627 0
8628 6 1328 1990 2710 6129 8001 9437
8629 3 5797 6279 6457
8630 4 229 725 2793 6832
8631 4 3845 4630 4703 8138
8632 2 5103 6503
8633 3 3545 3591 4649
8634 3 4361 4447 5036
8635 1 8625
8636 4 3280 6623 6751 6892
8637 5 3141 3690 4982 9207 9222
8638 4 4096 5753 6781 9514
8639 3 1257 3855 9763
8640 4 2860 8189 8493 8577
8641 7 2338 2723 3236 3736 5057 6763 6994
8642 5 361 2383 5155 8116 9145
8643 3 1348 5150 8022
8644 7 336 2340 4552 4879 6275 8690 9216
8645 2 839 3360
8646 2 4714 8600
8647 3 962 2437 4556
8648 5 620 3677 6371 7697 9053
8649 4 1204 5201 7322 9347
8650 5 2743 6360 7373 7991 8531
8651 2 1646 7086
8652 3 2781 6454 6943
8653 8 106 1237 1962 2165 2469 4356 5601 6658
8654 1 7319
8655 5 5397 5649 7424 7903 9526
8656 1 723
8657 4 1376 4910 8572 8652
8658 4 5266 8067 8719 9512
8659 3 2 2416 9574
8660 5 292 2537 2574 4716 7789
8661 0
8662 4 7862 8592 8633 9738
8663 2 6589 9903
8664 1 6345
8665 2 584 4217
8666 2 2459 8421
8667 4 780 862 2552 6305
8668 8 279 1204 1227 1309 2430 3204 3873 4854
8669 2 9 7093
8670 4 25 1577 3746 8848
8671 5 416 962 4523 6090 8157
8672 5 6950 8202 8448 8911 9239
8673 4 779 857 1389 6703
8674 5 2776 6711 6895 8816 8897
8675 6 209 2552 2840 3809 5337 6538
8676 7 4183 5473 5532 5952 6971 7027 7194
8677 2 4757 6756
8678 2 2952 9192
8679 5 833 1780 3189 3621 9426
8680 2 86 2993
8681 3 1429 3804 7663
8682 2 1532 3583
8683 3 4507 5746 6909
8684 3 3010 3951 7217
8685 2 3235 9554
8686 6 2359 3099 6600 8076 8650 9016
8687 5 1589 3102 5791 7054 8401
8688 2 654 9242
8689 0
8690 4 1638 2454 3886 9170
8691 5 2664 3439 4375 4753 6075
8692 5 870 2617 3042 3924 9623
8693 0
8694 7 169 396 422 677 3807 7183 7408
8695 5 262 1603 4323 6379 6640
8696 1 4269
8697 2 4709 6512
8698 5 1984 2388 3175 3240 7279
8699 8 396 468 2531 3663 3897 4647 6900 8187
8700 8 1000 2450 2519 5130 6103 7082 7159 9808
8701 4 849 5143 8498 9035
8702 3 2415 4676 7402
8703 3 2055 5838 7740
8704 4 3131 4442 6028 7337
8705 7 436 1368 4181 6795 7487 7760 7884
8706 1 4617
8707 3 982 3112 8230
8708 2 124 2957
8709 7 354 1818 1932 4949 5062 7759 8950
8710 6 1129 4187 4728 6179 8011 8657
8711 6 584 1368 4519 7540 8238 9532
8712 2 6261 9448
8713 5 627 2265 2597 2609 8388
8714 5 1224 1943 2145 5409 6346
8715 5 65 293 5509 7422 9288
8716 6 889 2696 4153 7783 8689 9906
8717 7 322 743 2009 3855 7120 7570 8096
8718 4 2221 3814 4079 9618
8719 4 5924 7745 8487 9876
8720 8 1467 2980 3943 3994 4055 5153 5553 9316
8721 5 76 325 1560 3492 8497
8722 2 5364 9759
8723 4 5980 6155 7600 9968
8724 4 3707 4784 5695 6040
8725 2 949 8696
8726 1 1327
8727 7 24 798 2659 3828 4113 4556 8930
8728 2 1090 4384
8729 2 2027 7886
8730 4 4588 4921 4958 9846
8731 5 1477 3044 5599 6779 9816
8732 4 522 7919 8813 9676
8733 6 1872 4704 5349 7669 8765 8990
8734 5 2609 3344 3555 6366 7217
8735 1 186
8736 3 566 1612 6854
8737 3 707 8917 9159
8738 5 311 2382 2543 3904 6890
8739 4 2730 3470 6078 9756
8740 2 2203 9191
8741 3 2309 4140 5230
8742 4 2358 2463 6108 9490
8743 2 745 5887
8744 2 2251 5305
8745 6 2462 4432 5290 6933 7462 8732
8746 2 5591 7780
8747 4 346 477 5204 5246
8748 1 6029
8749 3 2116 7678 9486
8750 1 5559
8751 3 993 8416 9052
8752 4 6910 8078 8990 9235
8753 3 3215 7401 8342
8754 8 96 916 1706 2158 3011 4326 5116 5238
8755 9 2269 3679 3931 5095 7781 8177 8559 9352 9845
8756 6 617 682 3289 7825 8745 9146
8757 3 6061 7189 7267
8758 0
8759 2 4281 6581
8760 1 3444
8761 3 2728 3319 6057
8762 1 5976
8763 3 407 2429 3338
8764 3 1170 2155 7614
8765 1 8859
8766 4 2430 3671 7680 8627
8767 4 4369 4598 6169 6470
8768 6 2394 6031 6493 7308 9677 9950
8769 4 882 4267 5618 9943
8770 2 1691 3350
8771 5 1309 3273 5703 7203 9879
8772 4 1056 3278 3432 3559
8773 3 4677 6187 6796
8774 3 2254 5006 9657
8775 2 3360 8638
8776 2 5993 6409
8777 3 3313 6322 6617
8778 4 275 2057 3099 6075
8779 2 2415 9077
8780 7 1357 2182 3183 5894 9247 9744 9964
8781 5 1935 6454 7622 7812 9323
8782 7 296 2239 5342 5926 8104 8759 9029
8783 7 364 2057 3587 3793 4827 5519 9587
8784 2 6935 9250
8785 7 650 1535 2511 6439 9576 9789 9948
8786 2 8091 9468
8787 2 1418 9275
8788 6 453 1919 4732 5405 8317 9040
8789 2 229 8452
8790 2 788 8039
8791 1 4745
8792 3 2702 8461 9841
8793 2 2899 9452
8794 2 5888 9034
8795 6 95 2716 5942 6677 7633 8230
8796 3 2183 4515 8225
8797 5 71 833 3724 4677 9260
8798 7 871 2034 2353 3612 5581 6723 9488
8799 4 1343 1509 2640 5848
8800 4 2811 3164 6093 9464
8801 4 3711 4400 5840 7163
8802 9 1048 1952 5909 6034 6103 6434 7838 8216 8479
8803 4 3408 3786 6539 9851
8804 3 2467 4394 9800
8805 1 2715
8806 3 818 7016 7486
8807 4 3219 3899 6384 9241
8808 3 6777 8869 9384
8809 2 2762 6438
8810 2 3897 5015
8811 1 5311
8812 4 1001 5889 7747 7853
8813 2 5730 8787
8814 3 3820 4770 5839
8815 2 2696 8864
8816 4 2871 3439 6785 9292
8817 5 2041 3102 3990 4825 6509
8818 2 5503 9587
8819 8 766 1714 3718 5718 6328 7748 7933 9049
8820 4 3121 5681 6089 6349
8821 3 434 2422 6365
8822 9 491 1893 4552 6566 6669 7293 7309 9280 9461
8823 5 330 1675 1790 2362 5255
8824 6 365 615 4676 5038 8814 9664
8825 3 2746 3527 5950
8826 5 2807 3758 4529 8924 9003
8827 9 1560 5213 7453 7783 8111 8301 9316 9415 9442
8828 3 15 8095 8553
8829 2 9471 9754
8830 4 238 1798 2441 5238
8831 5 4637 6708 7742 8909 9395
8832 5 22 2325 4467 6174 8482
8833 1 873
8834 7 268 316 956 2208 3164 4109 6950
8835 7 163 3114 3452 5574 5762 6701 9155
8836 2 6745 6877
8837 5 2742 3980 5991 6784 8381
8838 6 3270 3688 3951 7347 8703 9596
8839 0
8840 6 539 5384 5518 7021 7583 9281
8841 3 8361 8941 9063
8842 4 58 1912 2221 8037
8843 4 1592 6717 6957 7145
8844 2 3033 7214
8845 6 403 758 780 3551 7000 7982
8846 5 383 975 3197 5506 6803
8847 4 2380 3123 3859 6185
8848 1 4548
8849 3 350 1680 6965
8850 4 2523 6444 6632 7158
8851 2 286 6176
8852 3 628 1195 7409
8853 5 3648 6365 6537 6653 8746
8854 6 3275 3593 4718 6228 7606 8015
8855 3 4283 6734 7352
8856 4 2522 3559 6867 9976
8857 2 1074 8815
8858 6 3434 5015 5206 6715 7292 8275
8859 4 1195 1929 5765 9979
8860 6 380 750 2135 5057 7917 8647
8861 2 1890 7678
8862 6 356 3721 5198 6433 7363 7508
8863 3 1154 1363 4691
8864 6 1119 4259 5111 6565 7500 8575
8865 1 1434
8866 7 13 1084 6193 8270 8746 9085 9570
8867 6 5226 6272 6549 7008 8308 8626
8868 8 226 630 2897 3473 4302 5141 5512 6566
8869 2 8009 8861
8870 10 170 1251 2167 2305 2997 4542 5028 6650 7921 7975
8871 3 1624 3821 4273
8872 5 3826 6338 7965 8123 8960
8873 5 4256 6756 7828 9056 9141
8874 5 805 1854 5372 6034 9042
8875 5 1896 4343 4624 5670 7430
8876 5 2595 3318 4462 4688 8312
8877 2 490 2222
8878 2 2286 9605
8879 1 4986
8880 4 829 1451 6831 8801
8881 5 564 812 4499 6248 6677
8882 6 41 1572 3179 4652 5969 9896
8883 6 5523 6218 6235 9011 9385 9583
8884 2 3791 8145
8885 3 673 7762 8335
8886 6 1777 2533 4730 5239 7798 8382
8887 4 1874 3547 4731 6817
8888 9 915 3771 4791 5060 5798 7252 8126 9041 9793
8889 6 2919 6193 6476 8475 9149 9698
8890 6 2348 5297 5678 6701 7149 7305
8891 4 1494 6410 8331 8484
8892 3 1683 5356 8651
8893 2 4918 6856
8894 1 7295
8895 4 925 968 5904 6853
8896 2 9863 9963
8897 4 682 3982 4832 7759
8898 2 6661 9310
8899 6 1382 1519 1984 3392 4426 6683
8900 4 3500 3903 4395 7595
8901 5 2839 3733 5636 8087 9773
8902 1 1622
8903 5 1051 5435 6400 8209 9595
8904 5 416 438 3379 5101 5763
8905 5 2214 2835 6898 7775 8731
8906 0
8907 7 1822 3523 3732 6992 7260 7985 8165
8908 7 919 1806 2843 5951 6272 6629 9765
8909 5 2475 3902 6225 6910 7967
8910 3 6334 8310 9665
8911 3 4626 7597 7697
8912 6 590 903 946 3270 4523 7675
8913 3 2066 3817 7096
8914 5 260 8735 9061 9256 9445
8915 3 347 3740 5032
8916 2 1781 9328
8917 2 7319 8407
8918 7 2334 2449 2727 3021 3522 4460 7432
8919 6 1933 2026 2978 4311 5600 9621
8920 3 6316 9085 9728
8921 5 4206 5777 7659 7689 8101
8922 6 1922 2168 2963 4388 8963 9769
8923 2 1835 5410
8924 4 797 3394 7364 8987
8925 3 5019 7850 9464
8926 2 1562 2864
8927 2 7085 7455
8928 6 1259 2036 3116 4127 8374 9393
8929 1 3570
8930 5 1034 3313 3663 4296 4836
8931 2 17 7482
8932 1 4421
8933 0
8934 6 1100 1403 3662 3733 4231 9094
8935 4 2373 4359 9335 9685
8936 5 293 1552 3243 3833 9910
8937 3 190 3289 9224
8938 5 5495 5639 5941 6640 8891
8939 5 3084 6378 7147 7168 7807
8940 3 946 6970 7370
8941 4 5747 7855 8261 8800
8942 1 1762
8943 4 1497 3919 5285 6757
8944 3 4310 4802 5275
8945 3 3128 7247 8351
8946 4 2431 7140 7346 9931
8947 4 2600 2640 7003 8729
8948 4 560 6088 8991 9500
8949 0
8950 1 1660
8951 0
8952 2 1196 5282
8953 7 1460 3805 4328 4486 5513 8790 9209
8954 3 3420 3605 7118
8955 4 749 2209 4722 4796
8956 3 2628 8122 9031
8957 3 5742 8866 8958
8958 3 792 5055 7365
8959 3 1871 5337 8851
8960 5 150 1764 3851 6069 9918
8961 5 953 3327 6298 6611 7530
8962 4 975 1734 3517 3917
8963 4 29 1972 6145 9659
8964 3 4624 5075 8073
8965 5 168 673 4096 4364 9560
8966 2 485 3344
8967 3 2581 6608 8233
8968 3 3297 6047 8027
8969 4 2120 7495 7933 8383
8970 4 2055 3552 6270 8527
8971 3 1692 1964 2192
8972 6 774 1492 1761 5030 5404 7241
8973 2 4354 4366
8974 2 4459 7354
8975 3 5215 9189 9758
8976 4 121 4702 7121 7965
8977 7 1056 2416 3415 4506 5131 5248 5464
8978 4 3660 5691 5692 7497
8979 5 2684 3499 3633 5649 7235
8980 1 6266
8981 10 606 1301 2987 3046 3539 8080 9337 9554 9658 9689
8982 1 1124
8983 2 4713 5904
8984 4 1303 3821 4261 4727
8985 7 1863 2091 2146 2553 3323 4025 9464
8986 6 993 1442 1587 1703 4287 4622
8987 4 500 6385 6693 9293
8988 7 1609 1866 1985 2069 2149 5324 6643
8989 4 849 6786 7597 9760
8990 2 1281 5246
8991 3 79 3705 4547
8992 1 1754
8993 6 56 613 4103 4611 7331 9352
8994 5 2439 4177 4787 6180 7938
8995 3 2448 5454 6776
8996 3 1408 3096 3608
8997 6 112 2293 5431 6090 8240 8552
8998 4 1563 2808 3073 7983
8999 5 1483 3711 5172 5567 7837
9000 6 4254 4854 5831 7479 8773 8868
9001 6 315 1236 2267 5727 8184 9904
9002 2 5066 5306
9003 3 1692 5838 8393
9004 9 316 3250 3783 4038 5904 6684 7533 9371 9566
9005 0
9006 9 1618 1766 3645 4202 4416 5016 5038 8267 8417
9007 3 4720 5729 9987
9008 4 3783 8813 9223 9609
9009 4 1164 1571 9778 9970
9010 9 275 4839 5883 5953 6307 6472 6793 9252 9715
9011 3 383 528 7516
9012 8 1068 1236 3545 4241 4942 6325 8354 9168
9013 3 480 484 9324
9014 1 2369
9015 2 5120 6378
9016 3 1344 5643 5769
9017 6 110 1390 3319 4053 5570 7219
9018 3 1087 4345 8280
9019 2 5121 6542
9020 5 505 1344 3638 6801 9592
9021 4 749 6303 7013 7227
9022 6 1466 4695 4843 5135 5823 7218
9023 2 1172 4501
9024 6 272 868 4042 4226 7678 9587
9025 3 5173 6562 7284
9026 1 2772
9027 3 2357 6304 9548
9028 2 2425 3754
9029 2 1754 6360
9030 7 1830 2589 5473 7210 7651 8323 9300
9031 2 1960 5784
9032 4 686 1736 8580 9421
9033 4 265 1402 2064 8119
9034 1 5427
9035 6 2476 3116 3791 6370 7131 8737
9036 1 7263
9037 4 969 1611 4143 6880
9038 7 1324 1875 3631 6393 7227 8250 8687
9039 6 46 5551 5580 6251 7246 7466
9040 2 2898 8010
9041 1 7417
9042 4 6360 7529 7916 8061
9043 7 2545 2946 3057 6698 9429 9607 9640
9044 0
9045 1 2739
9046 4 5136 7288 7875 8897
9047 7 2076 2270 4249 6626 6822 7716 9018
9048 3 1677 2151 2624
9049 1 7909
9050 2 5696 6078
9051 5 246 1460 6316 7597 7685
9052 7 17 156 272 411 4794 8219 9636
9053 6 866 3178 3655 4440 5413 9905
9054 3 193 700 2419
9055 1 492
9056 3 579 3642 6317
9057 3 282 2320 2954
9058 5 329 736 1022 3829 6363
9059 3 121 999 7803
9060 4 3068 5624 7203 8548
9061 2 1638 7674
9062 4 1739 3768 6323 9403
9063 2 7381 9357
9064 4 3018 3575 6935 8995
9065 3 1367 7338 8296
9066 8 3816 4042 5053 5062 6977 7074 8555 9307
9067 6 420 1081 2013 5096 7280 7377
9068 3 262 702 8447
9069 4 2739 3267 6572 8551
9070 1 1805
9071 7 929 2703 3306 4804 6687 7198 9730
9072 4 430 906 6947 8889
9073 4 3935 4325 5120 9485
9074 5 266 1581 2277 2278 4291
9075 3 2608 4141 6762
9076 8 511 574 3594 3709 5801 8588 9260 9647
9077 5 4190 5993 6694 8335 9753
9078 4 6311 6994 7351 9327
9079 3 1573 5343 6621
9080 2 2015 3670
9081 3 1545 3117 9010
9082 3 2798 9266 9923
9083 2 746 1207
9084 2 717 5316
9085 5 111 133 1318 1345 9364
9086 5 1211 1267 3973 5912 5995
9087 1 7017
9088 5 624 1095 3287 3860 4314
9089 6 843 1676 3061 4432 5224 8127
9090 4 994 6999 8277 9447
9091 1 1043
9092 3 473 2176 7556
9093 4 1270 3540 4464 6576
9094 2 2359 6873
9095 3 951 8436 8701
9096 5 81 3083 3424 4344 8928
9097 2 4039 8678
9098 6 1087 1730 4493 5664 7058 8011
9099 2 3371 7426
9100 9 118 953 1405 1534 3972 5575 7177 7542 8384
9101 4 5197 7073 7708 8484
9102 4 6889 7405 8957 9868
9103 3 2348 4435 9706
9104 3 1559 4599 4764
9105 1 5542
9106 3 2103 3403 4337
9107 6 3701 4296 6247 6523 7636 9401
9108 4 249 5797 6232 6458
9109 2 1706 5450
9110 4 697 1797 3408 3776
9111 6 2039 3138 3786 5331 6844 8361
9112 4 1611 4780 6672 9180
9113 4 4321 4667 7058 9264
9114 6 108 817 5091 5239 8286 8376
9115 1 9604
9116 4 1451 2834 7747 9910
9117 4 19 4448 5092 5241
9118 3 4176 5768 9283
9119 4 4575 4763 7226 9858
9120 2 3043 8205
9121 7 796 1228 1521 1964 7252 8488 8924
9122 4 1979 3855 7890 8291
9123 5 1381 1485 2497 2631 6209
9124 3 1877 2760 9474
9125 5 568 1310 1386 4764 7203
9126 6 729 2714 3006 5382 6970 8917
9127 4 312 3720 3750 9234
9128 4 149 935 1459 8334
9129 2 2552 9626
9130 2 2403 4948
9131 3 536 1754 8709
9132 6 263 3442 4414 7247 7301 8516
9133 2 974 4912
9134 3 1868 4742 8138
9135 5 1296 3000 3475 3621 8157
9136 1 9494
9137 4 1336 1503 2654 7900
9138 7 2747 3766 6866 6951 7218 8391 8899
9139 8 5645 5719 7243 7521 7846 8500 8964 9580
9140 3 5324 5679 9354
9141 6 568 1128 2431 6304 8172 8192
9142 1 1132
9143 2 5097 9768
9144 5 4815 6334 7292 8461 8755
9145 4 591 3459 5996 7764
9146 2 7168 7605
9147 3 35 5352 8536
9148 1 2288
9149 4 4152 4953 7194 9606
9150 3 6762 7798 8393
9151 3 1212 1433 1500
9152 1 4781
9153 6 4233 4649 6252 6887 9378 9408
9154 3 3365 4657 7268
9155 2 7700 8420
9156 4 1722 2971 4386 8068
9157 2 953 6260
9158 3 2561 7827 8730
9159 3 1941 3578 6242
9160 3 2373 5903 7594
9161 3 1166 2655 6341
9162 6 1880 3069 3091 4961 5148 9825
9163 4 1684 5832 6546 8531
9164 3 1440 2679 7445
9165 0
9166 2 3293 9647
9167 4 1679 2702 5526 5562
9168 4 186 266 3030 3190
9169 1 6960
9170 7 872 2438 3173 4286 9002 9328 9735
9171 6 1984 3222 3478 7989 8690 9141
9172 3 2332 3670 6687
9173 3 2004 5691 8062
9174 3 3551 4804 9267
9175 8 794 938 1837 3797 4379 4793 5759 7328
9176 6 241 785 4248 4923 5791 7913
9177 3 2350 3199 8563
9178 3 3994 8669 9889
9179 4 5747 6593 7651 8230
9180 1 1273
9181 3 607 3673 7776
9182 6 493 703 1377 3822 4628 9737
9183 2 2048 8037
9184 7 439 1331 1412 1943 2682 6895 9948
9185 1 5098
9186 5 926 1670 3548 3703 5020
9187 7 2195 2678 3314 4888 8333 8679 9624
9188 4 1366 7573 7639 8734
9189 2 3738 9594
9190 4 26 3073 7711 8921
9191 4 3215 3515 4436 5462
9192 5 327 348 4670 5532 9229
9193 3 4418 6682 7097
9194 1 8807
9195 3 7351 7666 9359
9196 5 1600 2715 3606 7933 8565
9197 2 4235 9994
9198 4 155 4946 5738 9316
9199 2 757 6495
9200 3 704 3088 3706
9201 7 994 4135 5010 6730 6869 7770 9171
9202 7 357 1488 3401 5706 6074 6537 6972
9203 6 1616 6348 6997 7316 9896 9913
9204 7 2880 3036 3965 4897 7282 8220 8915
9205 4 6950 8722 9851 9957
9206 6 1423 2132 2767 4555 4581 6030
9207 2 3579 5727
9208 3 362 4401 9985
9209 2 7793 8221
9210 5 5485 6418 6675 7846 9714
9211 7 577 2993 4556 5503 6556 7352 9376
9212 5 3364 3763 4016 5988 8951
9213 4 464 2568 8617 9182
9214 2 93 760
9215 5 3587 4101 8490 9463 9505
9216 1 4190
9217 6 921 2282 3683 4325 4921 8001
9218 8 1382 2753 4406 6061 6296 6443 7403 8998
9219 2 4423 6159
9220 2 4181 9812
9221 7 1329 2660 3184 6770 7346 7710 9946
9222 4 3777 4549 6751 7030
9223 6 887 1660 6709 7071 9136 9796
9224 7 332 846 875 1721 5161 5864 8777
9225 2 2215 7847
9226 4 930 2181 3217 7133
9227 6 840 2657 4930 5566 8930 9305
9228 7 1403 2857 3874 4985 5309 6043 9875
9229 3 3772 7556 7976
9230 1 7283
9231 5 509 2420 3392 5283 6449
9232 6 1147 2944 6808 7746 9710 9954
9233 3 1264 4275 5310
9234 2 7094 7665
9235 3 3267 7142 9601
9236 2 5236 8252
9237 4 3691 6171 8382 8552
9238 2 986 2847
9239 6 4630 4693 5413 5423 8151 9707
9240 3 1655 2798 4068
9241 0
9242 2 4155 7280
9243 3 2535 5143 5356
9244 3 3913 5911 9890
9245 1 7925
9246 1 9275
9247 1 3745
9248 2 7637 9509
9249 2 3504 4627
9250 3 1951 3478 8497
9251 7 3 76 2362 2559 3242 7587 9267
9252 3 200 906 6226
9253 2 635 7742
9254 3 59 4829 6352
9255 2 4430 7008
9256 5 532 5186 7711 8205 9484
9257 0
9258 3 2832 5472 9886
9259 2 3424 7290
9260 6 2369 3063 5001 7886 8260 8625
9261 4 2312 3895 4690 9659
9262 2 613 6762
9263 5 2841 2857 3455 6436 7535
9264 7 75 569 1624 5052 5744 6659 8248
9265 3 8778 9113 9645
9266 4 1634 2464 5010 5432
9267 4 2863 3538 6103 7894
9268 3 499 1263 2807
9269 5 1530 5692 6244 6432 6478
9270 3 563 1969 8743
9271 7 3647 3787 3968 4749 4950 5402 5424
9272 2 9712 9899
9273 5 462 1511 1521 5689 9942
9274 3 2307 2607 3601
9275 3 7464 7845 9764
9276 0
9277 5 3243 4305 4931 5995 9761
9278 1 7888
9279 1 4463
9280 2 5406 6333
9281 4 1098 4567 8310 8501
9282 1 9033
9283 8 3928 4013 4176 5977 6561 6961 8477 9871
9284 6 1147 1382 1903 3351 6977 7028
9285 4 229 5369 5581 7438
9286 8 230 2696 3661 6313 7607 7899 8318 9869
9287 3 166 266 3166
9288 1 3561
9289 2 2029 7192
9290 3 372 5589 9047
9291 3 3135 8443 8504
9292 3 263 2353 5349
9293 2 3456 7854
9294 2 2053 2167
9295 7 554 921 2393 2822 7819 7857 9882
9296 3 1138 2702 7751
9297 1 6970
9298 7 929 1394 2087 3320 3396 8129 9649
9299 4 2291 3117 3759 4493
9300 3 2603 3994 9748
9301 6 1189 1270 3708 4951 5850 7730
9302 1 7697
9303 3 1996 2167 6689
9304 4 4061 4297 4506 5086
9305 4 4603 7312 8881 9789
9306 10 627 1808 2163 2731 3276 3767 5516 5584 6965 7790
9307 6 1907 3223 8436 9073 9133 9242
9308 4 2429 3825 4294 7825
9309 5 3987 4820 5241 6912 9323
9310 1 5819
9311 2 5906 9549
9312 3 4331 7485 9796
9313 2 6738 8925
9314 3 6626 8899 9456
9315 3 7177 9391 9911
9316 6 1608 3893 3937 4338 5244 6559
9317 6 346 505 6823 8376 8876 9741
9318 4 3566 5466 6978 9661
9319 6 1086 1864 2764 6767 6934 8747
9320 5 5424 7273 8092 8396 9196
9321 3 738 7566 8892
9322 2 2024 2674
9323 3 47 2868 9205
9324 6 2417 4890 4921 5256 5282 9879
9325 6 3466 5969 7221 7424 9074 9663
9326 6 1727 1889 3365 5477 6045 9840
9327 3 1988 8440 8602
9328 4 375 1268 3103 8258
9329 1 3480
9330 3 3785 4261 8290
9331 7 1984 2257 5276 5567 5838 7035 8626
9332 4 2699 3896 6369 9185
9333 3 530 8113 9810
9334 4 4513 4668 4833 7989
9335 6 906 966 5182 5538 7323 8761
9336 2 9295 9325
9337 4 466 1042 5614 9654
9338 2 239 4911
9339 3 1802 6523 8442
9340 3 2829 5130 8069
9341 5 2163 3853 3961 8720 8725
9342 6 503 3801 4394 5249 5308 8164
9343 2 7662 8586
9344 7 2298 3628 6126 8352 8884 9749 9958
9345 6 2081 3724 3748 7311 7754 8265
9346 11 3648 4523 4593 4737 4744 6001 6451 8442 9333 9444 9595
9347 4 869 1252 3322 5886
9348 4 1073 6267 8160 9250
9349 3 2431 2971 8521
9350 3 3014 4645 6410
9351 5 935 2117 2737 4359 7548
9352 3 823 7411 8609
9353 3 2999 3594 7794
9354 3 498 3925 9447
9355 2 3317 7268
9356 3 1632 8140 8470
9357 7 259 425 2660 4563 4725 6421 9707
9358 6 1781 3743 3853 4113 7665 8182
9359 7 3247 3867 3993 5452 7911 9058 9706
9360 3 2946 9052 9346
9361 2 7370 9783
9362 3 2928 2959 8994
9363 3 4818 5637 6892
9364 4 1074 3603 6258 8451
9365 6 542 772 4162 7705 8788 9489
9366 6 670 2422 3301 4189 4583 9631
9367 2 777 7874
9368 5 3967 5972 8503 8757 8794
9369 5 683 962 3310 4329 8018
9370 6 339 3395 6388 6508 6718 9942
9371 4 4609 5676 8108 8995
9372 3 1930 4771 6751
9373 1 1849
9374 4 5492 6378 7648 9837
9375 4 711 841 3335 4996
9376 4 109 3136 3176 4797
9377 3 2940 6635 8862
9378 5 4148 4570 7785 8496 9278
9379 7 2540 2563 2723 4050 4400 5080 9849
9380 2 2217 5352
9381 6 547 1328 1724 5238 5971 9906
9382 2 3524 4717
9383 3 667 2940 4718
9384 2 295 5713
9385 7 827 2603 4642 4772 6213 9211 9984
9386 7 705 2442 2447 2854 4342 5791 8096
9387 3 3516 6744 7280
9388 5 3450 9395 9515 9624 9756
9389 4 2422 4398 6924 8356
9390 2 3377 5623
9391 4 2567 3423 4756 7924
9392 3 2205 4314 9422
9393 3 325 2598 4600
9394 3 2348 2939 6195
9395 11 679 2224 2780 2814 2819 3070 3986 4270 4479 4998 6130
9396 3 574 5569 8212
9397 4 901 2049 2934 7132
9398 7 506 1006 1406 3594 3926 3928 9446
9399 4 1610 2842 7859 9763
9400 5 828 952 1455 4431 5547
9401 5 296 828 4151 4416 5578
9402 10 948 1393 1780 2858 3921 3987 5141 7027 9658 9808
9403 5 124 1611 4292 6540 9971
9404 5 3615 4596 4666 4969 8874
9405 3 1369 4753 5244
9406 4 2555 3067 5620 8200
9407 4 5711 7903 8250 9635
9408 2 1641 4059
9409 7 1122 1160 1880 2547 7129 7336 9543
9410 6 439 836 914 6614 8144 9603
9411 4 3120 3653 7268 9660
9412 5 2849 4442 4904 6547 7488
9413 6 566 946 2381 2576 3087 4235
9414 1 4610
9415 7 1044 1964 2079 3940 4099 4572 7250
9416 3 2104 4309 9725
9417 2 907 1617
9418 7 54 1900 3538 4157 4160 4428 8942
9419 4 3736 4721 4883 8152
9420 6 1527 1627 1644 4518 7306 8895
9421 4 1623 4431 4532 5988
9422 3 4434 6576 9903
9423 0
9424 4 3102 5005 5645 6896
9425 5 986 1273 3729 3746 9932
9426 7 663 672 2950 3169 4279 4636 7948
9427 2 2211 8258
9428 6 315 374 3800 5309 5372 8851
9429 7 2590 2809 4256 5346 7916 9035 9632
9430 10 39 259 813 1052 1502 3033 5318 5368 7109 8063
9431 1 3335
9432 1 4346
9433 0
9434 2 771 5802
9435 6 1090 1711 3631 4823 5332 9080
9436 6 500 664 3119 4815 8590 8823
9437 1 4804
9438 2 615 1887
9439 2 231 2127
9440 3 1167 2840 5728
9441 3 4239 5409 7449
9442 11 1392 1992 2671 4440 4859 6908 7213 7233 7408 8319 9809
9443 7 765 1858 2245 3607 6136 6235 9000
9444 1 7910
9445 5 1901 2089 2444 5259 7393
9446 3 291 1068 6823
9447 1 157
9448 3 4774 6478 7887
9449 5 670 2556 6170 6854 7555
9450 1 9529
9451 10 4535 4549 5249 5291 5857 6732 8017 8077 9556 9977
9452 2 406 765
9453 3 1047 1545 9798
9454 2 403 8141
9455 1 8325
9456 6 358 515 1525 4913 7865 8549
9457 5 243 3606 3735 4339 6535
9458 3 2717 3469 7419
9459 6 287 845 5522 6548 7206 9536
9460 6 841 2010 2035 2157 6183 9867
9461 4 703 2407 4109 6845
9462 4 6213 6944 9390 9849
9463 3 324 2277 8752
9464 1 8637
9465 5 503 2302 4697 7060 8274
9466 5 83 983 2919 4219 6225
9467 7 397 3249 5503 6347 6491 6925 8724
9468 3 2211 6095 8133
9469 5 2357 2546 2775 4113 8727
9470 2 1573 6881
9471 5 66 390 428 7173 8789
9472 7 1476 3975 4956 5366 5441 9332 9942
9473 8 1920 1980 2311 3093 3371 8444 9023 9811
9474 5 223 353 4242 5628 9156
9475 4 3437 4759 6298 7736
9476 6 633 6485 7082 8951 9137 9505
9477 4 77 1544 1576 9325
9478 4 1551 2938 3393 5308
9479 4 892 2867 7762 8029
9480 11 271 1086 2197 3017 3277 4946 5078 7060 7356 7920 9475
9481 3 2504 5699 9073
9482 1 7718
9483 3 1630 4220 4767
9484 3 3301 5394 6947
9485 6 955 1793 5376 6061 6414 8011
9486 2 5980 9120
9487 5 637 3543 7900 7916 9090
9488 4 1217 2576 3778 6445
9489 3 352 3278 3383
9490 2 4999 8359
9491 4 770 794 3335 7986
9492 6 3410 5519 5784 6428 9117 9576
9493 5 736 2978 5599 6932 7337
9494 3 1622 2789 9107
9495 9 1949 2961 3361 4955 5213 5676 6453 7384 8585
9496 4 3182 3610 7486 9424
9497 4 2081 3644 7543 8112
9498 1 9169
9499 6 1682 2604 4496 5439 6158 7961
9500 5 342 2209 5451 8035 8074
9501 2 6106 9954
9502 3 2820 6982 7325
9503 3 3426 5611 7073
9504 7 414 1177 2031 2065 2689 5820 5966
9505 6 619 877 3856 4389 9124 9523
9506 6 364 1718 2098 4976 5694 8636
9507 1 6638
9508 7 873 1576 2252 2461 2602 7635 8233
9509 2 1580 8440
9510 4 510 4011 5587 6745
9511 5 2930 4685 5649 6715 9411
9512 5 2583 3859 6144 6486 9686
9513 0
9514 5 862 1541 6135 7021 8106
9515 7 378 873 1522 4286 4371 5687 9570
9516 4 2970 5808 7899 8239
9517 3 2948 6541 6804
9518 3 565 2368 4740
9519 5 1269 1603 3840 5015 8475
9520 2 3512 5006
9521 4 1240 1290 8032 9733
9522 1 2145
9523 4 287 4730 6629 8202
9524 2 4216 8268
9525 5 2808 5415 5687 5924 7612
9526 3 526 6276 6321
9527 2 856 3864
9528 3 5026 8135 9018
9529 1 9857
9530 9 32 2243 2486 5080 5520 5770 7415 7731 9078
9531 2 6128 6342
9532 3 2235 5815 7145
9533 8 499 1264 2423 3563 5362 6634 8008 9983
9534 4 1344 2829 6708 7722
9535 3 64 1347 8939
9536 3 6226 7136 8741
9537 3 3564 4531 8418
9538 3 4941 5634 8857
9539 6 1150 2011 2918 3055 3213 5836
9540 4 5147 5689 8277 8892
9541 1 8747
9542 4 463 2975 3570 7831
9543 2 3560 4485
9544 1 9104
9545 2 6429 6734
9546 0
9547 3 5592 7951 8627
9548 4 6270 8315 8897 9362
9549 4 4449 5108 8785 9607
9550 5 727 5202 6110 6766 7298
9551 1 6812
9552 5 2937 3490 7512 7693 9780
9553 7 504 1601 2211 2315 5780 6114 8808
9554 0
9555 4 1305 3144 4130 5470
9556 7 628 2505 2946 3574 4790 5732 7388
9557 3 3399 5533 7505
9558 4 3434 4670 6532 7093
9559 3 447 5220 8790
9560 5 865 4097 5145 8374 9910
9561 1 6813
9562 4 4130 4912 8954 9043
9563 7 2256 3103 3665 4601 7823 8379 9722
9564 3 1184 2427 9987
9565 3 5942 6671 7575
9566 2 1813 9386
9567 4 509 2548 5938 8131
9568 9 748 1003 1722 2343 5161 7166 7434 9049 9144
9569 4 1993 3124 4394 6736
9570 1 5553
9571 9 951 1620 2089 5054 6097 6638 6683 7782 9045
9572 1 4033
9573 5 1292 1343 5104 8310 9488
9574 6 1550 5325 5875 7706 8820 9357
9575 3 4333 7748 9786
9576 3 971 3536 7736
9577 0
9578 0
9579 4 561 2932 5142 5970
9580 4 2972 4235 7163 9642
9581 6 33 4533 7716 8018 9046 9450
9582 2 4456 8031
9583 4 2363 2807 4129 8083
9584 3 4657 6707 7181
9585 4 1219 1849 6078 9445
9586 1 1285
9587 4 696 6926 7744 8720
9588 1 3654
9589 3 5251 7849 7994
9590 3 5400 8060 9751
9591 4 3729 6038 6606 9420
9592 4 1310 1907 4472 7397
9593 4 2691 3209 4341 7781
9594 6 3822 5965 6353 6924 7523 8432
9595 4 21 340 2890 5723
9596 5 156 182 3346 7886 9151
9597 4 99 2486 4411 8157
9598 5 735 3122 4375 6477 9128
9599 2 5331 6805
9600 3 5587 6895 7136
9601 8 22 5089 7689 9155 9542 9548 9722 9728
9602 3 1695 3130 6238
9603 2 1524 9926
9604 6 3085 4760 7406 7428 7731 9711
9605 2 1200 2960
9606 3 5191 5609 8983
9607 5 1018 2311 2553 8011 9443
9608 2 2348 3645
9609 5 2966 6310 7972 8205 9799
9610 2 2762 9198
9611 2 567 5173
9612 5 654 4162 6766 7576 8097
9613 7 1003 1335 1418 3670 3775 7884 9445
9614 4 2028 3524 3532 8235
9615 7 3448 5339 6616 7263 8016 9730 9933
9616 4 1907 2252 2743 9053
9617 1 4150
9618 5 5048 5814 6786 7458 9670
9619 3 1667 4590 9417
9620 6 4803 6354 6534 8741 9187 9842
9621 3 4017 4093 9329
9622 7 1434 5323 5722 6608 8995 9756 9963
9623 4 3818 5936 6644 7433
9624 4 956 5244 7578 8297
9625 5 1847 2934 3651 5940 9741
9626 4 1221 2131 7575 9961
9627 4 31 6309 6830 7255
9628 1 7764
9629 5 3147 3276 3347 4995 7143
9630 2 1096 8017
9631 3 3115 4855 6958
9632 2 3584 5660
9633 4 3569 3673 5403 6529
9634 3 1090 5052 6712
9635 4 2815 6244 8428 9622
9636 1 4338
9637 7 747 1323 2247 2883 8233 8312 9951
9638 5 652 6498 6813 8772 9560
9639 3 2011 3123 3573
9640 7 2597 4127 7071 7560 8606 8939 8949
9641 6 916 1385 1394 2019 5251 8550
9642 0
9643 5 3379 4986 5247 6630 9812
9644 8 794 1005 1849 7173 7593 7745 8238 9790
9645 2 7401 8607
9646 1 5440
9647 6 1237 2280 6007 6091 7085 8198
9648 3 4177 9050 9866
9649 2 1080 2202
9650 2 7180 9237
9651 7 1320 1404 3727 5850 6331 8406 8962
9652 5 1864 2815 4164 5494 9701
9653 4 6380 6665 8942 9396
9654 1 5101
9655 7 863 2914 4537 5786 8079 8251 8514
9656 6 369 2060 5049 6009 6880 7736
9657 6 1002 2473 7627 8227 9077 9461
9658 7 92 1606 5599 5832 6561 8708 9712
9659 4 3825 4010 4998 6887
9660 4 197 593 4455 4951
9661 3 2994 6696 7744
9662 8 274 294 2370 3746 3875 6593 8379 8384
9663 9 501 771 1002 2647 2987 3389 4042 5678 8484
9664 4 591 1315 5340 6080
9665 4 631 3183 6305 7388
9666 1 3281
9667 3 5448 6732 9560
9668 6 211 919 1163 3442 7552 9933
9669 7 5493 6414 6657 6817 7643 7702 9096
9670 7 2007 3237 4504 4574 7171 7468 8858
9671 3 5173 6313 9895
9672 5 2085 3628 4854 6594 7634
9673 4 1820 7426 8866 9958
9674 2 1776 2495
9675 5 493 2881 4241 5408 8201
9676 3 4609 5222 8438
9677 1 7007
9678 4 2007 4387 6317 9098
9679 3 1808 2374 4397
9680 6 1158 2095 4395 7035 8037 9791
9681 4 245 3731 6042 6633
9682 6 2755 2863 4168 5313 6781 8106
9683 3 3927 4385 5868
9684 4 2363 5395 6327 7333
9685 4 2299 2474 6901 7449
9686 4 1719 2995 3428 5301
9687 3 496 5345 7892
9688 4 2696 3435 5946 7290
9689 3 154 330 341
9690 3 1195 5056 9509
9691 9 259 724 1327 2606 2818 5784 8511 9357 9412
9692 4 1934 5225 5473 5558
9693 4 1228 3587 4371 7206
9694 2 5539 8579
9695 2 3404 7065
9696 3 2512 5083 8500
9697 3 2949 7759 9066
9698 4 4368 6469 8941 9513
9699 4 2221 2246 2872 5378
9700 2 3086 4027
9701 2 652 3940
9702 2 3139 6911
9703 2 1669 6405
9704 5 3263 3951 6043 6139 8924
9705 4 4210 5907 6050 9460
9706 5 377 808 5280 9744 9757
9707 3 791 2171 4691
9708 3 1728 2402 8952
9709 6 2327 3236 5212 6666 8483 9700
9710 2 8061 8791
9711 4 5666 5700 6943 9775
9712 4 6 1891 8276 9223
9713 5 1430 1809 2209 3308 7901
9714 7 1088 3223 4516 5559 6376 7368 9104
9715 7 1678 1775 3039 5044 6659 7428 8326
9716 8 185 808 1558 1630 3084 4380 4508 4794
9717 5 1259 3825 6552 7526 9921
9718 3 780 3113 5629
9719 4 745 3266 3889 4516
9720 4 782 2892 4542 7260
9721 4 5 2538 5371 7686
9722 3 1739 4169 5856
9723 3 6427 6713 7560
9724 2 2762 6090
9725 5 965 4676 5064 6290 7818
9726 1 4041
9727 4 935 2689 2774 7095
9728 2 3027 9230
9729 5 656 2891 6361 7975 9445
9730 3 4185 7243 8695
9731 0
9732 6 611 5005 6040 7028 9673 9790
9733 2 900 6154
9734 6 2651 5732 5798 5868 7651 8693
9735 1 7552
9736 7 184 2818 3128 3256 4821 6429 8776
9737 2 70 2749
9738 5 437 6626 7477 9007 9918
9739 2 6190 8902
9740 7 460 1069 4018 4154 5031 7094 8884
9741 3 4043 6234 8484
9742 6 3369 5738 8891 9344 9663 9988
9743 6 1032 3664 6352 8059 9453 9476
9744 1 3202
9745 5 2593 4746 5356 7903 8382
9746 4 1673 1870 3769 8279
9747 4 5827 7048 8218 9580
9748 3 415 5749 9890
9749 7 1500 2532 2847 3880 4917 6626 9524
9750 7 2137 2386 4245 6347 8702 9464 9639
9751 4 358 3176 4699 6431
9752 4 1619 2512 3266 7640
9753 3 757 2045 9692
9754 7 1441 2371 4411 5750 6599 8427 8862
9755 4 1554 2366 6804 9869
9756 3 5685 6609 7296
9757 3 19 5509 7509
9758 2 8275 9851
9759 5 1452 3896 4587 6112 8671
9760 2 1055 4264
9761 4 1182 3880 7221 8347
9762 5 2432 2513 4945 6228 6505
9763 5 3251 7527 8839 9108 9429
9764 5 4142 4385 4593 7343 7469
9765 7 1554 3517 3995 4917 6018 7176 8798
9766 6 1868 2349 3521 6032 7282 7354
9767 7 649 2246 2438 3773 4979 7524 9649
9768 7 3535 5567 5883 6492 6904 8938 9429
9769 3 2724 8117 9504
9770 1 4745
9771 3 7082 7954 9088
9772 5 813 1114 5034 8556 9667
9773 3 6036 8119 8516
9774 2 1696 4089
9775 3 6030 8297 9188
9776 7 1131 1620 2890 3487 3975 7373 7986
9777 2 1182 5633
9778 4 1439 1574 4199 7423
9779 6 290 1373 6120 7048 8098 9936
9780 3 1659 6330 9148
9781 6 884 2719 3659 5223 5786 6006
9782 7 590 1478 3275 3502 4190 6272 9789
9783 8 666 2817 2859 2867 3245 4552 5094 6775
9784 4 1005 4056 6380 8509
9785 4 1958 2043 6132 6632
9786 7 355 3833 6200 6328 7755 8437 8854
9787 2 6182 6918
9788 5 3012 6960 7663 8425 8874
9789 3 4464 5719 9882
9790 6 1296 3289 5376 7969 8390 9174
9791 5 758 1780 7165 8134 9304
9792 7 749 4317 4326 4529 8479 8924 9116
9793 6 748 1258 1484 4286 7141 8591
9794 4 1444 2830 3929 6479
9795 5 1304 1449 3435 7206 9339
9796 4 353 1782 5672 9588
9797 6 2971 5000 5163 5604 7576 8207
9798 1 2438
9799 1 1050
9800 5 3827 5665 7997 9318 9818
9801 5 527 4775 4804 5751 8576
9802 6 1790 2377 4317 4420 8376 8947
9803 4 666 3097 3896 6365
9804 8 1079 1504 3620 3634 5056 6036 6243 9684
9805 4 957 1741 2100 3635
9806 4 503 5286 5374 8287
9807 5 2 54 3305 7208 9593
9808 2 5971 9509
9809 6 1453 1943 2075 5759 5902 6705
9810 3 171 869 8632
9811 1 906
9812 5 2257 5377 8087 8662 9517
9813 2 6480 8756
9814 1 1980
9815 9 2355 2693 3654 3908 4745 5129 6126 9820 9995
9816 6 790 4745 8549 8851 9007 9420
9817 8 1428 1880 5541 5987 6177 8108 9754 9968
9818 5 2777 4315 6461 8747 9293
9819 7 202 710 2577 2682 3188 7723 9754
9820 6 3237 3834 5870 5878 6327 9061
9821 2 7348 8368
9822 6 1603 3796 4046 4176 8483 8971
9823 3 1924 2041 3028
9824 4 452 872 2899 6609
9825 3 5278 7017 9721
9826 1 4170
9827 5 1683 3404 5645 5916 7694
9828 2 3760 5020
9829 5 1490 1958 2451 5984 9848
9830 6 552 4021 4108 4455 7935 9972
9831 4 582 876 9350 9799
9832 5 216 4452 6436 7068 8370
9833 6 744 3670 6645 7550 7562 8202
9834 7 1160 1169 7184 7880 8585 8789 9345
9835 2 617 2766
9836 3 3725 5839 7439
9837 3 2584 5769 9926
9838 5 5271 5312 5769 8109 8132
9839 2 6760 8186
9840 3 5147 7487 9635
9841 2 6047 8513
9842 8 358 706 2695 4855 5318 7651 7842 8697
9843 3 5173 7167 7369
9844 2 462 1733
9845 6 612 3650 5541 6081 8993 9383
9846 4 1298 2814 3512 8406
9847 2 6603 9262
9848 4 628 1625 5459 6583
9849 4 1041 6013 8785 9544
9850 4 49 3822 3824 9057
9851 4 1365 8668 9502 9620
9852 7 5584 5962 7067 7406 8326 8608 9415
9853 5 2502 4641 8038 9678 9946
9854 3 3937 7160 8432
9855 3 1200 2217 6439
9856 2 2703 3609
9857 8 658 1145 2082 2697 8036 8298 8404 8722
9858 9 182 514 2136 5712 7036 7496 7633 8546 8974
9859 4 935 3208 6306 8085
9860 2 3243 7503
9861 2 862 5268
9862 3 4551 5218 9051
9863 2 6369 6617
9864 0
9865 7 1238 1591 4624 4873 5079 5968 7497
9866 3 3483 6271 8042
9867 5 1096 1424 1942 3351 4278
9868 3 1395 1404 7251
9869 3 5569 7582 9898
9870 6 1646 4959 8350 8871 9668 9672
9871 6 538 898 2274 2527 4994 9381
9872 1 3692
9873 3 96 7658 9181
9874 1 5635
9875 6 3956 5254 7042 7444 8092 8546
9876 3 2918 3052 5920
9877 4 505 3312 8844 9024
9878 3 1931 3754 4645
9879 2 272 6271
9880 7 1970 3924 5032 6664 7472 8696 8982
9881 6 810 3387 3532 5982 6318 9745
9882 6 525 1567 1823 5138 6601 8761
9883 7 1299 2974 3429 3475 3672 3896 6014
9884 5 912 2032 3064 4676 9059
9885 7 2908 3268 3507 3951 4459 9005 9247
9886 1 2901
9887 4 1003 3356 4432 5425
9888 4 138 2626 8881 9358
9889 3 1882 2524 6986
9890 4 2960 4889 8290 8813
9891 4 685 784 6653 8735
9892 2 337 3642
9893 3 6174 7947 8313
9894 2 2000 3548
9895 2 3852 9591
9896 2 9319 9818
9897 2 5186 9793
9898 3 1195 3267 5084
9899 5 696 5064 5300 6600 7918
9900 3 1189 2281 5857
9901 6 242 830 4505 5879 6588 8478
9902 3 321 3870 9372
9903 4 627 1225 5141 7662
9904 7 417 1913 2078 3462 5659 7735 8099
9905 3 2313 2429 8199
9906 11 2809 3892 4120 4916 5321 5570 5748 7501 8114 8476 9982
9907 4 3812 4702 5018 9193
9908 1 5456
9909 3 3404 5407 9311
9910 3 2443 2756 3457
9911 6 1152 1908 3568 3818 5765 9601
9912 6 3715 3778 6871 7536 8033 9567
9913 4 35 1091 2620 6289
9914 8 3486 3742 3931 4433 6734 7215 7216 7819
9915 3 3307 8438 9723
9916 3 6105 7110 8000
9917 4 1607 2214 2977 4539
9918 2 8195 8685
9919 3 803 2453 5361
9920 2 3414 6334
9921 3 3332 3656 9018
9922 6 2607 3324 3399 5584 8598 9775
9923 4 4814 5879 7941 9176
9924 6 1079 1644 1783 2694 8923 9005
9925 5 99 2171 2206 6983 6991
9926 3 4368 5592 6193
9927 5 2071 2419 4609 5980 6197
9928 1 1897
9929 2 4621 4721
9930 3 260 2018 4460
9931 4 2490 3610 3683 9058
9932 5 3358 4551 4729 6215 6789
9933 7 817 1398 2232 5440 6448 7465 9552
9934 3 2439 3346 5306
9935 3 4414 4999 9736
9936 0
9937 3 3927 7841 7957
9938 0
9939 6 694 3121 5850 7143 8215 8611
9940 4 377 1348 5608 7743
9941 2 9866 9979
9942 4 706 6956 7728 8686
9943 5 1093 3237 5848 7515 8449
9944 5 233 4471 8401 8919 9804
9945 2 1745 4034
9946 1 3522
9947 4 134 394 442 7614
9948 5 7715 8649 9106 9315 9845
9949 4 3804 6185 6267 9142
9950 1 729
9951 6 1468 1592 1856 2264 5648 6435
9952 5 2836 3846 5587 7756 8803
9953 7 1600 2787 5840 6139 6399 6431 7122
9954 3 4856 6701 8434
9955 3 3565 8481 8807
9956 5 1203 5906 7675 8748 9405
9957 8 824 1383 2688 3022 3025 3579 7591 8143
9958 4 2024 9348 9433 9747
9959 4 3232 7311 9338 9374
9960 4 1674 2705 4992 5106
9961 7 2814 3298 6343 8400 8709 8788 8953
9962 0
9963 5 1167 3118 7562 7991 9714
9964 1 4020
9965 2 3055 4844
9966 5 4443 5284 6186 6518 8685
9967 3 1185 3388 4581
9968 5 774 3559 4209 4884 7411
9969 6 1134 2858 8157 8653 9190 9677
9970 6 1786 2082 3221 6976 7547 7778
9971 3 1125 2254 5439
9972 1 423
9973 2 6857 9901
9974 2 203 919
9975 6 1142 1145 3638 3827 4769 8478
9976 4 2454 3274 6874 6976
9977 5 1 261 3962 6244 7542
9978 5 2738 3618 3829 5061 8202
9979 0
9980 5 489 2316 4256 6009 7128
9981 2 3756 4254
9982 2 2887 8062
9983 2 2328 5618
9984 3 5700 6853 8889
9985 2 2298 8272
9986 5 1111 4588 6284 8465 9917
9987 2 5297 5686
9988 3 5278 5631 8348
9989 5 2367 7248 8142 9343 9483
9990 5 1338 1731 1868 1979 8686
9991 1 38
9992 2 783 1234
9993 2 1807 5154
9994 6 1844 1865 2285 4892 5690 7120
9995 4 5313 6457 7421 7771
9996 3 3339 5741 8232
9997 4 1185 2608 7896 9018
9998 2 5322 9612
9999 5 977 6644 6933 6967 7138
0.85
1e-006
100
